zip5,county_fips,state_fips
601,72001,72
602,72003,72
603,72005,72
606,72093,72
610,72011,72
611,72141,72
612,72013,72
616,72013,72
617,72017,72
622,72023,72
623,72023,72
624,72111,72
627,72027,72
631,72001,72
636,72125,72
637,72121,72
638,72039,72
641,72141,72
646,72051,72
647,72055,72
650,72054,72
652,72013,72
653,72055,72
656,72059,72
659,72065,72
660,72067,72
662,72071,72
664,72073,72
667,72079,72
669,72081,72
670,72083,72
674,72091,72
676,72099,72
677,72117,72
678,72115,72
680,72097,72
682,72097,72
683,72125,72
685,72131,72
687,72101,72
688,72013,72
690,72005,72
692,72143,72
693,72145,72
694,72145,72
698,72153,72
703,72007,72
704,72123,72
705,72009,72
707,72095,72
714,72015,72
715,72113,72
716,72113,72
717,72113,72
718,72103,72
719,72105,72
720,72107,72
723,72109,72
725,72025,72
727,72025,72
728,72113,72
729,72029,72
730,72113,72
731,72113,72
735,72037,72
736,72035,72
738,72053,72
739,72041,72
740,72053,72
741,72069,72
745,72119,72
751,72123,72
754,72129,72
757,72133,72
765,72147,72
766,72149,72
767,72151,72
769,72043,72
771,72085,72
772,72087,72
773,72089,72
775,72049,72
777,72077,72
778,72063,72
780,72113,72
782,72045,72
783,72047,72
784,72057,72
786,72009,72
791,72069,72
794,72019,72
795,72075,72
802,78030,78
820,78010,78
830,78020,78
840,78010,78
850,78010,78
851,78010,78
901,72127,72
906,72127,72
907,72127,72
909,72127,72
911,72127,72
912,72127,72
913,72127,72
915,72127,72
917,72127,72
918,72127,72
920,72127,72
921,72127,72
923,72127,72
924,72127,72
925,72127,72
926,72127,72
927,72127,72
934,72061,72
949,72137,72
950,72051,72
951,72137,72
952,72137,72
953,72135,72
956,72021,72
957,72021,72
959,72021,72
960,72021,72
961,72021,72
962,72033,72
965,72061,72
966,72061,72
968,72061,72
969,72061,72
971,72061,72
976,72139,72
979,72031,72
982,72031,72
983,72031,72
985,72031,72
987,72031,72
1001,25013,25
1002,25015,25
1003,25015,25
1005,25027,25
1007,25015,25
1008,25013,25
1009,25013,25
1010,25013,25
1011,25013,25
1012,25015,25
1013,25013,25
1020,25013,25
1022,25013,25
1026,25015,25
1027,25015,25
1028,25013,25
1029,25003,25
1030,25013,25
1031,25027,25
1032,25015,25
1033,25015,25
1034,25013,25
1035,25015,25
1036,25013,25
1037,25027,25
1038,25015,25
1039,25015,25
1040,25013,25
1050,25015,25
1053,25015,25
1054,25011,25
1056,25013,25
1057,25013,25
1060,25015,25
1062,25015,25
1063,25015,25
1066,25015,25
1068,25027,25
1069,25013,25
1070,25015,25
1071,25013,25
1072,25011,25
1073,25015,25
1074,25027,25
1075,25015,25
1077,25013,25
1079,25013,25
1080,25013,25
1081,25013,25
1082,25015,25
1083,25027,25
1084,25015,25
1085,25013,25
1088,25015,25
1089,25013,25
1092,25027,25
1093,25011,25
1094,25027,25
1095,25013,25
1096,25015,25
1097,25013,25
1098,25015,25
1103,25013,25
1104,25013,25
1105,25013,25
1106,25013,25
1107,25013,25
1108,25013,25
1109,25013,25
1118,25013,25
1119,25013,25
1128,25013,25
1129,25013,25
1144,25013,25
1151,25013,25
1201,25003,25
1220,25003,25
1222,25003,25
1223,25003,25
1224,25003,25
1225,25003,25
1226,25003,25
1229,25003,25
1230,25003,25
1235,25003,25
1236,25003,25
1237,25003,25
1238,25003,25
1240,25003,25
1242,25003,25
1243,25015,25
1244,25003,25
1245,25003,25
1247,25003,25
1253,25003,25
1254,25003,25
1255,25003,25
1256,25003,25
1257,25003,25
1258,25003,25
1259,25003,25
1260,25003,25
1262,25003,25
1264,25003,25
1266,25003,25
1267,25003,25
1270,25003,25
1301,25011,25
1330,25011,25
1331,25027,25
1337,25011,25
1338,25011,25
1339,25011,25
1340,25011,25
1341,25011,25
1342,25011,25
1343,25003,25
1344,25011,25
1346,25011,25
1347,25011,25
1349,25011,25
1350,25011,25
1351,25011,25
1354,25011,25
1355,25011,25
1360,25011,25
1364,25011,25
1366,25027,25
1367,25011,25
1368,25027,25
1370,25011,25
1373,25011,25
1375,25011,25
1376,25011,25
1378,25011,25
1379,25011,25
1380,25011,25
1420,25027,25
1430,25027,25
1431,25017,25
1432,25017,25
1434,25027,25
1436,25027,25
1438,25027,25
1440,25027,25
1450,25017,25
1451,25027,25
1452,25027,25
1453,25027,25
1460,25017,25
1462,25027,25
1463,25017,25
1464,25017,25
1468,25027,25
1469,25017,25
1473,25027,25
1474,25017,25
1475,25027,25
1501,25027,25
1503,25027,25
1504,25027,25
1505,25027,25
1506,25027,25
1507,25027,25
1510,25027,25
1515,25027,25
1516,25027,25
1518,25027,25
1519,25027,25
1520,25027,25
1521,25013,25
1522,25027,25
1523,25027,25
1524,25027,25
1525,25027,25
1527,25027,25
1529,25027,25
1531,25027,25
1532,25027,25
1534,25027,25
1535,25027,25
1536,25027,25
1537,25027,25
1540,25027,25
1541,25027,25
1542,25027,25
1543,25027,25
1545,25027,25
1550,25027,25
1560,25027,25
1561,25027,25
1562,25027,25
1564,25027,25
1566,25027,25
1568,25027,25
1569,25027,25
1570,25027,25
1571,25027,25
1581,25027,25
1583,25027,25
1585,25027,25
1588,25027,25
1590,25027,25
1602,25027,25
1603,25027,25
1604,25027,25
1605,25027,25
1606,25027,25
1607,25027,25
1608,25027,25
1609,25027,25
1610,25027,25
1611,25027,25
1612,25027,25
1701,25017,25
1702,25017,25
1718,25017,25
1719,25017,25
1720,25017,25
1721,25017,25
1730,25017,25
1731,25017,25
1740,25027,25
1741,25017,25
1742,25017,25
1745,25027,25
1746,25017,25
1747,25027,25
1748,25017,25
1749,25017,25
1752,25017,25
1754,25017,25
1756,25027,25
1757,25027,25
1760,25017,25
1770,25017,25
1772,25027,25
1773,25017,25
1775,25017,25
1776,25017,25
1778,25017,25
1801,25017,25
1803,25017,25
1810,25009,25
1821,25017,25
1824,25017,25
1826,25017,25
1827,25017,25
1830,25009,25
1832,25009,25
1833,25009,25
1834,25009,25
1835,25009,25
1840,25009,25
1841,25009,25
1843,25009,25
1844,25009,25
1845,25009,25
1850,25017,25
1851,25017,25
1852,25017,25
1854,25017,25
1860,25009,25
1862,25017,25
1863,25017,25
1864,25017,25
1867,25017,25
1876,25017,25
1879,25017,25
1880,25017,25
1886,25017,25
1887,25017,25
1890,25017,25
1901,25009,25
1902,25009,25
1904,25009,25
1905,25009,25
1906,25009,25
1907,25009,25
1908,25009,25
1913,25009,25
1915,25009,25
1921,25009,25
1922,25009,25
1923,25009,25
1929,25009,25
1930,25009,25
1937,25009,25
1938,25009,25
1940,25009,25
1944,25009,25
1945,25009,25
1949,25009,25
1950,25009,25
1951,25009,25
1952,25009,25
1960,25009,25
1965,25009,25
1966,25009,25
1969,25009,25
1970,25009,25
1982,25009,25
1983,25009,25
1984,25009,25
1985,25009,25
2019,25021,25
2021,25021,25
2025,25021,25
2026,25021,25
2030,25021,25
2032,25021,25
2035,25021,25
2038,25021,25
2043,25023,25
2045,25023,25
2047,25023,25
2048,25005,25
2050,25023,25
2052,25021,25
2053,25021,25
2054,25021,25
2056,25021,25
2061,25023,25
2062,25021,25
2066,25023,25
2067,25021,25
2071,25021,25
2072,25021,25
2081,25021,25
2090,25021,25
2093,25021,25
2108,25025,25
2109,25025,25
2110,25025,25
2111,25025,25
2113,25025,25
2114,25025,25
2115,25025,25
2116,25025,25
2118,25025,25
2119,25025,25
2120,25025,25
2121,25025,25
2122,25025,25
2124,25025,25
2125,25025,25
2126,25025,25
2127,25025,25
2128,25025,25
2129,25025,25
2130,25025,25
2131,25025,25
2132,25025,25
2133,25025,25
2134,25025,25
2135,25025,25
2136,25025,25
2138,25017,25
2139,25017,25
2140,25017,25
2141,25017,25
2142,25017,25
2143,25017,25
2144,25017,25
2145,25017,25
2148,25017,25
2149,25017,25
2150,25025,25
2151,25025,25
2152,25025,25
2155,25017,25
2163,25025,25
2169,25021,25
2170,25021,25
2171,25021,25
2176,25017,25
2180,25017,25
2184,25021,25
2186,25021,25
2188,25021,25
2189,25021,25
2190,25021,25
2191,25021,25
2199,25025,25
2203,25025,25
2205,25025,25
2210,25025,25
2215,25025,25
2301,25023,25
2302,25023,25
2322,25021,25
2324,25023,25
2325,25023,25
2330,25023,25
2332,25023,25
2333,25023,25
2338,25023,25
2339,25023,25
2341,25023,25
2343,25021,25
2346,25023,25
2347,25023,25
2350,25023,25
2351,25023,25
2356,25005,25
2357,25005,25
2359,25023,25
2360,25023,25
2364,25023,25
2366,25023,25
2367,25023,25
2368,25021,25
2370,25023,25
2375,25005,25
2379,25023,25
2382,25023,25
2420,25017,25
2421,25017,25
2445,25021,25
2446,25021,25
2451,25017,25
2452,25017,25
2453,25017,25
2457,25021,25
2458,25017,25
2459,25017,25
2460,25017,25
2461,25017,25
2462,25017,25
2464,25017,25
2465,25017,25
2466,25017,25
2467,25021,25
2468,25017,25
2472,25017,25
2474,25017,25
2476,25017,25
2478,25017,25
2481,25021,25
2482,25021,25
2492,25021,25
2493,25017,25
2494,25021,25
2532,25001,25
2534,25001,25
2535,25007,25
2536,25001,25
2537,25001,25
2538,25023,25
2539,25007,25
2540,25001,25
2542,25001,25
2543,25007,25
2553,25001,25
2554,25019,25
2556,25001,25
2557,25007,25
2558,25023,25
2559,25001,25
2561,25001,25
2562,25001,25
2563,25001,25
2564,25019,25
2568,25007,25
2571,25023,25
2575,25007,25
2576,25023,25
2584,25019,25
2601,25001,25
2630,25001,25
2631,25001,25
2632,25001,25
2633,25001,25
2635,25001,25
2637,25001,25
2638,25001,25
2639,25001,25
2641,25001,25
2642,25001,25
2643,25001,25
2644,25001,25
2645,25001,25
2646,25001,25
2647,25001,25
2648,25001,25
2649,25001,25
2650,25001,25
2652,25001,25
2653,25001,25
2655,25001,25
2657,25001,25
2659,25001,25
2660,25001,25
2663,25001,25
2664,25001,25
2666,25001,25
2667,25001,25
2668,25001,25
2670,25001,25
2671,25001,25
2672,25001,25
2673,25001,25
2675,25001,25
2702,25005,25
2703,25005,25
2713,25007,25
2715,25005,25
2717,25005,25
2718,25005,25
2719,25005,25
2720,25005,25
2721,25005,25
2723,25005,25
2724,25005,25
2725,25005,25
2726,25005,25
2738,25023,25
2739,25023,25
2740,25005,25
2743,25005,25
2744,25005,25
2745,25005,25
2746,25005,25
2747,25005,25
2748,25005,25
2760,25005,25
2762,25021,25
2763,25005,25
2764,25005,25
2766,25005,25
2767,25005,25
2769,25005,25
2770,25023,25
2771,25005,25
2777,25005,25
2779,25005,25
2780,25005,25
2790,25005,25
2791,25005,25
2802,44007,44
2804,44009,44
2806,44001,44
2807,44009,44
2808,44009,44
2809,44001,44
2812,44009,44
2813,44009,44
2814,44007,44
2815,44007,44
2816,44003,44
2817,44003,44
2818,44003,44
2822,44009,44
2823,44007,44
2824,44007,44
2825,44007,44
2826,44007,44
2827,44003,44
2828,44007,44
2829,44007,44
2830,44007,44
2831,44007,44
2832,44009,44
2833,44009,44
2835,44005,44
2836,44009,44
2837,44005,44
2838,44007,44
2839,44007,44
2840,44005,44
2841,44005,44
2842,44005,44
2852,44009,44
2857,44007,44
2858,44007,44
2859,44007,44
2860,44007,44
2861,44007,44
2863,44007,44
2864,44007,44
2865,44007,44
2871,44005,44
2872,44005,44
2873,44009,44
2874,44009,44
2875,44009,44
2876,44007,44
2878,44005,44
2879,44009,44
2881,44009,44
2882,44009,44
2885,44001,44
2886,44003,44
2888,44003,44
2889,44003,44
2891,44009,44
2892,44009,44
2893,44003,44
2894,44009,44
2895,44007,44
2896,44007,44
2898,44009,44
2903,44007,44
2904,44007,44
2905,44007,44
2906,44007,44
2907,44007,44
2908,44007,44
2909,44007,44
2910,44007,44
2911,44007,44
2912,44007,44
2914,44007,44
2915,44007,44
2916,44007,44
2917,44007,44
2918,44007,44
2919,44007,44
2920,44007,44
2921,44007,44
3031,33011,33
3032,33015,33
3033,33011,33
3034,33015,33
3036,33015,33
3037,33015,33
3038,33015,33
3042,33015,33
3043,33011,33
3044,33015,33
3045,33011,33
3046,33013,33
3047,33011,33
3048,33011,33
3049,33011,33
3051,33011,33
3052,33011,33
3053,33015,33
3054,33011,33
3055,33011,33
3057,33011,33
3060,33011,33
3062,33011,33
3063,33011,33
3064,33011,33
3070,33011,33
3071,33011,33
3076,33011,33
3077,33015,33
3079,33015,33
3082,33011,33
3084,33011,33
3086,33011,33
3087,33015,33
3101,33011,33
3102,33011,33
3103,33011,33
3104,33011,33
3106,33013,33
3109,33011,33
3110,33011,33
3215,33009,33
3216,33013,33
3217,33009,33
3218,33001,33
3220,33001,33
3221,33013,33
3222,33009,33
3223,33009,33
3224,33013,33
3225,33001,33
3226,33001,33
3227,33003,33
3229,33013,33
3230,33013,33
3231,33013,33
3233,33013,33
3234,33013,33
3235,33013,33
3237,33001,33
3238,33009,33
3240,33009,33
3241,33009,33
3242,33013,33
3243,33013,33
3244,33011,33
3245,33009,33
3246,33001,33
3249,33001,33
3251,33009,33
3253,33001,33
3254,33003,33
3255,33013,33
3256,33001,33
3257,33013,33
3258,33013,33
3259,33003,33
3260,33013,33
3261,33015,33
3262,33009,33
3263,33013,33
3264,33009,33
3266,33009,33
3268,33013,33
3269,33001,33
3273,33013,33
3275,33013,33
3276,33013,33
3278,33013,33
3279,33009,33
3280,33019,33
3281,33011,33
3282,33009,33
3284,33019,33
3285,33009,33
3287,33013,33
3290,33015,33
3291,33015,33
3293,33009,33
3301,33013,33
3303,33013,33
3304,33013,33
3307,33013,33
3431,33005,33
3440,33011,33
3441,33005,33
3442,33011,33
3443,33005,33
3444,33005,33
3445,33005,33
3446,33005,33
3447,33005,33
3448,33005,33
3449,33011,33
3450,33005,33
3451,33005,33
3452,33005,33
3455,33005,33
3456,33005,33
3457,33005,33
3458,33011,33
3461,33005,33
3462,33005,33
3464,33005,33
3465,33005,33
3466,33005,33
3467,33005,33
3470,33005,33
3561,33009,33
3570,33007,33
3574,33009,33
3575,33007,33
3576,33007,33
3579,23017,23
3580,33009,33
3581,33007,33
3582,33007,33
3583,33007,33
3584,33007,33
3585,33009,33
3586,33009,33
3588,33007,33
3590,33007,33
3592,33007,33
3593,33007,33
3595,33007,33
3597,33007,33
3598,33007,33
3601,33019,33
3602,33005,33
3603,33019,33
3604,33005,33
3605,33019,33
3607,33019,33
3608,33005,33
3609,33005,33
3740,33009,33
3741,33009,33
3743,33019,33
3745,33019,33
3748,33009,33
3750,33009,33
3751,33019,33
3752,33019,33
3753,33019,33
3755,33009,33
3765,33009,33
3766,33009,33
3768,33009,33
3770,33019,33
3771,33009,33
3773,33019,33
3774,33009,33
3777,33009,33
3779,33009,33
3780,33009,33
3781,33019,33
3782,33019,33
3784,33009,33
3785,33009,33
3801,33015,33
3809,33001,33
3810,33001,33
3811,33015,33
3812,33003,33
3813,33003,33
3814,33003,33
3816,33003,33
3817,33003,33
3818,33003,33
3819,33015,33
3820,33017,33
3823,33017,33
3824,33017,33
3825,33017,33
3826,33015,33
3827,33015,33
3830,33003,33
3832,33003,33
3833,33015,33
3835,33017,33
3836,33003,33
3837,33001,33
3838,33003,33
3839,33017,33
3840,33015,33
3841,33015,33
3842,33015,33
3844,33015,33
3845,33003,33
3846,33003,33
3847,33003,33
3848,33015,33
3849,33003,33
3850,33003,33
3851,33017,33
3852,33017,33
3853,33003,33
3854,33015,33
3855,33017,33
3856,33015,33
3857,33015,33
3858,33015,33
3860,33003,33
3861,33017,33
3862,33015,33
3864,33003,33
3865,33015,33
3867,33017,33
3868,33017,33
3869,33017,33
3870,33015,33
3871,33015,33
3872,33003,33
3873,33015,33
3874,33015,33
3875,33003,33
3878,33017,33
3882,33003,33
3883,33003,33
3884,33017,33
3885,33015,33
3886,33003,33
3887,33017,33
3890,33003,33
3894,33003,33
3897,33003,33
3901,23031,23
3902,23031,23
3903,23031,23
3904,23031,23
3905,23031,23
3906,23031,23
3907,23031,23
3908,23031,23
3909,23031,23
3910,23031,23
3911,23031,23
4001,23031,23
4002,23031,23
4003,23005,23
4005,23031,23
4006,23031,23
4008,23023,23
4009,23005,23
4010,23017,23
4011,23005,23
4015,23005,23
4017,23005,23
4019,23005,23
4020,23031,23
4021,23005,23
4022,23017,23
4024,23005,23
4027,23031,23
4029,23005,23
4030,23031,23
4032,23005,23
4037,23017,23
4038,23005,23
4039,23005,23
4040,23005,23
4041,23017,23
4042,23031,23
4043,23031,23
4046,23031,23
4047,23031,23
4048,23031,23
4049,23031,23
4050,23005,23
4051,23017,23
4055,23005,23
4056,23031,23
4057,23005,23
4061,23031,23
4062,23005,23
4063,23031,23
4064,23031,23
4066,23005,23
4068,23017,23
4069,23005,23
4071,23005,23
4072,23031,23
4073,23031,23
4074,23005,23
4076,23031,23
4079,23005,23
4083,23031,23
4084,23005,23
4085,23005,23
4086,23023,23
4087,23031,23
4088,23017,23
4090,23031,23
4091,23005,23
4092,23005,23
4093,23031,23
4095,23031,23
4096,23005,23
4097,23005,23
4101,23005,23
4102,23005,23
4103,23005,23
4105,23005,23
4106,23005,23
4107,23005,23
4108,23005,23
4109,23005,23
4110,23005,23
4210,23001,23
4216,23017,23
4217,23017,23
4219,23017,23
4220,23017,23
4221,23017,23
4222,23001,23
4224,23017,23
4226,23017,23
4227,23017,23
4231,23017,23
4234,23007,23
4236,23001,23
4237,23017,23
4238,23017,23
4239,23007,23
4240,23001,23
4250,23001,23
4252,23001,23
4253,23001,23
4254,23001,23
4255,23017,23
4256,23001,23
4257,23017,23
4258,23001,23
4259,23011,23
4260,23005,23
4261,23017,23
4263,23001,23
4265,23011,23
4267,23017,23
4268,23017,23
4270,23017,23
4271,23017,23
4274,23001,23
4275,23017,23
4276,23017,23
4280,23001,23
4281,23017,23
4282,23001,23
4284,23011,23
4285,23007,23
4286,23017,23
4287,23023,23
4289,23017,23
4290,23017,23
4292,23017,23
4294,23007,23
4330,23011,23
4341,23015,23
4342,23015,23
4344,23011,23
4345,23011,23
4346,23011,23
4347,23011,23
4348,23015,23
4349,23011,23
4350,23011,23
4351,23011,23
4352,23011,23
4353,23015,23
4354,23027,23
4355,23011,23
4357,23023,23
4358,23011,23
4359,23011,23
4360,23011,23
4363,23011,23
4364,23011,23
4401,23019,23
4406,23021,23
4408,23009,23
4410,23019,23
4411,23019,23
4412,23019,23
4413,23029,23
4414,23021,23
4415,23021,23
4416,23009,23
4417,23019,23
4418,23019,23
4419,23019,23
4421,23009,23
4422,23019,23
4424,23029,23
4426,23021,23
4427,23019,23
4428,23019,23
4429,23009,23
4430,23019,23
4431,23009,23
4434,23019,23
4435,23019,23
4438,23027,23
4441,23021,23
4442,23021,23
4443,23021,23
4444,23019,23
4448,23019,23
4449,23019,23
4450,23019,23
4451,23003,23
4453,23019,23
4454,23029,23
4455,23019,23
4456,23019,23
4457,23019,23
4459,23003,23
4460,23019,23
4461,23019,23
4462,23021,23
4463,23021,23
4464,23021,23
4468,23019,23
4469,23019,23
4471,23003,23
4472,23009,23
4473,23019,23
4474,23019,23
4475,23019,23
4476,23009,23
4478,23025,23
4479,23021,23
4481,23021,23
4485,23021,23
4487,23019,23
4488,23019,23
4489,23019,23
4490,23029,23
4491,23029,23
4492,23029,23
4493,23019,23
4495,23019,23
4496,23027,23
4497,23003,23
4530,23023,23
4535,23015,23
4537,23015,23
4538,23015,23
4539,23015,23
4541,23015,23
4543,23015,23
4544,23015,23
4547,23013,23
4548,23023,23
4551,23015,23
4553,23015,23
4554,23015,23
4555,23015,23
4556,23015,23
4558,23015,23
4562,23023,23
4563,23013,23
4564,23015,23
4568,23015,23
4570,23015,23
4571,23015,23
4572,23015,23
4573,23015,23
4574,23013,23
4575,23015,23
4576,23015,23
4578,23015,23
4579,23023,23
4605,23009,23
4606,23029,23
4607,23009,23
4609,23009,23
4611,23029,23
4612,23009,23
4613,23009,23
4614,23009,23
4616,23009,23
4617,23009,23
4619,23029,23
4622,23029,23
4623,23029,23
4624,23009,23
4625,23009,23
4626,23029,23
4627,23009,23
4628,23029,23
4630,23029,23
4631,23029,23
4634,23009,23
4635,23009,23
4640,23009,23
4642,23009,23
4643,23029,23
4645,23013,23
4646,23009,23
4648,23029,23
4649,23029,23
4650,23009,23
4652,23029,23
4653,23009,23
4654,23029,23
4655,23029,23
4657,23029,23
4658,23029,23
4660,23009,23
4662,23009,23
4664,23009,23
4666,23029,23
4667,23029,23
4668,23029,23
4669,23009,23
4671,23029,23
4673,23009,23
4674,23009,23
4675,23009,23
4676,23009,23
4677,23009,23
4679,23009,23
4680,23029,23
4681,23009,23
4683,23009,23
4684,23009,23
4685,23009,23
4686,23029,23
4691,23029,23
4693,23009,23
4694,23029,23
4730,23003,23
4732,23003,23
4733,23003,23
4734,23003,23
4735,23003,23
4736,23003,23
4737,23003,23
4739,23003,23
4740,23003,23
4742,23003,23
4743,23003,23
4745,23003,23
4746,23003,23
4747,23003,23
4750,23003,23
4756,23003,23
4757,23003,23
4758,23003,23
4760,23003,23
4761,23003,23
4762,23003,23
4763,23003,23
4764,23003,23
4765,23019,23
4766,23003,23
4768,23003,23
4769,23003,23
4772,23003,23
4773,23003,23
4774,23003,23
4776,23003,23
4777,23019,23
4779,23003,23
4780,23003,23
4781,23003,23
4783,23003,23
4785,23003,23
4786,23003,23
4787,23003,23
4841,23013,23
4843,23013,23
4847,23013,23
4848,23027,23
4849,23027,23
4851,23013,23
4852,23015,23
4853,23013,23
4854,23013,23
4855,23013,23
4856,23013,23
4858,23013,23
4859,23013,23
4860,23013,23
4861,23013,23
4862,23013,23
4863,23013,23
4864,23013,23
4901,23011,23
4910,23011,23
4911,23025,23
4912,23025,23
4915,23027,23
4917,23011,23
4918,23011,23
4920,23025,23
4921,23027,23
4922,23027,23
4923,23025,23
4924,23025,23
4925,23025,23
4926,23011,23
4927,23011,23
4928,23019,23
4929,23025,23
4930,23019,23
4932,23019,23
4936,23007,23
4937,23025,23
4938,23007,23
4939,23019,23
4940,23007,23
4941,23027,23
4942,23025,23
4943,23025,23
4944,23025,23
4945,23025,23
4947,23007,23
4949,23027,23
4950,23025,23
4951,23027,23
4952,23027,23
4953,23019,23
4955,23007,23
4956,23007,23
4957,23025,23
4958,23025,23
4961,23025,23
4963,23011,23
4964,23017,23
4965,23025,23
4966,23007,23
4967,23025,23
4969,23019,23
4970,23007,23
4971,23025,23
4973,23027,23
4974,23027,23
4975,23025,23
4976,23025,23
4978,23025,23
4979,23025,23
4981,23027,23
4982,23007,23
4983,23007,23
4984,23007,23
4985,23025,23
4986,23027,23
4987,23027,23
4988,23027,23
4989,23011,23
4992,23007,23
5001,50027,50
5009,50027,50
5030,50027,50
5031,50027,50
5032,50027,50
5033,50017,50
5034,50027,50
5035,50027,50
5036,50017,50
5037,50027,50
5038,50017,50
5039,50017,50
5040,50017,50
5041,50017,50
5042,50005,50
5043,50017,50
5045,50017,50
5046,50005,50
5048,50027,50
5050,50005,50
5051,50017,50
5052,50027,50
5053,50027,50
5055,50027,50
5056,50027,50
5058,50017,50
5059,50027,50
5060,50017,50
5061,50017,50
5062,50027,50
5065,50027,50
5067,50027,50
5068,50027,50
5069,50017,50
5070,50017,50
5071,50027,50
5072,50017,50
5073,50027,50
5075,50017,50
5076,50017,50
5077,50017,50
5079,50017,50
5081,50017,50
5083,50017,50
5084,50027,50
5086,50017,50
5088,50027,50
5089,50027,50
5091,50027,50
5101,50025,50
5141,50025,50
5142,50027,50
5143,50027,50
5146,50025,50
5148,50025,50
5149,50027,50
5150,50027,50
5151,50027,50
5152,50003,50
5153,50027,50
5154,50025,50
5155,50025,50
5156,50027,50
5158,50025,50
5161,50027,50
5201,50003,50
5250,50003,50
5251,50003,50
5252,50003,50
5253,50003,50
5254,50003,50
5255,50003,50
5257,50003,50
5260,50003,50
5261,50003,50
5262,50003,50
5301,50025,50
5340,50003,50
5341,50025,50
5342,50025,50
5343,50025,50
5344,50025,50
5345,50025,50
5346,50025,50
5350,50003,50
5351,50025,50
5352,50003,50
5353,50025,50
5354,50025,50
5355,50025,50
5356,50025,50
5358,50025,50
5359,50025,50
5360,50025,50
5361,50025,50
5362,50025,50
5363,50025,50
5401,50007,50
5403,50007,50
5404,50007,50
5405,50007,50
5408,50007,50
5439,50007,50
5440,50013,50
5441,50011,50
5442,50015,50
5443,50001,50
5444,50015,50
5445,50007,50
5446,50007,50
5447,50011,50
5448,50011,50
5450,50011,50
5452,50007,50
5454,50011,50
5455,50011,50
5456,50001,50
5457,50011,50
5458,50013,50
5459,50011,50
5461,50007,50
5462,50007,50
5463,50013,50
5464,50015,50
5465,50007,50
5468,50007,50
5471,50011,50
5472,50001,50
5473,50001,50
5474,50013,50
5476,50011,50
5477,50007,50
5478,50011,50
5481,50011,50
5482,50007,50
5483,50011,50
5485,50011,50
5486,50013,50
5487,50001,50
5488,50011,50
5489,50007,50
5491,50001,50
5492,50015,50
5494,50007,50
5495,50007,50
5602,50023,50
5640,50023,50
5641,50023,50
5647,50023,50
5648,50023,50
5649,50017,50
5650,50023,50
5651,50023,50
5652,50015,50
5653,50015,50
5654,50017,50
5655,50015,50
5656,50015,50
5658,50023,50
5660,50023,50
5661,50015,50
5663,50023,50
5664,50023,50
5666,50023,50
5667,50023,50
5669,50023,50
5670,50023,50
5672,50015,50
5673,50023,50
5674,50023,50
5675,50017,50
5676,50023,50
5677,50023,50
5678,50023,50
5679,50017,50
5680,50015,50
5681,50023,50
5682,50023,50
5701,50021,50
5730,50021,50
5731,50021,50
5732,50021,50
5733,50021,50
5734,50001,50
5735,50021,50
5736,50021,50
5737,50021,50
5738,50021,50
5739,50021,50
5742,50021,50
5743,50021,50
5744,50021,50
5746,50027,50
5747,50001,50
5748,50001,50
5751,50021,50
5753,50001,50
5757,50021,50
5758,50021,50
5759,50021,50
5760,50001,50
5761,50021,50
5762,50021,50
5763,50021,50
5764,50021,50
5765,50021,50
5766,50001,50
5767,50027,50
5768,50003,50
5769,50001,50
5770,50001,50
5772,50027,50
5773,50021,50
5774,50021,50
5775,50021,50
5776,50003,50
5777,50021,50
5778,50001,50
5819,50005,50
5820,50019,50
5821,50005,50
5822,50019,50
5824,50009,50
5825,50019,50
5826,50019,50
5827,50019,50
5828,50005,50
5829,50019,50
5830,50019,50
5832,50005,50
5833,50019,50
5836,50005,50
5837,50009,50
5839,50019,50
5840,50009,50
5841,50019,50
5842,50019,50
5843,50005,50
5845,50019,50
5846,50009,50
5847,50019,50
5850,50005,50
5851,50005,50
5853,50019,50
5855,50019,50
5857,50019,50
5858,50009,50
5859,50019,50
5860,50019,50
5862,50005,50
5866,50005,50
5867,50005,50
5868,50019,50
5871,50005,50
5872,50019,50
5873,50005,50
5874,50019,50
5875,50019,50
5901,50009,50
5902,50009,50
5903,50009,50
5904,50009,50
5905,50009,50
5906,50009,50
5907,50009,50
6001,09003,09
6002,09003,09
6010,09003,09
6013,09003,09
6016,09003,09
6018,09005,09
6019,09003,09
6020,09003,09
6021,09005,09
6022,09003,09
6023,09003,09
6024,09005,09
6026,09003,09
6027,09003,09
6029,09013,09
6031,09005,09
6032,09003,09
6033,09003,09
6035,09003,09
6037,09003,09
6039,09005,09
6040,09003,09
6042,09003,09
6043,09013,09
6051,09003,09
6052,09003,09
6053,09003,09
6057,09005,09
6058,09005,09
6059,09003,09
6060,09003,09
6061,09005,09
6062,09003,09
6063,09005,09
6065,09003,09
6066,09013,09
6067,09003,09
6068,09005,09
6069,09005,09
6070,09003,09
6071,09013,09
6072,09013,09
6073,09003,09
6074,09003,09
6076,09013,09
6078,09003,09
6079,09005,09
6080,09003,09
6081,09003,09
6082,09003,09
6084,09013,09
6085,09003,09
6088,09003,09
6089,09003,09
6090,09003,09
6091,09003,09
6092,09003,09
6093,09003,09
6095,09003,09
6096,09003,09
6098,09005,09
6103,09003,09
6105,09003,09
6106,09003,09
6107,09003,09
6108,09003,09
6109,09003,09
6110,09003,09
6111,09003,09
6112,09003,09
6114,09003,09
6117,09003,09
6118,09003,09
6119,09003,09
6120,09003,09
6226,09015,09
6231,09013,09
6232,09013,09
6234,09015,09
6235,09015,09
6237,09013,09
6238,09013,09
6239,09015,09
6241,09015,09
6242,09015,09
6243,09015,09
6247,09015,09
6248,09013,09
6249,09011,09
6250,09013,09
6254,09011,09
6255,09015,09
6256,09015,09
6258,09015,09
6259,09015,09
6260,09015,09
6262,09015,09
6263,09015,09
6264,09015,09
6266,09015,09
6268,09013,09
6269,09013,09
6277,09015,09
6278,09015,09
6279,09013,09
6280,09015,09
6281,09015,09
6282,09015,09
6320,09011,09
6330,09011,09
6331,09015,09
6332,09015,09
6333,09011,09
6334,09011,09
6335,09011,09
6336,09011,09
6338,09011,09
6339,09011,09
6340,09011,09
6350,09011,09
6351,09011,09
6353,09011,09
6354,09015,09
6355,09011,09
6357,09011,09
6359,09011,09
6360,09011,09
6365,09011,09
6370,09011,09
6371,09011,09
6373,09015,09
6374,09015,09
6375,09011,09
6376,09011,09
6377,09015,09
6378,09011,09
6379,09011,09
6380,09011,09
6382,09011,09
6384,09011,09
6385,09011,09
6387,09015,09
6389,09011,09
6390,36103,36
6401,09009,09
6403,09009,09
6405,09009,09
6409,09007,09
6410,09009,09
6412,09007,09
6413,09007,09
6414,09007,09
6415,09011,09
6416,09007,09
6417,09007,09
6418,09009,09
6419,09007,09
6420,09011,09
6422,09007,09
6423,09007,09
6424,09007,09
6426,09007,09
6437,09009,09
6438,09007,09
6439,09011,09
6441,09007,09
6442,09007,09
6443,09009,09
6444,09003,09
6447,09003,09
6450,09009,09
6451,09009,09
6455,09007,09
6456,09007,09
6457,09007,09
6459,09007,09
6460,09009,09
6461,09009,09
6467,09003,09
6468,09001,09
6469,09007,09
6470,09001,09
6471,09009,09
6472,09009,09
6473,09009,09
6475,09007,09
6477,09009,09
6478,09009,09
6479,09003,09
6480,09007,09
6481,09007,09
6482,09001,09
6483,09009,09
6484,09001,09
6488,09009,09
6489,09003,09
6492,09009,09
6498,09007,09
6510,09009,09
6511,09009,09
6512,09009,09
6513,09009,09
6514,09009,09
6515,09009,09
6516,09009,09
6517,09009,09
6518,09009,09
6519,09009,09
6524,09009,09
6525,09009,09
6604,09001,09
6605,09001,09
6606,09001,09
6607,09001,09
6608,09001,09
6610,09001,09
6611,09001,09
6612,09001,09
6614,09001,09
6615,09001,09
6702,09009,09
6704,09009,09
6705,09009,09
6706,09009,09
6708,09009,09
6710,09009,09
6712,09009,09
6716,09009,09
6750,09005,09
6751,09005,09
6752,09005,09
6753,09005,09
6754,09005,09
6755,09005,09
6756,09005,09
6757,09005,09
6758,09005,09
6759,09005,09
6762,09009,09
6763,09005,09
6770,09009,09
6776,09005,09
6777,09005,09
6778,09005,09
6779,09005,09
6782,09005,09
6783,09005,09
6784,09001,09
6785,09005,09
6786,09005,09
6787,09005,09
6790,09005,09
6791,09005,09
6793,09005,09
6794,09005,09
6795,09005,09
6796,09005,09
6798,09005,09
6801,09001,09
6804,09001,09
6807,09001,09
6810,09001,09
6811,09001,09
6812,09001,09
6820,09001,09
6824,09001,09
6825,09001,09
6830,09001,09
6831,09001,09
6840,09001,09
6850,09001,09
6851,09001,09
6853,09001,09
6854,09001,09
6855,09001,09
6870,09001,09
6877,09001,09
6878,09001,09
6880,09001,09
6883,09001,09
6890,09001,09
6896,09001,09
6897,09001,09
6901,09001,09
6902,09001,09
6903,09001,09
6905,09001,09
6906,09001,09
6907,09001,09
7001,34023,34
7002,34017,34
7003,34013,34
7004,34013,34
7005,34027,34
7006,34013,34
7008,34023,34
7009,34013,34
7010,34003,34
7011,34031,34
7012,34031,34
7013,34031,34
7014,34031,34
7016,34039,34
7017,34013,34
7018,34013,34
7020,34003,34
7021,34013,34
7022,34003,34
7023,34039,34
7024,34003,34
7026,34003,34
7027,34039,34
7028,34013,34
7029,34017,34
7030,34017,34
7031,34003,34
7032,34017,34
7033,34039,34
7034,34027,34
7035,34027,34
7036,34039,34
7039,34013,34
7040,34013,34
7041,34013,34
7042,34013,34
7043,34013,34
7044,34013,34
7045,34027,34
7046,34027,34
7047,34017,34
7050,34013,34
7052,34013,34
7054,34027,34
7055,34031,34
7057,34003,34
7058,34027,34
7059,34035,34
7060,34039,34
7062,34039,34
7063,34039,34
7064,34023,34
7065,34039,34
7066,34039,34
7067,34023,34
7068,34013,34
7069,34035,34
7070,34003,34
7071,34003,34
7072,34003,34
7073,34003,34
7074,34003,34
7075,34003,34
7076,34039,34
7077,34023,34
7078,34013,34
7079,34013,34
7080,34023,34
7081,34039,34
7082,34027,34
7083,34039,34
7086,34017,34
7087,34017,34
7088,34039,34
7090,34039,34
7092,34039,34
7093,34017,34
7094,34017,34
7095,34023,34
7102,34013,34
7103,34013,34
7104,34013,34
7105,34013,34
7106,34013,34
7107,34013,34
7108,34013,34
7109,34013,34
7110,34013,34
7111,34013,34
7112,34013,34
7114,34013,34
7201,34039,34
7202,34039,34
7203,34039,34
7204,34039,34
7205,34039,34
7206,34039,34
7208,34039,34
7302,34017,34
7304,34017,34
7305,34017,34
7306,34017,34
7307,34017,34
7310,34017,34
7311,34017,34
7401,34003,34
7403,34031,34
7405,34027,34
7407,34003,34
7410,34003,34
7416,34037,34
7417,34003,34
7418,34037,34
7419,34037,34
7420,34031,34
7421,34031,34
7422,34037,34
7423,34003,34
7424,34031,34
7430,34003,34
7432,34003,34
7435,34031,34
7436,34003,34
7438,34027,34
7439,34037,34
7440,34027,34
7442,34031,34
7444,34027,34
7446,34003,34
7450,34003,34
7452,34003,34
7456,34031,34
7457,34027,34
7458,34003,34
7460,34037,34
7461,34037,34
7462,34037,34
7463,34003,34
7465,34031,34
7470,34031,34
7480,34031,34
7481,34003,34
7501,34031,34
7502,34031,34
7503,34031,34
7504,34031,34
7505,34031,34
7506,34031,34
7508,34031,34
7512,34031,34
7513,34031,34
7514,34031,34
7522,34031,34
7524,34031,34
7601,34003,34
7603,34003,34
7604,34003,34
7605,34003,34
7606,34003,34
7607,34003,34
7608,34003,34
7620,34003,34
7621,34003,34
7624,34003,34
7626,34003,34
7627,34003,34
7628,34003,34
7630,34003,34
7631,34003,34
7632,34003,34
7640,34003,34
7641,34003,34
7642,34003,34
7643,34003,34
7644,34003,34
7645,34003,34
7646,34003,34
7647,34003,34
7648,34003,34
7649,34003,34
7650,34003,34
7652,34003,34
7656,34003,34
7657,34003,34
7660,34003,34
7661,34003,34
7662,34003,34
7663,34003,34
7666,34003,34
7670,34003,34
7675,34003,34
7676,34003,34
7677,34003,34
7701,34025,34
7702,34025,34
7703,34025,34
7704,34025,34
7711,34025,34
7712,34025,34
7716,34025,34
7717,34025,34
7718,34025,34
7719,34025,34
7720,34025,34
7721,34025,34
7722,34025,34
7723,34025,34
7724,34025,34
7726,34025,34
7727,34025,34
7728,34025,34
7730,34025,34
7731,34025,34
7732,34025,34
7733,34025,34
7734,34025,34
7735,34025,34
7737,34025,34
7738,34025,34
7739,34025,34
7740,34025,34
7746,34025,34
7747,34023,34
7748,34025,34
7750,34025,34
7751,34025,34
7753,34025,34
7755,34025,34
7756,34025,34
7757,34025,34
7758,34025,34
7760,34025,34
7762,34025,34
7764,34025,34
7801,34027,34
7803,34027,34
7820,34041,34
7821,34037,34
7822,34037,34
7823,34041,34
7825,34041,34
7826,34037,34
7827,34037,34
7828,34027,34
7830,34019,34
7831,34041,34
7832,34041,34
7833,34041,34
7834,34027,34
7836,34027,34
7838,34041,34
7840,34041,34
7842,34027,34
7843,34037,34
7844,34041,34
7846,34041,34
7847,34027,34
7848,34037,34
7849,34027,34
7850,34027,34
7851,34037,34
7852,34027,34
7853,34027,34
7856,34027,34
7857,34027,34
7860,34037,34
7863,34041,34
7865,34041,34
7866,34027,34
7869,34027,34
7870,34027,34
7871,34037,34
7874,34037,34
7876,34027,34
7878,34027,34
7880,34041,34
7881,34037,34
7882,34041,34
7885,34027,34
7901,34039,34
7920,34035,34
7921,34035,34
7922,34039,34
7924,34035,34
7926,34027,34
7927,34027,34
7928,34027,34
7930,34027,34
7931,34035,34
7932,34027,34
7933,34027,34
7934,34035,34
7935,34027,34
7936,34027,34
7939,34035,34
7940,34027,34
7945,34027,34
7946,34027,34
7950,34027,34
7960,34027,34
7961,34027,34
7970,34027,34
7974,34039,34
7976,34027,34
7977,34035,34
7979,34019,34
7980,34027,34
7981,34027,34
8001,34033,34
8002,34007,34
8003,34007,34
8004,34007,34
8005,34029,34
8006,34029,34
8007,34007,34
8008,34029,34
8009,34007,34
8010,34005,34
8011,34005,34
8012,34007,34
8014,34015,34
8015,34005,34
8016,34005,34
8019,34005,34
8020,34015,34
8021,34007,34
8022,34005,34
8023,34033,34
8026,34007,34
8027,34015,34
8028,34015,34
8029,34007,34
8030,34007,34
8031,34007,34
8032,34015,34
8033,34007,34
8034,34007,34
8035,34007,34
8036,34005,34
8037,34001,34
8038,34033,34
8039,34015,34
8041,34005,34
8042,34005,34
8043,34007,34
8045,34007,34
8046,34005,34
8048,34005,34
8049,34007,34
8050,34029,34
8051,34015,34
8052,34005,34
8053,34005,34
8054,34005,34
8055,34005,34
8056,34015,34
8057,34005,34
8059,34007,34
8060,34005,34
8061,34015,34
8062,34015,34
8063,34015,34
8064,34005,34
8065,34005,34
8066,34015,34
8067,34033,34
8068,34005,34
8069,34033,34
8070,34033,34
8071,34015,34
8072,34033,34
8073,34005,34
8074,34015,34
8075,34005,34
8077,34005,34
8078,34007,34
8079,34033,34
8080,34015,34
8081,34007,34
8083,34007,34
8084,34007,34
8085,34015,34
8086,34015,34
8087,34029,34
8088,34005,34
8089,34007,34
8090,34015,34
8091,34007,34
8092,34029,34
8093,34015,34
8094,34015,34
8095,34007,34
8096,34015,34
8097,34015,34
8098,34033,34
8102,34007,34
8103,34007,34
8104,34007,34
8105,34007,34
8106,34007,34
8107,34007,34
8108,34007,34
8109,34007,34
8110,34007,34
8201,34001,34
8202,34009,34
8203,34001,34
8204,34009,34
8205,34001,34
8210,34009,34
8212,34009,34
8215,34001,34
8217,34001,34
8221,34001,34
8223,34009,34
8224,34005,34
8225,34001,34
8226,34009,34
8230,34009,34
8232,34001,34
8234,34001,34
8240,34001,34
8241,34001,34
8242,34009,34
8243,34009,34
8244,34001,34
8245,34009,34
8246,34009,34
8247,34009,34
8248,34009,34
8251,34009,34
8260,34009,34
8270,34009,34
8302,34011,34
8310,34001,34
8311,34011,34
8312,34015,34
8314,34011,34
8316,34011,34
8317,34001,34
8318,34033,34
8319,34001,34
8320,34011,34
8321,34011,34
8322,34015,34
8323,34011,34
8324,34011,34
8326,34001,34
8327,34011,34
8328,34015,34
8329,34011,34
8330,34001,34
8332,34011,34
8340,34011,34
8341,34001,34
8343,34033,34
8344,34015,34
8345,34011,34
8346,34001,34
8348,34011,34
8349,34011,34
8350,34001,34
8352,34011,34
8353,34011,34
8360,34011,34
8361,34011,34
8401,34001,34
8402,34001,34
8403,34001,34
8406,34001,34
8501,34025,34
8502,34035,34
8505,34005,34
8510,34025,34
8511,34005,34
8512,34023,34
8514,34025,34
8515,34005,34
8518,34005,34
8520,34021,34
8525,34021,34
8527,34029,34
8528,34035,34
8530,34019,34
8533,34029,34
8534,34021,34
8535,34025,34
8536,34023,34
8540,34021,34
8542,34021,34
8544,34021,34
8550,34021,34
8551,34019,34
8553,34035,34
8554,34005,34
8555,34025,34
8558,34035,34
8559,34019,34
8560,34021,34
8561,34021,34
8562,34005,34
8608,34021,34
8609,34021,34
8610,34021,34
8611,34021,34
8618,34021,34
8619,34021,34
8620,34021,34
8628,34021,34
8629,34021,34
8638,34021,34
8640,34005,34
8641,34005,34
8648,34021,34
8690,34021,34
8691,34021,34
8701,34029,34
8720,34025,34
8721,34029,34
8722,34029,34
8723,34029,34
8724,34029,34
8730,34025,34
8731,34029,34
8732,34029,34
8733,34029,34
8734,34029,34
8735,34029,34
8736,34025,34
8738,34029,34
8740,34029,34
8741,34029,34
8742,34029,34
8750,34025,34
8751,34029,34
8752,34029,34
8753,34029,34
8755,34029,34
8757,34029,34
8758,34029,34
8759,34029,34
8801,34019,34
8802,34019,34
8804,34019,34
8805,34035,34
8807,34035,34
8809,34019,34
8810,34023,34
8812,34035,34
8816,34023,34
8817,34023,34
8820,34023,34
8821,34035,34
8822,34019,34
8823,34035,34
8824,34023,34
8825,34019,34
8826,34019,34
8827,34019,34
8828,34023,34
8829,34019,34
8830,34023,34
8831,34023,34
8832,34023,34
8833,34019,34
8835,34035,34
8836,34035,34
8837,34023,34
8840,34023,34
8844,34035,34
8846,34023,34
8848,34019,34
8850,34023,34
8852,34023,34
8853,34035,34
8854,34023,34
8857,34023,34
8858,34019,34
8859,34023,34
8861,34023,34
8863,34023,34
8865,34041,34
8867,34019,34
8869,34035,34
8872,34023,34
8873,34035,34
8876,34035,34
8879,34023,34
8880,34035,34
8882,34023,34
8884,34023,34
8886,34041,34
8887,34019,34
8889,34019,34
8890,34035,34
8901,34023,34
8902,34023,34
8904,34023,34
10001,36061,36
10002,36061,36
10003,36061,36
10004,36061,36
10005,36061,36
10006,36061,36
10007,36061,36
10009,36061,36
10010,36061,36
10011,36061,36
10012,36061,36
10013,36061,36
10014,36061,36
10016,36061,36
10017,36061,36
10018,36061,36
10019,36061,36
10020,36061,36
10021,36061,36
10022,36061,36
10023,36061,36
10024,36061,36
10025,36061,36
10026,36061,36
10027,36061,36
10028,36061,36
10029,36061,36
10030,36061,36
10031,36061,36
10032,36061,36
10033,36061,36
10034,36061,36
10035,36061,36
10036,36061,36
10037,36061,36
10038,36061,36
10039,36061,36
10040,36061,36
10044,36061,36
10065,36061,36
10069,36061,36
10075,36061,36
10103,36061,36
10110,36061,36
10111,36061,36
10112,36061,36
10115,36061,36
10119,36061,36
10128,36061,36
10152,36061,36
10153,36061,36
10154,36061,36
10162,36061,36
10165,36061,36
10167,36061,36
10168,36061,36
10169,36061,36
10170,36061,36
10171,36061,36
10172,36061,36
10173,36061,36
10174,36061,36
10177,36061,36
10199,36061,36
10271,36061,36
10278,36061,36
10279,36061,36
10280,36061,36
10282,36061,36
10301,36085,36
10302,36085,36
10303,36085,36
10304,36085,36
10305,36085,36
10306,36085,36
10307,36085,36
10308,36085,36
10309,36085,36
10310,36085,36
10311,36085,36
10312,36085,36
10314,36085,36
10451,36005,36
10452,36005,36
10453,36005,36
10454,36005,36
10455,36005,36
10456,36005,36
10457,36005,36
10458,36005,36
10459,36005,36
10460,36005,36
10461,36005,36
10462,36005,36
10463,36005,36
10464,36005,36
10465,36005,36
10466,36005,36
10467,36005,36
10468,36005,36
10469,36005,36
10470,36005,36
10471,36005,36
10472,36005,36
10473,36005,36
10474,36005,36
10475,36005,36
10501,36119,36
10502,36119,36
10503,36119,36
10504,36119,36
10505,36119,36
10506,36119,36
10507,36119,36
10509,36079,36
10510,36119,36
10511,36119,36
10512,36079,36
10514,36119,36
10516,36079,36
10517,36119,36
10518,36119,36
10519,36119,36
10520,36119,36
10522,36119,36
10523,36119,36
10524,36079,36
10526,36119,36
10527,36119,36
10528,36119,36
10530,36119,36
10532,36119,36
10533,36119,36
10535,36119,36
10536,36119,36
10537,36079,36
10538,36119,36
10540,36119,36
10541,36079,36
10542,36079,36
10543,36119,36
10545,36119,36
10546,36119,36
10547,36119,36
10548,36119,36
10549,36119,36
10550,36119,36
10552,36119,36
10553,36119,36
10560,36119,36
10562,36119,36
10566,36119,36
10567,36119,36
10570,36119,36
10573,36119,36
10576,36119,36
10577,36119,36
10578,36119,36
10579,36079,36
10580,36119,36
10583,36119,36
10588,36119,36
10589,36119,36
10590,36119,36
10591,36119,36
10594,36119,36
10595,36119,36
10596,36119,36
10597,36119,36
10598,36119,36
10601,36119,36
10603,36119,36
10604,36119,36
10605,36119,36
10606,36119,36
10607,36119,36
10701,36119,36
10703,36119,36
10704,36119,36
10705,36119,36
10706,36119,36
10707,36119,36
10708,36119,36
10709,36119,36
10710,36119,36
10801,36119,36
10803,36119,36
10804,36119,36
10805,36119,36
10901,36087,36
10910,36071,36
10911,36087,36
10913,36087,36
10914,36071,36
10915,36071,36
10916,36071,36
10917,36071,36
10918,36071,36
10919,36071,36
10920,36087,36
10921,36071,36
10922,36071,36
10923,36087,36
10924,36071,36
10925,36071,36
10926,36071,36
10927,36087,36
10928,36071,36
10930,36071,36
10931,36087,36
10932,36071,36
10933,36071,36
10940,36071,36
10941,36071,36
10950,36071,36
10952,36087,36
10953,36071,36
10954,36087,36
10956,36087,36
10958,36071,36
10960,36087,36
10962,36087,36
10963,36071,36
10964,36087,36
10965,36087,36
10968,36087,36
10969,36071,36
10970,36087,36
10973,36071,36
10974,36087,36
10975,36071,36
10976,36087,36
10977,36087,36
10979,36071,36
10980,36087,36
10983,36087,36
10984,36087,36
10985,36071,36
10986,36087,36
10987,36071,36
10988,36071,36
10989,36087,36
10990,36071,36
10992,36071,36
10993,36087,36
10994,36087,36
10996,36071,36
10998,36071,36
11001,36059,36
11003,36059,36
11004,36081,36
11005,36081,36
11010,36059,36
11020,36059,36
11021,36059,36
11023,36059,36
11024,36059,36
11030,36059,36
11040,36059,36
11042,36059,36
11050,36059,36
11096,36059,36
11101,36081,36
11102,36081,36
11103,36081,36
11104,36081,36
11105,36081,36
11106,36081,36
11109,36081,36
11201,36047,36
11203,36047,36
11204,36047,36
11205,36047,36
11206,36047,36
11207,36047,36
11208,36047,36
11209,36047,36
11210,36047,36
11211,36047,36
11212,36047,36
11213,36047,36
11214,36047,36
11215,36047,36
11216,36047,36
11217,36047,36
11218,36047,36
11219,36047,36
11220,36047,36
11221,36047,36
11222,36047,36
11223,36047,36
11224,36047,36
11225,36047,36
11226,36047,36
11228,36047,36
11229,36047,36
11230,36047,36
11231,36047,36
11232,36047,36
11233,36047,36
11234,36047,36
11235,36047,36
11236,36047,36
11237,36047,36
11238,36047,36
11239,36047,36
11249,36047,36
11354,36081,36
11355,36081,36
11356,36081,36
11357,36081,36
11358,36081,36
11359,36081,36
11360,36081,36
11361,36081,36
11362,36081,36
11363,36081,36
11364,36081,36
11365,36081,36
11366,36081,36
11367,36081,36
11368,36081,36
11369,36081,36
11370,36081,36
11371,36081,36
11372,36081,36
11373,36081,36
11374,36081,36
11375,36081,36
11377,36081,36
11378,36081,36
11379,36081,36
11385,36081,36
11411,36081,36
11412,36081,36
11413,36081,36
11414,36081,36
11415,36081,36
11416,36081,36
11417,36081,36
11418,36081,36
11419,36081,36
11420,36081,36
11421,36081,36
11422,36081,36
11423,36081,36
11424,36081,36
11426,36081,36
11427,36081,36
11428,36081,36
11429,36081,36
11430,36081,36
11432,36081,36
11433,36081,36
11434,36081,36
11435,36081,36
11436,36081,36
11439,36081,36
11451,36081,36
11501,36059,36
11507,36059,36
11509,36059,36
11510,36059,36
11514,36059,36
11516,36059,36
11518,36059,36
11520,36059,36
11530,36059,36
11542,36059,36
11545,36059,36
11547,36059,36
11548,36059,36
11549,36059,36
11550,36059,36
11552,36059,36
11553,36059,36
11554,36059,36
11556,36059,36
11557,36059,36
11558,36059,36
11559,36059,36
11560,36059,36
11561,36059,36
11563,36059,36
11565,36059,36
11566,36059,36
11568,36059,36
11569,36059,36
11570,36059,36
11572,36059,36
11575,36059,36
11576,36059,36
11577,36059,36
11579,36059,36
11580,36059,36
11581,36059,36
11590,36059,36
11596,36059,36
11598,36059,36
11691,36081,36
11692,36081,36
11693,36081,36
11694,36081,36
11697,36081,36
11701,36103,36
11702,36103,36
11703,36103,36
11704,36103,36
11705,36103,36
11706,36103,36
11709,36059,36
11710,36059,36
11713,36103,36
11714,36059,36
11715,36103,36
11716,36103,36
11717,36103,36
11718,36103,36
11719,36103,36
11720,36103,36
11721,36103,36
11722,36103,36
11724,36103,36
11725,36103,36
11726,36103,36
11727,36103,36
11729,36103,36
11730,36103,36
11731,36103,36
11732,36059,36
11733,36103,36
11735,36103,36
11738,36103,36
11739,36103,36
11740,36103,36
11741,36103,36
11742,36103,36
11743,36103,36
11746,36103,36
11747,36103,36
11749,36103,36
11751,36103,36
11752,36103,36
11753,36059,36
11754,36103,36
11755,36103,36
11756,36059,36
11757,36103,36
11758,36059,36
11762,36059,36
11763,36103,36
11764,36103,36
11765,36059,36
11766,36103,36
11767,36103,36
11768,36103,36
11769,36103,36
11770,36103,36
11771,36059,36
11772,36103,36
11776,36103,36
11777,36103,36
11778,36103,36
11779,36103,36
11780,36103,36
11782,36103,36
11783,36059,36
11784,36103,36
11786,36103,36
11787,36103,36
11788,36103,36
11789,36103,36
11790,36103,36
11791,36059,36
11792,36103,36
11793,36059,36
11794,36103,36
11795,36103,36
11796,36103,36
11797,36059,36
11798,36103,36
11801,36059,36
11803,36059,36
11804,36059,36
11901,36103,36
11930,36103,36
11931,36103,36
11932,36103,36
11933,36103,36
11934,36103,36
11935,36103,36
11937,36103,36
11939,36103,36
11940,36103,36
11941,36103,36
11942,36103,36
11944,36103,36
11946,36103,36
11947,36103,36
11948,36103,36
11949,36103,36
11950,36103,36
11951,36103,36
11952,36103,36
11953,36103,36
11954,36103,36
11955,36103,36
11956,36103,36
11957,36103,36
11958,36103,36
11959,36103,36
11960,36103,36
11961,36103,36
11962,36103,36
11963,36103,36
11964,36103,36
11965,36103,36
11967,36103,36
11968,36103,36
11970,36103,36
11971,36103,36
11972,36103,36
11973,36103,36
11975,36103,36
11976,36103,36
11977,36103,36
11978,36103,36
11980,36103,36
12007,36001,36
12008,36093,36
12009,36001,36
12010,36057,36
12015,36039,36
12017,36021,36
12018,36083,36
12019,36091,36
12020,36091,36
12022,36083,36
12023,36001,36
12024,36021,36
12025,36035,36
12027,36091,36
12028,36115,36
12029,36021,36
12031,36095,36
12032,36041,36
12033,36083,36
12035,36095,36
12036,36095,36
12037,36021,36
12040,36083,36
12041,36001,36
12042,36039,36
12043,36095,36
12045,36001,36
12046,36001,36
12047,36001,36
12051,36039,36
12052,36083,36
12053,36093,36
12054,36001,36
12056,36093,36
12057,36115,36
12058,36039,36
12059,36001,36
12060,36021,36
12061,36083,36
12062,36083,36
12063,36083,36
12064,36077,36
12065,36091,36
12066,36057,36
12067,36001,36
12068,36057,36
12069,36057,36
12070,36057,36
12071,36095,36
12072,36057,36
12074,36091,36
12075,36021,36
12076,36095,36
12077,36001,36
12078,36035,36
12082,36083,36
12083,36039,36
12084,36001,36
12085,36001,36
12086,36091,36
12087,36039,36
12090,36083,36
12092,36095,36
12093,36095,36
12094,36083,36
12095,36035,36
12106,36021,36
12108,36041,36
12110,36001,36
12115,36021,36
12116,36077,36
12117,36035,36
12118,36091,36
12120,36001,36
12121,36083,36
12122,36095,36
12123,36083,36
12124,36039,36
12125,36021,36
12130,36021,36
12131,36095,36
12132,36021,36
12134,36041,36
12136,36021,36
12137,36093,36
12138,36083,36
12139,36041,36
12140,36083,36
12143,36001,36
12144,36083,36
12147,36001,36
12148,36091,36
12149,36095,36
12150,36093,36
12151,36091,36
12153,36083,36
12154,36083,36
12155,36077,36
12156,36083,36
12157,36095,36
12158,36001,36
12159,36001,36
12160,36095,36
12161,36001,36
12164,36041,36
12165,36021,36
12166,36057,36
12167,36095,36
12168,36083,36
12169,36083,36
12170,36091,36
12172,36021,36
12173,36021,36
12174,36021,36
12175,36095,36
12176,36039,36
12177,36057,36
12180,36083,36
12182,36083,36
12183,36001,36
12184,36021,36
12185,36083,36
12186,36001,36
12187,36095,36
12188,36091,36
12189,36001,36
12190,36041,36
12192,36039,36
12193,36001,36
12194,36095,36
12195,36021,36
12196,36083,36
12197,36077,36
12198,36083,36
12202,36001,36
12203,36001,36
12204,36001,36
12205,36001,36
12206,36001,36
12207,36001,36
12208,36001,36
12209,36001,36
12210,36001,36
12211,36001,36
12222,36001,36
12226,36001,36
12302,36093,36
12303,36001,36
12304,36093,36
12305,36093,36
12306,36093,36
12307,36093,36
12308,36093,36
12309,36093,36
12401,36111,36
12404,36111,36
12405,36039,36
12406,36111,36
12407,36039,36
12409,36111,36
12410,36111,36
12411,36111,36
12412,36111,36
12413,36039,36
12414,36039,36
12416,36111,36
12417,36111,36
12418,36039,36
12419,36111,36
12420,36111,36
12421,36025,36
12422,36039,36
12423,36039,36
12424,36039,36
12427,36039,36
12428,36111,36
12429,36111,36
12430,36039,36
12431,36039,36
12432,36111,36
12433,36111,36
12434,36025,36
12435,36111,36
12436,36039,36
12438,36025,36
12439,36039,36
12440,36111,36
12441,36025,36
12442,36039,36
12443,36111,36
12444,36039,36
12446,36111,36
12448,36111,36
12449,36111,36
12450,36039,36
12451,36039,36
12452,36039,36
12453,36111,36
12454,36039,36
12455,36025,36
12456,36111,36
12457,36111,36
12458,36111,36
12459,36025,36
12460,36001,36
12461,36111,36
12463,36039,36
12464,36111,36
12465,36111,36
12466,36111,36
12468,36039,36
12469,36001,36
12470,36039,36
12471,36111,36
12472,36111,36
12473,36039,36
12474,36025,36
12475,36111,36
12477,36111,36
12480,36039,36
12481,36111,36
12482,36039,36
12483,36105,36
12484,36111,36
12485,36039,36
12486,36111,36
12487,36111,36
12489,36111,36
12490,36111,36
12491,36111,36
12492,36039,36
12493,36111,36
12494,36111,36
12495,36111,36
12496,36039,36
12498,36111,36
12501,36027,36
12502,36021,36
12503,36021,36
12504,36027,36
12507,36027,36
12508,36027,36
12512,36027,36
12513,36021,36
12514,36027,36
12515,36111,36
12516,36021,36
12517,36021,36
12518,36071,36
12520,36071,36
12521,36021,36
12522,36027,36
12523,36021,36
12524,36027,36
12525,36111,36
12526,36021,36
12527,36027,36
12528,36111,36
12529,36021,36
12530,36021,36
12531,36027,36
12533,36027,36
12534,36021,36
12538,36027,36
12540,36027,36
12542,36111,36
12543,36071,36
12544,36021,36
12545,36027,36
12546,36027,36
12547,36111,36
12548,36111,36
12549,36071,36
12550,36071,36
12553,36071,36
12561,36111,36
12563,36079,36
12564,36027,36
12565,36021,36
12566,36111,36
12567,36027,36
12569,36027,36
12570,36027,36
12571,36027,36
12572,36027,36
12574,36027,36
12575,36071,36
12577,36071,36
12578,36027,36
12580,36027,36
12581,36027,36
12582,36027,36
12583,36027,36
12585,36027,36
12586,36071,36
12589,36111,36
12590,36027,36
12592,36027,36
12594,36027,36
12601,36027,36
12603,36027,36
12604,36027,36
12701,36105,36
12719,36105,36
12720,36105,36
12721,36105,36
12722,36105,36
12723,36105,36
12724,36105,36
12725,36111,36
12726,36105,36
12729,36071,36
12732,36105,36
12733,36105,36
12734,36105,36
12736,36105,36
12737,36105,36
12738,36105,36
12740,36111,36
12741,36105,36
12742,36105,36
12743,36105,36
12745,36105,36
12746,36071,36
12747,36105,36
12748,36105,36
12749,36105,36
12750,36105,36
12751,36105,36
12752,36105,36
12754,36105,36
12758,36105,36
12759,36105,36
12760,36025,36
12762,36105,36
12763,36105,36
12764,36105,36
12765,36105,36
12766,36105,36
12767,36105,36
12768,36105,36
12769,36105,36
12770,36105,36
12771,36071,36
12775,36105,36
12776,36025,36
12777,36105,36
12778,36105,36
12779,36105,36
12780,36071,36
12781,36105,36
12783,36105,36
12784,36105,36
12785,36105,36
12786,36105,36
12787,36105,36
12788,36105,36
12789,36105,36
12790,36105,36
12791,36105,36
12792,36105,36
12801,36113,36
12803,36091,36
12804,36113,36
12808,36113,36
12809,36115,36
12810,36113,36
12811,36113,36
12812,36041,36
12814,36113,36
12815,36113,36
12816,36115,36
12817,36113,36
12819,36115,36
12820,36113,36
12821,36115,36
12822,36091,36
12823,36115,36
12824,36113,36
12827,36115,36
12828,36115,36
12831,36091,36
12832,36115,36
12833,36091,36
12834,36115,36
12835,36091,36
12836,36113,36
12837,36115,36
12838,36115,36
12839,36115,36
12841,36115,36
12842,36041,36
12843,36113,36
12844,36115,36
12845,36113,36
12846,36113,36
12847,36041,36
12849,36115,36
12850,36091,36
12851,36031,36
12852,36031,36
12853,36113,36
12854,36115,36
12855,36031,36
12856,36113,36
12857,36031,36
12858,36031,36
12859,36091,36
12860,36113,36
12861,36115,36
12862,36113,36
12863,36091,36
12864,36041,36
12865,36115,36
12866,36091,36
12870,36031,36
12871,36091,36
12872,36031,36
12873,36115,36
12874,36113,36
12878,36113,36
12883,36031,36
12884,36091,36
12885,36113,36
12886,36113,36
12887,36115,36
12901,36019,36
12903,36019,36
12910,36019,36
12911,36019,36
12912,36019,36
12913,36033,36
12914,36033,36
12915,36033,36
12916,36033,36
12917,36033,36
12918,36019,36
12919,36019,36
12920,36033,36
12921,36019,36
12922,36089,36
12923,36019,36
12924,36019,36
12926,36033,36
12927,36089,36
12928,36031,36
12929,36019,36
12930,36033,36
12932,36031,36
12933,36019,36
12934,36019,36
12935,36019,36
12936,36031,36
12937,36033,36
12939,36033,36
12941,36031,36
12942,36031,36
12943,36031,36
12944,36031,36
12945,36033,36
12946,36031,36
12950,36031,36
12952,36019,36
12953,36033,36
12955,36019,36
12956,36031,36
12957,36033,36
12958,36019,36
12959,36019,36
12960,36031,36
12961,36031,36
12962,36019,36
12964,36031,36
12965,36089,36
12966,36033,36
12967,36089,36
12969,36033,36
12970,36033,36
12972,36019,36
12973,36089,36
12974,36031,36
12975,36031,36
12976,36033,36
12977,36031,36
12978,36019,36
12979,36019,36
12980,36033,36
12981,36019,36
12983,36033,36
12985,36019,36
12986,36033,36
12987,36031,36
12989,36033,36
12992,36019,36
12993,36031,36
12996,36031,36
12997,36031,36
12998,36031,36
13020,36067,36
13021,36011,36
13024,36011,36
13026,36011,36
13027,36067,36
13028,36075,36
13029,36067,36
13030,36053,36
13031,36067,36
13032,36053,36
13033,36011,36
13034,36011,36
13035,36053,36
13036,36075,36
13037,36053,36
13039,36067,36
13040,36023,36
13041,36067,36
13042,36065,36
13044,36075,36
13045,36023,36
13051,36067,36
13052,36053,36
13053,36109,36
13054,36065,36
13057,36067,36
13060,36067,36
13061,36053,36
13062,36109,36
13063,36067,36
13065,36099,36
13066,36067,36
13068,36109,36
13069,36075,36
13071,36011,36
13072,36053,36
13073,36109,36
13074,36075,36
13076,36075,36
13077,36023,36
13078,36067,36
13080,36067,36
13081,36011,36
13082,36053,36
13083,36075,36
13084,36067,36
13087,36023,36
13088,36067,36
13090,36067,36
13092,36011,36
13101,36023,36
13102,36109,36
13103,36075,36
13104,36067,36
13108,36067,36
13110,36067,36
13111,36011,36
13112,36067,36
13113,36011,36
13114,36075,36
13115,36075,36
13116,36067,36
13117,36011,36
13118,36011,36
13119,36067,36
13120,36067,36
13121,36075,36
13122,36053,36
13123,36065,36
13124,36017,36
13126,36075,36
13131,36075,36
13132,36075,36
13134,36053,36
13135,36075,36
13136,36017,36
13138,36067,36
13140,36011,36
13141,36023,36
13142,36075,36
13143,36117,36
13144,36075,36
13145,36075,36
13146,36117,36
13147,36011,36
13148,36099,36
13152,36067,36
13153,36067,36
13154,36117,36
13155,36017,36
13156,36011,36
13157,36065,36
13158,36023,36
13159,36067,36
13160,36011,36
13162,36065,36
13163,36053,36
13164,36067,36
13165,36099,36
13166,36011,36
13167,36075,36
13202,36067,36
13203,36067,36
13204,36067,36
13205,36067,36
13206,36067,36
13207,36067,36
13208,36067,36
13209,36067,36
13210,36067,36
13211,36067,36
13212,36067,36
13214,36067,36
13215,36067,36
13219,36067,36
13224,36067,36
13244,36067,36
13290,36067,36
13301,36065,36
13302,36075,36
13303,36065,36
13304,36065,36
13305,36049,36
13308,36065,36
13309,36065,36
13310,36053,36
13312,36049,36
13313,36065,36
13314,36053,36
13315,36077,36
13316,36065,36
13317,36057,36
13318,36065,36
13319,36065,36
13320,36077,36
13321,36065,36
13322,36043,36
13323,36065,36
13324,36043,36
13325,36049,36
13326,36077,36
13327,36049,36
13328,36065,36
13329,36035,36
13331,36043,36
13332,36053,36
13333,36077,36
13334,36053,36
13335,36077,36
13337,36077,36
13338,36043,36
13339,36057,36
13340,36043,36
13342,36077,36
13343,36049,36
13345,36049,36
13346,36053,36
13348,36077,36
13350,36043,36
13352,36065,36
13353,36041,36
13354,36065,36
13355,36053,36
13357,36043,36
13360,36041,36
13361,36043,36
13363,36065,36
13364,36053,36
13365,36043,36
13367,36049,36
13368,36049,36
13402,36053,36
13403,36065,36
13404,36049,36
13406,36043,36
13407,36043,36
13408,36053,36
13409,36053,36
13410,36057,36
13411,36077,36
13413,36065,36
13415,36077,36
13416,36043,36
13417,36065,36
13418,36053,36
13420,36043,36
13421,36053,36
13424,36065,36
13425,36065,36
13428,36057,36
13431,36043,36
13433,36049,36
13435,36065,36
13436,36041,36
13437,36075,36
13438,36065,36
13439,36077,36
13440,36065,36
13441,36065,36
13450,36077,36
13452,36035,36
13454,36043,36
13455,36065,36
13456,36065,36
13457,36077,36
13459,36095,36
13460,36017,36
13461,36065,36
13464,36017,36
13468,36077,36
13469,36065,36
13470,36035,36
13471,36065,36
13472,36043,36
13473,36049,36
13475,36043,36
13476,36065,36
13477,36065,36
13478,36065,36
13480,36065,36
13482,36077,36
13483,36065,36
13484,36053,36
13485,36053,36
13486,36065,36
13488,36077,36
13489,36049,36
13490,36065,36
13491,36077,36
13492,36065,36
13493,36075,36
13494,36065,36
13495,36065,36
13501,36065,36
13502,36065,36
13601,36045,36
13602,36045,36
13603,36045,36
13605,36045,36
13606,36045,36
13607,36045,36
13608,36045,36
13611,36045,36
13612,36045,36
13613,36089,36
13614,36089,36
13615,36045,36
13616,36045,36
13617,36089,36
13618,36045,36
13619,36045,36
13620,36049,36
13621,36089,36
13622,36045,36
13623,36089,36
13624,36045,36
13625,36089,36
13626,36049,36
13628,36045,36
13630,36089,36
13632,36045,36
13633,36089,36
13634,36045,36
13635,36089,36
13636,36045,36
13637,36045,36
13638,36045,36
13639,36089,36
13640,36045,36
13641,36045,36
13642,36089,36
13643,36045,36
13645,36089,36
13646,36089,36
13647,36089,36
13648,36049,36
13649,36089,36
13650,36045,36
13651,36045,36
13652,36089,36
13654,36089,36
13655,36033,36
13656,36045,36
13658,36089,36
13659,36045,36
13660,36089,36
13661,36045,36
13662,36089,36
13664,36089,36
13665,36049,36
13666,36089,36
13667,36089,36
13668,36089,36
13669,36089,36
13670,36089,36
13672,36089,36
13673,36045,36
13674,36045,36
13675,36045,36
13676,36089,36
13678,36089,36
13679,36045,36
13680,36089,36
13681,36089,36
13682,36045,36
13683,36089,36
13684,36089,36
13685,36045,36
13687,36089,36
13690,36089,36
13691,36045,36
13692,36045,36
13693,36045,36
13694,36089,36
13695,36089,36
13696,36089,36
13697,36089,36
13699,36089,36
13730,36017,36
13731,36025,36
13732,36107,36
13733,36017,36
13734,36107,36
13736,36107,36
13738,36023,36
13739,36025,36
13740,36025,36
13743,36107,36
13744,36007,36
13746,36007,36
13747,36077,36
13748,36007,36
13750,36025,36
13751,36025,36
13752,36025,36
13753,36025,36
13754,36007,36
13755,36025,36
13756,36025,36
13757,36025,36
13760,36007,36
13774,36025,36
13775,36025,36
13776,36077,36
13777,36007,36
13778,36017,36
13780,36017,36
13782,36025,36
13783,36025,36
13784,36023,36
13786,36025,36
13787,36007,36
13788,36025,36
13790,36007,36
13795,36007,36
13796,36077,36
13797,36007,36
13801,36017,36
13802,36007,36
13803,36023,36
13804,36025,36
13806,36025,36
13807,36077,36
13808,36077,36
13809,36077,36
13810,36077,36
13811,36107,36
13812,36107,36
13813,36007,36
13814,36017,36
13815,36017,36
13820,36077,36
13825,36077,36
13826,36007,36
13827,36107,36
13830,36017,36
13832,36017,36
13833,36007,36
13834,36077,36
13835,36107,36
13838,36025,36
13839,36025,36
13841,36017,36
13842,36025,36
13843,36077,36
13844,36017,36
13846,36025,36
13847,36025,36
13849,36077,36
13850,36007,36
13856,36025,36
13859,36077,36
13860,36025,36
13861,36077,36
13862,36007,36
13863,36023,36
13864,36107,36
13865,36007,36
13901,36007,36
13902,36007,36
13903,36007,36
13904,36007,36
13905,36007,36
14001,36029,36
14004,36029,36
14005,36037,36
14006,36029,36
14008,36063,36
14009,36121,36
14011,36121,36
14012,36063,36
14013,36037,36
14020,36037,36
14024,36121,36
14025,36029,36
14026,36029,36
14027,36029,36
14028,36063,36
14029,36003,36
14030,36029,36
14031,36029,36
14032,36029,36
14033,36029,36
14034,36029,36
14035,36029,36
14036,36037,36
14037,36121,36
14039,36121,36
14040,36037,36
14041,36009,36
14042,36009,36
14043,36029,36
14047,36029,36
14048,36013,36
14051,36029,36
14052,36029,36
14054,36037,36
14055,36029,36
14056,36037,36
14057,36029,36
14058,36037,36
14059,36029,36
14060,36003,36
14061,36029,36
14062,36013,36
14063,36013,36
14065,36009,36
14066,36121,36
14067,36063,36
14068,36029,36
14069,36029,36
14070,36009,36
14072,36029,36
14075,36029,36
14080,36029,36
14081,36029,36
14082,36121,36
14083,36121,36
14085,36029,36
14086,36029,36
14091,36029,36
14092,36063,36
14094,36063,36
14098,36073,36
14101,36009,36
14102,36029,36
14103,36073,36
14105,36063,36
14108,36063,36
14109,36063,36
14111,36029,36
14112,36029,36
14113,36121,36
14120,36063,36
14125,36037,36
14126,36063,36
14127,36029,36
14129,36009,36
14130,36121,36
14131,36063,36
14132,36063,36
14134,36029,36
14135,36013,36
14136,36013,36
14138,36009,36
14139,36029,36
14141,36029,36
14143,36037,36
14145,36121,36
14150,36029,36
14166,36013,36
14167,36121,36
14168,36009,36
14169,36029,36
14170,36029,36
14171,36009,36
14172,36063,36
14173,36009,36
14174,36063,36
14201,36029,36
14202,36029,36
14203,36029,36
14204,36029,36
14206,36029,36
14207,36029,36
14208,36029,36
14209,36029,36
14210,36029,36
14211,36029,36
14212,36029,36
14213,36029,36
14214,36029,36
14215,36029,36
14216,36029,36
14217,36029,36
14218,36029,36
14219,36029,36
14220,36029,36
14221,36029,36
14222,36029,36
14223,36029,36
14224,36029,36
14225,36029,36
14226,36029,36
14227,36029,36
14228,36029,36
14260,36029,36
14261,36029,36
14301,36063,36
14302,36063,36
14303,36063,36
14304,36063,36
14305,36063,36
14411,36073,36
14413,36117,36
14414,36051,36
14415,36123,36
14416,36037,36
14418,36123,36
14420,36055,36
14422,36037,36
14423,36051,36
14424,36069,36
14425,36069,36
14427,36121,36
14428,36055,36
14432,36069,36
14433,36117,36
14435,36051,36
14437,36051,36
14441,36123,36
14445,36055,36
14450,36055,36
14453,36069,36
14454,36051,36
14456,36069,36
14462,36051,36
14463,36069,36
14464,36055,36
14466,36069,36
14467,36055,36
14468,36055,36
14469,36069,36
14470,36073,36
14471,36069,36
14472,36055,36
14475,36069,36
14476,36073,36
14477,36073,36
14478,36123,36
14479,36073,36
14480,36051,36
14481,36051,36
14482,36037,36
14485,36051,36
14486,36051,36
14487,36051,36
14489,36117,36
14502,36117,36
14504,36069,36
14505,36117,36
14506,36055,36
14507,36123,36
14510,36051,36
14511,36055,36
14512,36069,36
14513,36117,36
14514,36055,36
14515,36055,36
14516,36117,36
14517,36051,36
14519,36117,36
14521,36099,36
14522,36117,36
14525,36037,36
14526,36055,36
14527,36123,36
14529,36101,36
14530,36121,36
14532,36069,36
14533,36051,36
14534,36055,36
14536,36121,36
14537,36069,36
14539,36051,36
14541,36099,36
14542,36117,36
14543,36055,36
14544,36123,36
14545,36051,36
14546,36055,36
14548,36069,36
14549,36121,36
14550,36121,36
14551,36117,36
14555,36117,36
14556,36051,36
14557,36037,36
14559,36055,36
14560,36069,36
14561,36069,36
14564,36069,36
14568,36117,36
14569,36121,36
14571,36073,36
14572,36101,36
14580,36055,36
14585,36069,36
14586,36055,36
14588,36099,36
14589,36117,36
14590,36117,36
14591,36121,36
14592,36051,36
14604,36055,36
14605,36055,36
14606,36055,36
14607,36055,36
14608,36055,36
14609,36055,36
14610,36055,36
14611,36055,36
14612,36055,36
14613,36055,36
14614,36055,36
14615,36055,36
14616,36055,36
14617,36055,36
14618,36055,36
14619,36055,36
14620,36055,36
14621,36055,36
14622,36055,36
14623,36055,36
14624,36055,36
14625,36055,36
14626,36055,36
14627,36055,36
14642,36055,36
14701,36013,36
14706,36009,36
14707,36003,36
14708,36003,36
14709,36003,36
14710,36013,36
14711,36003,36
14712,36013,36
14714,36003,36
14715,36003,36
14716,36013,36
14717,36003,36
14718,36013,36
14719,36009,36
14720,36013,36
14721,36003,36
14722,36013,36
14723,36013,36
14724,36013,36
14726,36009,36
14727,36003,36
14728,36013,36
14729,36009,36
14731,36009,36
14732,36013,36
14733,36013,36
14735,36003,36
14736,36013,36
14737,36009,36
14738,36013,36
14739,36003,36
14740,36013,36
14741,36009,36
14742,36013,36
14743,36009,36
14744,36003,36
14747,36013,36
14748,36009,36
14750,36013,36
14752,36013,36
14753,36009,36
14754,36003,36
14755,36009,36
14756,36013,36
14757,36013,36
14760,36009,36
14767,36013,36
14769,36013,36
14770,36003,36
14772,36009,36
14774,36003,36
14775,36013,36
14777,36003,36
14778,36009,36
14779,36009,36
14781,36013,36
14782,36013,36
14783,36009,36
14784,36013,36
14785,36013,36
14787,36013,36
14788,36009,36
14801,36101,36
14802,36003,36
14803,36003,36
14804,36003,36
14805,36097,36
14806,36003,36
14807,36101,36
14808,36101,36
14809,36101,36
14810,36101,36
14812,36097,36
14813,36003,36
14814,36015,36
14815,36097,36
14816,36015,36
14817,36109,36
14818,36097,36
14819,36101,36
14820,36101,36
14821,36101,36
14822,36003,36
14823,36101,36
14824,36097,36
14825,36015,36
14826,36101,36
14827,36101,36
14830,36101,36
14836,36051,36
14837,36123,36
14838,36015,36
14839,36101,36
14840,36101,36
14841,36097,36
14842,36123,36
14843,36101,36
14845,36015,36
14846,36051,36
14847,36099,36
14850,36109,36
14853,36109,36
14854,36109,36
14855,36101,36
14856,36101,36
14858,36101,36
14859,36107,36
14860,36099,36
14861,36015,36
14864,36015,36
14865,36097,36
14867,36109,36
14869,36097,36
14870,36101,36
14871,36015,36
14872,36015,36
14873,36101,36
14874,36101,36
14877,36101,36
14878,36097,36
14879,36101,36
14880,36003,36
14881,36109,36
14882,36109,36
14883,36107,36
14884,36003,36
14885,36101,36
14886,36109,36
14889,36015,36
14891,36097,36
14892,36107,36
14893,36101,36
14894,36015,36
14895,36003,36
14897,36003,36
14898,36101,36
14901,36015,36
14903,36015,36
14904,36015,36
14905,36015,36
15001,42007,42
15003,42007,42
15004,42125,42
15005,42007,42
15006,42003,42
15007,42003,42
15009,42007,42
15010,42007,42
15012,42129,42
15014,42003,42
15015,42003,42
15017,42003,42
15018,42003,42
15019,42125,42
15020,42003,42
15021,42125,42
15022,42125,42
15024,42003,42
15025,42003,42
15026,42007,42
15027,42007,42
15028,42003,42
15030,42003,42
15031,42003,42
15033,42125,42
15034,42003,42
15035,42003,42
15037,42003,42
15038,42125,42
15042,42007,42
15043,42007,42
15044,42003,42
15045,42003,42
15046,42003,42
15047,42003,42
15049,42003,42
15050,42007,42
15051,42003,42
15052,42007,42
15053,42125,42
15054,42125,42
15055,42125,42
15056,42003,42
15057,42125,42
15059,42007,42
15060,42125,42
15061,42007,42
15062,42129,42
15063,42125,42
15064,42003,42
15065,42003,42
15066,42007,42
15067,42125,42
15068,42129,42
15071,42003,42
15072,42129,42
15074,42007,42
15075,42003,42
15076,42003,42
15077,42007,42
15078,42125,42
15081,42007,42
15082,42003,42
15083,42129,42
15084,42003,42
15085,42129,42
15086,42003,42
15087,42129,42
15088,42003,42
15089,42129,42
15090,42003,42
15101,42003,42
15102,42003,42
15104,42003,42
15106,42003,42
15108,42003,42
15110,42003,42
15112,42003,42
15116,42003,42
15120,42003,42
15122,42003,42
15123,42003,42
15126,42003,42
15129,42003,42
15131,42003,42
15132,42003,42
15133,42003,42
15135,42003,42
15136,42003,42
15137,42003,42
15139,42003,42
15140,42003,42
15142,42003,42
15143,42003,42
15144,42003,42
15145,42003,42
15146,42003,42
15147,42003,42
15148,42003,42
15201,42003,42
15202,42003,42
15203,42003,42
15204,42003,42
15205,42003,42
15206,42003,42
15207,42003,42
15208,42003,42
15209,42003,42
15210,42003,42
15211,42003,42
15212,42003,42
15213,42003,42
15214,42003,42
15215,42003,42
15216,42003,42
15217,42003,42
15218,42003,42
15219,42003,42
15220,42003,42
15221,42003,42
15222,42003,42
15223,42003,42
15224,42003,42
15225,42003,42
15226,42003,42
15227,42003,42
15228,42003,42
15229,42003,42
15232,42003,42
15233,42003,42
15234,42003,42
15235,42003,42
15236,42003,42
15237,42003,42
15238,42003,42
15239,42003,42
15241,42003,42
15243,42003,42
15260,42003,42
15275,42003,42
15282,42003,42
15290,42003,42
15301,42125,42
15310,42059,42
15311,42125,42
15312,42125,42
15313,42125,42
15314,42125,42
15315,42059,42
15316,42059,42
15317,42125,42
15320,42059,42
15321,42125,42
15322,42059,42
15323,42125,42
15324,42125,42
15325,42059,42
15327,42059,42
15329,42125,42
15330,42125,42
15331,42125,42
15332,42125,42
15333,42125,42
15334,42059,42
15337,42059,42
15338,42059,42
15340,42125,42
15341,42059,42
15342,42125,42
15344,42059,42
15345,42125,42
15346,42059,42
15347,42125,42
15348,42125,42
15349,42059,42
15350,42125,42
15351,42059,42
15352,42059,42
15353,42059,42
15357,42059,42
15358,42125,42
15359,42059,42
15360,42125,42
15361,42125,42
15362,42059,42
15363,42125,42
15364,42059,42
15365,42125,42
15366,42125,42
15367,42125,42
15368,42125,42
15370,42059,42
15376,42125,42
15377,42125,42
15378,42125,42
15379,42125,42
15380,42059,42
15401,42051,42
15410,42051,42
15411,42111,42
15412,42125,42
15413,42051,42
15416,42051,42
15417,42125,42
15419,42125,42
15420,42051,42
15421,42051,42
15422,42051,42
15423,42125,42
15424,42111,42
15425,42051,42
15427,42125,42
15428,42051,42
15429,42125,42
15430,42051,42
15431,42051,42
15432,42125,42
15433,42051,42
15434,42125,42
15435,42051,42
15436,42051,42
15437,42051,42
15438,42051,42
15440,42051,42
15442,42051,42
15443,42051,42
15444,42051,42
15445,42051,42
15446,42051,42
15447,42051,42
15448,42129,42
15449,42051,42
15450,42051,42
15451,42051,42
15454,42051,42
15455,42051,42
15456,42051,42
15458,42051,42
15459,42051,42
15460,42051,42
15461,42051,42
15462,42051,42
15463,42051,42
15464,42051,42
15465,42051,42
15466,42051,42
15467,42051,42
15468,42051,42
15469,42051,42
15470,42051,42
15472,42051,42
15473,42051,42
15474,42051,42
15475,42051,42
15476,42051,42
15477,42125,42
15478,42051,42
15479,42129,42
15480,42051,42
15482,42051,42
15483,42125,42
15484,42051,42
15486,42051,42
15488,42051,42
15489,42051,42
15490,42051,42
15492,42051,42
15501,42111,42
15502,42111,42
15510,42111,42
15520,42111,42
15521,42009,42
15522,42009,42
15530,42111,42
15531,42111,42
15532,42111,42
15533,42009,42
15534,42009,42
15535,42009,42
15536,42057,42
15537,42009,42
15538,42111,42
15539,42009,42
15540,42111,42
15541,42111,42
15542,42111,42
15544,42111,42
15545,42009,42
15546,42111,42
15547,42111,42
15550,42009,42
15551,42111,42
15552,42111,42
15554,42009,42
15555,42111,42
15557,42111,42
15558,42111,42
15559,42009,42
15560,42111,42
15561,42111,42
15562,42111,42
15563,42111,42
15564,42111,42
15565,42111,42
15601,42129,42
15610,42129,42
15611,42129,42
15612,42129,42
15613,42129,42
15615,42129,42
15616,42129,42
15617,42129,42
15618,42005,42
15619,42129,42
15620,42129,42
15622,42051,42
15623,42129,42
15624,42129,42
15625,42129,42
15626,42129,42
15627,42129,42
15628,42129,42
15629,42129,42
15631,42051,42
15632,42129,42
15633,42129,42
15634,42129,42
15635,42129,42
15636,42129,42
15637,42129,42
15638,42129,42
15639,42129,42
15640,42129,42
15641,42129,42
15642,42129,42
15644,42129,42
15646,42129,42
15647,42129,42
15650,42129,42
15655,42129,42
15656,42129,42
15658,42129,42
15660,42129,42
15661,42129,42
15662,42129,42
15663,42129,42
15665,42129,42
15666,42129,42
15668,42129,42
15670,42129,42
15671,42129,42
15672,42129,42
15673,42005,42
15674,42129,42
15675,42129,42
15676,42129,42
15677,42129,42
15678,42129,42
15679,42129,42
15680,42129,42
15681,42063,42
15682,42005,42
15683,42129,42
15684,42129,42
15686,42005,42
15687,42129,42
15688,42129,42
15689,42129,42
15690,42005,42
15691,42129,42
15692,42129,42
15693,42129,42
15695,42129,42
15696,42129,42
15697,42129,42
15698,42129,42
15701,42063,42
15705,42063,42
15710,42063,42
15711,42065,42
15712,42063,42
15713,42063,42
15714,42021,42
15715,42065,42
15716,42063,42
15717,42063,42
15720,42063,42
15721,42033,42
15722,42021,42
15723,42063,42
15724,42063,42
15725,42063,42
15727,42063,42
15728,42063,42
15729,42063,42
15730,42065,42
15731,42063,42
15732,42063,42
15733,42065,42
15734,42063,42
15736,42005,42
15737,42021,42
15738,42021,42
15739,42063,42
15741,42063,42
15742,42063,42
15744,42065,42
15745,42063,42
15746,42063,42
15747,42063,42
15748,42063,42
15750,42063,42
15752,42063,42
15753,42033,42
15754,42063,42
15756,42063,42
15757,42033,42
15759,42063,42
15760,42021,42
15761,42063,42
15762,42021,42
15763,42063,42
15764,42065,42
15765,42063,42
15767,42065,42
15770,42065,42
15771,42063,42
15772,42063,42
15773,42021,42
15774,42005,42
15775,42021,42
15776,42065,42
15777,42063,42
15778,42065,42
15779,42129,42
15780,42065,42
15781,42065,42
15783,42063,42
15784,42065,42
15801,42033,42
15821,42047,42
15823,42047,42
15824,42065,42
15825,42065,42
15827,42047,42
15828,42053,42
15829,42065,42
15831,42047,42
15832,42023,42
15834,42023,42
15840,42065,42
15841,42047,42
15845,42047,42
15846,42047,42
15847,42065,42
15848,42033,42
15849,42033,42
15851,42065,42
15853,42047,42
15856,42033,42
15857,42047,42
15860,42065,42
15861,42023,42
15863,42065,42
15864,42065,42
15865,42065,42
15866,42033,42
15868,42047,42
15870,42047,42
15901,42021,42
15902,42021,42
15904,42021,42
15905,42021,42
15906,42021,42
15909,42021,42
15920,42063,42
15921,42021,42
15922,42021,42
15923,42129,42
15924,42111,42
15925,42021,42
15926,42111,42
15927,42021,42
15928,42111,42
15929,42063,42
15930,42021,42
15931,42021,42
15934,42021,42
15935,42111,42
15936,42111,42
15937,42111,42
15938,42021,42
15940,42021,42
15942,42021,42
15943,42021,42
15944,42129,42
15945,42021,42
15946,42021,42
15948,42021,42
15949,42063,42
15951,42021,42
15952,42021,42
15953,42111,42
15954,42063,42
15955,42021,42
15956,42021,42
15957,42063,42
15958,42021,42
15960,42021,42
15961,42063,42
15962,42021,42
15963,42111,42
16001,42019,42
16002,42019,42
16020,42019,42
16022,42019,42
16023,42019,42
16024,42019,42
16025,42019,42
16027,42019,42
16028,42005,42
16029,42019,42
16030,42019,42
16033,42019,42
16034,42019,42
16035,42019,42
16036,42031,42
16037,42019,42
16038,42019,42
16040,42019,42
16041,42019,42
16045,42019,42
16046,42019,42
16048,42019,42
16049,42031,42
16050,42019,42
16051,42019,42
16052,42019,42
16053,42019,42
16054,42031,42
16055,42019,42
16056,42019,42
16057,42019,42
16059,42019,42
16061,42019,42
16063,42019,42
16066,42019,42
16101,42073,42
16102,42073,42
16105,42073,42
16110,42039,42
16111,42039,42
16112,42073,42
16113,42085,42
16114,42085,42
16115,42007,42
16116,42073,42
16117,42073,42
16120,42073,42
16121,42085,42
16123,42007,42
16124,42085,42
16125,42085,42
16127,42085,42
16130,42085,42
16131,42039,42
16132,42073,42
16133,42085,42
16134,42039,42
16136,42007,42
16137,42085,42
16140,42073,42
16141,42073,42
16142,42085,42
16143,42073,42
16145,42085,42
16146,42085,42
16148,42085,42
16150,42085,42
16151,42085,42
16153,42085,42
16154,42085,42
16155,42073,42
16156,42073,42
16157,42073,42
16159,42085,42
16160,42073,42
16161,42085,42
16172,42073,42
16201,42005,42
16210,42005,42
16211,42063,42
16212,42005,42
16213,42031,42
16214,42031,42
16217,42053,42
16218,42005,42
16220,42031,42
16222,42005,42
16223,42005,42
16224,42031,42
16226,42005,42
16228,42005,42
16229,42005,42
16230,42031,42
16232,42031,42
16233,42031,42
16235,42031,42
16236,42005,42
16238,42005,42
16239,42053,42
16240,42065,42
16242,42031,42
16244,42005,42
16245,42005,42
16246,42063,42
16248,42031,42
16249,42005,42
16250,42005,42
16253,42005,42
16254,42031,42
16255,42031,42
16256,42063,42
16258,42031,42
16259,42005,42
16260,42031,42
16262,42005,42
16263,42005,42
16301,42121,42
16311,42085,42
16312,42123,42
16313,42123,42
16314,42039,42
16316,42039,42
16317,42121,42
16319,42121,42
16321,42053,42
16322,42053,42
16323,42121,42
16326,42031,42
16327,42039,42
16328,42039,42
16329,42123,42
16331,42031,42
16332,42031,42
16333,42083,42
16334,42031,42
16335,42039,42
16340,42123,42
16341,42121,42
16342,42121,42
16343,42121,42
16344,42121,42
16345,42123,42
16346,42121,42
16347,42123,42
16350,42123,42
16351,42123,42
16352,42123,42
16353,42053,42
16354,42121,42
16360,42039,42
16361,42031,42
16362,42121,42
16364,42121,42
16365,42123,42
16370,42053,42
16371,42123,42
16372,42121,42
16373,42121,42
16374,42121,42
16401,42049,42
16402,42123,42
16403,42039,42
16404,42039,42
16405,42123,42
16406,42039,42
16407,42049,42
16410,42049,42
16411,42049,42
16412,42049,42
16415,42049,42
16416,42123,42
16417,42049,42
16420,42123,42
16421,42049,42
16422,42039,42
16423,42049,42
16424,42039,42
16426,42049,42
16427,42049,42
16428,42049,42
16430,42049,42
16433,42039,42
16434,42039,42
16435,42039,42
16436,42123,42
16438,42049,42
16440,42039,42
16441,42049,42
16442,42049,42
16443,42049,42
16444,42049,42
16475,42049,42
16501,42049,42
16502,42049,42
16503,42049,42
16504,42049,42
16505,42049,42
16506,42049,42
16507,42049,42
16508,42049,42
16509,42049,42
16510,42049,42
16511,42049,42
16546,42049,42
16550,42049,42
16563,42049,42
16601,42013,42
16602,42013,42
16611,42061,42
16613,42021,42
16616,42033,42
16617,42013,42
16619,42021,42
16620,42033,42
16621,42061,42
16622,42061,42
16623,42061,42
16624,42021,42
16625,42013,42
16627,42033,42
16630,42021,42
16631,42013,42
16633,42009,42
16634,42061,42
16635,42013,42
16636,42021,42
16637,42013,42
16638,42061,42
16639,42021,42
16640,42021,42
16641,42021,42
16645,42033,42
16646,42021,42
16647,42061,42
16648,42013,42
16650,42009,42
16651,42033,42
16652,42061,42
16654,42061,42
16655,42009,42
16656,42033,42
16657,42061,42
16659,42009,42
16661,42033,42
16662,42013,42
16664,42009,42
16665,42013,42
16666,42033,42
16667,42009,42
16668,42021,42
16669,42061,42
16670,42009,42
16671,42033,42
16672,42009,42
16673,42013,42
16674,42061,42
16675,42021,42
16677,42027,42
16678,42009,42
16679,42009,42
16680,42033,42
16682,42013,42
16683,42061,42
16684,42013,42
16685,42061,42
16686,42013,42
16689,42057,42
16691,42057,42
16692,42033,42
16693,42013,42
16694,42061,42
16695,42009,42
16699,42021,42
16701,42083,42
16720,42105,42
16724,42083,42
16725,42083,42
16726,42083,42
16727,42083,42
16729,42083,42
16730,42083,42
16731,42083,42
16732,42083,42
16733,42083,42
16734,42047,42
16735,42083,42
16738,42083,42
16740,42083,42
16743,42083,42
16744,42083,42
16745,42083,42
16746,42105,42
16748,42105,42
16749,42083,42
16750,42083,42
16801,42027,42
16802,42027,42
16803,42027,42
16820,42027,42
16821,42033,42
16822,42035,42
16823,42027,42
16825,42033,42
16826,42027,42
16827,42027,42
16828,42027,42
16829,42027,42
16830,42033,42
16832,42027,42
16833,42033,42
16834,42033,42
16835,42027,42
16836,42033,42
16837,42033,42
16838,42033,42
16839,42033,42
16840,42033,42
16841,42027,42
16843,42033,42
16844,42027,42
16845,42027,42
16847,42033,42
16848,42035,42
16849,42033,42
16851,42027,42
16852,42027,42
16853,42027,42
16854,42027,42
16855,42033,42
16856,42027,42
16858,42033,42
16859,42027,42
16860,42033,42
16861,42033,42
16863,42033,42
16864,42027,42
16865,42027,42
16866,42027,42
16868,42027,42
16870,42027,42
16871,42035,42
16872,42027,42
16874,42027,42
16875,42027,42
16876,42033,42
16877,42027,42
16878,42033,42
16879,42033,42
16881,42033,42
16882,42027,42
16901,42117,42
16910,42015,42
16911,42117,42
16912,42117,42
16914,42015,42
16915,42105,42
16917,42117,42
16920,42117,42
16921,42117,42
16922,42105,42
16923,42105,42
16925,42015,42
16926,42015,42
16927,42105,42
16928,42117,42
16929,42117,42
16930,42117,42
16932,42117,42
16933,42117,42
16935,42117,42
16936,42117,42
16937,42105,42
16938,42117,42
16939,42117,42
16940,42117,42
16941,42105,42
16942,42117,42
16943,42105,42
16946,42117,42
16947,42015,42
16948,42105,42
16950,42117,42
17002,42061,42
17003,42075,42
17004,42087,42
17005,42043,42
17006,42099,42
17007,42041,42
17009,42087,42
17010,42075,42
17011,42041,42
17013,42041,42
17014,42067,42
17015,42041,42
17016,42075,42
17017,42097,42
17018,42043,42
17019,42133,42
17020,42099,42
17021,42067,42
17022,42071,42
17023,42043,42
17024,42099,42
17025,42041,42
17026,42075,42
17027,42041,42
17028,42075,42
17029,42087,42
17030,42043,42
17032,42043,42
17033,42043,42
17034,42043,42
17035,42067,42
17036,42043,42
17037,42099,42
17038,42075,42
17039,42075,42
17040,42099,42
17041,42075,42
17042,42075,42
17043,42041,42
17044,42087,42
17045,42099,42
17046,42075,42
17047,42099,42
17048,42043,42
17049,42067,42
17050,42041,42
17051,42087,42
17052,42061,42
17053,42099,42
17054,42087,42
17055,42041,42
17056,42067,42
17057,42043,42
17058,42067,42
17059,42067,42
17060,42061,42
17061,42043,42
17062,42099,42
17063,42087,42
17064,42075,42
17065,42041,42
17066,42061,42
17067,42075,42
17068,42099,42
17069,42099,42
17070,42133,42
17071,42099,42
17073,42075,42
17074,42099,42
17075,42087,42
17076,42067,42
17077,42075,42
17078,42075,42
17080,42043,42
17081,42041,42
17082,42067,42
17084,42087,42
17086,42109,42
17087,42011,42
17088,42075,42
17090,42099,42
17093,42041,42
17094,42067,42
17097,42043,42
17098,42043,42
17099,42087,42
17101,42043,42
17102,42043,42
17103,42043,42
17104,42043,42
17109,42043,42
17110,42043,42
17111,42043,42
17112,42043,42
17113,42043,42
17120,42043,42
17201,42055,42
17202,42055,42
17210,42055,42
17211,42009,42
17212,42057,42
17213,42061,42
17214,42055,42
17215,42061,42
17217,42055,42
17219,42055,42
17220,42055,42
17221,42055,42
17222,42055,42
17223,42057,42
17224,42055,42
17225,42055,42
17228,42057,42
17229,42057,42
17232,42055,42
17233,42057,42
17235,42055,42
17236,42055,42
17237,42055,42
17238,42057,42
17239,42061,42
17240,42041,42
17241,42041,42
17243,42061,42
17244,42055,42
17246,42055,42
17247,42055,42
17249,42061,42
17250,42055,42
17251,42055,42
17252,42055,42
17253,42061,42
17254,42055,42
17255,42061,42
17257,42041,42
17260,42061,42
17261,42055,42
17262,42055,42
17263,42055,42
17264,42061,42
17265,42055,42
17266,42041,42
17267,42057,42
17268,42055,42
17271,42055,42
17301,42001,42
17302,42133,42
17303,42001,42
17304,42001,42
17306,42001,42
17307,42001,42
17309,42133,42
17311,42133,42
17313,42133,42
17314,42133,42
17315,42133,42
17316,42001,42
17317,42133,42
17318,42133,42
17319,42133,42
17320,42001,42
17321,42133,42
17322,42133,42
17323,42133,42
17324,42041,42
17325,42001,42
17327,42133,42
17329,42133,42
17331,42133,42
17339,42133,42
17340,42001,42
17342,42133,42
17343,42001,42
17344,42001,42
17345,42133,42
17347,42133,42
17349,42133,42
17350,42001,42
17352,42133,42
17353,42001,42
17355,42133,42
17356,42133,42
17360,42133,42
17361,42133,42
17362,42133,42
17363,42133,42
17364,42133,42
17365,42133,42
17366,42133,42
17368,42133,42
17370,42133,42
17371,42133,42
17372,42001,42
17401,42133,42
17402,42133,42
17403,42133,42
17404,42133,42
17406,42133,42
17407,42133,42
17408,42133,42
17501,42071,42
17502,42071,42
17504,42071,42
17505,42071,42
17506,42071,42
17507,42071,42
17508,42071,42
17509,42071,42
17512,42071,42
17516,42071,42
17517,42071,42
17518,42071,42
17519,42071,42
17520,42071,42
17522,42071,42
17527,42071,42
17529,42071,42
17532,42071,42
17534,42071,42
17535,42071,42
17536,42071,42
17538,42071,42
17540,42071,42
17543,42071,42
17545,42071,42
17547,42071,42
17550,42071,42
17551,42071,42
17552,42071,42
17554,42071,42
17555,42071,42
17557,42071,42
17560,42071,42
17562,42071,42
17563,42071,42
17565,42071,42
17566,42071,42
17568,42071,42
17569,42071,42
17570,42071,42
17572,42071,42
17576,42071,42
17578,42071,42
17579,42071,42
17581,42071,42
17582,42071,42
17584,42071,42
17601,42071,42
17602,42071,42
17603,42071,42
17606,42071,42
17701,42081,42
17702,42081,42
17720,42081,42
17721,42035,42
17723,42081,42
17724,42015,42
17727,42117,42
17728,42081,42
17729,42105,42
17730,42097,42
17731,42113,42
17737,42081,42
17739,42081,42
17740,42081,42
17742,42081,42
17744,42081,42
17745,42035,42
17747,42035,42
17748,42035,42
17749,42097,42
17750,42035,42
17751,42035,42
17752,42081,42
17754,42081,42
17756,42081,42
17758,42113,42
17760,42035,42
17762,42081,42
17763,42081,42
17764,42035,42
17765,42117,42
17768,42113,42
17769,42081,42
17771,42081,42
17772,42093,42
17774,42081,42
17776,42081,42
17777,42097,42
17778,42035,42
17779,42035,42
17801,42097,42
17810,42081,42
17812,42109,42
17813,42109,42
17814,42037,42
17815,42037,42
17820,42037,42
17821,42093,42
17822,42093,42
17823,42097,42
17824,42037,42
17827,42109,42
17829,42119,42
17830,42097,42
17832,42097,42
17834,42097,42
17835,42119,42
17836,42097,42
17837,42119,42
17840,42097,42
17841,42087,42
17842,42109,42
17844,42119,42
17845,42119,42
17846,42037,42
17847,42097,42
17850,42097,42
17851,42097,42
17853,42109,42
17855,42119,42
17856,42119,42
17857,42097,42
17858,42037,42
17859,42037,42
17860,42097,42
17861,42109,42
17862,42109,42
17864,42109,42
17865,42097,42
17866,42097,42
17867,42097,42
17868,42097,42
17870,42109,42
17872,42097,42
17876,42109,42
17878,42037,42
17880,42119,42
17881,42097,42
17884,42093,42
17885,42119,42
17886,42119,42
17887,42119,42
17888,42037,42
17889,42109,42
17901,42107,42
17920,42037,42
17921,42107,42
17922,42107,42
17923,42107,42
17925,42107,42
17929,42107,42
17930,42107,42
17931,42107,42
17933,42107,42
17934,42107,42
17935,42107,42
17936,42107,42
17938,42107,42
17941,42107,42
17943,42107,42
17944,42107,42
17945,42037,42
17946,42107,42
17948,42107,42
17949,42107,42
17951,42107,42
17952,42107,42
17953,42107,42
17954,42107,42
17957,42107,42
17959,42107,42
17960,42107,42
17961,42107,42
17963,42107,42
17964,42107,42
17965,42107,42
17967,42107,42
17968,42107,42
17970,42107,42
17972,42107,42
17974,42107,42
17976,42107,42
17978,42043,42
17979,42107,42
17980,42043,42
17981,42107,42
17982,42107,42
17983,42107,42
17985,42107,42
18011,42011,42
18012,42025,42
18013,42095,42
18014,42095,42
18015,42095,42
18017,42095,42
18018,42077,42
18020,42095,42
18030,42025,42
18031,42077,42
18032,42077,42
18034,42077,42
18035,42095,42
18036,42077,42
18037,42077,42
18038,42095,42
18040,42095,42
18041,42091,42
18042,42095,42
18045,42095,42
18046,42077,42
18049,42077,42
18051,42077,42
18052,42077,42
18053,42077,42
18054,42091,42
18055,42095,42
18056,42011,42
18058,42089,42
18059,42077,42
18062,42077,42
18063,42095,42
18064,42095,42
18065,42077,42
18066,42077,42
18067,42095,42
18069,42077,42
18070,42091,42
18071,42025,42
18072,42095,42
18073,42091,42
18074,42091,42
18076,42091,42
18077,42017,42
18078,42077,42
18079,42077,42
18080,42077,42
18081,42017,42
18083,42095,42
18085,42095,42
18086,42095,42
18087,42077,42
18088,42095,42
18091,42095,42
18092,42077,42
18101,42077,42
18102,42077,42
18103,42077,42
18104,42077,42
18106,42077,42
18109,42077,42
18195,42077,42
18201,42079,42
18202,42079,42
18210,42025,42
18211,42107,42
18212,42025,42
18214,42107,42
18216,42025,42
18218,42107,42
18219,42079,42
18220,42107,42
18221,42079,42
18222,42079,42
18223,42079,42
18224,42079,42
18225,42079,42
18229,42025,42
18230,42025,42
18231,42107,42
18232,42025,42
18234,42079,42
18235,42025,42
18237,42107,42
18239,42079,42
18240,42025,42
18241,42079,42
18242,42107,42
18244,42025,42
18245,42107,42
18246,42079,42
18248,42107,42
18249,42079,42
18250,42025,42
18252,42107,42
18254,42025,42
18255,42025,42
18256,42079,42
18301,42089,42
18302,42089,42
18321,42089,42
18322,42089,42
18323,42089,42
18324,42103,42
18325,42089,42
18326,42089,42
18327,42089,42
18328,42103,42
18330,42089,42
18331,42089,42
18332,42089,42
18333,42089,42
18334,42089,42
18335,42089,42
18336,42103,42
18337,42103,42
18340,42103,42
18342,42089,42
18343,42095,42
18344,42089,42
18346,42089,42
18347,42089,42
18349,42089,42
18350,42089,42
18351,42095,42
18353,42089,42
18354,42089,42
18355,42089,42
18356,42089,42
18357,42089,42
18360,42089,42
18370,42089,42
18371,42103,42
18372,42089,42
18403,42069,42
18405,42127,42
18407,42069,42
18411,42069,42
18413,42115,42
18414,42069,42
18415,42127,42
18417,42127,42
18419,42131,42
18420,42069,42
18421,42115,42
18424,42069,42
18425,42103,42
18426,42103,42
18428,42103,42
18430,42115,42
18431,42127,42
18433,42069,42
18434,42069,42
18435,42103,42
18436,42127,42
18437,42127,42
18438,42127,42
18439,42127,42
18440,42069,42
18441,42115,42
18443,42127,42
18444,42069,42
18445,42127,42
18446,42115,42
18447,42069,42
18451,42103,42
18452,42069,42
18453,42127,42
18454,42127,42
18455,42127,42
18456,42127,42
18457,42103,42
18458,42103,42
18460,42127,42
18461,42127,42
18462,42127,42
18463,42127,42
18464,42103,42
18465,42115,42
18466,42089,42
18469,42127,42
18470,42115,42
18471,42069,42
18472,42127,42
18473,42127,42
18503,42069,42
18504,42069,42
18505,42069,42
18507,42069,42
18508,42069,42
18509,42069,42
18510,42069,42
18512,42069,42
18517,42069,42
18518,42069,42
18519,42069,42
18602,42079,42
18603,42037,42
18610,42089,42
18612,42079,42
18614,42113,42
18615,42131,42
18616,42113,42
18617,42079,42
18618,42079,42
18619,42113,42
18621,42079,42
18622,42079,42
18623,42015,42
18624,42025,42
18625,42131,42
18626,42113,42
18627,42079,42
18628,42113,42
18629,42131,42
18630,42115,42
18631,42037,42
18632,42113,42
18634,42079,42
18635,42079,42
18636,42131,42
18640,42079,42
18641,42079,42
18642,42079,42
18643,42079,42
18644,42079,42
18651,42079,42
18655,42079,42
18656,42079,42
18657,42131,42
18660,42079,42
18661,42079,42
18701,42079,42
18702,42079,42
18704,42079,42
18705,42079,42
18706,42079,42
18707,42079,42
18708,42079,42
18709,42079,42
18801,42115,42
18810,42015,42
18812,42115,42
18814,42015,42
18816,42115,42
18817,42015,42
18818,42115,42
18820,42115,42
18821,42115,42
18822,42115,42
18823,42115,42
18824,42115,42
18825,42115,42
18826,42115,42
18828,42115,42
18829,42015,42
18830,42115,42
18831,42015,42
18832,42015,42
18833,42015,42
18834,42115,42
18837,42015,42
18840,42015,42
18842,42115,42
18843,42115,42
18844,42115,42
18845,42015,42
18846,42015,42
18847,42115,42
18848,42015,42
18850,42015,42
18851,42015,42
18853,42015,42
18854,42015,42
18901,42017,42
18902,42017,42
18912,42017,42
18913,42017,42
18914,42017,42
18915,42091,42
18917,42017,42
18920,42017,42
18921,42017,42
18923,42017,42
18925,42017,42
18927,42017,42
18929,42017,42
18930,42017,42
18932,42017,42
18933,42017,42
18935,42017,42
18936,42091,42
18938,42017,42
18940,42017,42
18942,42017,42
18944,42017,42
18946,42017,42
18947,42017,42
18950,42017,42
18951,42017,42
18954,42017,42
18955,42017,42
18960,42017,42
18962,42017,42
18964,42091,42
18966,42017,42
18969,42091,42
18970,42017,42
18972,42017,42
18974,42017,42
18976,42017,42
18977,42017,42
18980,42017,42
19001,42091,42
19002,42091,42
19003,42045,42
19004,42091,42
19006,42091,42
19007,42017,42
19008,42045,42
19009,42091,42
19010,42045,42
19012,42091,42
19013,42045,42
19014,42045,42
19015,42045,42
19017,42045,42
19018,42045,42
19020,42017,42
19021,42017,42
19022,42045,42
19023,42045,42
19025,42091,42
19026,42045,42
19027,42091,42
19029,42045,42
19030,42017,42
19031,42091,42
19032,42045,42
19033,42045,42
19034,42091,42
19035,42091,42
19036,42045,42
19038,42091,42
19040,42091,42
19041,42045,42
19043,42045,42
19044,42091,42
19046,42091,42
19047,42017,42
19050,42045,42
19052,42045,42
19053,42017,42
19054,42017,42
19055,42017,42
19056,42017,42
19057,42017,42
19060,42045,42
19061,42045,42
19063,42045,42
19064,42045,42
19066,42091,42
19067,42017,42
19070,42045,42
19072,42091,42
19073,42045,42
19074,42045,42
19075,42091,42
19076,42045,42
19078,42045,42
19079,42045,42
19081,42045,42
19082,42045,42
19083,42045,42
19085,42045,42
19086,42045,42
19087,42029,42
19090,42091,42
19094,42045,42
19095,42091,42
19096,42091,42
19102,42101,42
19103,42101,42
19104,42101,42
19106,42101,42
19107,42101,42
19108,42101,42
19109,42101,42
19111,42101,42
19112,42101,42
19113,42045,42
19114,42101,42
19115,42101,42
19116,42101,42
19118,42101,42
19119,42101,42
19120,42101,42
19121,42101,42
19122,42101,42
19123,42101,42
19124,42101,42
19125,42101,42
19126,42101,42
19127,42101,42
19128,42101,42
19129,42101,42
19130,42101,42
19131,42101,42
19132,42101,42
19133,42101,42
19134,42101,42
19135,42101,42
19136,42101,42
19137,42101,42
19138,42101,42
19139,42101,42
19140,42101,42
19141,42101,42
19142,42101,42
19143,42101,42
19144,42101,42
19145,42101,42
19146,42101,42
19147,42101,42
19148,42101,42
19149,42101,42
19150,42101,42
19151,42101,42
19152,42101,42
19153,42101,42
19154,42101,42
19301,42029,42
19310,42029,42
19311,42029,42
19312,42029,42
19316,42029,42
19317,42029,42
19319,42045,42
19320,42029,42
19330,42029,42
19333,42029,42
19335,42029,42
19341,42029,42
19342,42045,42
19343,42029,42
19344,42029,42
19345,42029,42
19348,42029,42
19350,42029,42
19352,42029,42
19355,42029,42
19358,42029,42
19362,42029,42
19363,42029,42
19365,42029,42
19367,42029,42
19369,42029,42
19372,42029,42
19373,42045,42
19374,42029,42
19375,42029,42
19380,42029,42
19382,42029,42
19383,42029,42
19390,42029,42
19401,42091,42
19403,42091,42
19405,42091,42
19406,42091,42
19422,42091,42
19425,42029,42
19426,42091,42
19428,42091,42
19435,42091,42
19436,42091,42
19437,42091,42
19438,42091,42
19440,42091,42
19442,42029,42
19444,42091,42
19446,42091,42
19453,42091,42
19454,42091,42
19456,42091,42
19457,42029,42
19460,42029,42
19462,42091,42
19464,42091,42
19465,42029,42
19468,42091,42
19472,42091,42
19473,42091,42
19474,42091,42
19475,42029,42
19477,42091,42
19490,42091,42
19492,42091,42
19501,42071,42
19503,42011,42
19504,42011,42
19505,42011,42
19506,42011,42
19507,42011,42
19508,42011,42
19510,42011,42
19511,42011,42
19512,42011,42
19516,42011,42
19518,42011,42
19520,42029,42
19522,42011,42
19523,42011,42
19525,42091,42
19526,42011,42
19529,42011,42
19530,42011,42
19533,42011,42
19534,42011,42
19535,42011,42
19536,42011,42
19538,42011,42
19539,42011,42
19540,42011,42
19541,42011,42
19543,42011,42
19544,42011,42
19545,42011,42
19547,42011,42
19549,42107,42
19550,42011,42
19551,42011,42
19554,42011,42
19555,42011,42
19559,42011,42
19560,42011,42
19562,42011,42
19564,42011,42
19565,42011,42
19567,42011,42
19601,42011,42
19602,42011,42
19604,42011,42
19605,42011,42
19606,42011,42
19607,42011,42
19608,42011,42
19609,42011,42
19610,42011,42
19611,42011,42
19701,10003,10
19702,10003,10
19703,10003,10
19706,10003,10
19707,10003,10
19709,10003,10
19710,10003,10
19711,10003,10
19713,10003,10
19716,10003,10
19717,10003,10
19720,10003,10
19730,10003,10
19731,10003,10
19732,10003,10
19733,10003,10
19734,10003,10
19735,10003,10
19736,10003,10
19801,10003,10
19802,10003,10
19803,10003,10
19804,10003,10
19805,10003,10
19806,10003,10
19807,10003,10
19808,10003,10
19809,10003,10
19810,10003,10
19901,10001,10
19902,10001,10
19904,10001,10
19930,10005,10
19931,10005,10
19933,10005,10
19934,10001,10
19936,10001,10
19938,10001,10
19939,10005,10
19940,10005,10
19941,10005,10
19943,10001,10
19944,10005,10
19945,10005,10
19946,10001,10
19947,10005,10
19950,10005,10
19951,10005,10
19952,10001,10
19953,10001,10
19954,10001,10
19955,10001,10
19956,10005,10
19958,10005,10
19960,10005,10
19962,10001,10
19963,10005,10
19964,10001,10
19966,10005,10
19967,10005,10
19968,10005,10
19970,10005,10
19971,10005,10
19973,10005,10
19975,10005,10
19977,10001,10
19979,10001,10
19980,10001,10
20001,11001,11
20002,11001,11
20003,11001,11
20004,11001,11
20005,11001,11
20006,11001,11
20007,11001,11
20008,11001,11
20009,11001,11
20010,11001,11
20011,11001,11
20012,11001,11
20015,11001,11
20016,11001,11
20017,11001,11
20018,11001,11
20019,11001,11
20020,11001,11
20024,11001,11
20032,11001,11
20036,11001,11
20037,11001,11
20045,11001,11
20052,11001,11
20057,11001,11
20059,11001,11
20064,11001,11
20105,51107,51
20106,51157,51
20109,51153,51
20110,51683,51
20111,51153,51
20112,51153,51
20115,51061,51
20117,51107,51
20119,51061,51
20120,51059,51
20121,51059,51
20124,51059,51
20129,51107,51
20130,51043,51
20132,51107,51
20135,51043,51
20136,51153,51
20137,51061,51
20141,51107,51
20143,51153,51
20144,51061,51
20147,51107,51
20148,51107,51
20151,51059,51
20152,51107,51
20155,51153,51
20158,51107,51
20164,51107,51
20165,51107,51
20166,51107,51
20169,51153,51
20170,51059,51
20171,51059,51
20175,51107,51
20176,51107,51
20180,51107,51
20181,51153,51
20184,51107,51
20186,51061,51
20187,51061,51
20190,51059,51
20191,51059,51
20194,51059,51
20197,51107,51
20198,51061,51
20204,11001,11
20220,11001,11
20230,11001,11
20240,11001,11
20245,11001,11
20250,11001,11
20260,11001,11
20317,11001,11
20319,11001,11
20373,11001,11
20388,11001,11
20390,11001,11
20408,11001,11
20415,11001,11
20418,11001,11
20422,11001,11
20427,11001,11
20431,11001,11
20510,11001,11
20515,11001,11
20520,11001,11
20530,11001,11
20535,11001,11
20540,11001,11
20542,11001,11
20551,11001,11
20560,11001,11
20565,11001,11
20566,11001,11
20591,11001,11
20601,24017,24
20602,24017,24
20603,24017,24
20606,24037,24
20607,24033,24
20608,24033,24
20609,24037,24
20611,24017,24
20612,24017,24
20613,24033,24
20615,24009,24
20616,24017,24
20617,24017,24
20618,24037,24
20619,24037,24
20620,24037,24
20621,24037,24
20622,24017,24
20623,24033,24
20624,24037,24
20625,24017,24
20626,24037,24
20628,24037,24
20629,24009,24
20630,24037,24
20632,24017,24
20634,24037,24
20636,24037,24
20637,24017,24
20639,24009,24
20640,24017,24
20645,24017,24
20646,24017,24
20650,24037,24
20653,24037,24
20656,24037,24
20657,24009,24
20658,24017,24
20659,24037,24
20660,24037,24
20661,24017,24
20662,24017,24
20664,24017,24
20667,24037,24
20670,24037,24
20674,24037,24
20675,24017,24
20676,24009,24
20677,24017,24
20678,24009,24
20680,24037,24
20684,24037,24
20685,24009,24
20686,24037,24
20687,24037,24
20688,24009,24
20689,24009,24
20690,24037,24
20692,24037,24
20693,24017,24
20695,24017,24
20701,24027,24
20705,24033,24
20706,24033,24
20707,24033,24
20708,24033,24
20710,24033,24
20711,24003,24
20712,24033,24
20714,24003,24
20715,24033,24
20716,24033,24
20720,24033,24
20721,24033,24
20722,24033,24
20723,24027,24
20724,24003,24
20732,24009,24
20733,24003,24
20735,24033,24
20736,24009,24
20737,24033,24
20740,24033,24
20742,24033,24
20743,24033,24
20744,24033,24
20745,24033,24
20746,24033,24
20747,24033,24
20748,24033,24
20751,24003,24
20754,24009,24
20755,24003,24
20758,24003,24
20759,24027,24
20762,24033,24
20763,24027,24
20764,24003,24
20765,24003,24
20769,24033,24
20770,24033,24
20771,24033,24
20772,24033,24
20774,24033,24
20776,24003,24
20777,24027,24
20778,24003,24
20779,24003,24
20781,24033,24
20782,24033,24
20783,24033,24
20784,24033,24
20785,24033,24
20794,24027,24
20812,24031,24
20814,24031,24
20815,24031,24
20816,24031,24
20817,24031,24
20818,24031,24
20832,24031,24
20833,24031,24
20837,24031,24
20838,24031,24
20839,24031,24
20841,24031,24
20842,24031,24
20850,24031,24
20851,24031,24
20852,24031,24
20853,24031,24
20854,24031,24
20855,24031,24
20860,24031,24
20861,24031,24
20862,24031,24
20866,24031,24
20868,24031,24
20871,24031,24
20872,24031,24
20874,24031,24
20876,24031,24
20877,24031,24
20878,24031,24
20879,24031,24
20880,24031,24
20882,24031,24
20886,24031,24
20889,24031,24
20892,24031,24
20894,24031,24
20895,24031,24
20896,24031,24
20899,24031,24
20901,24031,24
20902,24031,24
20903,24031,24
20904,24031,24
20905,24031,24
20906,24031,24
20910,24031,24
20912,24031,24
21001,24025,24
21005,24025,24
21009,24025,24
21010,24025,24
21012,24003,24
21013,24005,24
21014,24025,24
21015,24025,24
21017,24025,24
21023,24005,24
21028,24025,24
21029,24027,24
21030,24005,24
21031,24005,24
21032,24003,24
21034,24025,24
21035,24003,24
21036,24027,24
21037,24003,24
21040,24025,24
21042,24027,24
21043,24027,24
21044,24027,24
21045,24027,24
21046,24027,24
21047,24025,24
21048,24013,24
21050,24025,24
21051,24005,24
21052,24005,24
21053,24005,24
21054,24003,24
21056,24003,24
21057,24005,24
21060,24003,24
21061,24003,24
21071,24005,24
21074,24013,24
21075,24027,24
21076,24003,24
21077,24003,24
21078,24025,24
21082,24005,24
21084,24025,24
21085,24025,24
21087,24005,24
21090,24003,24
21093,24005,24
21102,24013,24
21104,24027,24
21105,24005,24
21108,24003,24
21111,24005,24
21113,24003,24
21114,24003,24
21117,24005,24
21120,24005,24
21122,24003,24
21128,24005,24
21130,24025,24
21131,24005,24
21132,24025,24
21133,24005,24
21136,24005,24
21140,24003,24
21144,24003,24
21146,24003,24
21152,24005,24
21153,24005,24
21154,24025,24
21155,24005,24
21156,24005,24
21157,24013,24
21158,24013,24
21160,24025,24
21161,24025,24
21162,24005,24
21163,24005,24
21201,24510,24
21202,24510,24
21204,24005,24
21205,24510,24
21206,24510,24
21207,24005,24
21208,24005,24
21209,24005,24
21210,24510,24
21211,24510,24
21212,24510,24
21213,24510,24
21214,24510,24
21215,24510,24
21216,24510,24
21217,24510,24
21218,24510,24
21219,24005,24
21220,24005,24
21221,24005,24
21222,24005,24
21223,24510,24
21224,24510,24
21225,24003,24
21226,24510,24
21227,24005,24
21228,24005,24
21229,24510,24
21230,24510,24
21231,24510,24
21233,24510,24
21234,24005,24
21236,24005,24
21237,24005,24
21239,24510,24
21240,24003,24
21244,24005,24
21250,24005,24
21251,24510,24
21252,24005,24
21285,24005,24
21286,24005,24
21287,24510,24
21401,24003,24
21402,24003,24
21403,24003,24
21405,24003,24
21409,24003,24
21502,24001,24
21520,24023,24
21521,24023,24
21523,24023,24
21524,24001,24
21529,24001,24
21530,24001,24
21531,24023,24
21532,24001,24
21536,24023,24
21538,24023,24
21539,24023,24
21540,24001,24
21541,24023,24
21542,24001,24
21543,24001,24
21545,24001,24
21550,24023,24
21555,24001,24
21557,24001,24
21560,24001,24
21561,24023,24
21562,24023,24
21601,24041,24
21607,24035,24
21610,24029,24
21612,24041,24
21613,24019,24
21617,24035,24
21619,24035,24
21620,24029,24
21622,24019,24
21623,24035,24
21624,24041,24
21625,24041,24
21626,24019,24
21627,24019,24
21628,24035,24
21629,24011,24
21631,24019,24
21632,24011,24
21634,24019,24
21635,24029,24
21636,24011,24
21638,24035,24
21639,24011,24
21640,24011,24
21641,24011,24
21643,24019,24
21644,24035,24
21645,24029,24
21647,24041,24
21648,24019,24
21649,24035,24
21650,24029,24
21651,24029,24
21652,24041,24
21653,24041,24
21654,24041,24
21655,24011,24
21657,24035,24
21658,24035,24
21659,24019,24
21660,24011,24
21661,24029,24
21662,24041,24
21663,24041,24
21664,24019,24
21665,24041,24
21666,24035,24
21667,24029,24
21668,24035,24
21669,24019,24
21671,24041,24
21672,24019,24
21673,24041,24
21675,24019,24
21676,24041,24
21677,24019,24
21678,24029,24
21679,24041,24
21701,24021,24
21702,24021,24
21703,24021,24
21704,24021,24
21705,24021,24
21710,24021,24
21711,24043,24
21713,24043,24
21714,24021,24
21715,24043,24
21716,24021,24
21717,24021,24
21718,24021,24
21719,24043,24
21722,24043,24
21723,24027,24
21727,24021,24
21733,24043,24
21734,24043,24
21737,24027,24
21738,24027,24
21740,24043,24
21742,24043,24
21746,24043,24
21750,24043,24
21754,24021,24
21755,24021,24
21756,24043,24
21757,24013,24
21758,24021,24
21762,24021,24
21766,24001,24
21767,24043,24
21769,24021,24
21770,24021,24
21771,24021,24
21773,24021,24
21774,24021,24
21776,24013,24
21777,24021,24
21778,24021,24
21779,24043,24
21780,24021,24
21781,24043,24
21782,24043,24
21783,24043,24
21784,24013,24
21787,24013,24
21788,24021,24
21790,24021,24
21791,24021,24
21793,24021,24
21794,24027,24
21795,24043,24
21797,24027,24
21798,24021,24
21801,24045,24
21804,24045,24
21810,24045,24
21811,24047,24
21813,24047,24
21814,24045,24
21817,24039,24
21821,24039,24
21822,24045,24
21824,24039,24
21826,24045,24
21829,24047,24
21830,24045,24
21835,24019,24
21837,24045,24
21838,24039,24
21840,24045,24
21841,24047,24
21842,24047,24
21849,24045,24
21850,24045,24
21851,24047,24
21853,24039,24
21856,24045,24
21861,24045,24
21862,24047,24
21863,24047,24
21864,24047,24
21865,24045,24
21866,24039,24
21867,24039,24
21869,24019,24
21871,24039,24
21872,24047,24
21874,24045,24
21875,24045,24
21890,24039,24
21901,24015,24
21902,24015,24
21903,24015,24
21904,24015,24
21911,24015,24
21912,24015,24
21913,24015,24
21914,24015,24
21915,24015,24
21917,24015,24
21918,24015,24
21919,24015,24
21920,24015,24
21921,24015,24
21930,24015,24
22003,51059,51
22015,51059,51
22025,51153,51
22026,51153,51
22027,51059,51
22030,51059,51
22031,51059,51
22032,51059,51
22033,51059,51
22035,51059,51
22039,51059,51
22041,51059,51
22042,51059,51
22043,51059,51
22044,51059,51
22046,51610,51
22060,51059,51
22066,51059,51
22079,51059,51
22101,51059,51
22102,51059,51
22124,51059,51
22125,51153,51
22134,51179,51
22150,51059,51
22151,51059,51
22152,51059,51
22153,51059,51
22172,51153,51
22180,51059,51
22181,51059,51
22182,51059,51
22191,51153,51
22192,51153,51
22193,51153,51
22201,51013,51
22202,51013,51
22203,51013,51
22204,51013,51
22205,51013,51
22206,51013,51
22207,51013,51
22209,51013,51
22211,51013,51
22213,51013,51
22214,51013,51
22301,51510,51
22302,51510,51
22303,51059,51
22304,51510,51
22305,51510,51
22306,51059,51
22307,51059,51
22308,51059,51
22309,51059,51
22310,51059,51
22311,51510,51
22312,51059,51
22314,51510,51
22315,51059,51
22401,51630,51
22405,51179,51
22406,51179,51
22407,51177,51
22408,51177,51
22427,51033,51
22432,51133,51
22433,51137,51
22435,51133,51
22436,51057,51
22437,51097,51
22438,51057,51
22443,51193,51
22448,51099,51
22454,51057,51
22460,51159,51
22469,51193,51
22472,51159,51
22473,51133,51
22476,51057,51
22480,51103,51
22482,51133,51
22485,51099,51
22488,51193,51
22503,51103,51
22504,51057,51
22508,51137,51
22509,51057,51
22511,51133,51
22514,51033,51
22520,51193,51
22529,51193,51
22534,51177,51
22535,51033,51
22538,51033,51
22539,51133,51
22542,51137,51
22546,51033,51
22548,51159,51
22551,51177,51
22553,51177,51
22554,51179,51
22556,51179,51
22560,51057,51
22567,51137,51
22572,51159,51
22576,51103,51
22578,51103,51
22580,51033,51
22601,51840,51
22602,51069,51
22603,51069,51
22610,51187,51
22611,51043,51
22620,51043,51
22623,51157,51
22624,51069,51
22625,51069,51
22627,51157,51
22630,51187,51
22637,51069,51
22639,51061,51
22640,51157,51
22641,51171,51
22642,51187,51
22643,51061,51
22644,51171,51
22645,51069,51
22646,51043,51
22650,51139,51
22652,51171,51
22654,51069,51
22655,51069,51
22656,51069,51
22657,51171,51
22660,51171,51
22663,51043,51
22664,51171,51
22701,51047,51
22709,51113,51
22711,51113,51
22712,51061,51
22713,51047,51
22714,51047,51
22715,51113,51
22716,51157,51
22718,51047,51
22719,51113,51
22720,51061,51
22722,51113,51
22723,51113,51
22724,51047,51
22725,51113,51
22726,51047,51
22727,51113,51
22728,51061,51
22729,51047,51
22730,51113,51
22731,51113,51
22732,51113,51
22733,51047,51
22734,51061,51
22735,51113,51
22736,51047,51
22737,51047,51
22738,51113,51
22740,51157,51
22741,51047,51
22742,51061,51
22743,51113,51
22746,51047,51
22747,51157,51
22749,51157,51
22801,51165,51
22802,51165,51
22807,51660,51
22810,51171,51
22811,51165,51
22812,51165,51
22815,51165,51
22820,51165,51
22821,51165,51
22824,51171,51
22827,51165,51
22830,51165,51
22831,51165,51
22832,51165,51
22834,51165,51
22835,51139,51
22840,51165,51
22841,51165,51
22842,51171,51
22843,51015,51
22844,51171,51
22845,51171,51
22846,51165,51
22847,51171,51
22849,51139,51
22850,51165,51
22851,51139,51
22853,51165,51
22901,51003,51
22902,51003,51
22903,51003,51
22904,51003,51
22908,51540,51
22911,51003,51
22920,51125,51
22922,51125,51
22923,51003,51
22931,51003,51
22932,51003,51
22935,51079,51
22936,51003,51
22937,51003,51
22938,51125,51
22939,51015,51
22940,51003,51
22942,51109,51
22943,51003,51
22946,51003,51
22947,51003,51
22948,51113,51
22949,51125,51
22952,51015,51
22957,51137,51
22958,51125,51
22959,51003,51
22960,51137,51
22963,51065,51
22964,51125,51
22967,51125,51
22968,51079,51
22969,51125,51
22971,51125,51
22972,51137,51
22973,51079,51
22974,51065,51
22976,51125,51
22980,51015,51
22989,51113,51
23002,51007,51
23004,51029,51
23005,51085,51
23009,51101,51
23011,51127,51
23015,51085,51
23021,51115,51
23022,51065,51
23023,51097,51
23024,51109,51
23025,51115,51
23027,51049,51
23030,51036,51
23032,51119,51
23035,51115,51
23038,51075,51
23039,51075,51
23040,51049,51
23043,51119,51
23045,51115,51
23047,51085,51
23050,51115,51
23055,51065,51
23056,51115,51
23059,51085,51
23060,51087,51
23061,51073,51
23062,51073,51
23063,51075,51
23065,51075,51
23066,51115,51
23068,51115,51
23069,51085,51
23070,51119,51
23071,51119,51
23072,51073,51
23075,51087,51
23076,51115,51
23079,51119,51
23081,51095,51
23083,51007,51
23084,51065,51
23085,51097,51
23086,51101,51
23089,51127,51
23091,51097,51
23092,51119,51
23093,51109,51
23102,51075,51
23103,51075,51
23106,51101,51
23108,51097,51
23109,51115,51
23110,51097,51
23111,51085,51
23112,51041,51
23113,51041,51
23114,51041,51
23116,51085,51
23117,51109,51
23119,51115,51
23120,51041,51
23123,51029,51
23124,51127,51
23126,51097,51
23128,51115,51
23129,51075,51
23130,51115,51
23138,51115,51
23139,51145,51
23140,51127,51
23141,51127,51
23146,51085,51
23147,51036,51
23148,51097,51
23149,51119,51
23150,51087,51
23153,51075,51
23156,51097,51
23160,51145,51
23161,51097,51
23163,51115,51
23168,51095,51
23169,51119,51
23173,51760,51
23175,51119,51
23176,51119,51
23177,51097,51
23180,51119,51
23181,51101,51
23185,51095,51
23188,51095,51
23192,51085,51
23219,51760,51
23220,51760,51
23221,51760,51
23222,51087,51
23223,51087,51
23224,51760,51
23225,51760,51
23226,51760,51
23227,51087,51
23228,51087,51
23229,51087,51
23230,51087,51
23231,51087,51
23233,51087,51
23234,51041,51
23235,51041,51
23236,51041,51
23237,51041,51
23238,51075,51
23250,51087,51
23284,51760,51
23294,51087,51
23298,51760,51
23301,51001,51
23302,51001,51
23303,51001,51
23304,51093,51
23306,51001,51
23307,51131,51
23308,51001,51
23310,51131,51
23314,51093,51
23315,51093,51
23316,51131,51
23320,51550,51
23321,51550,51
23322,51550,51
23323,51550,51
23324,51550,51
23325,51550,51
23336,51001,51
23337,51001,51
23347,51131,51
23350,51131,51
23354,51131,51
23356,51001,51
23357,51001,51
23358,51001,51
23359,51001,51
23389,51001,51
23395,51001,51
23398,51131,51
23401,51001,51
23405,51131,51
23407,51001,51
23408,51131,51
23409,51001,51
23410,51001,51
23413,51131,51
23414,51001,51
23415,51001,51
23416,51001,51
23417,51001,51
23418,51001,51
23420,51001,51
23421,51001,51
23422,51001,51
23423,51001,51
23426,51001,51
23427,51001,51
23430,51093,51
23432,51800,51
23433,51800,51
23434,51800,51
23435,51800,51
23436,51800,51
23437,51800,51
23438,51800,51
23440,51001,51
23441,51001,51
23442,51001,51
23451,51810,51
23452,51810,51
23453,51810,51
23454,51810,51
23455,51810,51
23456,51810,51
23457,51810,51
23459,51810,51
23460,51810,51
23461,51810,51
23462,51810,51
23464,51810,51
23480,51001,51
23486,51131,51
23487,51093,51
23488,51001,51
23502,51710,51
23503,51710,51
23504,51710,51
23505,51710,51
23507,51710,51
23508,51710,51
23509,51710,51
23510,51710,51
23511,51710,51
23513,51710,51
23517,51710,51
23518,51710,51
23523,51710,51
23551,51710,51
23601,51700,51
23602,51700,51
23603,51700,51
23604,51700,51
23605,51700,51
23606,51700,51
23607,51700,51
23608,51700,51
23651,51650,51
23661,51650,51
23662,51735,51
23663,51650,51
23664,51650,51
23665,51650,51
23666,51650,51
23667,51650,51
23668,51650,51
23669,51650,51
23681,51650,51
23690,51199,51
23691,51199,51
23692,51199,51
23693,51199,51
23696,51199,51
23701,51740,51
23702,51740,51
23703,51740,51
23704,51740,51
23707,51740,51
23708,51740,51
23709,51740,51
23801,51149,51
23803,51053,51
23805,51149,51
23821,51025,51
23824,51135,51
23827,51175,51
23828,51175,51
23829,51175,51
23830,51053,51
23831,51041,51
23832,51041,51
23833,51053,51
23834,51041,51
23836,51041,51
23837,51175,51
23838,51041,51
23839,51181,51
23840,51053,51
23841,51053,51
23842,51149,51
23843,51025,51
23844,51175,51
23845,51025,51
23846,51181,51
23847,51081,51
23850,51053,51
23851,51175,51
23856,51025,51
23857,51025,51
23860,51149,51
23866,51175,51
23867,51183,51
23868,51025,51
23870,51081,51
23872,51053,51
23874,51175,51
23875,51149,51
23876,51025,51
23878,51175,51
23879,51081,51
23881,51181,51
23882,51183,51
23883,51181,51
23884,51183,51
23885,51053,51
23887,51025,51
23888,51183,51
23889,51025,51
23890,51183,51
23891,51183,51
23893,51025,51
23894,51053,51
23897,51183,51
23898,51093,51
23899,51181,51
23901,51049,51
23909,51147,51
23915,51117,51
23917,51117,51
23919,51117,51
23920,51025,51
23921,51029,51
23922,51135,51
23923,51037,51
23924,51117,51
23927,51117,51
23930,51135,51
23934,51147,51
23936,51029,51
23937,51037,51
23938,51025,51
23942,51147,51
23943,51147,51
23944,51111,51
23947,51111,51
23950,51117,51
23952,51111,51
23954,51147,51
23955,51135,51
23958,51011,51
23959,51037,51
23960,51147,51
23962,51037,51
23963,51037,51
23964,51037,51
23966,51147,51
23967,51037,51
23968,51117,51
23970,51117,51
23974,51111,51
23976,51037,51
24011,51770,51
24012,51770,51
24013,51770,51
24014,51161,51
24015,51770,51
24016,51770,51
24017,51770,51
24018,51161,51
24019,51161,51
24020,51161,51
24022,51770,51
24053,51141,51
24054,51089,51
24055,51089,51
24058,51155,51
24059,51161,51
24060,51121,51
24061,51121,51
24064,51019,51
24065,51067,51
24066,51023,51
24067,51067,51
24069,51143,51
24070,51161,51
24072,51063,51
24073,51121,51
24076,51141,51
24077,51023,51
24078,51089,51
24079,51063,51
24082,51141,51
24083,51023,51
24084,51155,51
24085,51023,51
24086,51071,51
24087,51121,51
24088,51067,51
24089,51089,51
24090,51023,51
24091,51063,51
24092,51067,51
24093,51071,51
24095,51019,51
24101,51067,51
24102,51067,51
24104,51019,51
24105,51063,51
24112,51089,51
24120,51141,51
24121,51019,51
24122,51019,51
24124,51071,51
24127,51045,51
24128,51071,51
24129,51155,51
24131,51045,51
24132,51155,51
24133,51141,51
24134,51071,51
24136,51071,51
24137,51067,51
24138,51121,51
24139,51143,51
24141,51155,51
24142,51750,51
24147,51071,51
24148,51089,51
24149,51121,51
24150,51071,51
24151,51067,51
24153,51161,51
24161,51143,51
24162,51121,51
24165,51089,51
24167,51071,51
24168,51089,51
24171,51141,51
24174,51019,51
24175,51023,51
24176,51067,51
24179,51019,51
24184,51067,51
24185,51141,51
24201,51520,51
24202,51191,51
24210,51191,51
24211,51191,51
24216,51195,51
24217,51051,51
24219,51195,51
24220,51051,51
24221,51105,51
24224,51167,51
24225,51167,51
24226,51051,51
24228,51051,51
24230,51195,51
24236,51191,51
24237,51051,51
24239,51027,51
24243,51105,51
24244,51169,51
24245,51169,51
24246,51195,51
24248,51105,51
24250,51169,51
24251,51169,51
24256,51051,51
24258,51169,51
24260,51167,51
24263,51105,51
24265,51105,51
24266,51167,51
24269,51051,51
24270,51191,51
24271,51169,51
24272,51051,51
24273,51195,51
24277,51105,51
24279,51195,51
24280,51167,51
24281,51105,51
24282,51105,51
24283,51195,51
24290,51169,51
24292,51077,51
24293,51195,51
24301,51155,51
24311,51173,51
24312,51035,51
24313,51197,51
24314,51021,51
24315,51021,51
24316,51185,51
24317,51035,51
24318,51021,51
24319,51173,51
24322,51197,51
24323,51197,51
24324,51155,51
24325,51035,51
24326,51077,51
24327,51191,51
24328,51035,51
24330,51077,51
24333,51077,51
24340,51191,51
24343,51035,51
24347,51155,51
24348,51077,51
24350,51197,51
24351,51035,51
24352,51035,51
24354,51173,51
24360,51197,51
24361,51191,51
24363,51077,51
24366,51021,51
24368,51197,51
24370,51173,51
24374,51197,51
24375,51173,51
24377,51185,51
24378,51077,51
24380,51063,51
24381,51035,51
24382,51197,51
24401,51015,51
24411,51015,51
24412,51017,51
24413,51091,51
24415,51163,51
24416,51163,51
24421,51015,51
24422,51005,51
24426,51005,51
24430,51015,51
24431,51015,51
24432,51015,51
24433,51091,51
24435,51163,51
24437,51015,51
24439,51163,51
24440,51015,51
24441,51015,51
24442,51091,51
24445,51017,51
24448,51005,51
24450,51163,51
24457,51005,51
24458,51091,51
24459,51015,51
24460,51017,51
24464,51125,51
24465,51091,51
24467,51015,51
24469,51015,51
24471,51165,51
24472,51163,51
24473,51163,51
24474,51005,51
24476,51015,51
24477,51015,51
24479,51015,51
24482,51015,51
24483,51163,51
24484,51017,51
24485,51015,51
24486,51015,51
24487,51091,51
24501,51031,51
24502,51680,51
24503,51019,51
24504,51031,51
24515,51680,51
24517,51031,51
24520,51083,51
24521,51009,51
24522,51011,51
24523,51019,51
24526,51019,51
24527,51143,51
24528,51031,51
24529,51117,51
24530,51143,51
24531,51143,51
24534,51083,51
24536,51019,51
24538,51031,51
24539,51083,51
24540,51143,51
24541,51143,51
24549,51143,51
24550,51031,51
24551,51019,51
24553,51029,51
24554,51031,51
24555,51163,51
24556,51019,51
24557,51143,51
24558,51083,51
24562,51029,51
24563,51143,51
24565,51143,51
24566,51143,51
24569,51143,51
24570,51019,51
24571,51031,51
24572,51009,51
24574,51009,51
24577,51083,51
24578,51163,51
24579,51163,51
24580,51117,51
24581,51125,51
24586,51143,51
24588,51031,51
24589,51083,51
24590,51029,51
24592,51083,51
24593,51011,51
24594,51083,51
24595,51009,51
24597,51083,51
24598,51083,51
24599,51029,51
24601,51185,51
24602,51185,51
24603,51027,51
24604,51185,51
24605,51185,51
24606,51185,51
24607,51027,51
24609,51185,51
24612,51185,51
24613,51185,51
24614,51027,51
24620,51027,51
24622,51027,51
24630,51185,51
24631,51027,51
24634,51027,51
24635,51185,51
24637,51185,51
24639,51027,51
24641,51185,51
24646,51027,51
24649,51167,51
24651,51185,51
24656,51027,51
24657,51027,51
24701,54055,54
24712,54055,54
24714,54055,54
24715,54055,54
24716,54109,54
24719,54109,54
24724,54055,54
24726,54109,54
24729,54055,54
24731,54055,54
24733,54055,54
24736,54109,54
24737,54055,54
24738,54055,54
24739,54055,54
24740,54055,54
24747,54055,54
24801,54109,54
24808,54047,54
24811,54047,54
24813,54047,54
24815,54047,54
24816,54047,54
24817,54047,54
24818,54109,54
24822,54109,54
24823,54109,54
24826,54047,54
24827,54109,54
24828,54047,54
24830,54047,54
24831,54047,54
24834,54109,54
24836,54047,54
24839,54109,54
24843,54047,54
24844,54047,54
24845,54109,54
24846,54047,54
24847,54109,54
24848,54047,54
24849,54109,54
24850,54047,54
24851,54059,54
24853,54047,54
24854,54109,54
24855,54047,54
24857,54109,54
24860,54109,54
24861,54047,54
24862,54047,54
24866,54047,54
24867,54109,54
24868,54047,54
24869,54109,54
24870,54109,54
24871,54047,54
24872,54047,54
24873,54047,54
24874,54109,54
24878,54047,54
24879,54047,54
24880,54109,54
24881,54047,54
24882,54109,54
24884,54047,54
24887,54047,54
24888,54047,54
24892,54047,54
24894,54047,54
24895,54047,54
24898,54109,54
24901,54025,54
24910,54025,54
24915,54075,54
24916,54025,54
24918,54063,54
24920,54075,54
24924,54075,54
24925,54025,54
24927,54075,54
24931,54025,54
24934,54075,54
24935,54089,54
24938,54025,54
24941,54063,54
24943,54025,54
24944,54075,54
24945,54063,54
24946,54075,54
24951,54063,54
24954,54075,54
24957,54025,54
24962,54089,54
24963,54063,54
24966,54025,54
24970,54025,54
24974,54063,54
24976,54063,54
24977,54025,54
24981,54089,54
24983,54063,54
24984,54063,54
24985,54063,54
24986,54025,54
24991,54025,54
24993,54063,54
25002,54019,54
25003,54039,54
25005,54087,54
25007,54081,54
25008,54081,54
25009,54005,54
25011,54079,54
25015,54039,54
25019,54015,54
25021,54005,54
25022,54045,54
25024,54005,54
25025,54039,54
25028,54005,54
25030,54015,54
25031,54019,54
25033,54079,54
25035,54039,54
25036,54019,54
25039,54039,54
25040,54019,54
25043,54015,54
25044,54081,54
25045,54039,54
25047,54005,54
25048,54081,54
25049,54005,54
25051,54005,54
25053,54005,54
25054,54039,54
25057,54019,54
25059,54019,54
25060,54081,54
25061,54039,54
25062,54081,54
25063,54007,54
25064,54039,54
25067,54039,54
25070,54079,54
25071,54039,54
25075,54039,54
25076,54045,54
25081,54005,54
25082,54079,54
25083,54039,54
25085,54019,54
25086,54039,54
25088,54015,54
25090,54019,54
25093,54005,54
25102,54039,54
25103,54039,54
25106,54053,54
25107,54039,54
25108,54005,54
25109,54079,54
25110,54039,54
25111,54015,54
25112,54039,54
25113,54015,54
25114,54005,54
25115,54019,54
25118,54019,54
25119,54019,54
25121,54045,54
25123,54053,54
25124,54079,54
25125,54015,54
25126,54039,54
25130,54005,54
25132,54039,54
25133,54015,54
25134,54039,54
25136,54019,54
25139,54019,54
25140,54081,54
25141,54015,54
25142,54005,54
25143,54039,54
25148,54005,54
25149,54005,54
25152,54019,54
25154,54005,54
25156,54039,54
25159,54079,54
25160,54039,54
25161,54019,54
25162,54039,54
25164,54015,54
25165,54005,54
25168,54079,54
25169,54005,54
25173,54019,54
25174,54081,54
25177,54039,54
25180,54081,54
25181,54005,54
25183,54045,54
25185,54019,54
25186,54019,54
25187,54053,54
25193,54005,54
25201,54039,54
25202,54039,54
25203,54005,54
25204,54005,54
25205,54005,54
25206,54005,54
25208,54005,54
25209,54005,54
25211,54015,54
25213,54079,54
25214,54039,54
25231,54035,54
25234,54013,54
25235,54013,54
25239,54035,54
25241,54035,54
25243,54087,54
25244,54035,54
25245,54035,54
25247,54053,54
25248,54035,54
25251,54087,54
25252,54035,54
25253,54053,54
25259,54087,54
25260,54053,54
25261,54013,54
25262,54035,54
25264,54053,54
25265,54053,54
25266,54087,54
25267,54021,54
25268,54013,54
25270,54087,54
25271,54035,54
25275,54035,54
25276,54087,54
25285,54015,54
25286,54087,54
25287,54053,54
25301,54039,54
25302,54039,54
25303,54039,54
25304,54039,54
25305,54039,54
25306,54039,54
25309,54039,54
25311,54039,54
25312,54039,54
25313,54039,54
25314,54039,54
25315,54039,54
25320,54039,54
25387,54039,54
25401,54003,54
25403,54003,54
25404,54003,54
25405,54003,54
25411,54065,54
25413,54003,54
25414,54037,54
25419,54003,54
25420,54003,54
25421,54003,54
25422,54065,54
25425,54037,54
25427,54003,54
25428,54003,54
25430,54037,54
25431,54027,54
25432,54037,54
25434,54027,54
25437,54027,54
25438,54037,54
25442,54037,54
25443,54037,54
25444,54027,54
25446,54037,54
25501,54043,54
25502,54053,54
25503,54053,54
25504,54011,54
25505,54043,54
25506,54043,54
25507,54099,54
25508,54045,54
25510,54011,54
25511,54099,54
25512,54099,54
25514,54099,54
25515,54053,54
25517,54099,54
25520,54011,54
25521,54043,54
25523,54043,54
25524,54043,54
25526,54079,54
25529,54005,54
25530,54099,54
25534,54099,54
25535,54099,54
25537,54011,54
25540,54043,54
25541,54011,54
25544,54043,54
25545,54011,54
25547,54045,54
25550,54053,54
25555,54099,54
25557,54043,54
25559,54011,54
25560,54079,54
25564,54043,54
25565,54043,54
25567,54043,54
25570,54099,54
25571,54043,54
25573,54043,54
25601,54045,54
25606,54045,54
25607,54045,54
25608,54059,54
25611,54045,54
25612,54045,54
25617,54045,54
25621,54059,54
25624,54045,54
25625,54045,54
25628,54045,54
25630,54045,54
25632,54045,54
25634,54045,54
25635,54045,54
25637,54045,54
25638,54045,54
25639,54045,54
25644,54045,54
25646,54045,54
25647,54045,54
25649,54045,54
25650,54045,54
25651,54059,54
25652,54045,54
25653,54045,54
25654,54045,54
25661,54059,54
25666,54059,54
25667,54059,54
25669,54099,54
25670,54059,54
25671,54059,54
25672,54059,54
25674,54059,54
25676,54059,54
25678,54059,54
25685,54059,54
25688,54059,54
25690,54059,54
25692,54059,54
25696,54059,54
25699,54099,54
25701,54011,54
25702,54011,54
25703,54011,54
25704,54099,54
25705,54011,54
25755,54011,54
25801,54081,54
25810,54109,54
25811,54081,54
25812,54019,54
25813,54081,54
25817,54081,54
25818,54081,54
25820,54055,54
25823,54081,54
25825,54081,54
25826,54109,54
25827,54081,54
25831,54019,54
25832,54081,54
25836,54081,54
25837,54019,54
25839,54081,54
25840,54019,54
25841,54055,54
25843,54081,54
25844,54081,54
25845,54109,54
25846,54019,54
25848,54109,54
25849,54081,54
25851,54081,54
25853,54081,54
25854,54019,54
25855,54019,54
25857,54081,54
25862,54019,54
25864,54019,54
25865,54081,54
25866,54019,54
25868,54019,54
25870,54109,54
25871,54081,54
25873,54081,54
25875,54109,54
25876,54109,54
25878,54081,54
25879,54019,54
25880,54081,54
25882,54109,54
25901,54019,54
25902,54081,54
25904,54019,54
25907,54019,54
25908,54081,54
25909,54081,54
25911,54081,54
25913,54109,54
25915,54081,54
25916,54109,54
25917,54019,54
25918,54081,54
25920,54081,54
25921,54081,54
25922,54055,54
25928,54109,54
25932,54081,54
25936,54019,54
25938,54019,54
25942,54019,54
25943,54109,54
25951,54089,54
25958,54025,54
25962,54019,54
25966,54089,54
25969,54089,54
25971,54055,54
25972,54025,54
25976,54019,54
25977,54089,54
25978,54089,54
25979,54089,54
25981,54025,54
25984,54025,54
25985,54089,54
25986,54019,54
25989,54081,54
26003,54069,54
26030,54009,54
26031,54051,54
26032,54009,54
26033,54051,54
26034,54029,54
26035,54009,54
26036,54051,54
26037,54009,54
26038,54051,54
26039,54051,54
26040,54051,54
26041,54051,54
26047,54029,54
26050,54029,54
26055,54051,54
26056,54029,54
26058,54009,54
26059,54069,54
26060,54069,54
26062,54029,54
26070,54009,54
26074,54069,54
26075,54009,54
26101,54107,54
26104,54107,54
26105,54107,54
26133,54107,54
26134,54073,54
26136,54013,54
26137,54021,54
26138,54013,54
26141,54013,54
26142,54107,54
26143,54105,54
26146,54095,54
26147,54013,54
26148,54085,54
26149,54095,54
26150,54107,54
26151,54013,54
26152,54013,54
26155,54103,54
26159,54103,54
26160,54105,54
26161,54085,54
26162,54103,54
26164,54035,54
26167,54103,54
26169,54107,54
26170,54073,54
26175,54095,54
26178,54085,54
26180,54107,54
26181,54107,54
26184,54107,54
26187,54107,54
26201,54097,54
26202,54067,54
26203,54101,54
26205,54067,54
26206,54101,54
26208,54101,54
26209,54075,54
26210,54097,54
26215,54101,54
26217,54101,54
26218,54097,54
26222,54101,54
26224,54083,54
26228,54097,54
26230,54083,54
26234,54097,54
26236,54083,54
26237,54097,54
26238,54001,54
26241,54083,54
26250,54001,54
26253,54083,54
26254,54083,54
26257,54083,54
26259,54083,54
26260,54093,54
26261,54025,54
26263,54083,54
26264,54075,54
26266,54101,54
26267,54083,54
26268,54083,54
26269,54093,54
26270,54083,54
26271,54093,54
26273,54083,54
26275,54001,54
26276,54083,54
26278,54083,54
26280,54083,54
26282,54083,54
26283,54083,54
26285,54083,54
26287,54093,54
26288,54101,54
26289,54093,54
26291,54075,54
26292,54093,54
26293,54083,54
26294,54083,54
26296,54083,54
26298,54101,54
26301,54033,54
26320,54095,54
26321,54041,54
26323,54033,54
26325,54085,54
26327,54085,54
26330,54033,54
26335,54007,54
26337,54085,54
26338,54041,54
26339,54017,54
26342,54021,54
26343,54041,54
26346,54085,54
26347,54091,54
26348,54103,54
26349,54001,54
26351,54021,54
26354,54091,54
26361,54033,54
26362,54085,54
26366,54033,54
26369,54033,54
26372,54041,54
26374,54077,54
26376,54007,54
26377,54103,54
26378,54041,54
26384,54021,54
26385,54033,54
26386,54033,54
26404,54033,54
26405,54001,54
26408,54033,54
26410,54077,54
26411,54017,54
26412,54041,54
26415,54085,54
26416,54001,54
26419,54103,54
26421,54085,54
26422,54033,54
26424,54091,54
26425,54077,54
26426,54017,54
26430,54021,54
26431,54033,54
26435,54091,54
26436,54017,54
26437,54103,54
26438,54033,54
26440,54091,54
26443,54021,54
26444,54077,54
26447,54041,54
26448,54033,54
26451,54033,54
26452,54041,54
26456,54017,54
26463,54033,54
26501,54061,54
26505,54061,54
26506,54061,54
26508,54061,54
26519,54077,54
26520,54077,54
26521,54061,54
26524,54077,54
26525,54077,54
26534,54061,54
26537,54077,54
26541,54061,54
26542,54077,54
26543,54061,54
26544,54061,54
26546,54061,54
26547,54077,54
26554,54049,54
26559,54049,54
26560,54049,54
26562,54103,54
26563,54049,54
26568,54033,54
26570,54061,54
26571,54049,54
26572,54049,54
26574,54049,54
26575,54103,54
26576,54049,54
26581,54103,54
26582,54049,54
26585,54049,54
26586,54049,54
26587,54049,54
26588,54049,54
26590,54061,54
26591,54049,54
26601,54007,54
26610,54067,54
26611,54021,54
26615,54007,54
26617,54067,54
26619,54007,54
26621,54007,54
26623,54007,54
26624,54007,54
26627,54007,54
26629,54007,54
26631,54007,54
26636,54007,54
26638,54021,54
26651,54067,54
26656,54067,54
26660,54067,54
26662,54067,54
26667,54067,54
26671,54067,54
26676,54067,54
26678,54067,54
26679,54067,54
26680,54019,54
26681,54067,54
26684,54067,54
26690,54019,54
26691,54067,54
26704,54027,54
26705,54077,54
26707,54023,54
26710,54057,54
26711,54027,54
26714,54027,54
26716,54077,54
26717,54057,54
26719,54057,54
26720,54023,54
26722,54027,54
26726,54057,54
26731,54023,54
26739,54023,54
26743,54057,54
26750,54057,54
26753,54057,54
26755,54027,54
26757,54027,54
26761,54027,54
26763,54027,54
26764,54077,54
26767,54057,54
26801,54031,54
26802,54071,54
26804,54071,54
26807,54071,54
26808,54027,54
26810,54031,54
26812,54031,54
26814,54071,54
26815,54071,54
26817,54027,54
26818,54031,54
26823,54027,54
26833,54023,54
26836,54031,54
26838,54031,54
26845,54031,54
26847,54023,54
26851,54031,54
26852,54027,54
26855,54023,54
26865,54027,54
26866,54071,54
26884,54071,54
26886,54071,54
27006,37059,37
27007,37171,37
27009,37067,37
27011,37197,37
27012,37067,37
27013,37159,37
27014,37059,37
27016,37169,37
27017,37171,37
27018,37197,37
27019,37169,37
27020,37197,37
27021,37169,37
27022,37169,37
27023,37067,37
27024,37171,37
27025,37157,37
27027,37157,37
27028,37059,37
27030,37171,37
27040,37067,37
27041,37171,37
27042,37169,37
27043,37169,37
27045,37067,37
27046,37169,37
27047,37171,37
27048,37157,37
27050,37067,37
27051,37067,37
27052,37169,37
27053,37169,37
27054,37159,37
27055,37197,37
27101,37067,37
27103,37067,37
27104,37067,37
27105,37067,37
27106,37067,37
27107,37057,37
27109,37067,37
27110,37067,37
27127,37067,37
27201,37001,37
27202,37001,37
27203,37151,37
27205,37151,37
27207,37037,37
27208,37037,37
27209,37123,37
27212,37033,37
27213,37037,37
27214,37081,37
27215,37001,37
27217,37001,37
27229,37123,37
27231,37135,37
27233,37151,37
27235,37081,37
27239,37057,37
27242,37125,37
27243,37135,37
27244,37001,37
27247,37123,37
27248,37151,37
27249,37081,37
27252,37037,37
27253,37001,37
27256,37037,37
27258,37001,37
27259,37125,37
27260,37081,37
27262,37081,37
27263,37151,37
27265,37081,37
27268,37081,37
27278,37135,37
27281,37125,37
27282,37081,37
27283,37081,37
27284,37067,37
27288,37157,37
27291,37033,37
27292,37057,37
27295,37057,37
27298,37151,37
27299,37057,37
27301,37081,37
27302,37001,37
27305,37033,37
27306,37123,37
27310,37081,37
27311,37033,37
27312,37037,37
27313,37081,37
27314,37033,37
27315,37033,37
27316,37151,37
27317,37151,37
27320,37157,37
27325,37125,37
27326,37157,37
27330,37105,37
27332,37105,37
27340,37001,37
27341,37151,37
27342,37081,37
27343,37145,37
27344,37037,37
27349,37001,37
27350,37151,37
27351,37057,37
27355,37151,37
27356,37123,37
27357,37157,37
27358,37081,37
27360,37057,37
27370,37151,37
27371,37123,37
27374,37057,37
27376,37125,37
27377,37081,37
27379,37033,37
27401,37081,37
27403,37081,37
27405,37081,37
27406,37081,37
27407,37081,37
27408,37081,37
27409,37081,37
27410,37081,37
27411,37081,37
27412,37081,37
27455,37081,37
27501,37085,37
27502,37183,37
27503,37063,37
27504,37101,37
27505,37085,37
27506,37085,37
27507,37077,37
27508,37069,37
27509,37077,37
27510,37135,37
27511,37183,37
27513,37183,37
27514,37135,37
27516,37135,37
27517,37037,37
27518,37183,37
27519,37183,37
27520,37101,37
27521,37085,37
27522,37077,37
27523,37037,37
27524,37101,37
27525,37069,37
27526,37085,37
27527,37101,37
27529,37183,37
27530,37191,37
27531,37191,37
27533,37191,37
27534,37191,37
27536,37181,37
27537,37181,37
27539,37183,37
27540,37183,37
27541,37145,37
27542,37101,37
27544,37181,37
27545,37183,37
27546,37085,37
27549,37069,37
27551,37185,37
27553,37185,37
27555,37101,37
27556,37181,37
27557,37127,37
27559,37037,37
27560,37183,37
27562,37037,37
27563,37185,37
27565,37077,37
27568,37101,37
27569,37101,37
27570,37185,37
27571,37183,37
27572,37145,37
27573,37145,37
27574,37145,37
27576,37101,37
27577,37101,37
27581,37077,37
27582,37077,37
27583,37145,37
27584,37181,37
27587,37183,37
27589,37185,37
27591,37183,37
27592,37183,37
27593,37101,37
27594,37185,37
27596,37069,37
27597,37183,37
27599,37135,37
27601,37183,37
27603,37183,37
27604,37183,37
27605,37183,37
27606,37183,37
27607,37183,37
27608,37183,37
27609,37183,37
27610,37183,37
27612,37183,37
27613,37183,37
27614,37183,37
27615,37183,37
27616,37183,37
27617,37183,37
27695,37183,37
27697,37183,37
27701,37063,37
27703,37063,37
27704,37063,37
27705,37063,37
27707,37063,37
27708,37063,37
27709,37063,37
27712,37063,37
27713,37063,37
27801,37065,37
27803,37127,37
27804,37127,37
27805,37015,37
27806,37013,37
27807,37127,37
27808,37013,37
27809,37065,37
27810,37095,37
27812,37147,37
27813,37195,37
27814,37013,37
27815,37065,37
27816,37069,37
27817,37013,37
27818,37091,37
27819,37065,37
27820,37131,37
27821,37013,37
27822,37195,37
27823,37083,37
27824,37095,37
27825,37117,37
27826,37095,37
27827,37147,37
27828,37147,37
27829,37147,37
27830,37191,37
27831,37131,37
27832,37131,37
27834,37147,37
27837,37147,37
27839,37083,37
27840,37117,37
27841,37117,37
27842,37131,37
27843,37065,37
27844,37083,37
27845,37131,37
27846,37117,37
27847,37015,37
27849,37015,37
27850,37083,37
27851,37195,37
27852,37065,37
27853,37131,37
27855,37091,37
27856,37127,37
27857,37117,37
27858,37147,37
27860,37013,37
27861,37117,37
27862,37131,37
27863,37191,37
27864,37065,37
27865,37013,37
27866,37131,37
27869,37131,37
27870,37083,37
27871,37117,37
27872,37015,37
27873,37195,37
27874,37083,37
27875,37095,37
27876,37131,37
27877,37131,37
27878,37127,37
27879,37147,37
27880,37195,37
27881,37065,37
27882,37127,37
27883,37195,37
27884,37147,37
27885,37095,37
27886,37065,37
27888,37079,37
27889,37013,37
27890,37083,37
27891,37127,37
27892,37117,37
27893,37195,37
27896,37195,37
27897,37131,37
27909,37139,37
27910,37091,37
27915,37055,37
27916,37053,37
27917,37053,37
27919,37143,37
27920,37055,37
27921,37029,37
27922,37091,37
27923,37053,37
27924,37015,37
27925,37177,37
27926,37073,37
27927,37053,37
27928,37187,37
27929,37053,37
27932,37041,37
27935,37073,37
27936,37055,37
27937,37073,37
27938,37073,37
27939,37053,37
27941,37053,37
27942,37091,37
27943,37055,37
27944,37143,37
27946,37073,37
27947,37053,37
27948,37055,37
27949,37055,37
27950,37053,37
27953,37055,37
27954,37055,37
27956,37053,37
27957,37015,37
27958,37053,37
27959,37055,37
27960,37095,37
27962,37187,37
27964,37053,37
27965,37053,37
27966,37053,37
27967,37015,37
27968,37055,37
27969,37073,37
27970,37187,37
27972,37055,37
27973,37053,37
27974,37029,37
27976,37029,37
27978,37055,37
27979,37073,37
27980,37041,37
27981,37055,37
27982,37055,37
27983,37015,37
27985,37143,37
27986,37091,37
28001,37167,37
28006,37071,37
28007,37007,37
28009,37167,37
28012,37071,37
28016,37071,37
28017,37045,37
28018,37161,37
28019,37161,37
28020,37045,37
28021,37071,37
28023,37159,37
28024,37161,37
28025,37025,37
28027,37025,37
28031,37119,37
28032,37071,37
28033,37109,37
28034,37071,37
28036,37119,37
28037,37109,37
28039,37159,37
28040,37161,37
28041,37159,37
28042,37045,37
28043,37161,37
28052,37071,37
28054,37071,37
28056,37071,37
28071,37159,37
28072,37159,37
28073,37045,37
28074,37161,37
28075,37025,37
28076,37161,37
28077,37071,37
28078,37119,37
28079,37179,37
28080,37109,37
28081,37025,37
28083,37025,37
28086,37045,37
28088,37159,37
28089,37045,37
28090,37045,37
28091,37007,37
28092,37109,37
28097,37167,37
28098,37071,37
28101,37071,37
28102,37007,37
28103,37179,37
28104,37179,37
28105,37119,37
28107,37025,37
28108,37179,37
28109,37167,37
28110,37179,37
28112,37179,37
28114,37045,37
28115,37097,37
28117,37097,37
28119,37007,37
28120,37071,37
28124,37025,37
28125,37159,37
28127,37167,37
28128,37167,37
28129,37167,37
28133,37007,37
28134,37119,37
28135,37007,37
28136,37045,37
28137,37167,37
28138,37159,37
28139,37161,37
28144,37159,37
28146,37159,37
28147,37159,37
28150,37045,37
28152,37045,37
28159,37159,37
28160,37161,37
28163,37167,37
28164,37071,37
28166,37097,37
28167,37161,37
28168,37109,37
28169,37045,37
28170,37007,37
28173,37179,37
28174,37179,37
28202,37119,37
28203,37119,37
28204,37119,37
28205,37119,37
28206,37119,37
28207,37119,37
28208,37119,37
28209,37119,37
28210,37119,37
28211,37119,37
28212,37119,37
28213,37119,37
28214,37119,37
28215,37119,37
28216,37119,37
28217,37119,37
28223,37119,37
28226,37119,37
28227,37119,37
28244,37119,37
28262,37119,37
28269,37119,37
28270,37119,37
28273,37119,37
28274,37119,37
28277,37119,37
28278,37119,37
28280,37119,37
28282,37119,37
28301,37051,37
28303,37051,37
28304,37051,37
28305,37051,37
28306,37051,37
28307,37051,37
28308,37051,37
28310,37051,37
28311,37051,37
28312,37051,37
28314,37051,37
28315,37125,37
28318,37163,37
28320,37017,37
28323,37085,37
28325,37061,37
28326,37085,37
28327,37125,37
28328,37163,37
28330,37153,37
28331,37051,37
28332,37017,37
28333,37191,37
28334,37163,37
28337,37017,37
28338,37153,37
28339,37085,37
28340,37155,37
28341,37163,37
28342,37051,37
28343,37165,37
28344,37163,37
28345,37153,37
28347,37153,37
28348,37051,37
28349,37061,37
28350,37125,37
28351,37165,37
28352,37165,37
28355,37105,37
28356,37051,37
28357,37155,37
28358,37155,37
28359,37155,37
28360,37155,37
28362,37155,37
28363,37165,37
28364,37155,37
28365,37061,37
28366,37163,37
28367,37153,37
28368,37085,37
28369,37155,37
28371,37155,37
28372,37155,37
28373,37125,37
28374,37125,37
28375,37155,37
28376,37093,37
28377,37093,37
28378,37155,37
28379,37153,37
28382,37163,37
28383,37155,37
28384,37155,37
28385,37163,37
28386,37155,37
28387,37125,37
28390,37085,37
28391,37051,37
28392,37017,37
28393,37163,37
28394,37125,37
28395,37051,37
28396,37165,37
28398,37061,37
28399,37017,37
28401,37129,37
28403,37129,37
28405,37129,37
28409,37129,37
28411,37129,37
28412,37129,37
28420,37019,37
28421,37141,37
28422,37019,37
28423,37047,37
28424,37047,37
28425,37141,37
28428,37129,37
28429,37129,37
28430,37047,37
28431,37047,37
28432,37047,37
28433,37017,37
28434,37017,37
28435,37141,37
28436,37047,37
28438,37047,37
28439,37047,37
28441,37163,37
28442,37047,37
28443,37141,37
28444,37163,37
28445,37133,37
28447,37017,37
28448,37017,37
28449,37129,37
28450,37047,37
28451,37019,37
28452,37019,37
28453,37061,37
28454,37133,37
28455,37047,37
28456,37047,37
28457,37141,37
28458,37061,37
28460,37133,37
28461,37019,37
28462,37019,37
28463,37047,37
28464,37061,37
28465,37019,37
28466,37061,37
28467,37019,37
28468,37019,37
28469,37019,37
28470,37019,37
28472,37047,37
28478,37141,37
28479,37019,37
28480,37129,37
28501,37107,37
28504,37107,37
28508,37061,37
28509,37137,37
28510,37137,37
28511,37031,37
28512,37031,37
28513,37147,37
28515,37137,37
28516,37031,37
28518,37061,37
28519,37049,37
28520,37031,37
28521,37061,37
28523,37049,37
28524,37031,37
28525,37107,37
28526,37049,37
28527,37049,37
28528,37031,37
28529,37137,37
28530,37147,37
28531,37031,37
28532,37049,37
28533,37049,37
28537,37137,37
28538,37079,37
28539,37133,37
28540,37133,37
28542,37133,37
28543,37133,37
28544,37133,37
28546,37133,37
28547,37133,37
28551,37107,37
28552,37137,37
28553,37031,37
28554,37079,37
28555,37133,37
28556,37137,37
28557,37031,37
28560,37049,37
28562,37049,37
28570,37031,37
28571,37137,37
28572,37061,37
28573,37103,37
28574,37133,37
28575,37031,37
28577,37031,37
28578,37191,37
28579,37031,37
28580,37079,37
28581,37031,37
28582,37133,37
28584,37031,37
28585,37103,37
28586,37049,37
28587,37137,37
28589,37031,37
28590,37147,37
28594,37031,37
28601,37035,37
28602,37035,37
28604,37189,37
28605,37189,37
28606,37193,37
28607,37189,37
28609,37035,37
28610,37035,37
28611,37027,37
28612,37023,37
28613,37035,37
28615,37009,37
28616,37011,37
28617,37009,37
28618,37189,37
28619,37023,37
28621,37171,37
28622,37011,37
28623,37005,37
28624,37193,37
28625,37097,37
28626,37009,37
28627,37005,37
28628,37023,37
28629,37009,37
28630,37027,37
28631,37009,37
28634,37097,37
28635,37193,37
28636,37003,37
28637,37023,37
28638,37027,37
28640,37009,37
28641,37023,37
28642,37197,37
28643,37009,37
28644,37005,37
28645,37027,37
28646,37011,37
28649,37193,37
28650,37035,37
28651,37193,37
28652,37011,37
28653,37011,37
28654,37193,37
28655,37023,37
28657,37011,37
28658,37035,37
28659,37193,37
28660,37097,37
28662,37011,37
28663,37005,37
28664,37011,37
28665,37193,37
28666,37023,37
28667,37027,37
28668,37005,37
28669,37193,37
28670,37193,37
28671,37023,37
28672,37009,37
28673,37035,37
28675,37005,37
28676,37171,37
28677,37097,37
28678,37097,37
28679,37189,37
28681,37003,37
28682,37035,37
28683,37171,37
28684,37009,37
28685,37193,37
28689,37097,37
28690,37023,37
28692,37189,37
28693,37009,37
28694,37009,37
28697,37193,37
28698,37189,37
28701,37021,37
28702,37075,37
28704,37021,37
28705,37121,37
28707,37099,37
28708,37175,37
28709,37021,37
28710,37089,37
28711,37021,37
28712,37175,37
28713,37173,37
28714,37199,37
28715,37021,37
28716,37087,37
28717,37099,37
28718,37175,37
28719,37173,37
28720,37161,37
28721,37087,37
28722,37149,37
28723,37099,37
28725,37099,37
28726,37089,37
28729,37089,37
28730,37021,37
28731,37089,37
28732,37089,37
28733,37075,37
28734,37113,37
28735,37089,37
28736,37099,37
28739,37089,37
28740,37199,37
28741,37113,37
28742,37089,37
28743,37115,37
28745,37087,37
28746,37161,37
28747,37175,37
28748,37021,37
28749,37111,37
28751,37087,37
28752,37111,37
28753,37115,37
28754,37115,37
28755,37199,37
28756,37149,37
28757,37021,37
28758,37089,37
28759,37089,37
28761,37111,37
28762,37111,37
28763,37113,37
28766,37175,37
28768,37175,37
28770,37021,37
28771,37075,37
28772,37175,37
28773,37149,37
28774,37175,37
28775,37113,37
28777,37121,37
28778,37021,37
28779,37099,37
28781,37113,37
28782,37149,37
28783,37099,37
28785,37087,37
28786,37087,37
28787,37021,37
28788,37099,37
28789,37099,37
28790,37089,37
28791,37089,37
28792,37089,37
28801,37021,37
28803,37021,37
28804,37021,37
28805,37021,37
28806,37021,37
28901,37039,37
28902,37043,37
28904,37043,37
28905,37039,37
28906,37039,37
28909,37043,37
29001,45027,45
29003,45009,45
29006,45081,45
29009,45055,45
29010,45061,45
29014,45039,45
29015,45039,45
29016,45079,45
29018,45075,45
29020,45055,45
29030,45017,45
29031,45023,45
29032,45055,45
29033,45063,45
29036,45063,45
29037,45071,45
29038,45075,45
29039,45075,45
29040,45085,45
29042,45009,45
29044,45079,45
29045,45055,45
29046,45061,45
29047,45075,45
29048,45075,45
29051,45027,45
29052,45079,45
29053,45063,45
29054,45063,45
29055,45023,45
29056,45089,45
29058,45057,45
29059,45075,45
29061,45079,45
29062,45085,45
29063,45079,45
29065,45039,45
29067,45057,45
29069,45031,45
29070,45063,45
29072,45063,45
29073,45063,45
29074,45055,45
29075,45071,45
29078,45055,45
29079,45031,45
29080,45061,45
29081,45009,45
29082,45029,45
29101,45025,45
29102,45027,45
29104,45061,45
29105,45003,45
29107,45075,45
29108,45071,45
29111,45027,45
29112,45075,45
29113,45075,45
29114,45041,45
29115,45075,45
29117,45075,45
29118,45075,45
29122,45071,45
29123,45063,45
29125,45085,45
29126,45071,45
29127,45071,45
29128,45085,45
29129,45003,45
29130,45039,45
29133,45075,45
29135,45017,45
29137,45003,45
29138,45081,45
29142,45075,45
29145,45071,45
29146,45075,45
29148,45027,45
29150,45085,45
29152,45085,45
29153,45085,45
29154,45085,45
29160,45063,45
29161,45041,45
29162,45027,45
29163,45075,45
29164,45003,45
29166,45081,45
29168,45085,45
29169,45063,45
29170,45063,45
29172,45063,45
29175,45055,45
29177,45079,45
29178,45071,45
29180,45039,45
29201,45079,45
29203,45079,45
29204,45079,45
29205,45079,45
29206,45079,45
29207,45079,45
29208,45079,45
29209,45079,45
29210,45079,45
29212,45063,45
29223,45079,45
29225,45079,45
29229,45079,45
29301,45083,45
29302,45083,45
29303,45083,45
29306,45083,45
29307,45083,45
29316,45083,45
29320,45083,45
29321,45087,45
29322,45083,45
29323,45083,45
29324,45083,45
29325,45059,45
29329,45083,45
29330,45021,45
29331,45083,45
29332,45059,45
29333,45083,45
29334,45083,45
29335,45083,45
29338,45083,45
29340,45021,45
29341,45021,45
29346,45083,45
29349,45083,45
29351,45059,45
29353,45087,45
29355,45071,45
29356,45045,45
29360,45059,45
29364,45087,45
29365,45083,45
29368,45083,45
29369,45083,45
29370,45059,45
29372,45021,45
29373,45083,45
29374,45083,45
29375,45083,45
29376,45083,45
29377,45083,45
29378,45083,45
29379,45087,45
29384,45059,45
29385,45083,45
29388,45083,45
29401,45019,45
29403,45019,45
29404,45019,45
29405,45019,45
29406,45019,45
29407,45019,45
29409,45019,45
29410,45015,45
29412,45019,45
29414,45019,45
29418,45019,45
29420,45035,45
29424,45019,45
29425,45019,45
29426,45019,45
29429,45019,45
29431,45015,45
29432,45075,45
29434,45015,45
29435,45029,45
29436,45015,45
29437,45035,45
29438,45019,45
29439,45019,45
29440,45043,45
29445,45015,45
29446,45029,45
29448,45035,45
29449,45019,45
29450,45015,45
29451,45019,45
29452,45029,45
29453,45015,45
29455,45019,45
29456,45019,45
29458,45019,45
29461,45015,45
29464,45019,45
29466,45019,45
29468,45015,45
29469,45015,45
29470,45019,45
29471,45035,45
29472,45035,45
29474,45029,45
29475,45029,45
29477,45035,45
29479,45015,45
29481,45029,45
29482,45019,45
29483,45035,45
29485,45035,45
29486,45015,45
29487,45019,45
29488,45029,45
29492,45015,45
29493,45029,45
29501,45041,45
29505,45041,45
29506,45041,45
29510,45089,45
29511,45051,45
29512,45069,45
29516,45069,45
29518,45089,45
29519,45067,45
29520,45025,45
29525,45069,45
29526,45051,45
29527,45051,45
29530,45041,45
29532,45031,45
29536,45033,45
29540,45031,45
29541,45041,45
29543,45033,45
29544,45051,45
29545,45051,45
29546,45067,45
29547,45033,45
29550,45031,45
29554,45043,45
29555,45041,45
29556,45089,45
29560,45041,45
29563,45033,45
29564,45089,45
29565,45033,45
29566,45051,45
29567,45033,45
29568,45051,45
29569,45051,45
29570,45069,45
29571,45067,45
29572,45051,45
29574,45067,45
29575,45051,45
29576,45051,45
29577,45051,45
29579,45051,45
29580,45089,45
29581,45051,45
29582,45051,45
29583,45041,45
29584,45025,45
29585,45043,45
29588,45051,45
29589,45067,45
29590,45089,45
29591,45041,45
29592,45067,45
29593,45031,45
29594,45069,45
29596,45069,45
29601,45045,45
29605,45045,45
29607,45045,45
29609,45045,45
29611,45045,45
29613,45045,45
29614,45045,45
29615,45045,45
29617,45045,45
29620,45001,45
29621,45007,45
29624,45007,45
29625,45007,45
29626,45007,45
29627,45007,45
29628,45001,45
29630,45077,45
29631,45077,45
29634,45077,45
29635,45045,45
29638,45001,45
29639,45001,45
29640,45077,45
29642,45007,45
29643,45073,45
29644,45045,45
29645,45059,45
29646,45047,45
29649,45047,45
29650,45045,45
29651,45045,45
29653,45047,45
29654,45007,45
29655,45001,45
29657,45077,45
29658,45073,45
29659,45001,45
29661,45045,45
29662,45045,45
29664,45073,45
29665,45073,45
29666,45047,45
29667,45077,45
29669,45045,45
29670,45007,45
29671,45077,45
29672,45073,45
29673,45045,45
29676,45073,45
29678,45073,45
29680,45045,45
29681,45045,45
29682,45077,45
29683,45045,45
29684,45007,45
29685,45077,45
29686,45073,45
29687,45045,45
29689,45007,45
29690,45045,45
29691,45073,45
29692,45059,45
29693,45073,45
29696,45073,45
29697,45007,45
29702,45021,45
29704,45091,45
29706,45023,45
29707,45057,45
29708,45091,45
29709,45025,45
29710,45091,45
29712,45023,45
29714,45023,45
29715,45091,45
29717,45091,45
29718,45025,45
29720,45057,45
29724,45023,45
29726,45091,45
29727,45025,45
29728,45025,45
29729,45023,45
29730,45091,45
29732,45091,45
29733,45091,45
29741,45025,45
29742,45091,45
29743,45091,45
29745,45091,45
29801,45003,45
29803,45003,45
29805,45003,45
29809,45003,45
29810,45005,45
29812,45011,45
29816,45003,45
29817,45011,45
29819,45047,45
29821,45037,45
29824,45037,45
29826,45011,45
29827,45005,45
29828,45003,45
29829,45003,45
29831,45003,45
29832,45037,45
29834,45003,45
29835,45065,45
29836,45005,45
29838,45037,45
29840,45065,45
29841,45003,45
29842,45003,45
29843,45009,45
29844,45065,45
29845,45065,45
29847,45037,45
29848,45065,45
29849,45005,45
29851,45003,45
29853,45011,45
29856,45003,45
29860,45037,45
29899,45065,45
29902,45013,45
29904,45013,45
29905,45013,45
29906,45013,45
29907,45013,45
29909,45013,45
29910,45013,45
29911,45049,45
29912,45053,45
29915,45013,45
29916,45049,45
29918,45049,45
29920,45013,45
29921,45049,45
29922,45049,45
29923,45049,45
29924,45049,45
29926,45013,45
29927,45053,45
29928,45013,45
29929,45029,45
29932,45005,45
29934,45053,45
29935,45013,45
29936,45053,45
29939,45049,45
29940,45013,45
29941,45013,45
29943,45053,45
29944,45049,45
29945,45029,45
30002,13089,13
30004,13121,13
30005,13121,13
30008,13067,13
30009,13121,13
30011,13013,13
30012,13247,13
30013,13247,13
30014,13217,13
30016,13217,13
30017,13135,13
30018,13297,13
30019,13135,13
30021,13089,13
30022,13121,13
30024,13135,13
30025,13297,13
30028,13117,13
30030,13089,13
30032,13089,13
30033,13089,13
30034,13089,13
30035,13089,13
30038,13089,13
30039,13135,13
30040,13117,13
30041,13117,13
30043,13135,13
30044,13135,13
30045,13135,13
30046,13135,13
30047,13135,13
30052,13297,13
30054,13217,13
30055,13217,13
30056,13159,13
30058,13089,13
30060,13067,13
30062,13067,13
30064,13067,13
30066,13067,13
30067,13067,13
30068,13067,13
30070,13217,13
30071,13135,13
30072,13089,13
30075,13121,13
30076,13121,13
30078,13135,13
30079,13089,13
30080,13067,13
30082,13067,13
30083,13089,13
30084,13089,13
30087,13089,13
30088,13089,13
30090,13067,13
30092,13135,13
30093,13135,13
30094,13247,13
30096,13135,13
30097,13121,13
30101,13067,13
30102,13057,13
30103,13015,13
30104,13233,13
30105,13115,13
30106,13067,13
30107,13057,13
30108,13045,13
30110,13143,13
30111,13067,13
30113,13143,13
30114,13057,13
30115,13057,13
30116,13045,13
30117,13045,13
30118,13045,13
30120,13015,13
30121,13015,13
30122,13097,13
30124,13115,13
30125,13233,13
30126,13067,13
30127,13067,13
30132,13223,13
30134,13097,13
30135,13097,13
30137,13015,13
30139,13129,13
30141,13223,13
30143,13227,13
30144,13067,13
30145,13015,13
30147,13115,13
30148,13085,13
30149,13115,13
30152,13067,13
30153,13233,13
30157,13223,13
30161,13115,13
30165,13115,13
30168,13067,13
30170,13045,13
30171,13015,13
30173,13115,13
30175,13227,13
30176,13143,13
30177,13227,13
30178,13015,13
30179,13045,13
30180,13045,13
30182,13045,13
30183,13057,13
30184,13015,13
30185,13045,13
30187,13097,13
30188,13057,13
30189,13057,13
30204,13171,13
30205,13113,13
30206,13231,13
30213,13121,13
30214,13113,13
30215,13113,13
30216,13035,13
30217,13149,13
30218,13199,13
30220,13077,13
30222,13199,13
30223,13255,13
30224,13255,13
30228,13151,13
30229,13077,13
30230,13285,13
30233,13035,13
30234,13035,13
30236,13063,13
30238,13063,13
30240,13285,13
30241,13285,13
30248,13151,13
30250,13063,13
30251,13199,13
30252,13151,13
30253,13151,13
30256,13231,13
30257,13171,13
30258,13231,13
30259,13077,13
30260,13063,13
30263,13077,13
30265,13077,13
30268,13121,13
30269,13113,13
30272,13121,13
30273,13063,13
30274,13063,13
30275,13077,13
30276,13077,13
30277,13077,13
30281,13151,13
30284,13255,13
30285,13293,13
30286,13293,13
30288,13089,13
30289,13077,13
30290,13113,13
30291,13121,13
30292,13231,13
30293,13199,13
30294,13089,13
30295,13231,13
30296,13063,13
30297,13063,13
30303,13121,13
30305,13121,13
30306,13121,13
30307,13089,13
30308,13121,13
30309,13121,13
30310,13121,13
30311,13121,13
30312,13121,13
30313,13121,13
30314,13121,13
30315,13121,13
30316,13089,13
30317,13089,13
30318,13121,13
30319,13089,13
30322,13089,13
30324,13121,13
30326,13121,13
30327,13121,13
30328,13121,13
30329,13089,13
30331,13121,13
30332,13121,13
30334,13121,13
30336,13121,13
30337,13121,13
30338,13089,13
30339,13067,13
30340,13089,13
30341,13089,13
30342,13121,13
30344,13121,13
30345,13089,13
30346,13089,13
30349,13121,13
30350,13121,13
30354,13121,13
30360,13089,13
30363,13121,13
30401,13107,13
30410,13209,13
30411,13309,13
30412,13209,13
30413,13163,13
30414,13109,13
30415,13031,13
30417,13109,13
30420,13043,13
30421,13267,13
30423,13109,13
30425,13107,13
30426,13033,13
30427,13267,13
30428,13309,13
30429,13109,13
30434,13163,13
30436,13279,13
30439,13043,13
30441,13107,13
30442,13165,13
30445,13209,13
30446,13251,13
30448,13107,13
30449,13251,13
30450,13031,13
30451,13043,13
30452,13031,13
30453,13267,13
30454,13175,13
30455,13251,13
30456,13033,13
30457,13283,13
30458,13031,13
30460,13031,13
30461,13031,13
30464,13107,13
30467,13251,13
30470,13209,13
30471,13107,13
30473,13279,13
30474,13279,13
30477,13163,13
30501,13139,13
30504,13139,13
30506,13139,13
30507,13139,13
30510,13011,13
30511,13011,13
30512,13291,13
30513,13111,13
30516,13147,13
30517,13157,13
30518,13135,13
30519,13135,13
30520,13147,13
30521,13119,13
30522,13123,13
30523,13137,13
30525,13241,13
30527,13139,13
30528,13311,13
30529,13157,13
30530,13011,13
30531,13137,13
30533,13187,13
30534,13085,13
30535,13137,13
30536,13123,13
30537,13241,13
30538,13257,13
30539,13123,13
30540,13123,13
30541,13111,13
30542,13139,13
30543,13139,13
30545,13311,13
30546,13281,13
30547,13011,13
30548,13157,13
30549,13157,13
30552,13241,13
30553,13119,13
30554,13139,13
30555,13111,13
30557,13119,13
30558,13157,13
30559,13111,13
30560,13111,13
30562,13241,13
30563,13137,13
30564,13139,13
30565,13157,13
30566,13139,13
30567,13157,13
30568,13241,13
30571,13311,13
30572,13291,13
30573,13241,13
30575,13157,13
30576,13241,13
30577,13257,13
30581,13241,13
30582,13281,13
30597,13187,13
30598,13257,13
30601,13059,13
30602,13059,13
30605,13059,13
30606,13059,13
30607,13157,13
30609,13059,13
30619,13221,13
30620,13013,13
30621,13219,13
30622,13219,13
30623,13211,13
30624,13105,13
30625,13211,13
30627,13221,13
30628,13195,13
30629,13195,13
30630,13221,13
30631,13265,13
30633,13195,13
30634,13105,13
30635,13105,13
30639,13119,13
30641,13297,13
30642,13133,13
30643,13147,13
30646,13195,13
30648,13221,13
30650,13211,13
30655,13297,13
30656,13297,13
30660,13317,13
30662,13119,13
30663,13211,13
30664,13265,13
30665,13133,13
30666,13013,13
30667,13221,13
30668,13317,13
30669,13133,13
30673,13317,13
30677,13219,13
30678,13133,13
30680,13013,13
30683,13221,13
30701,13129,13
30705,13213,13
30707,13295,13
30708,13213,13
30710,13313,13
30711,13213,13
30720,13313,13
30721,13313,13
30724,13213,13
30725,13295,13
30726,13047,13
30728,13295,13
30730,13055,13
30731,13055,13
30733,13129,13
30734,13129,13
30735,13129,13
30736,13047,13
30738,13083,13
30739,13295,13
30740,13313,13
30741,13295,13
30742,13047,13
30746,13129,13
30747,13055,13
30750,13295,13
30751,13213,13
30752,13083,13
30753,13055,13
30755,13313,13
30756,13313,13
30757,13083,13
30802,13073,13
30803,13163,13
30805,13245,13
30807,13301,13
30808,13189,13
30809,13073,13
30810,13125,13
30812,13245,13
30813,13073,13
30814,13073,13
30815,13245,13
30816,13033,13
30817,13181,13
30818,13163,13
30820,13125,13
30821,13301,13
30822,13165,13
30823,13163,13
30824,13189,13
30828,13301,13
30830,13033,13
30833,13163,13
30901,13245,13
30904,13245,13
30905,13245,13
30906,13245,13
30907,13073,13
30909,13245,13
30912,13245,13
31001,13315,13
31002,13107,13
31003,13319,13
31004,13207,13
31005,13153,13
31006,13269,13
31007,13093,13
31008,13225,13
31009,13175,13
31011,13091,13
31012,13091,13
31014,13023,13
31015,13081,13
31016,13207,13
31017,13319,13
31018,13303,13
31019,13175,13
31020,13289,13
31021,13175,13
31022,13175,13
31023,13091,13
31024,13237,13
31025,13153,13
31027,13175,13
31028,13153,13
31029,13207,13
31030,13225,13
31031,13319,13
31032,13169,13
31033,13169,13
31034,13009,13
31035,13303,13
31036,13235,13
31037,13271,13
31038,13169,13
31039,13269,13
31041,13193,13
31042,13319,13
31044,13289,13
31045,13141,13
31046,13207,13
31047,13153,13
31049,13167,13
31050,13079,13
31051,13093,13
31052,13021,13
31054,13319,13
31055,13271,13
31057,13193,13
31058,13269,13
31060,13271,13
31061,13009,13
31062,13009,13
31063,13193,13
31064,13159,13
31065,13175,13
31066,13079,13
31067,13303,13
31068,13193,13
31069,13153,13
31070,13093,13
31071,13235,13
31072,13315,13
31075,13175,13
31076,13269,13
31077,13091,13
31078,13079,13
31079,13315,13
31081,13269,13
31082,13303,13
31083,13271,13
31084,13315,13
31085,13159,13
31087,13141,13
31088,13153,13
31089,13303,13
31090,13319,13
31091,13093,13
31092,13093,13
31093,13153,13
31094,13303,13
31096,13167,13
31097,13293,13
31098,13153,13
31201,13021,13
31204,13021,13
31206,13021,13
31207,13021,13
31210,13021,13
31211,13169,13
31213,13021,13
31216,13021,13
31217,13169,13
31220,13021,13
31301,13179,13
31302,13051,13
31303,13103,13
31305,13191,13
31307,13103,13
31308,13029,13
31309,13179,13
31312,13103,13
31313,13179,13
31314,13179,13
31315,13179,13
31316,13183,13
31318,13103,13
31320,13179,13
31321,13029,13
31322,13051,13
31323,13179,13
31324,13029,13
31326,13103,13
31327,13191,13
31328,13051,13
31329,13103,13
31331,13191,13
31333,13179,13
31401,13051,13
31404,13051,13
31405,13051,13
31406,13051,13
31407,13051,13
31408,13051,13
31409,13051,13
31410,13051,13
31411,13051,13
31415,13051,13
31419,13051,13
31421,13051,13
31501,13299,13
31503,13299,13
31510,13005,13
31512,13069,13
31513,13001,13
31516,13229,13
31518,13001,13
31519,13069,13
31520,13127,13
31522,13127,13
31523,13127,13
31524,13127,13
31525,13127,13
31527,13127,13
31532,13161,13
31533,13069,13
31535,13069,13
31537,13049,13
31539,13161,13
31542,13025,13
31543,13025,13
31544,13271,13
31545,13305,13
31546,13305,13
31547,13039,13
31548,13039,13
31549,13271,13
31550,13299,13
31551,13229,13
31552,13299,13
31553,13025,13
31554,13069,13
31555,13305,13
31556,13229,13
31557,13229,13
31558,13039,13
31560,13305,13
31561,13127,13
31562,13049,13
31563,13001,13
31564,13299,13
31565,13039,13
31566,13025,13
31567,13069,13
31568,13039,13
31569,13039,13
31599,13305,13
31601,13185,13
31602,13185,13
31605,13185,13
31606,13185,13
31620,13075,13
31622,13019,13
31623,13065,13
31624,13003,13
31625,13027,13
31626,13275,13
31627,13075,13
31629,13027,13
31630,13065,13
31631,13101,13
31632,13185,13
31634,13065,13
31635,13173,13
31636,13101,13
31637,13075,13
31638,13027,13
31639,13019,13
31641,13185,13
31642,13003,13
31643,13027,13
31645,13019,13
31647,13075,13
31648,13101,13
31649,13173,13
31650,13003,13
31698,13185,13
31699,13185,13
31701,13095,13
31704,13095,13
31705,13095,13
31707,13095,13
31709,13261,13
31711,13261,13
31712,13081,13
31714,13287,13
31716,13205,13
31719,13261,13
31720,13027,13
31721,13095,13
31722,13071,13
31727,13277,13
31730,13205,13
31733,13155,13
31735,13261,13
31738,13275,13
31743,13177,13
31744,13321,13
31747,13071,13
31749,13019,13
31750,13017,13
31753,13071,13
31756,13071,13
31757,13275,13
31763,13177,13
31764,13261,13
31765,13205,13
31768,13071,13
31771,13071,13
31772,13321,13
31773,13275,13
31774,13155,13
31775,13071,13
31778,13027,13
31779,13205,13
31780,13261,13
31781,13321,13
31783,13287,13
31784,13205,13
31787,13177,13
31788,13071,13
31789,13321,13
31790,13287,13
31791,13321,13
31792,13275,13
31793,13277,13
31794,13277,13
31795,13321,13
31796,13321,13
31798,13155,13
31801,13197,13
31803,13197,13
31804,13145,13
31805,13053,13
31806,13249,13
31807,13145,13
31808,13145,13
31810,13263,13
31811,13145,13
31812,13263,13
31814,13259,13
31815,13259,13
31816,13199,13
31820,13215,13
31821,13259,13
31822,13145,13
31823,13145,13
31824,13307,13
31825,13259,13
31826,13145,13
31827,13263,13
31829,13215,13
31830,13199,13
31831,13145,13
31832,13307,13
31833,13145,13
31836,13263,13
31901,13215,13
31903,13215,13
31904,13215,13
31905,13053,13
31906,13215,13
31907,13215,13
31909,13215,13
32003,12019,12
32008,12067,12
32009,12089,12
32011,12089,12
32013,12067,12
32024,12023,12
32025,12023,12
32026,12007,12
32033,12109,12
32034,12089,12
32038,12023,12
32040,12003,12
32043,12019,12
32044,12007,12
32046,12089,12
32052,12047,12
32053,12047,12
32054,12125,12
32055,12023,12
32058,12007,12
32059,12079,12
32060,12121,12
32061,12023,12
32062,12121,12
32063,12003,12
32064,12121,12
32065,12019,12
32066,12067,12
32068,12019,12
32071,12121,12
32072,12003,12
32073,12019,12
32079,12019,12
32080,12109,12
32081,12109,12
32082,12109,12
32083,12125,12
32084,12109,12
32086,12109,12
32087,12003,12
32091,12007,12
32092,12109,12
32094,12121,12
32095,12109,12
32096,12023,12
32097,12089,12
32102,12069,12
32110,12035,12
32112,12107,12
32113,12083,12
32114,12127,12
32117,12127,12
32118,12127,12
32119,12127,12
32124,12127,12
32127,12127,12
32128,12127,12
32129,12127,12
32130,12127,12
32131,12107,12
32132,12127,12
32133,12083,12
32134,12083,12
32136,12035,12
32137,12035,12
32139,12107,12
32140,12107,12
32141,12127,12
32145,12109,12
32147,12107,12
32148,12107,12
32157,12107,12
32159,12069,12
32162,12119,12
32163,12119,12
32164,12035,12
32168,12127,12
32169,12127,12
32174,12127,12
32176,12127,12
32177,12107,12
32179,12083,12
32180,12127,12
32181,12107,12
32182,12083,12
32187,12107,12
32189,12107,12
32190,12127,12
32192,12083,12
32193,12107,12
32195,12083,12
32202,12031,12
32203,12031,12
32204,12031,12
32205,12031,12
32206,12031,12
32207,12031,12
32208,12031,12
32209,12031,12
32210,12031,12
32211,12031,12
32212,12031,12
32214,12031,12
32216,12031,12
32217,12031,12
32218,12031,12
32219,12031,12
32220,12031,12
32221,12031,12
32222,12031,12
32223,12031,12
32224,12031,12
32225,12031,12
32226,12031,12
32227,12031,12
32228,12031,12
32233,12031,12
32234,12031,12
32244,12031,12
32246,12031,12
32250,12031,12
32254,12031,12
32256,12031,12
32257,12031,12
32258,12031,12
32259,12109,12
32266,12031,12
32277,12031,12
32301,12073,12
32303,12073,12
32304,12073,12
32305,12073,12
32306,12073,12
32307,12073,12
32308,12073,12
32309,12073,12
32310,12073,12
32311,12073,12
32312,12073,12
32313,12073,12
32317,12073,12
32320,12037,12
32321,12077,12
32322,12037,12
32323,12037,12
32324,12039,12
32327,12129,12
32328,12037,12
32330,12039,12
32331,12079,12
32332,12039,12
32333,12039,12
32334,12077,12
32336,12123,12
32337,12065,12
32340,12079,12
32343,12039,12
32344,12065,12
32346,12129,12
32347,12123,12
32348,12123,12
32350,12079,12
32351,12039,12
32352,12039,12
32355,12129,12
32356,12123,12
32358,12129,12
32359,12029,12
32360,12077,12
32361,12065,12
32399,12073,12
32401,12005,12
32403,12005,12
32404,12005,12
32405,12005,12
32407,12005,12
32408,12005,12
32409,12005,12
32410,12005,12
32413,12005,12
32420,12063,12
32421,12013,12
32423,12063,12
32424,12013,12
32425,12059,12
32426,12063,12
32427,12133,12
32428,12133,12
32430,12013,12
32431,12063,12
32432,12063,12
32433,12131,12
32435,12131,12
32437,12133,12
32438,12005,12
32439,12131,12
32440,12063,12
32442,12063,12
32443,12063,12
32444,12005,12
32445,12063,12
32446,12063,12
32448,12063,12
32449,12013,12
32455,12131,12
32456,12045,12
32459,12131,12
32460,12063,12
32461,12131,12
32462,12133,12
32463,12133,12
32464,12059,12
32465,12045,12
32466,12005,12
32501,12033,12
32502,12033,12
32503,12033,12
32504,12033,12
32505,12033,12
32506,12033,12
32507,12033,12
32508,12033,12
32509,12033,12
32511,12033,12
32512,12033,12
32514,12033,12
32526,12033,12
32530,12113,12
32531,12091,12
32533,12033,12
32534,12033,12
32535,12033,12
32536,12091,12
32539,12091,12
32541,12091,12
32542,12091,12
32544,12091,12
32547,12091,12
32548,12091,12
32550,12131,12
32561,12033,12
32563,12113,12
32564,12113,12
32565,12113,12
32566,12113,12
32567,12091,12
32568,12033,12
32569,12091,12
32570,12113,12
32571,12113,12
32577,12033,12
32578,12091,12
32579,12091,12
32580,12091,12
32583,12113,12
32601,12001,12
32603,12001,12
32605,12001,12
32606,12001,12
32607,12001,12
32608,12001,12
32609,12001,12
32610,12001,12
32612,12001,12
32615,12001,12
32616,12001,12
32617,12083,12
32618,12001,12
32619,12041,12
32621,12075,12
32622,12007,12
32625,12075,12
32626,12075,12
32628,12029,12
32631,12001,12
32634,12083,12
32639,12075,12
32640,12001,12
32641,12001,12
32643,12001,12
32648,12029,12
32653,12001,12
32656,12019,12
32658,12001,12
32664,12083,12
32666,12107,12
32667,12001,12
32668,12075,12
32669,12001,12
32680,12029,12
32681,12083,12
32683,12075,12
32686,12083,12
32692,12029,12
32693,12041,12
32694,12001,12
32696,12075,12
32697,12125,12
32701,12117,12
32702,12069,12
32703,12095,12
32707,12117,12
32708,12117,12
32709,12095,12
32712,12095,12
32713,12127,12
32714,12117,12
32720,12127,12
32723,12127,12
32724,12127,12
32725,12127,12
32726,12069,12
32730,12117,12
32732,12117,12
32735,12069,12
32736,12069,12
32738,12127,12
32744,12127,12
32746,12117,12
32750,12117,12
32751,12095,12
32754,12009,12
32757,12069,12
32759,12127,12
32763,12127,12
32764,12127,12
32765,12117,12
32766,12117,12
32767,12069,12
32768,12095,12
32771,12117,12
32773,12117,12
32775,12009,12
32776,12069,12
32778,12069,12
32779,12117,12
32780,12009,12
32784,12083,12
32789,12095,12
32792,12117,12
32796,12009,12
32798,12095,12
32801,12095,12
32803,12095,12
32804,12095,12
32805,12095,12
32806,12095,12
32807,12095,12
32808,12095,12
32809,12095,12
32810,12095,12
32811,12095,12
32812,12095,12
32814,12095,12
32816,12095,12
32817,12095,12
32818,12095,12
32819,12095,12
32820,12095,12
32821,12095,12
32822,12095,12
32824,12095,12
32825,12095,12
32826,12095,12
32827,12095,12
32828,12095,12
32829,12095,12
32830,12095,12
32831,12095,12
32832,12095,12
32833,12095,12
32835,12095,12
32836,12095,12
32837,12095,12
32839,12095,12
32899,12009,12
32901,12009,12
32903,12009,12
32904,12009,12
32905,12009,12
32907,12009,12
32908,12009,12
32909,12009,12
32920,12009,12
32922,12009,12
32925,12009,12
32926,12009,12
32927,12009,12
32931,12009,12
32934,12009,12
32935,12009,12
32937,12009,12
32940,12009,12
32948,12061,12
32949,12009,12
32950,12009,12
32951,12009,12
32952,12009,12
32953,12009,12
32955,12009,12
32958,12061,12
32959,12009,12
32960,12061,12
32962,12061,12
32963,12061,12
32966,12061,12
32967,12061,12
32968,12061,12
32970,12061,12
32976,12009,12
33001,12087,12
33004,12011,12
33009,12011,12
33010,12086,12
33012,12086,12
33013,12086,12
33014,12086,12
33015,12086,12
33016,12086,12
33018,12086,12
33019,12011,12
33020,12011,12
33021,12011,12
33022,12011,12
33023,12011,12
33024,12011,12
33025,12011,12
33026,12011,12
33027,12011,12
33028,12011,12
33029,12011,12
33030,12086,12
33031,12086,12
33032,12086,12
33033,12086,12
33034,12086,12
33035,12086,12
33036,12087,12
33037,12087,12
33039,12086,12
33040,12087,12
33042,12087,12
33043,12087,12
33050,12087,12
33051,12087,12
33054,12086,12
33055,12086,12
33056,12086,12
33060,12011,12
33062,12011,12
33063,12011,12
33064,12011,12
33065,12011,12
33066,12011,12
33067,12011,12
33068,12011,12
33069,12011,12
33070,12087,12
33071,12011,12
33073,12011,12
33076,12011,12
33101,12086,12
33109,12086,12
33122,12086,12
33125,12086,12
33126,12086,12
33127,12086,12
33128,12086,12
33129,12086,12
33130,12086,12
33131,12086,12
33132,12086,12
33133,12086,12
33134,12086,12
33135,12086,12
33136,12086,12
33137,12086,12
33138,12086,12
33139,12086,12
33140,12086,12
33141,12086,12
33142,12086,12
33143,12086,12
33144,12086,12
33145,12086,12
33146,12086,12
33147,12086,12
33149,12086,12
33150,12086,12
33154,12086,12
33155,12086,12
33156,12086,12
33157,12086,12
33158,12086,12
33160,12086,12
33161,12086,12
33162,12086,12
33165,12086,12
33166,12086,12
33167,12086,12
33168,12086,12
33169,12086,12
33170,12086,12
33172,12086,12
33173,12086,12
33174,12086,12
33175,12086,12
33176,12086,12
33177,12086,12
33178,12086,12
33179,12086,12
33180,12086,12
33181,12086,12
33182,12086,12
33183,12086,12
33184,12086,12
33185,12086,12
33186,12086,12
33187,12086,12
33189,12086,12
33190,12086,12
33193,12086,12
33194,12086,12
33196,12086,12
33301,12011,12
33304,12011,12
33305,12011,12
33306,12011,12
33308,12011,12
33309,12011,12
33311,12011,12
33312,12011,12
33313,12011,12
33314,12011,12
33315,12011,12
33316,12011,12
33317,12011,12
33319,12011,12
33321,12011,12
33322,12011,12
33323,12011,12
33324,12011,12
33325,12011,12
33326,12011,12
33327,12011,12
33328,12011,12
33330,12011,12
33331,12011,12
33332,12011,12
33334,12011,12
33351,12011,12
33388,12011,12
33401,12099,12
33403,12099,12
33404,12099,12
33405,12099,12
33406,12099,12
33407,12099,12
33408,12099,12
33409,12099,12
33410,12099,12
33411,12099,12
33412,12099,12
33413,12099,12
33414,12099,12
33415,12099,12
33417,12099,12
33418,12099,12
33426,12099,12
33428,12099,12
33430,12099,12
33431,12099,12
33432,12099,12
33433,12099,12
33434,12099,12
33435,12099,12
33436,12099,12
33437,12099,12
33438,12085,12
33440,12051,12
33441,12011,12
33442,12011,12
33444,12099,12
33445,12099,12
33446,12099,12
33449,12099,12
33455,12085,12
33458,12099,12
33460,12099,12
33461,12099,12
33462,12099,12
33463,12099,12
33467,12099,12
33469,12085,12
33470,12099,12
33471,12043,12
33472,12099,12
33473,12099,12
33476,12099,12
33477,12099,12
33478,12099,12
33480,12099,12
33483,12099,12
33484,12099,12
33486,12099,12
33487,12099,12
33493,12099,12
33496,12099,12
33498,12099,12
33503,12057,12
33510,12057,12
33511,12057,12
33513,12119,12
33514,12119,12
33521,12119,12
33523,12101,12
33525,12101,12
33527,12057,12
33530,12057,12
33534,12057,12
33538,12119,12
33540,12101,12
33541,12101,12
33542,12101,12
33543,12101,12
33544,12101,12
33545,12101,12
33547,12057,12
33548,12057,12
33549,12057,12
33550,12057,12
33556,12057,12
33558,12057,12
33559,12057,12
33563,12057,12
33565,12057,12
33566,12057,12
33567,12057,12
33569,12057,12
33570,12057,12
33572,12057,12
33573,12057,12
33574,12101,12
33576,12101,12
33578,12057,12
33579,12057,12
33584,12057,12
33585,12119,12
33592,12057,12
33594,12057,12
33596,12057,12
33597,12119,12
33598,12057,12
33602,12057,12
33603,12057,12
33604,12057,12
33605,12057,12
33606,12057,12
33607,12057,12
33609,12057,12
33610,12057,12
33611,12057,12
33612,12057,12
33613,12057,12
33614,12057,12
33615,12057,12
33616,12057,12
33617,12057,12
33618,12057,12
33619,12057,12
33620,12057,12
33621,12057,12
33624,12057,12
33625,12057,12
33626,12057,12
33629,12057,12
33634,12057,12
33635,12057,12
33637,12057,12
33647,12057,12
33701,12103,12
33702,12103,12
33703,12103,12
33704,12103,12
33705,12103,12
33706,12103,12
33707,12103,12
33708,12103,12
33709,12103,12
33710,12103,12
33711,12103,12
33712,12103,12
33713,12103,12
33714,12103,12
33715,12103,12
33716,12103,12
33744,12103,12
33755,12103,12
33756,12103,12
33759,12103,12
33760,12103,12
33761,12103,12
33762,12103,12
33763,12103,12
33764,12103,12
33765,12103,12
33767,12103,12
33770,12103,12
33771,12103,12
33772,12103,12
33773,12103,12
33774,12103,12
33776,12103,12
33777,12103,12
33778,12103,12
33781,12103,12
33782,12103,12
33785,12103,12
33786,12103,12
33801,12105,12
33803,12105,12
33805,12105,12
33809,12105,12
33810,12105,12
33811,12105,12
33812,12105,12
33813,12105,12
33815,12105,12
33823,12105,12
33825,12055,12
33827,12105,12
33830,12105,12
33834,12049,12
33835,12105,12
33837,12105,12
33838,12105,12
33839,12105,12
33840,12105,12
33841,12105,12
33843,12105,12
33844,12105,12
33847,12105,12
33848,12097,12
33849,12105,12
33850,12105,12
33851,12105,12
33852,12055,12
33853,12105,12
33854,12105,12
33855,12105,12
33856,12105,12
33857,12055,12
33858,12105,12
33859,12105,12
33860,12105,12
33865,12049,12
33867,12105,12
33868,12105,12
33870,12055,12
33872,12055,12
33873,12049,12
33875,12055,12
33876,12055,12
33877,12105,12
33880,12105,12
33881,12105,12
33884,12105,12
33890,12049,12
33896,12097,12
33897,12105,12
33898,12105,12
33901,12071,12
33903,12071,12
33904,12071,12
33905,12071,12
33907,12071,12
33908,12071,12
33909,12071,12
33912,12071,12
33913,12071,12
33914,12071,12
33916,12071,12
33917,12071,12
33919,12071,12
33920,12071,12
33921,12071,12
33922,12071,12
33924,12071,12
33928,12071,12
33930,12051,12
33931,12071,12
33935,12051,12
33936,12051,12
33944,12043,12
33946,12015,12
33947,12015,12
33948,12015,12
33950,12015,12
33952,12015,12
33953,12015,12
33954,12015,12
33955,12015,12
33956,12071,12
33957,12071,12
33960,12055,12
33965,12071,12
33966,12071,12
33967,12071,12
33971,12071,12
33972,12071,12
33973,12071,12
33974,12071,12
33976,12071,12
33980,12015,12
33981,12015,12
33982,12015,12
33983,12015,12
33990,12071,12
33991,12071,12
33993,12071,12
34101,12021,12
34102,12021,12
34103,12021,12
34104,12021,12
34105,12021,12
34108,12021,12
34109,12021,12
34110,12021,12
34112,12021,12
34113,12021,12
34114,12021,12
34116,12021,12
34117,12021,12
34119,12021,12
34120,12021,12
34134,12071,12
34135,12071,12
34137,12021,12
34138,12021,12
34139,12021,12
34140,12021,12
34141,12021,12
34142,12021,12
34145,12021,12
34201,12081,12
34202,12081,12
34203,12081,12
34205,12081,12
34207,12081,12
34208,12081,12
34209,12081,12
34210,12081,12
34211,12081,12
34212,12081,12
34215,12081,12
34216,12081,12
34217,12081,12
34219,12081,12
34221,12081,12
34222,12081,12
34223,12115,12
34224,12015,12
34228,12115,12
34229,12115,12
34231,12115,12
34232,12115,12
34233,12115,12
34234,12115,12
34235,12115,12
34236,12115,12
34237,12115,12
34238,12115,12
34239,12115,12
34240,12115,12
34241,12115,12
34242,12115,12
34243,12081,12
34250,12081,12
34251,12081,12
34266,12027,12
34267,12027,12
34268,12027,12
34269,12027,12
34275,12115,12
34285,12115,12
34286,12115,12
34287,12115,12
34288,12115,12
34289,12115,12
34291,12115,12
34292,12115,12
34293,12115,12
34420,12083,12
34428,12017,12
34429,12017,12
34431,12083,12
34432,12083,12
34433,12017,12
34434,12017,12
34436,12017,12
34442,12017,12
34445,12017,12
34446,12017,12
34448,12017,12
34449,12075,12
34450,12017,12
34452,12017,12
34453,12017,12
34461,12017,12
34465,12017,12
34470,12083,12
34471,12083,12
34472,12083,12
34473,12083,12
34474,12083,12
34475,12083,12
34476,12083,12
34479,12083,12
34480,12083,12
34481,12083,12
34482,12083,12
34484,12119,12
34487,12017,12
34488,12083,12
34491,12083,12
34498,12075,12
34601,12053,12
34602,12053,12
34604,12053,12
34606,12053,12
34607,12053,12
34608,12053,12
34609,12053,12
34610,12101,12
34613,12053,12
34614,12053,12
34637,12101,12
34638,12101,12
34639,12101,12
34652,12101,12
34653,12101,12
34654,12101,12
34655,12101,12
34661,12053,12
34667,12101,12
34668,12101,12
34669,12101,12
34677,12103,12
34679,12101,12
34681,12103,12
34683,12103,12
34684,12103,12
34685,12103,12
34688,12103,12
34689,12103,12
34690,12101,12
34691,12101,12
34695,12103,12
34698,12103,12
34705,12069,12
34711,12069,12
34714,12069,12
34715,12069,12
34729,12069,12
34731,12069,12
34734,12095,12
34736,12069,12
34737,12069,12
34739,12097,12
34741,12097,12
34743,12097,12
34744,12097,12
34746,12097,12
34747,12097,12
34748,12069,12
34753,12069,12
34756,12069,12
34758,12097,12
34759,12105,12
34760,12095,12
34761,12095,12
34762,12069,12
34769,12097,12
34771,12097,12
34772,12097,12
34773,12097,12
34785,12119,12
34786,12095,12
34787,12095,12
34788,12069,12
34797,12069,12
34945,12111,12
34946,12111,12
34947,12111,12
34949,12111,12
34950,12111,12
34951,12111,12
34952,12111,12
34953,12111,12
34956,12085,12
34957,12085,12
34972,12093,12
34974,12043,12
34981,12111,12
34982,12111,12
34983,12111,12
34984,12111,12
34986,12111,12
34987,12111,12
34990,12085,12
34994,12085,12
34996,12085,12
34997,12085,12
35004,01115,01
35005,01073,01
35006,01073,01
35007,01117,01
35010,01123,01
35013,01009,01
35014,01121,01
35016,01095,01
35019,01043,01
35020,01073,01
35022,01073,01
35023,01073,01
35031,01009,01
35032,01121,01
35033,01043,01
35034,01007,01
35035,01007,01
35036,01073,01
35040,01117,01
35042,01007,01
35043,01117,01
35044,01121,01
35045,01021,01
35046,01021,01
35049,01009,01
35051,01117,01
35052,01115,01
35053,01043,01
35054,01115,01
35055,01043,01
35057,01043,01
35058,01043,01
35060,01073,01
35061,01073,01
35062,01073,01
35063,01127,01
35064,01073,01
35068,01073,01
35070,01043,01
35071,01073,01
35072,01037,01
35073,01073,01
35074,01007,01
35077,01043,01
35078,01117,01
35079,01009,01
35080,01117,01
35082,01027,01
35083,01043,01
35085,01021,01
35087,01043,01
35089,01037,01
35091,01073,01
35094,01073,01
35096,01121,01
35097,01009,01
35098,01043,01
35111,01073,01
35112,01115,01
35114,01117,01
35115,01117,01
35116,01073,01
35117,01073,01
35118,01073,01
35119,01073,01
35120,01115,01
35121,01009,01
35124,01117,01
35125,01115,01
35126,01073,01
35127,01073,01
35128,01115,01
35130,01127,01
35131,01115,01
35133,01009,01
35135,01115,01
35136,01037,01
35143,01117,01
35146,01115,01
35147,01117,01
35148,01127,01
35149,01121,01
35150,01121,01
35151,01121,01
35160,01121,01
35171,01021,01
35172,01009,01
35173,01073,01
35175,01095,01
35176,01117,01
35178,01117,01
35179,01043,01
35180,01073,01
35181,01073,01
35183,01037,01
35184,01007,01
35185,01117,01
35186,01117,01
35188,01007,01
35203,01073,01
35204,01073,01
35205,01073,01
35206,01073,01
35207,01073,01
35208,01073,01
35209,01073,01
35210,01073,01
35211,01073,01
35212,01073,01
35213,01073,01
35214,01073,01
35215,01073,01
35216,01073,01
35217,01073,01
35218,01073,01
35221,01073,01
35222,01073,01
35223,01073,01
35224,01073,01
35226,01073,01
35228,01073,01
35229,01073,01
35233,01073,01
35234,01073,01
35235,01073,01
35242,01117,01
35243,01073,01
35244,01117,01
35249,01073,01
35254,01073,01
35401,01125,01
35404,01125,01
35405,01125,01
35406,01125,01
35441,01065,01
35442,01107,01
35443,01063,01
35444,01125,01
35446,01125,01
35447,01107,01
35452,01125,01
35453,01125,01
35456,01125,01
35457,01125,01
35458,01125,01
35459,01119,01
35460,01119,01
35461,01107,01
35462,01063,01
35463,01125,01
35464,01119,01
35466,01107,01
35469,01063,01
35470,01119,01
35473,01125,01
35474,01065,01
35475,01125,01
35476,01125,01
35477,01119,01
35480,01125,01
35481,01107,01
35487,01125,01
35490,01125,01
35491,01063,01
35501,01127,01
35503,01127,01
35504,01127,01
35540,01133,01
35541,01133,01
35542,01057,01
35543,01093,01
35544,01075,01
35545,01057,01
35546,01125,01
35548,01093,01
35549,01057,01
35550,01127,01
35552,01093,01
35553,01133,01
35554,01057,01
35555,01057,01
35559,01057,01
35563,01093,01
35564,01093,01
35565,01133,01
35570,01093,01
35571,01059,01
35572,01133,01
35573,01127,01
35574,01075,01
35575,01133,01
35576,01075,01
35577,01133,01
35578,01127,01
35579,01127,01
35580,01127,01
35581,01059,01
35582,01059,01
35584,01127,01
35585,01059,01
35586,01075,01
35587,01127,01
35592,01075,01
35593,01059,01
35594,01057,01
35601,01103,01
35603,01103,01
35610,01077,01
35611,01083,01
35613,01083,01
35614,01083,01
35615,01083,01
35616,01033,01
35618,01079,01
35619,01079,01
35620,01083,01
35621,01103,01
35622,01103,01
35630,01077,01
35632,01077,01
35633,01077,01
35634,01077,01
35640,01103,01
35643,01079,01
35645,01077,01
35646,01033,01
35647,01083,01
35648,01077,01
35649,01083,01
35650,01079,01
35651,01079,01
35652,01077,01
35653,01059,01
35654,01059,01
35660,01033,01
35661,01033,01
35670,01103,01
35671,01083,01
35672,01079,01
35673,01079,01
35674,01033,01
35677,01077,01
35739,01083,01
35740,01071,01
35741,01089,01
35744,01071,01
35745,01071,01
35746,01071,01
35747,01095,01
35748,01089,01
35749,01089,01
35750,01089,01
35751,01071,01
35752,01071,01
35754,01103,01
35755,01095,01
35756,01083,01
35757,01089,01
35758,01089,01
35759,01089,01
35760,01089,01
35761,01089,01
35763,01089,01
35764,01071,01
35765,01071,01
35766,01071,01
35768,01071,01
35769,01071,01
35771,01071,01
35772,01071,01
35773,01089,01
35774,01071,01
35775,01103,01
35776,01071,01
35801,01089,01
35802,01089,01
35803,01089,01
35805,01089,01
35806,01089,01
35808,01089,01
35810,01089,01
35811,01089,01
35816,01089,01
35824,01089,01
35896,01089,01
35901,01055,01
35903,01055,01
35904,01055,01
35905,01055,01
35906,01055,01
35907,01055,01
35950,01095,01
35951,01095,01
35952,01055,01
35953,01115,01
35954,01055,01
35956,01055,01
35957,01095,01
35958,01071,01
35959,01019,01
35960,01019,01
35961,01049,01
35962,01049,01
35963,01049,01
35966,01071,01
35967,01049,01
35968,01049,01
35971,01049,01
35972,01055,01
35973,01019,01
35974,01049,01
35975,01049,01
35976,01095,01
35978,01049,01
35979,01049,01
35980,01095,01
35981,01049,01
35983,01019,01
35984,01049,01
35986,01049,01
35987,01115,01
35988,01049,01
35989,01049,01
35990,01055,01
36003,01001,01
36005,01109,01
36006,01001,01
36008,01001,01
36009,01041,01
36010,01109,01
36013,01101,01
36016,01005,01
36017,01005,01
36020,01051,01
36022,01051,01
36024,01051,01
36025,01051,01
36026,01037,01
36027,01005,01
36028,01039,01
36029,01011,01
36030,01013,01
36031,01087,01
36032,01085,01
36033,01013,01
36034,01109,01
36035,01109,01
36036,01101,01
36037,01013,01
36038,01039,01
36039,01087,01
36040,01085,01
36041,01041,01
36042,01041,01
36043,01085,01
36046,01041,01
36047,01085,01
36048,01005,01
36049,01041,01
36051,01001,01
36052,01101,01
36053,01005,01
36054,01051,01
36057,01101,01
36064,01101,01
36066,01001,01
36067,01001,01
36069,01101,01
36071,01041,01
36075,01087,01
36078,01051,01
36079,01109,01
36080,01051,01
36081,01109,01
36082,01109,01
36083,01087,01
36088,01087,01
36089,01011,01
36091,01021,01
36092,01051,01
36093,01051,01
36101,01101,01
36104,01101,01
36105,01101,01
36106,01101,01
36107,01101,01
36108,01101,01
36109,01101,01
36110,01101,01
36111,01101,01
36112,01101,01
36113,01101,01
36114,01101,01
36115,01101,01
36116,01101,01
36117,01101,01
36130,01101,01
36201,01015,01
36203,01015,01
36205,01015,01
36206,01015,01
36207,01015,01
36250,01015,01
36251,01027,01
36255,01027,01
36256,01123,01
36258,01029,01
36260,01121,01
36262,01029,01
36263,01111,01
36264,01029,01
36265,01015,01
36266,01027,01
36267,01027,01
36268,01121,01
36269,01029,01
36271,01015,01
36272,01019,01
36273,01029,01
36274,01111,01
36276,01111,01
36277,01015,01
36278,01111,01
36279,01015,01
36280,01111,01
36301,01069,01
36303,01069,01
36305,01069,01
36310,01067,01
36311,01045,01
36312,01069,01
36313,01061,01
36314,01061,01
36316,01061,01
36317,01067,01
36318,01061,01
36319,01067,01
36320,01069,01
36321,01069,01
36322,01045,01
36323,01031,01
36330,01031,01
36340,01061,01
36343,01069,01
36344,01061,01
36345,01067,01
36346,01031,01
36350,01045,01
36351,01031,01
36352,01069,01
36353,01067,01
36360,01045,01
36362,01045,01
36370,01069,01
36371,01045,01
36373,01067,01
36374,01045,01
36375,01061,01
36376,01069,01
36401,01035,01
36420,01039,01
36421,01039,01
36425,01099,01
36426,01053,01
36432,01035,01
36435,01131,01
36436,01025,01
36439,01099,01
36441,01053,01
36442,01039,01
36444,01099,01
36445,01099,01
36446,01025,01
36451,01025,01
36453,01031,01
36454,01035,01
36455,01039,01
36456,01035,01
36460,01099,01
36467,01039,01
36470,01099,01
36471,01099,01
36473,01035,01
36474,01039,01
36475,01035,01
36476,01039,01
36477,01061,01
36480,01099,01
36481,01099,01
36482,01025,01
36483,01039,01
36502,01053,01
36503,01053,01
36505,01097,01
36507,01003,01
36509,01097,01
36511,01003,01
36512,01097,01
36513,01129,01
36518,01129,01
36521,01097,01
36522,01097,01
36523,01097,01
36524,01025,01
36525,01097,01
36526,01003,01
36527,01003,01
36528,01097,01
36529,01129,01
36530,01003,01
36532,01003,01
36535,01003,01
36538,01129,01
36539,01129,01
36540,01025,01
36541,01097,01
36542,01003,01
36543,01053,01
36544,01097,01
36545,01025,01
36547,01003,01
36548,01129,01
36549,01003,01
36550,01003,01
36551,01003,01
36553,01129,01
36555,01003,01
36556,01129,01
36558,01129,01
36559,01003,01
36560,01097,01
36561,01003,01
36562,01003,01
36564,01003,01
36567,01003,01
36568,01097,01
36569,01129,01
36571,01097,01
36572,01097,01
36574,01003,01
36575,01097,01
36576,01003,01
36578,01003,01
36579,01003,01
36580,01003,01
36581,01129,01
36582,01097,01
36583,01129,01
36584,01129,01
36585,01129,01
36587,01097,01
36602,01097,01
36603,01097,01
36604,01097,01
36605,01097,01
36606,01097,01
36607,01097,01
36608,01097,01
36609,01097,01
36610,01097,01
36611,01097,01
36612,01097,01
36613,01097,01
36615,01097,01
36617,01097,01
36618,01097,01
36619,01097,01
36652,01097,01
36663,01097,01
36688,01097,01
36693,01097,01
36695,01097,01
36701,01047,01
36703,01047,01
36720,01131,01
36722,01131,01
36723,01131,01
36726,01131,01
36727,01025,01
36728,01131,01
36732,01091,01
36736,01091,01
36738,01091,01
36740,01063,01
36741,01131,01
36742,01091,01
36744,01065,01
36748,01091,01
36749,01001,01
36750,01021,01
36751,01025,01
36752,01085,01
36753,01131,01
36754,01091,01
36756,01105,01
36758,01021,01
36759,01047,01
36761,01047,01
36763,01091,01
36764,01091,01
36765,01105,01
36766,01131,01
36767,01047,01
36768,01131,01
36769,01131,01
36773,01047,01
36775,01047,01
36776,01065,01
36782,01091,01
36783,01091,01
36784,01025,01
36785,01085,01
36786,01105,01
36790,01021,01
36792,01007,01
36793,01007,01
36801,01081,01
36804,01081,01
36830,01081,01
36832,01081,01
36849,01081,01
36850,01123,01
36851,01113,01
36852,01017,01
36853,01123,01
36854,01017,01
36855,01017,01
36856,01113,01
36858,01113,01
36860,01113,01
36861,01123,01
36862,01017,01
36863,01017,01
36865,01081,01
36866,01087,01
36867,01113,01
36869,01113,01
36870,01081,01
36871,01113,01
36874,01081,01
36875,01113,01
36877,01081,01
36879,01017,01
36901,01119,01
36904,01023,01
36907,01119,01
36908,01023,01
36910,01023,01
36912,01023,01
36913,01023,01
36915,01023,01
36916,01023,01
36919,01023,01
36921,01023,01
36922,01023,01
36925,01119,01
37010,47147,47
37012,47041,47
37013,47037,47
37014,47187,47
37015,47021,47
37016,47189,47
37018,47031,47
37019,47117,47
37020,47003,47
37022,47165,47
37023,47161,47
37025,47081,47
37026,47015,47
37027,47187,47
37028,47161,47
37029,47043,47
37030,47159,47
37031,47165,47
37032,47147,47
37033,47081,47
37034,47117,47
37035,47021,47
37036,47043,47
37037,47149,47
37040,47125,47
37042,47125,47
37043,47125,47
37046,47187,47
37047,47117,47
37048,47165,47
37049,47147,47
37050,47161,47
37051,47043,47
37052,47125,47
37055,47043,47
37057,47169,47
37058,47161,47
37059,47041,47
37060,47149,47
37061,47083,47
37062,47187,47
37064,47187,47
37066,47165,47
37067,47187,47
37069,47187,47
37072,47037,47
37073,47147,47
37074,47169,47
37075,47165,47
37076,47037,47
37078,47085,47
37079,47161,47
37080,47037,47
37082,47021,47
37083,47111,47
37085,47149,47
37086,47149,47
37087,47189,47
37090,47189,47
37091,47117,47
37095,47041,47
37096,47135,47
37097,47135,47
37098,47081,47
37101,47085,47
37110,47177,47
37115,47037,47
37118,47149,47
37122,47189,47
37127,47149,47
37128,47149,47
37129,47149,47
37130,47149,47
37132,47149,47
37134,47085,47
37135,47187,47
37137,47081,47
37138,47037,47
37140,47081,47
37141,47147,47
37142,47125,47
37143,47021,47
37144,47103,47
37145,47159,47
37146,47147,47
37148,47165,47
37149,47149,47
37150,47111,47
37151,47159,47
37153,47149,47
37160,47003,47
37165,47043,47
37166,47041,47
37167,47149,47
37171,47125,47
37172,47147,47
37174,47119,47
37175,47083,47
37178,47083,47
37179,47187,47
37180,47003,47
37181,47043,47
37183,47003,47
37184,47189,47
37185,47085,47
37186,47165,47
37187,47043,47
37188,47147,47
37189,47037,47
37190,47015,47
37191,47125,47
37201,47037,47
37203,47037,47
37204,47037,47
37205,47037,47
37206,47037,47
37207,47037,47
37208,47037,47
37209,47037,47
37210,47037,47
37211,47037,47
37212,47037,47
37213,47037,47
37214,47037,47
37215,47037,47
37216,47037,47
37217,47037,47
37218,47037,47
37219,47037,47
37220,47037,47
37221,47037,47
37228,47037,47
37232,47037,47
37238,47037,47
37301,47061,47
37302,47065,47
37303,47107,47
37305,47061,47
37306,47051,47
37307,47139,47
37308,47065,47
37309,47107,47
37310,47011,47
37311,47011,47
37312,47011,47
37313,47061,47
37315,47065,47
37316,47139,47
37317,47139,47
37318,47051,47
37321,47143,47
37322,47121,47
37323,47011,47
37324,47051,47
37325,47139,47
37326,47139,47
37327,47153,47
37328,47103,47
37329,47107,47
37330,47051,47
37331,47107,47
37332,47143,47
37333,47139,47
37334,47103,47
37335,47103,47
37336,47065,47
37337,47143,47
37338,47007,47
37339,47061,47
37340,47115,47
37341,47065,47
37342,47031,47
37343,47065,47
37345,47051,47
37347,47115,47
37348,47103,47
37350,47065,47
37351,47065,47
37352,47127,47
37353,47011,47
37354,47123,47
37355,47031,47
37356,47115,47
37357,47177,47
37359,47103,47
37360,47003,47
37361,47139,47
37362,47139,47
37363,47065,47
37365,47061,47
37366,47061,47
37367,47007,47
37369,47139,47
37370,47107,47
37373,47065,47
37374,47115,47
37375,47051,47
37376,47051,47
37377,47065,47
37379,47065,47
37380,47115,47
37381,47143,47
37383,47051,47
37385,47123,47
37387,47061,47
37388,47031,47
37391,47139,47
37394,47177,47
37396,47115,47
37397,47115,47
37398,47051,47
37402,47065,47
37403,47065,47
37404,47065,47
37405,47115,47
37406,47065,47
37407,47065,47
37408,47065,47
37409,47065,47
37410,47065,47
37411,47065,47
37412,47065,47
37415,47065,47
37416,47065,47
37419,47115,47
37421,47065,47
37450,47065,47
37601,47179,47
37604,47179,47
37614,47179,47
37615,47179,47
37616,47059,47
37617,47163,47
37618,47163,47
37620,47163,47
37640,47091,47
37641,47059,47
37642,47073,47
37643,47019,47
37645,47073,47
37650,47171,47
37656,47179,47
37657,47171,47
37658,47019,47
37659,47179,47
37660,47163,47
37663,47163,47
37664,47163,47
37665,47163,47
37680,47091,47
37681,47179,47
37682,47019,47
37683,47091,47
37686,47163,47
37687,47019,47
37688,47091,47
37690,47179,47
37691,47091,47
37692,47171,47
37694,47019,47
37701,47009,47
37705,47001,47
37708,47057,47
37709,47057,47
37710,47001,47
37711,47073,47
37713,47029,47
37714,47013,47
37715,47025,47
37716,47001,47
37719,47129,47
37721,47093,47
37722,47029,47
37723,47035,47
37724,47025,47
37725,47089,47
37726,47129,47
37727,47029,47
37729,47013,47
37730,47025,47
37731,47073,47
37732,47151,47
37733,47129,47
37737,47009,47
37738,47155,47
37742,47105,47
37743,47059,47
37745,47059,47
37748,47145,47
37752,47025,47
37753,47029,47
37754,47001,47
37755,47151,47
37756,47151,47
37757,47013,47
37760,47089,47
37762,47013,47
37763,47145,47
37764,47155,47
37765,47067,47
37766,47013,47
37769,47001,47
37770,47129,47
37771,47105,47
37772,47105,47
37774,47105,47
37777,47009,47
37779,47173,47
37801,47009,47
37803,47009,47
37804,47009,47
37806,47093,47
37807,47173,47
37809,47059,47
37810,47059,47
37811,47073,47
37813,47063,47
37814,47063,47
37818,47059,47
37819,47013,47
37820,47089,47
37821,47029,47
37825,47025,47
37826,47107,47
37828,47001,47
37829,47129,47
37830,47001,47
37840,47129,47
37841,47151,47
37843,47029,47
37845,47129,47
37846,47105,47
37847,47013,47
37848,47057,47
37849,47093,47
37851,47025,47
37852,47151,47
37853,47009,47
37854,47145,47
37857,47073,47
37860,47063,47
37861,47057,47
37862,47155,47
37863,47155,47
37865,47155,47
37866,47173,47
37869,47067,47
37870,47025,47
37871,47093,47
37872,47129,47
37873,47073,47
37874,47123,47
37876,47155,47
37877,47089,47
37878,47009,47
37879,47025,47
37880,47121,47
37881,47057,47
37882,47009,47
37885,47123,47
37886,47009,47
37887,47129,47
37888,47057,47
37890,47089,47
37891,47063,47
37892,47151,47
37902,47093,47
37909,47093,47
37912,47093,47
37914,47093,47
37915,47093,47
37916,47093,47
37917,47093,47
37918,47093,47
37919,47093,47
37920,47093,47
37921,47093,47
37922,47093,47
37923,47093,47
37924,47093,47
37929,47093,47
37931,47093,47
37932,47093,47
37934,47093,47
37938,47093,47
38001,47033,47
38002,47157,47
38004,47167,47
38006,47075,47
38007,47045,47
38008,47069,47
38011,47167,47
38012,47075,47
38015,47167,47
38016,47157,47
38017,47157,47
38018,47157,47
38019,47167,47
38021,47033,47
38023,47167,47
38024,47045,47
38028,47047,47
38029,47157,47
38030,47045,47
38034,47033,47
38036,47047,47
38037,47075,47
38039,47069,47
38040,47097,47
38041,47097,47
38042,47069,47
38044,47069,47
38046,47047,47
38047,47045,47
38049,47047,47
38050,47033,47
38052,47069,47
38053,47157,47
38054,47157,47
38057,47047,47
38058,47167,47
38059,47045,47
38060,47047,47
38061,47109,47
38063,47097,47
38066,47047,47
38067,47069,47
38068,47047,47
38069,47075,47
38070,47045,47
38075,47069,47
38076,47047,47
38077,47095,47
38079,47095,47
38080,47095,47
38103,47157,47
38104,47157,47
38105,47157,47
38106,47157,47
38107,47157,47
38108,47157,47
38109,47157,47
38111,47157,47
38112,47157,47
38113,47157,47
38114,47157,47
38115,47157,47
38116,47157,47
38117,47157,47
38118,47157,47
38119,47157,47
38120,47157,47
38122,47157,47
38125,47157,47
38126,47157,47
38127,47157,47
38128,47157,47
38131,47157,47
38132,47157,47
38133,47157,47
38134,47157,47
38135,47157,47
38138,47157,47
38139,47157,47
38141,47157,47
38152,47157,47
38201,47017,47
38220,47017,47
38221,47005,47
38222,47079,47
38224,47079,47
38225,47183,47
38226,47183,47
38229,47183,47
38230,47183,47
38231,47079,47
38232,47131,47
38233,47053,47
38235,47017,47
38236,47079,47
38237,47183,47
38240,47131,47
38241,47183,47
38242,47079,47
38251,47079,47
38253,47131,47
38254,47131,47
38255,47183,47
38256,47079,47
38257,47131,47
38258,47017,47
38259,47131,47
38260,47131,47
38261,47131,47
38301,47113,47
38305,47113,47
38310,47109,47
38311,47039,47
38313,47113,47
38315,47109,47
38316,47053,47
38317,47017,47
38318,47017,47
38320,47005,47
38321,47017,47
38326,47071,47
38327,47071,47
38328,47077,47
38329,47039,47
38330,47053,47
38332,47023,47
38333,47005,47
38334,47109,47
38337,47033,47
38338,47053,47
38339,47109,47
38340,47023,47
38341,47005,47
38342,47017,47
38343,47053,47
38344,47017,47
38345,47077,47
38347,47023,47
38348,47017,47
38351,47077,47
38352,47023,47
38355,47113,47
38356,47113,47
38357,47109,47
38358,47053,47
38359,47071,47
38361,47071,47
38362,47113,47
38363,47039,47
38365,47071,47
38366,47113,47
38367,47109,47
38368,47077,47
38369,47053,47
38370,47071,47
38371,47077,47
38372,47071,47
38374,47039,47
38375,47109,47
38376,47071,47
38379,47109,47
38380,47039,47
38381,47069,47
38382,47053,47
38387,47017,47
38388,47077,47
38389,47053,47
38390,47017,47
38391,47113,47
38392,47113,47
38401,47119,47
38425,47181,47
38449,47103,47
38450,47181,47
38451,47119,47
38452,47181,47
38453,47103,47
38454,47081,47
38455,47055,47
38456,47099,47
38457,47099,47
38459,47103,47
38460,47055,47
38461,47101,47
38462,47101,47
38463,47181,47
38464,47099,47
38468,47099,47
38469,47099,47
38471,47181,47
38472,47055,47
38473,47055,47
38474,47119,47
38475,47071,47
38476,47187,47
38477,47055,47
38478,47055,47
38481,47099,47
38482,47119,47
38483,47099,47
38485,47181,47
38486,47099,47
38487,47119,47
38488,47103,47
38501,47141,47
38503,47141,47
38504,47049,47
38505,47141,47
38506,47141,47
38541,47133,47
38542,47133,47
38543,47133,47
38544,47141,47
38545,47087,47
38547,47159,47
38548,47141,47
38549,47137,47
38550,47177,47
38551,47027,47
38552,47159,47
38553,47049,47
38554,47133,47
38555,47035,47
38556,47049,47
38558,47035,47
38559,47175,47
38560,47159,47
38562,47087,47
38563,47159,47
38564,47087,47
38565,47049,47
38567,47159,47
38568,47133,47
38569,47159,47
38570,47133,47
38571,47035,47
38572,47035,47
38573,47133,47
38574,47141,47
38575,47027,47
38577,47137,47
38578,47035,47
38579,47185,47
38580,47133,47
38581,47177,47
38582,47141,47
38583,47185,47
38585,47175,47
38587,47185,47
38588,47087,47
38589,47049,47
38601,28071,28
38603,28009,28
38606,28107,28
38610,28139,28
38611,28093,28
38614,28027,28
38617,28027,28
38618,28137,28
38619,28107,28
38620,28107,28
38621,28107,28
38622,28107,28
38623,28119,28
38625,28139,28
38626,28143,28
38627,28071,28
38629,28139,28
38631,28027,28
38632,28033,28
38633,28009,28
38635,28093,28
38637,28033,28
38639,28027,28
38641,28033,28
38642,28009,28
38643,28119,28
38644,28027,28
38645,28027,28
38646,28119,28
38647,28009,28
38650,28145,28
38651,28033,28
38652,28145,28
38654,28033,28
38655,28071,28
38658,28107,28
38659,28093,28
38661,28093,28
38663,28139,28
38664,28143,28
38665,28137,28
38666,28107,28
38668,28137,28
38670,28119,28
38671,28033,28
38672,28033,28
38673,28071,28
38674,28139,28
38676,28143,28
38677,28071,28
38680,28033,28
38683,28139,28
38685,28093,28
38701,28151,28
38703,28151,28
38720,28027,28
38721,28125,28
38722,28151,28
38723,28151,28
38725,28011,28
38726,28011,28
38730,28011,28
38731,28151,28
38732,28011,28
38733,28011,28
38736,28133,28
38737,28133,28
38738,28133,28
38740,28011,28
38744,28151,28
38745,28055,28
38746,28011,28
38748,28151,28
38751,28133,28
38753,28133,28
38754,28053,28
38756,28151,28
38759,28011,28
38760,28151,28
38761,28133,28
38762,28011,28
38764,28011,28
38765,28125,28
38767,28027,28
38768,28133,28
38769,28011,28
38771,28133,28
38772,28011,28
38773,28011,28
38774,28011,28
38776,28151,28
38778,28133,28
38781,28011,28
38801,28081,28
38804,28081,28
38821,28095,28
38824,28117,28
38826,28115,28
38827,28141,28
38828,28145,28
38829,28117,28
38833,28141,28
38834,28003,28
38838,28141,28
38839,28013,28
38841,28115,28
38843,28057,28
38844,28095,28
38846,28003,28
38847,28057,28
38848,28095,28
38849,28081,28
38850,28017,28
38851,28017,28
38852,28141,28
38855,28057,28
38856,28057,28
38857,28081,28
38858,28057,28
38859,28117,28
38860,28017,28
38862,28081,28
38863,28115,28
38864,28115,28
38865,28003,28
38866,28081,28
38868,28081,28
38869,28115,28
38870,28095,28
38871,28115,28
38873,28141,28
38876,28057,28
38878,28013,28
38879,28081,28
38901,28043,28
38913,28013,28
38914,28013,28
38915,28013,28
38916,28013,28
38917,28015,28
38920,28135,28
38921,28135,28
38922,28161,28
38923,28015,28
38924,28051,28
38925,28097,28
38927,28135,28
38928,28135,28
38929,28043,28
38930,28083,28
38940,28043,28
38941,28083,28
38943,28015,28
38944,28083,28
38946,28083,28
38947,28015,28
38948,28161,28
38949,28071,28
38950,28135,28
38951,28013,28
38952,28083,28
38953,28135,28
38954,28083,28
38957,28135,28
38961,28161,28
38962,28135,28
38963,28135,28
38964,28119,28
38965,28161,28
38966,28135,28
38967,28097,28
39038,28053,28
39039,28163,28
39040,28163,28
39041,28049,28
39042,28121,28
39044,28127,28
39045,28089,28
39046,28089,28
39047,28121,28
39051,28079,28
39054,28125,28
39056,28049,28
39057,28101,28
39058,28049,28
39059,28029,28
39061,28125,28
39062,28127,28
39063,28051,28
39066,28049,28
39067,28007,28
39069,28063,28
39071,28089,28
39073,28121,28
39074,28123,28
39078,28029,28
39079,28007,28
39082,28127,28
39083,28029,28
39086,28021,28
39088,28125,28
39090,28007,28
39092,28123,28
39094,28079,28
39095,28051,28
39096,28063,28
39097,28053,28
39108,28007,28
39110,28089,28
39111,28127,28
39113,28055,28
39114,28127,28
39115,28053,28
39116,28129,28
39117,28123,28
39119,28031,28
39120,28001,28
39140,28065,28
39144,28021,28
39145,28121,28
39146,28089,28
39148,28121,28
39149,28127,28
39150,28021,28
39152,28129,28
39153,28129,28
39154,28049,28
39156,28149,28
39157,28089,28
39159,28125,28
39160,28007,28
39162,28163,28
39166,28053,28
39167,28121,28
39168,28129,28
39169,28051,28
39170,28049,28
39173,28163,28
39174,28089,28
39175,28049,28
39176,28015,28
39177,28055,28
39179,28163,28
39180,28149,28
39183,28149,28
39189,28079,28
39191,28029,28
39192,28007,28
39193,28121,28
39194,28163,28
39201,28049,28
39202,28049,28
39203,28049,28
39204,28049,28
39206,28049,28
39208,28121,28
39209,28049,28
39210,28049,28
39211,28049,28
39212,28049,28
39213,28049,28
39216,28049,28
39217,28049,28
39218,28121,28
39232,28121,28
39269,28049,28
39272,28049,28
39301,28075,28
39305,28075,28
39307,28075,28
39309,28075,28
39320,28075,28
39322,28153,28
39323,28101,28
39324,28153,28
39325,28075,28
39326,28069,28
39327,28101,28
39328,28069,28
39330,28023,28
39332,28101,28
39335,28075,28
39336,28101,28
39337,28101,28
39338,28061,28
39339,28159,28
39341,28103,28
39342,28075,28
39345,28101,28
39346,28159,28
39347,28061,28
39348,28061,28
39350,28099,28
39352,28069,28
39354,28069,28
39355,28023,28
39356,28061,28
39358,28069,28
39359,28123,28
39360,28023,28
39361,28103,28
39362,28041,28
39363,28023,28
39364,28075,28
39365,28099,28
39366,28023,28
39367,28153,28
39401,28035,28
39402,28073,28
39406,28035,28
39421,28065,28
39422,28061,28
39423,28111,28
39425,28111,28
39426,28109,28
39427,28065,28
39428,28031,28
39429,28091,28
39437,28067,28
39439,28061,28
39440,28067,28
39443,28067,28
39451,28041,28
39452,28039,28
39455,28073,28
39456,28041,28
39459,28067,28
39461,28041,28
39462,28111,28
39464,28067,28
39465,28035,28
39466,28109,28
39470,28109,28
39474,28065,28
39475,28073,28
39476,28111,28
39477,28067,28
39478,28091,28
39479,28031,28
39480,28067,28
39481,28061,28
39482,28073,28
39483,28091,28
39501,28047,28
39503,28047,28
39507,28047,28
39520,28045,28
39525,28045,28
39529,28045,28
39530,28047,28
39531,28047,28
39532,28047,28
39534,28047,28
39540,28047,28
39553,28059,28
39556,28045,28
39560,28047,28
39561,28131,28
39562,28059,28
39563,28059,28
39564,28059,28
39565,28059,28
39567,28059,28
39571,28047,28
39572,28045,28
39573,28131,28
39574,28047,28
39576,28045,28
39577,28131,28
39581,28059,28
39595,28059,28
39601,28085,28
39629,28085,28
39630,28037,28
39631,28157,28
39633,28157,28
39635,28113,28
39638,28005,28
39641,28077,28
39643,28091,28
39645,28005,28
39647,28037,28
39648,28113,28
39652,28113,28
39653,28037,28
39654,28077,28
39656,28065,28
39657,28113,28
39661,28037,28
39662,28085,28
39663,28077,28
39664,28005,28
39665,28077,28
39666,28113,28
39667,28147,28
39668,28063,28
39669,28157,28
39701,28087,28
39702,28087,28
39705,28087,28
39730,28095,28
39735,28019,28
39736,28087,28
39737,28155,28
39739,28103,28
39740,28087,28
39741,28025,28
39743,28087,28
39744,28155,28
39745,28007,28
39746,28095,28
39747,28097,28
39750,28155,28
39751,28155,28
39752,28019,28
39753,28087,28
39755,28025,28
39756,28025,28
39759,28105,28
39762,28105,28
39766,28087,28
39767,28155,28
39769,28105,28
39771,28155,28
39772,28019,28
39773,28025,28
39776,28017,28
39813,13037,13
39815,13087,13
39817,13087,13
39819,13087,13
39823,13099,13
39824,13061,13
39825,13087,13
39826,13273,13
39827,13131,13
39828,13131,13
39832,13099,13
39834,13087,13
39836,13243,13
39837,13201,13
39840,13243,13
39841,13099,13
39842,13273,13
39845,13253,13
39846,13037,13
39851,13061,13
39854,13239,13
39859,13253,13
39861,13099,13
39862,13037,13
39866,13037,13
39867,13239,13
39870,13007,13
39877,13273,13
39885,13273,13
39886,13243,13
39897,13131,13
40003,21211,21
40004,21179,21
40006,21223,21
40007,21103,21
40008,21179,21
40009,21155,21
40010,21185,21
40011,21103,21
40012,21179,21
40013,21179,21
40014,21185,21
40019,21103,21
40020,21179,21
40022,21211,21
40023,21111,21
40025,21111,21
40026,21185,21
40031,21185,21
40033,21155,21
40036,21103,21
40037,21155,21
40040,21229,21
40041,21111,21
40045,21223,21
40046,21215,21
40047,21029,21
40049,21155,21
40050,21103,21
40051,21179,21
40052,21179,21
40055,21223,21
40056,21185,21
40057,21103,21
40058,21103,21
40059,21185,21
40060,21155,21
40061,21229,21
40062,21155,21
40063,21155,21
40065,21211,21
40067,21211,21
40068,21103,21
40069,21229,21
40070,21103,21
40071,21215,21
40075,21103,21
40076,21211,21
40077,21185,21
40078,21229,21
40104,21163,21
40107,21179,21
40108,21163,21
40109,21029,21
40110,21029,21
40111,21027,21
40115,21027,21
40117,21163,21
40118,21111,21
40119,21027,21
40121,21093,21
40140,21027,21
40142,21163,21
40143,21027,21
40144,21027,21
40145,21027,21
40146,21027,21
40150,21029,21
40152,21027,21
40155,21163,21
40157,21163,21
40160,21093,21
40161,21163,21
40162,21093,21
40165,21029,21
40170,21027,21
40171,21027,21
40175,21163,21
40176,21027,21
40177,21029,21
40178,21027,21
40202,21111,21
40203,21111,21
40204,21111,21
40205,21111,21
40206,21111,21
40207,21111,21
40208,21111,21
40209,21111,21
40210,21111,21
40211,21111,21
40212,21111,21
40213,21111,21
40214,21111,21
40215,21111,21
40216,21111,21
40217,21111,21
40218,21111,21
40219,21111,21
40220,21111,21
40221,21111,21
40222,21111,21
40223,21111,21
40228,21111,21
40229,21111,21
40231,21111,21
40241,21111,21
40242,21111,21
40243,21111,21
40245,21111,21
40258,21111,21
40272,21111,21
40280,21111,21
40291,21111,21
40299,21111,21
40310,21167,21
40311,21181,21
40312,21197,21
40313,21205,21
40316,21165,21
40322,21165,21
40324,21209,21
40328,21155,21
40330,21167,21
40334,21011,21
40336,21065,21
40337,21173,21
40339,21113,21
40342,21005,21
40346,21165,21
40347,21239,21
40348,21017,21
40350,21181,21
40351,21205,21
40353,21173,21
40355,21187,21
40356,21113,21
40357,21017,21
40358,21011,21
40359,21187,21
40360,21011,21
40361,21017,21
40363,21187,21
40370,21209,21
40371,21011,21
40372,21167,21
40374,21011,21
40376,21197,21
40379,21209,21
40380,21197,21
40383,21239,21
40385,21151,21
40387,21165,21
40390,21113,21
40391,21049,21
40402,21109,21
40403,21151,21
40404,21151,21
40409,21203,21
40419,21137,21
40422,21021,21
40434,21109,21
40437,21045,21
40440,21021,21
40442,21137,21
40444,21079,21
40445,21203,21
40447,21109,21
40448,21137,21
40456,21203,21
40460,21203,21
40461,21079,21
40464,21021,21
40468,21021,21
40472,21065,21
40475,21151,21
40481,21109,21
40484,21137,21
40486,21109,21
40489,21137,21
40502,21067,21
40503,21067,21
40504,21067,21
40505,21067,21
40507,21067,21
40508,21067,21
40509,21067,21
40510,21067,21
40511,21067,21
40513,21067,21
40514,21067,21
40515,21067,21
40516,21067,21
40517,21067,21
40526,21067,21
40536,21067,21
40601,21073,21
40701,21235,21
40729,21125,21
40734,21121,21
40737,21125,21
40740,21125,21
40741,21125,21
40744,21125,21
40759,21235,21
40763,21235,21
40769,21235,21
40771,21121,21
40801,21095,21
40803,21131,21
40806,21095,21
40807,21095,21
40808,21131,21
40810,21095,21
40813,21013,21
40815,21095,21
40816,21131,21
40818,21095,21
40819,21095,21
40820,21095,21
40823,21095,21
40824,21095,21
40826,21133,21
40827,21131,21
40828,21095,21
40829,21095,21
40830,21095,21
40831,21095,21
40840,21131,21
40843,21095,21
40844,21131,21
40845,21013,21
40847,21095,21
40849,21095,21
40854,21095,21
40855,21095,21
40856,21013,21
40858,21131,21
40862,21133,21
40863,21095,21
40865,21095,21
40868,21131,21
40870,21095,21
40873,21095,21
40874,21131,21
40902,21013,21
40903,21121,21
40906,21121,21
40913,21013,21
40914,21051,21
40915,21121,21
40921,21121,21
40923,21121,21
40927,21095,21
40935,21121,21
40939,21013,21
40940,21013,21
40941,21051,21
40943,21121,21
40946,21121,21
40949,21121,21
40953,21121,21
40958,21013,21
40962,21051,21
40964,21095,21
40965,21013,21
40972,21051,21
40977,21013,21
40979,21131,21
40981,21193,21
40982,21121,21
40983,21189,21
40988,21013,21
40995,21121,21
40997,21121,21
41001,21037,21
41002,21023,21
41003,21097,21
41004,21023,21
41005,21015,21
41006,21191,21
41007,21037,21
41008,21041,21
41010,21081,21
41011,21117,21
41014,21117,21
41015,21117,21
41016,21117,21
41017,21117,21
41018,21117,21
41030,21081,21
41031,21097,21
41033,21191,21
41034,21161,21
41035,21081,21
41039,21069,21
41040,21191,21
41041,21069,21
41042,21015,21
41043,21023,21
41044,21161,21
41045,21041,21
41046,21187,21
41048,21015,21
41049,21069,21
41051,21117,21
41052,21081,21
41055,21161,21
41056,21161,21
41059,21037,21
41063,21117,21
41064,21201,21
41071,21037,21
41073,21037,21
41074,21037,21
41075,21037,21
41076,21037,21
41080,21015,21
41083,21041,21
41085,21037,21
41086,21077,21
41091,21015,21
41092,21015,21
41093,21069,21
41094,21015,21
41095,21077,21
41097,21081,21
41098,21187,21
41101,21019,21
41102,21019,21
41121,21089,21
41124,21127,21
41129,21019,21
41132,21043,21
41135,21135,21
41139,21089,21
41141,21135,21
41142,21043,21
41143,21043,21
41144,21089,21
41146,21043,21
41149,21063,21
41159,21127,21
41164,21043,21
41166,21135,21
41168,21019,21
41169,21089,21
41171,21063,21
41174,21089,21
41175,21089,21
41179,21135,21
41180,21127,21
41181,21043,21
41183,21089,21
41189,21135,21
41201,21127,21
41203,21159,21
41204,21115,21
41214,21159,21
41216,21071,21
41219,21115,21
41222,21115,21
41224,21159,21
41226,21115,21
41230,21127,21
41231,21159,21
41232,21127,21
41234,21115,21
41238,21115,21
41240,21115,21
41250,21159,21
41254,21115,21
41255,21115,21
41256,21115,21
41257,21115,21
41260,21115,21
41262,21159,21
41263,21115,21
41264,21127,21
41265,21115,21
41267,21159,21
41268,21115,21
41271,21115,21
41274,21115,21
41301,21237,21
41310,21025,21
41311,21129,21
41314,21189,21
41317,21025,21
41332,21175,21
41339,21025,21
41348,21025,21
41351,21189,21
41352,21175,21
41360,21237,21
41364,21189,21
41365,21237,21
41366,21025,21
41367,21193,21
41385,21025,21
41386,21189,21
41390,21025,21
41397,21129,21
41408,21175,21
41421,21175,21
41425,21175,21
41464,21153,21
41465,21153,21
41472,21175,21
41501,21195,21
41503,21195,21
41512,21195,21
41513,21195,21
41514,21195,21
41517,21133,21
41519,21195,21
41522,21195,21
41524,21195,21
41526,21195,21
41527,21195,21
41528,21195,21
41531,21195,21
41534,21195,21
41535,21195,21
41537,21133,21
41538,21195,21
41539,21195,21
41540,21195,21
41543,21195,21
41544,21195,21
41547,21195,21
41548,21195,21
41553,21195,21
41554,21195,21
41555,21195,21
41557,21195,21
41558,21195,21
41559,21195,21
41560,21195,21
41562,21195,21
41563,21195,21
41564,21195,21
41566,21195,21
41567,21195,21
41568,21195,21
41571,21195,21
41572,21195,21
41601,21071,21
41602,21071,21
41603,21071,21
41604,21071,21
41605,21071,21
41606,21071,21
41607,21071,21
41612,21071,21
41615,21071,21
41616,21071,21
41619,21071,21
41621,21071,21
41622,21071,21
41630,21071,21
41631,21071,21
41632,21153,21
41635,21071,21
41636,21071,21
41640,21119,21
41642,21071,21
41643,21119,21
41645,21071,21
41647,21071,21
41649,21071,21
41650,21071,21
41651,21071,21
41653,21071,21
41655,21071,21
41659,21195,21
41660,21071,21
41663,21071,21
41666,21071,21
41667,21071,21
41669,21071,21
41701,21193,21
41712,21193,21
41713,21193,21
41714,21131,21
41719,21193,21
41721,21193,21
41722,21119,21
41723,21193,21
41725,21119,21
41727,21193,21
41729,21193,21
41731,21193,21
41735,21193,21
41739,21193,21
41740,21119,21
41745,21193,21
41746,21193,21
41749,21131,21
41751,21193,21
41754,21193,21
41759,21119,21
41760,21193,21
41762,21131,21
41763,21193,21
41764,21131,21
41766,21131,21
41772,21119,21
41773,21119,21
41774,21193,21
41775,21131,21
41776,21131,21
41777,21131,21
41778,21193,21
41804,21133,21
41810,21133,21
41812,21133,21
41815,21133,21
41817,21119,21
41819,21133,21
41821,21133,21
41822,21119,21
41824,21133,21
41825,21133,21
41826,21133,21
41828,21119,21
41831,21119,21
41832,21133,21
41833,21133,21
41834,21119,21
41835,21133,21
41836,21119,21
41837,21133,21
41838,21133,21
41839,21119,21
41840,21133,21
41843,21119,21
41844,21119,21
41845,21133,21
41847,21119,21
41848,21133,21
41849,21133,21
41855,21133,21
41858,21133,21
41859,21119,21
41861,21119,21
41862,21119,21
42001,21145,21
42003,21145,21
42020,21035,21
42021,21039,21
42022,21007,21
42023,21039,21
42024,21007,21
42025,21157,21
42027,21083,21
42028,21139,21
42029,21157,21
42031,21105,21
42032,21105,21
42035,21039,21
42036,21035,21
42037,21055,21
42038,21143,21
42039,21083,21
42040,21083,21
42041,21075,21
42044,21157,21
42045,21139,21
42047,21139,21
42048,21157,21
42049,21035,21
42050,21075,21
42051,21083,21
42053,21007,21
42054,21035,21
42055,21143,21
42056,21007,21
42058,21139,21
42060,21007,21
42061,21083,21
42064,21055,21
42066,21083,21
42069,21083,21
42071,21035,21
42076,21035,21
42078,21139,21
42079,21083,21
42081,21139,21
42082,21083,21
42083,21139,21
42085,21083,21
42086,21145,21
42087,21007,21
42088,21083,21
42101,21227,21
42103,21227,21
42104,21227,21
42120,21003,21
42122,21227,21
42123,21009,21
42124,21169,21
42127,21009,21
42129,21169,21
42130,21009,21
42131,21009,21
42133,21171,21
42134,21213,21
42140,21171,21
42141,21009,21
42151,21171,21
42153,21003,21
42154,21169,21
42156,21009,21
42157,21171,21
42159,21227,21
42160,21061,21
42163,21061,21
42164,21003,21
42166,21169,21
42167,21171,21
42170,21227,21
42171,21227,21
42202,21141,21
42204,21219,21
42206,21141,21
42207,21061,21
42210,21061,21
42211,21221,21
42214,21169,21
42215,21047,21
42217,21047,21
42220,21219,21
42223,47125,47
42232,21047,21
42234,21219,21
42236,21047,21
42240,21047,21
42252,21031,21
42254,21047,21
42256,21141,21
42259,21061,21
42261,21031,21
42262,21047,21
42265,21141,21
42266,21047,21
42273,21031,21
42274,21227,21
42275,21031,21
42276,21141,21
42280,21219,21
42285,21061,21
42286,21219,21
42301,21059,21
42303,21059,21
42320,21183,21
42321,21177,21
42322,21149,21
42323,21177,21
42324,21177,21
42325,21177,21
42326,21177,21
42327,21149,21
42328,21183,21
42330,21177,21
42332,21177,21
42333,21183,21
42337,21177,21
42338,21183,21
42339,21177,21
42343,21183,21
42344,21177,21
42345,21177,21
42347,21183,21
42348,21091,21
42349,21183,21
42350,21149,21
42351,21091,21
42352,21149,21
42354,21183,21
42355,21059,21
42356,21059,21
42361,21183,21
42366,21059,21
42367,21177,21
42368,21091,21
42369,21183,21
42370,21183,21
42371,21149,21
42372,21149,21
42374,21177,21
42376,21059,21
42378,21183,21
42404,21233,21
42406,21101,21
42408,21107,21
42409,21233,21
42410,21107,21
42411,21033,21
42413,21107,21
42420,21101,21
42431,21107,21
42436,21107,21
42437,21225,21
42440,21107,21
42441,21107,21
42442,21107,21
42444,21233,21
42445,21033,21
42450,21233,21
42451,21101,21
42452,21101,21
42453,21107,21
42455,21233,21
42456,21233,21
42458,21101,21
42459,21225,21
42461,21225,21
42462,21225,21
42463,21233,21
42464,21107,21
42501,21199,21
42503,21199,21
42516,21045,21
42518,21231,21
42519,21199,21
42528,21045,21
42533,21199,21
42539,21045,21
42541,21045,21
42544,21199,21
42553,21199,21
42565,21045,21
42566,21045,21
42567,21199,21
42602,21053,21
42603,21231,21
42629,21207,21
42631,21147,21
42633,21231,21
42634,21147,21
42635,21147,21
42638,21147,21
42642,21207,21
42647,21147,21
42649,21147,21
42653,21147,21
42701,21093,21
42712,21093,21
42713,21099,21
42715,21001,21
42716,21123,21
42717,21057,21
42718,21217,21
42721,21085,21
42722,21099,21
42724,21093,21
42726,21085,21
42728,21001,21
42729,21099,21
42732,21093,21
42733,21217,21
42740,21093,21
42741,21001,21
42742,21001,21
42743,21087,21
42746,21099,21
42748,21123,21
42749,21099,21
42753,21001,21
42754,21085,21
42757,21099,21
42758,21217,21
42759,21057,21
42762,21085,21
42764,21087,21
42765,21099,21
42776,21093,21
42782,21087,21
42784,21099,21
42788,21093,21
43001,39089,39
43002,39049,39
43003,39117,39
43004,39049,39
43005,39083,39
43006,39031,39
43007,39159,39
43008,39089,39
43009,39021,39
43010,39023,39
43011,39083,39
43013,39089,39
43014,39083,39
43015,39041,39
43016,39049,39
43017,39049,39
43018,39089,39
43019,39083,39
43021,39041,39
43022,39083,39
43023,39089,39
43025,39089,39
43026,39049,39
43027,39089,39
43028,39083,39
43029,39097,39
43030,39089,39
43031,39089,39
43032,39041,39
43033,39089,39
43035,39041,39
43036,39159,39
43037,39083,39
43040,39159,39
43044,39021,39
43045,39159,39
43046,39045,39
43047,39021,39
43050,39083,39
43054,39049,39
43055,39089,39
43056,39089,39
43060,39021,39
43061,39041,39
43062,39089,39
43064,39097,39
43065,39041,39
43066,39041,39
43067,39159,39
43068,39049,39
43070,39021,39
43071,39089,39
43072,39021,39
43074,39041,39
43076,39127,39
43077,39159,39
43078,39021,39
43080,39089,39
43081,39049,39
43082,39041,39
43084,39021,39
43085,39049,39
43101,39141,39
43102,39045,39
43103,39129,39
43105,39045,39
43106,39047,39
43107,39045,39
43109,39049,39
43110,39045,39
43111,39073,39
43112,39045,39
43113,39129,39
43115,39141,39
43116,39129,39
43117,39129,39
43119,39049,39
43123,39049,39
43125,39049,39
43126,39049,39
43127,39073,39
43128,39047,39
43130,39045,39
43135,39073,39
43136,39045,39
43137,39129,39
43138,39073,39
43140,39097,39
43142,39047,39
43143,39097,39
43144,39073,39
43145,39129,39
43146,39129,39
43147,39045,39
43148,39045,39
43149,39073,39
43150,39045,39
43151,39097,39
43152,39073,39
43153,39097,39
43154,39045,39
43155,39045,39
43156,39129,39
43157,39045,39
43158,39073,39
43160,39047,39
43162,39097,39
43164,39129,39
43201,39049,39
43202,39049,39
43203,39049,39
43204,39049,39
43205,39049,39
43206,39049,39
43207,39049,39
43209,39049,39
43210,39049,39
43211,39049,39
43212,39049,39
43213,39049,39
43214,39049,39
43215,39049,39
43217,39049,39
43218,39049,39
43219,39049,39
43220,39049,39
43221,39049,39
43222,39049,39
43223,39049,39
43224,39049,39
43227,39049,39
43228,39049,39
43229,39049,39
43230,39049,39
43231,39049,39
43232,39049,39
43235,39049,39
43240,39041,39
43302,39101,39
43310,39065,39
43311,39091,39
43314,39101,39
43315,39117,39
43316,39175,39
43317,39117,39
43318,39091,39
43319,39091,39
43320,39117,39
43321,39117,39
43322,39101,39
43323,39175,39
43324,39091,39
43325,39117,39
43326,39065,39
43330,39175,39
43331,39091,39
43332,39101,39
43333,39091,39
43334,39117,39
43336,39091,39
43337,39101,39
43338,39117,39
43340,39065,39
43341,39101,39
43342,39101,39
43343,39091,39
43344,39159,39
43345,39091,39
43346,39065,39
43347,39091,39
43348,39091,39
43350,39117,39
43351,39175,39
43356,39101,39
43357,39091,39
43358,39159,39
43359,39175,39
43360,39091,39
43402,39173,39
43403,39173,39
43406,39173,39
43407,39143,39
43408,39123,39
43410,39143,39
43412,39095,39
43413,39173,39
43414,39173,39
43416,39123,39
43420,39143,39
43430,39123,39
43431,39143,39
43432,39123,39
43433,39123,39
43434,39095,39
43435,39143,39
43436,39123,39
43437,39173,39
43438,39043,39
43439,39123,39
43440,39123,39
43442,39143,39
43443,39173,39
43445,39123,39
43446,39123,39
43447,39173,39
43449,39123,39
43450,39173,39
43451,39173,39
43452,39123,39
43456,39123,39
43457,39173,39
43458,39123,39
43460,39173,39
43462,39173,39
43463,39173,39
43464,39143,39
43465,39173,39
43466,39173,39
43467,39173,39
43468,39123,39
43469,39143,39
43501,39171,39
43502,39051,39
43504,39095,39
43505,39171,39
43506,39171,39
43510,39069,39
43511,39173,39
43512,39039,39
43515,39051,39
43516,39069,39
43517,39171,39
43518,39171,39
43519,39039,39
43520,39039,39
43521,39051,39
43522,39173,39
43523,39069,39
43524,39069,39
43525,39173,39
43526,39039,39
43527,39069,39
43528,39095,39
43529,39173,39
43530,39039,39
43531,39171,39
43532,39069,39
43533,39051,39
43534,39069,39
43535,39069,39
43536,39039,39
43537,39095,39
43540,39051,39
43541,39173,39
43542,39095,39
43543,39171,39
43545,39069,39
43547,39095,39
43548,39069,39
43549,39039,39
43551,39173,39
43553,39051,39
43554,39171,39
43555,39069,39
43556,39039,39
43557,39171,39
43558,39051,39
43560,39095,39
43565,39173,39
43566,39095,39
43567,39051,39
43569,39173,39
43570,39171,39
43571,39095,39
43604,39095,39
43605,39095,39
43606,39095,39
43607,39095,39
43608,39095,39
43609,39095,39
43610,39095,39
43611,39095,39
43612,39095,39
43613,39095,39
43614,39095,39
43615,39095,39
43616,39095,39
43617,39095,39
43619,39173,39
43620,39095,39
43623,39095,39
43701,39119,39
43711,39121,39
43713,39013,39
43716,39111,39
43717,39121,39
43718,39013,39
43719,39013,39
43720,39119,39
43721,39089,39
43722,39059,39
43723,39059,39
43724,39121,39
43725,39059,39
43727,39119,39
43728,39115,39
43730,39127,39
43731,39127,39
43732,39059,39
43733,39059,39
43734,39119,39
43735,39119,39
43736,39059,39
43738,39119,39
43739,39127,39
43740,39089,39
43746,39119,39
43747,39111,39
43748,39127,39
43749,39059,39
43750,39059,39
43754,39111,39
43755,39059,39
43756,39115,39
43758,39115,39
43759,39013,39
43760,39127,39
43761,39127,39
43762,39119,39
43764,39127,39
43766,39127,39
43767,39119,39
43768,39059,39
43771,39119,39
43772,39121,39
43773,39059,39
43777,39119,39
43778,39059,39
43779,39121,39
43780,39059,39
43782,39127,39
43783,39127,39
43786,39111,39
43787,39115,39
43788,39121,39
43791,39119,39
43793,39111,39
43802,39119,39
43804,39075,39
43805,39031,39
43811,39031,39
43812,39031,39
43821,39119,39
43822,39119,39
43824,39031,39
43830,39119,39
43832,39157,39
43836,39031,39
43837,39157,39
43840,39157,39
43842,39119,39
43843,39031,39
43844,39031,39
43845,39031,39
43901,39081,39
43902,39013,39
43903,39019,39
43905,39013,39
43906,39013,39
43907,39067,39
43908,39081,39
43909,39013,39
43910,39081,39
43912,39013,39
43913,39081,39
43914,39111,39
43915,39111,39
43917,39081,39
43920,39029,39
43925,39081,39
43926,39081,39
43928,39013,39
43930,39081,39
43931,39111,39
43932,39081,39
43933,39013,39
43934,39013,39
43935,39013,39
43938,39081,39
43939,39081,39
43940,39013,39
43942,39013,39
43943,39081,39
43944,39081,39
43945,39029,39
43946,39111,39
43947,39013,39
43948,39081,39
43950,39013,39
43951,39013,39
43952,39081,39
43953,39081,39
43961,39081,39
43962,39029,39
43963,39081,39
43964,39081,39
43967,39013,39
43968,39029,39
43971,39081,39
43972,39013,39
43973,39067,39
43974,39067,39
43976,39067,39
43977,39013,39
43981,39067,39
43983,39013,39
43985,39013,39
43986,39067,39
43988,39067,39
44001,39093,39
44003,39007,39
44004,39007,39
44010,39007,39
44011,39093,39
44012,39093,39
44017,39035,39
44021,39055,39
44022,39035,39
44023,39055,39
44024,39055,39
44026,39055,39
44028,39093,39
44030,39007,39
44032,39007,39
44035,39093,39
44039,39093,39
44040,39035,39
44041,39007,39
44044,39093,39
44045,39085,39
44046,39055,39
44047,39007,39
44048,39007,39
44049,39093,39
44050,39093,39
44052,39093,39
44053,39093,39
44054,39093,39
44055,39093,39
44056,39153,39
44057,39085,39
44060,39085,39
44062,39055,39
44064,39055,39
44065,39055,39
44067,39153,39
44068,39007,39
44070,39035,39
44072,39055,39
44074,39093,39
44076,39007,39
44077,39085,39
44080,39055,39
44081,39085,39
44082,39007,39
44084,39007,39
44085,39007,39
44086,39055,39
44087,39153,39
44089,39043,39
44090,39093,39
44092,39085,39
44093,39007,39
44094,39085,39
44095,39085,39
44099,39007,39
44101,39035,39
44102,39035,39
44103,39035,39
44104,39035,39
44105,39035,39
44106,39035,39
44107,39035,39
44108,39035,39
44109,39035,39
44110,39035,39
44111,39035,39
44112,39035,39
44113,39035,39
44114,39035,39
44115,39035,39
44116,39035,39
44117,39035,39
44118,39035,39
44119,39035,39
44120,39035,39
44121,39035,39
44122,39035,39
44123,39035,39
44124,39035,39
44125,39035,39
44126,39035,39
44127,39035,39
44128,39035,39
44129,39035,39
44130,39035,39
44131,39035,39
44132,39035,39
44133,39035,39
44134,39035,39
44135,39035,39
44136,39035,39
44137,39035,39
44138,39035,39
44139,39035,39
44140,39035,39
44141,39035,39
44142,39035,39
44143,39035,39
44144,39035,39
44145,39035,39
44146,39035,39
44147,39035,39
44149,39035,39
44201,39133,39
44202,39133,39
44203,39153,39
44212,39103,39
44214,39169,39
44215,39103,39
44216,39153,39
44217,39169,39
44221,39153,39
44223,39153,39
44224,39153,39
44230,39169,39
44231,39133,39
44232,39153,39
44233,39103,39
44234,39133,39
44235,39103,39
44236,39153,39
44240,39133,39
44241,39133,39
44243,39133,39
44250,39153,39
44251,39103,39
44253,39103,39
44254,39103,39
44255,39133,39
44256,39103,39
44260,39133,39
44262,39153,39
44264,39153,39
44266,39133,39
44270,39169,39
44272,39133,39
44273,39103,39
44274,39103,39
44275,39103,39
44276,39169,39
44278,39153,39
44280,39103,39
44281,39103,39
44285,39133,39
44286,39153,39
44287,39169,39
44288,39133,39
44301,39153,39
44302,39153,39
44303,39153,39
44304,39153,39
44305,39153,39
44306,39153,39
44307,39153,39
44308,39153,39
44310,39153,39
44311,39153,39
44312,39153,39
44313,39153,39
44314,39153,39
44319,39153,39
44320,39153,39
44321,39153,39
44325,39153,39
44333,39153,39
44401,39099,39
44402,39155,39
44403,39155,39
44404,39155,39
44405,39099,39
44406,39099,39
44408,39029,39
44410,39155,39
44411,39133,39
44412,39133,39
44413,39029,39
44415,39029,39
44417,39155,39
44418,39155,39
44420,39155,39
44423,39029,39
44424,39155,39
44425,39155,39
44427,39019,39
44428,39155,39
44429,39099,39
44430,39155,39
44431,39029,39
44432,39029,39
44436,39099,39
44437,39155,39
44438,39155,39
44439,39155,39
44440,39155,39
44441,39029,39
44442,39099,39
44443,39099,39
44444,39155,39
44445,39029,39
44446,39155,39
44449,39099,39
44450,39155,39
44451,39099,39
44452,39099,39
44454,39099,39
44455,39029,39
44460,39029,39
44470,39155,39
44471,39099,39
44473,39155,39
44481,39155,39
44483,39155,39
44484,39155,39
44485,39155,39
44490,39029,39
44491,39155,39
44493,39029,39
44502,39099,39
44503,39099,39
44504,39099,39
44505,39099,39
44506,39099,39
44507,39099,39
44509,39099,39
44510,39099,39
44511,39099,39
44512,39099,39
44514,39099,39
44515,39099,39
44555,39099,39
44601,39151,39
44606,39169,39
44607,39019,39
44608,39151,39
44609,39099,39
44610,39075,39
44611,39075,39
44612,39157,39
44613,39151,39
44614,39151,39
44615,39019,39
44618,39169,39
44619,39099,39
44620,39019,39
44621,39157,39
44622,39157,39
44624,39075,39
44625,39029,39
44626,39151,39
44627,39075,39
44628,39075,39
44629,39157,39
44630,39151,39
44632,39151,39
44633,39075,39
44634,39029,39
44637,39075,39
44638,39075,39
44639,39019,39
44640,39151,39
44641,39151,39
44643,39019,39
44644,39019,39
44645,39169,39
44646,39151,39
44647,39151,39
44651,39019,39
44652,39151,39
44653,39157,39
44654,39075,39
44656,39157,39
44657,39019,39
44659,39169,39
44660,39075,39
44661,39075,39
44662,39151,39
44663,39157,39
44665,39029,39
44666,39151,39
44667,39169,39
44669,39151,39
44670,39151,39
44671,39157,39
44672,39099,39
44675,39019,39
44676,39169,39
44677,39169,39
44678,39157,39
44680,39157,39
44681,39157,39
44682,39157,39
44683,39157,39
44685,39153,39
44687,39075,39
44688,39151,39
44689,39075,39
44690,39075,39
44691,39169,39
44693,39067,39
44695,39019,39
44697,39157,39
44699,39067,39
44702,39151,39
44703,39151,39
44704,39151,39
44705,39151,39
44706,39151,39
44707,39151,39
44708,39151,39
44709,39151,39
44710,39151,39
44714,39151,39
44718,39151,39
44720,39151,39
44721,39151,39
44730,39151,39
44802,39147,39
44804,39063,39
44805,39005,39
44807,39147,39
44809,39147,39
44811,39077,39
44813,39139,39
44814,39043,39
44815,39147,39
44817,39173,39
44818,39147,39
44820,39033,39
44822,39139,39
44824,39043,39
44825,39033,39
44826,39077,39
44827,39033,39
44828,39147,39
44830,39147,39
44833,39117,39
44836,39147,39
44837,39077,39
44838,39005,39
44839,39043,39
44840,39005,39
44841,39147,39
44842,39005,39
44843,39139,39
44844,39147,39
44846,39043,39
44847,39077,39
44849,39175,39
44850,39077,39
44851,39077,39
44853,39147,39
44854,39033,39
44855,39077,39
44856,39033,39
44857,39077,39
44859,39005,39
44861,39147,39
44864,39005,39
44865,39077,39
44866,39005,39
44867,39147,39
44870,39043,39
44874,39005,39
44875,39139,39
44878,39139,39
44880,39005,39
44881,39033,39
44882,39175,39
44883,39147,39
44887,39033,39
44889,39077,39
44890,39077,39
44901,39139,39
44902,39139,39
44903,39139,39
44904,39139,39
44905,39139,39
44906,39139,39
44907,39139,39
45001,39061,39
45002,39061,39
45003,39135,39
45005,39165,39
45011,39017,39
45013,39017,39
45014,39017,39
45015,39017,39
45030,39061,39
45032,39165,39
45033,39061,39
45034,39165,39
45036,39165,39
45039,39165,39
45040,39165,39
45041,39061,39
45042,39017,39
45044,39017,39
45050,39017,39
45051,39061,39
45052,39061,39
45053,39017,39
45054,39165,39
45055,39017,39
45056,39017,39
45062,39017,39
45064,39017,39
45065,39165,39
45066,39165,39
45067,39017,39
45068,39165,39
45069,39017,39
45070,39135,39
45101,39015,39
45102,39025,39
45103,39025,39
45105,39001,39
45106,39025,39
45107,39027,39
45111,39061,39
45112,39025,39
45113,39027,39
45115,39015,39
45118,39015,39
45119,39015,39
45120,39025,39
45121,39015,39
45122,39025,39
45123,39071,39
45130,39015,39
45131,39015,39
45132,39071,39
45133,39071,39
45135,39071,39
45140,39025,39
45142,39071,39
45144,39001,39
45146,39027,39
45147,39025,39
45148,39027,39
45150,39025,39
45152,39165,39
45153,39025,39
45154,39015,39
45155,39071,39
45156,39025,39
45157,39025,39
45158,39025,39
45159,39027,39
45160,39025,39
45162,39165,39
45164,39027,39
45166,39027,39
45167,39015,39
45168,39015,39
45169,39027,39
45171,39015,39
45172,39071,39
45174,39061,39
45176,39025,39
45177,39027,39
45202,39061,39
45203,39061,39
45204,39061,39
45205,39061,39
45206,39061,39
45207,39061,39
45208,39061,39
45209,39061,39
45211,39061,39
45212,39061,39
45213,39061,39
45214,39061,39
45215,39061,39
45216,39061,39
45217,39061,39
45218,39061,39
45219,39061,39
45220,39061,39
45223,39061,39
45224,39061,39
45225,39061,39
45226,39061,39
45227,39061,39
45229,39061,39
45230,39061,39
45231,39061,39
45232,39061,39
45233,39061,39
45236,39061,39
45237,39061,39
45238,39061,39
45239,39061,39
45240,39061,39
45241,39061,39
45242,39061,39
45243,39061,39
45244,39061,39
45245,39025,39
45246,39061,39
45247,39061,39
45248,39061,39
45249,39061,39
45251,39061,39
45252,39061,39
45255,39061,39
45267,39061,39
45301,39057,39
45302,39149,39
45303,39037,39
45304,39037,39
45305,39057,39
45306,39149,39
45307,39057,39
45308,39037,39
45309,39113,39
45310,39107,39
45311,39135,39
45312,39109,39
45314,39057,39
45315,39113,39
45316,39023,39
45317,39021,39
45318,39109,39
45319,39023,39
45320,39135,39
45321,39135,39
45322,39113,39
45323,39023,39
45324,39057,39
45325,39113,39
45326,39109,39
45327,39113,39
45328,39037,39
45330,39135,39
45331,39037,39
45332,39037,39
45333,39149,39
45334,39149,39
45335,39057,39
45336,39149,39
45337,39109,39
45338,39135,39
45339,39109,39
45340,39149,39
45341,39023,39
45342,39113,39
45344,39023,39
45345,39113,39
45346,39037,39
45347,39135,39
45348,39037,39
45349,39023,39
45350,39037,39
45351,39037,39
45352,39037,39
45353,39149,39
45354,39113,39
45356,39109,39
45358,39037,39
45359,39109,39
45360,39149,39
45361,39109,39
45362,39037,39
45363,39149,39
45365,39149,39
45368,39023,39
45369,39023,39
45370,39057,39
45371,39109,39
45372,39023,39
45373,39109,39
45377,39113,39
45378,39135,39
45380,39037,39
45381,39135,39
45382,39135,39
45383,39109,39
45384,39057,39
45385,39057,39
45387,39057,39
45388,39037,39
45389,39021,39
45390,39037,39
45402,39113,39
45403,39113,39
45404,39113,39
45405,39113,39
45406,39113,39
45409,39113,39
45410,39113,39
45414,39113,39
45415,39113,39
45416,39113,39
45417,39113,39
45419,39113,39
45420,39113,39
45423,39113,39
45424,39113,39
45426,39113,39
45428,39113,39
45429,39113,39
45430,39057,39
45431,39057,39
45432,39057,39
45433,39057,39
45434,39057,39
45435,39057,39
45439,39113,39
45440,39057,39
45449,39113,39
45458,39113,39
45459,39113,39
45469,39113,39
45501,39023,39
45502,39023,39
45503,39023,39
45504,39023,39
45505,39023,39
45506,39023,39
45601,39141,39
45612,39141,39
45613,39131,39
45614,39053,39
45616,39001,39
45617,39141,39
45618,39001,39
45619,39087,39
45620,39053,39
45621,39079,39
45622,39163,39
45623,39053,39
45624,39131,39
45628,39141,39
45629,39145,39
45630,39145,39
45631,39053,39
45634,39163,39
45636,39145,39
45638,39087,39
45640,39079,39
45642,39131,39
45644,39141,39
45645,39087,39
45646,39131,39
45647,39163,39
45648,39145,39
45650,39001,39
45651,39163,39
45652,39145,39
45653,39145,39
45654,39163,39
45656,39079,39
45657,39145,39
45658,39053,39
45659,39087,39
45660,39001,39
45661,39131,39
45662,39145,39
45663,39145,39
45669,39087,39
45671,39145,39
45672,39163,39
45673,39141,39
45674,39053,39
45677,39145,39
45678,39087,39
45679,39001,39
45680,39087,39
45681,39141,39
45682,39145,39
45684,39001,39
45685,39079,39
45686,39053,39
45688,39087,39
45690,39131,39
45692,39079,39
45693,39001,39
45694,39145,39
45695,39163,39
45696,39087,39
45697,39001,39
45698,39163,39
45699,39145,39
45701,39009,39
45710,39105,39
45711,39009,39
45714,39167,39
45715,39115,39
45716,39009,39
45719,39009,39
45720,39105,39
45721,39167,39
45723,39009,39
45724,39167,39
45727,39121,39
45729,39167,39
45732,39009,39
45734,39111,39
45735,39009,39
45739,39009,39
45740,39009,39
45741,39105,39
45742,39167,39
45743,39105,39
45744,39167,39
45745,39121,39
45746,39167,39
45750,39167,39
45760,39105,39
45761,39009,39
45764,39073,39
45766,39009,39
45767,39167,39
45768,39167,39
45769,39105,39
45770,39105,39
45771,39105,39
45772,39105,39
45773,39167,39
45775,39105,39
45776,39105,39
45778,39009,39
45779,39105,39
45780,39009,39
45782,39009,39
45783,39105,39
45784,39167,39
45786,39167,39
45788,39167,39
45789,39167,39
45801,39003,39
45804,39003,39
45805,39003,39
45806,39003,39
45807,39003,39
45808,39003,39
45809,39003,39
45810,39065,39
45812,39065,39
45813,39125,39
45814,39063,39
45815,39137,39
45816,39063,39
45817,39003,39
45819,39011,39
45820,39003,39
45821,39125,39
45822,39107,39
45826,39107,39
45827,39137,39
45828,39107,39
45830,39137,39
45831,39137,39
45832,39161,39
45833,39003,39
45835,39065,39
45836,39065,39
45838,39161,39
45840,39063,39
45841,39063,39
45843,39065,39
45844,39137,39
45845,39149,39
45846,39107,39
45848,39137,39
45849,39125,39
45850,39003,39
45851,39125,39
45853,39137,39
45854,39003,39
45855,39125,39
45856,39137,39
45858,39063,39
45859,39065,39
45860,39107,39
45861,39125,39
45862,39107,39
45863,39161,39
45864,39137,39
45865,39011,39
45866,39107,39
45867,39063,39
45868,39063,39
45869,39011,39
45870,39011,39
45871,39011,39
45872,39173,39
45873,39125,39
45874,39161,39
45875,39137,39
45876,39137,39
45877,39137,39
45879,39125,39
45880,39125,39
45881,39063,39
45882,39107,39
45883,39107,39
45884,39011,39
45885,39011,39
45886,39125,39
45887,39003,39
45888,39011,39
45889,39063,39
45890,39063,39
45891,39161,39
45893,39137,39
45894,39161,39
45895,39011,39
45896,39011,39
45897,39063,39
45898,39161,39
45899,39161,39
46001,18095,18
46011,18095,18
46012,18095,18
46013,18095,18
46016,18095,18
46017,18095,18
46030,18057,18
46031,18057,18
46032,18057,18
46033,18057,18
46034,18057,18
46035,18023,18
46036,18095,18
46037,18057,18
46038,18057,18
46039,18023,18
46040,18059,18
46041,18023,18
46044,18095,18
46045,18159,18
46047,18159,18
46048,18095,18
46049,18159,18
46050,18023,18
46051,18095,18
46052,18011,18
46055,18059,18
46056,18095,18
46057,18023,18
46058,18023,18
46060,18057,18
46062,18057,18
46063,18095,18
46064,18095,18
46065,18023,18
46068,18159,18
46069,18057,18
46070,18095,18
46071,18011,18
46072,18159,18
46074,18057,18
46075,18011,18
46076,18159,18
46077,18011,18
46102,18011,18
46103,18063,18
46104,18139,18
46105,18133,18
46106,18081,18
46107,18097,18
46110,18145,18
46111,18109,18
46112,18063,18
46113,18109,18
46115,18139,18
46117,18059,18
46118,18063,18
46120,18133,18
46121,18063,18
46122,18063,18
46123,18063,18
46124,18145,18
46125,18109,18
46126,18145,18
46127,18139,18
46128,18133,18
46130,18145,18
46131,18081,18
46133,18139,18
46135,18133,18
46140,18059,18
46142,18081,18
46143,18081,18
46144,18145,18
46146,18139,18
46147,18011,18
46148,18065,18
46149,18063,18
46150,18139,18
46151,18109,18
46154,18059,18
46155,18139,18
46156,18139,18
46157,18109,18
46158,18109,18
46160,18013,18
46161,18145,18
46162,18081,18
46163,18059,18
46164,18013,18
46165,18063,18
46166,18109,18
46167,18063,18
46168,18063,18
46170,18133,18
46171,18133,18
46172,18133,18
46173,18139,18
46175,18133,18
46176,18145,18
46180,18109,18
46181,18081,18
46182,18145,18
46183,18097,18
46184,18081,18
46186,18059,18
46201,18097,18
46202,18097,18
46203,18097,18
46204,18097,18
46205,18097,18
46206,18097,18
46208,18097,18
46214,18097,18
46216,18097,18
46217,18097,18
46218,18097,18
46219,18097,18
46220,18097,18
46221,18097,18
46222,18097,18
46224,18097,18
46225,18097,18
46226,18097,18
46227,18097,18
46228,18097,18
46229,18097,18
46231,18063,18
46234,18063,18
46235,18097,18
46236,18097,18
46237,18097,18
46239,18097,18
46240,18097,18
46241,18097,18
46250,18097,18
46254,18097,18
46256,18097,18
46259,18097,18
46260,18097,18
46268,18097,18
46278,18097,18
46280,18057,18
46290,18057,18
46301,18127,18
46302,18127,18
46303,18089,18
46304,18127,18
46307,18089,18
46310,18073,18
46311,18089,18
46312,18089,18
46319,18089,18
46320,18089,18
46321,18089,18
46322,18089,18
46323,18089,18
46324,18089,18
46327,18089,18
46340,18091,18
46341,18127,18
46342,18089,18
46345,18091,18
46346,18091,18
46347,18127,18
46348,18091,18
46349,18111,18
46350,18091,18
46356,18089,18
46360,18091,18
46365,18091,18
46366,18149,18
46368,18127,18
46371,18091,18
46373,18089,18
46374,18149,18
46375,18089,18
46376,18089,18
46377,18089,18
46379,18111,18
46381,18111,18
46382,18091,18
46383,18127,18
46385,18127,18
46390,18091,18
46391,18091,18
46392,18073,18
46393,18127,18
46394,18089,18
46402,18089,18
46403,18089,18
46404,18089,18
46405,18089,18
46406,18089,18
46407,18089,18
46408,18089,18
46409,18089,18
46410,18089,18
46501,18099,18
46502,18085,18
46504,18099,18
46506,18099,18
46507,18039,18
46508,18085,18
46510,18085,18
46511,18099,18
46513,18099,18
46514,18039,18
46516,18039,18
46517,18039,18
46524,18085,18
46526,18039,18
46528,18039,18
46530,18141,18
46531,18149,18
46532,18149,18
46534,18149,18
46536,18141,18
46537,18099,18
46538,18085,18
46539,18085,18
46540,18039,18
46542,18085,18
46543,18039,18
46544,18141,18
46545,18141,18
46550,18039,18
46552,18141,18
46553,18039,18
46554,18141,18
46555,18085,18
46556,18141,18
46561,18141,18
46562,18085,18
46563,18099,18
46565,18087,18
46567,18085,18
46570,18099,18
46571,18087,18
46572,18099,18
46573,18039,18
46574,18091,18
46580,18085,18
46582,18085,18
46590,18085,18
46595,18141,18
46601,18141,18
46613,18141,18
46614,18141,18
46615,18141,18
46616,18141,18
46617,18141,18
46619,18141,18
46624,18141,18
46628,18141,18
46635,18141,18
46637,18141,18
46701,18113,18
46702,18069,18
46703,18151,18
46704,18003,18
46705,18033,18
46706,18033,18
46710,18113,18
46711,18001,18
46714,18179,18
46721,18033,18
46723,18183,18
46725,18183,18
46730,18033,18
46731,18179,18
46732,18113,18
46733,18001,18
46737,18151,18
46738,18033,18
46740,18001,18
46741,18003,18
46742,18151,18
46743,18003,18
46745,18003,18
46746,18087,18
46747,18151,18
46748,18003,18
46750,18069,18
46755,18113,18
46759,18179,18
46760,18113,18
46761,18087,18
46763,18113,18
46764,18183,18
46765,18003,18
46766,18179,18
46767,18113,18
46770,18179,18
46771,18087,18
46772,18001,18
46773,18003,18
46774,18003,18
46776,18151,18
46777,18179,18
46778,18179,18
46779,18151,18
46781,18179,18
46783,18069,18
46784,18113,18
46785,18033,18
46786,18087,18
46787,18183,18
46788,18033,18
46789,18087,18
46791,18179,18
46792,18069,18
46793,18033,18
46794,18113,18
46795,18087,18
46796,18113,18
46797,18003,18
46798,18003,18
46799,18179,18
46802,18003,18
46803,18003,18
46804,18003,18
46805,18003,18
46806,18003,18
46807,18003,18
46808,18003,18
46809,18003,18
46814,18003,18
46815,18003,18
46816,18003,18
46818,18003,18
46819,18003,18
46825,18003,18
46835,18003,18
46845,18003,18
46901,18067,18
46902,18067,18
46910,18049,18
46911,18103,18
46913,18015,18
46914,18103,18
46915,18015,18
46917,18015,18
46919,18053,18
46920,18015,18
46922,18049,18
46923,18015,18
46926,18103,18
46928,18053,18
46929,18015,18
46930,18053,18
46931,18049,18
46932,18017,18
46933,18053,18
46936,18067,18
46937,18067,18
46938,18053,18
46939,18049,18
46940,18169,18
46941,18169,18
46943,18169,18
46945,18049,18
46946,18169,18
46947,18017,18
46950,18017,18
46951,18103,18
46952,18053,18
46953,18053,18
46957,18053,18
46958,18103,18
46959,18103,18
46960,18131,18
46961,18017,18
46962,18169,18
46965,18067,18
46967,18017,18
46968,18131,18
46970,18103,18
46971,18103,18
46974,18169,18
46975,18049,18
46978,18017,18
46979,18067,18
46980,18169,18
46982,18085,18
46984,18169,18
46985,18131,18
46986,18053,18
46987,18053,18
46988,18017,18
46989,18053,18
46990,18169,18
46991,18053,18
46992,18169,18
46994,18017,18
46996,18131,18
46998,18017,18
47001,18029,18
47003,18161,18
47006,18137,18
47010,18047,18
47011,18155,18
47012,18047,18
47016,18047,18
47017,18137,18
47018,18029,18
47020,18155,18
47021,18137,18
47022,18029,18
47023,18137,18
47024,18047,18
47025,18029,18
47030,18047,18
47031,18137,18
47032,18029,18
47033,18137,18
47034,18137,18
47035,18047,18
47036,18047,18
47037,18137,18
47038,18155,18
47040,18115,18
47041,18029,18
47042,18137,18
47043,18155,18
47060,18029,18
47102,18143,18
47104,18019,18
47106,18019,18
47108,18175,18
47110,18061,18
47111,18019,18
47112,18061,18
47114,18061,18
47115,18061,18
47116,18025,18
47117,18061,18
47118,18025,18
47119,18043,18
47120,18175,18
47122,18043,18
47123,18025,18
47124,18043,18
47125,18175,18
47126,18019,18
47129,18019,18
47130,18019,18
47135,18061,18
47136,18061,18
47137,18025,18
47138,18077,18
47140,18025,18
47141,18019,18
47142,18061,18
47143,18019,18
47145,18025,18
47147,18019,18
47150,18043,18
47160,18061,18
47161,18061,18
47162,18019,18
47163,18019,18
47164,18061,18
47165,18175,18
47166,18061,18
47167,18175,18
47170,18143,18
47172,18019,18
47174,18025,18
47175,18025,18
47177,18143,18
47201,18005,18
47203,18005,18
47220,18071,18
47223,18079,18
47224,18077,18
47225,18031,18
47226,18005,18
47227,18079,18
47229,18071,18
47230,18077,18
47231,18077,18
47232,18005,18
47234,18145,18
47235,18071,18
47236,18005,18
47240,18031,18
47243,18077,18
47244,18005,18
47246,18005,18
47247,18005,18
47250,18077,18
47260,18071,18
47263,18031,18
47264,18071,18
47265,18079,18
47270,18079,18
47272,18031,18
47273,18079,18
47274,18071,18
47280,18005,18
47281,18071,18
47282,18079,18
47283,18031,18
47302,18035,18
47303,18035,18
47304,18035,18
47305,18035,18
47306,18035,18
47320,18035,18
47324,18177,18
47325,18161,18
47326,18075,18
47327,18177,18
47330,18177,18
47331,18041,18
47334,18035,18
47335,18177,18
47336,18075,18
47337,18065,18
47338,18035,18
47339,18177,18
47340,18135,18
47341,18177,18
47342,18035,18
47344,18065,18
47345,18177,18
47346,18177,18
47348,18009,18
47351,18065,18
47352,18065,18
47353,18161,18
47354,18135,18
47355,18135,18
47356,18065,18
47357,18177,18
47358,18135,18
47359,18009,18
47360,18065,18
47361,18065,18
47362,18065,18
47366,18065,18
47367,18035,18
47368,18135,18
47369,18075,18
47370,18177,18
47371,18075,18
47373,18075,18
47374,18177,18
47380,18135,18
47381,18075,18
47382,18135,18
47383,18035,18
47384,18065,18
47385,18065,18
47386,18065,18
47387,18065,18
47388,18065,18
47390,18135,18
47392,18177,18
47393,18177,18
47394,18135,18
47396,18035,18
47401,18105,18
47403,18105,18
47404,18105,18
47405,18105,18
47406,18105,18
47408,18105,18
47420,18093,18
47421,18093,18
47424,18055,18
47427,18119,18
47429,18105,18
47431,18119,18
47432,18117,18
47433,18119,18
47434,18105,18
47435,18013,18
47436,18093,18
47437,18093,18
47438,18055,18
47441,18055,18
47443,18055,18
47445,18055,18
47446,18093,18
47448,18013,18
47449,18055,18
47451,18093,18
47452,18117,18
47453,18055,18
47454,18117,18
47455,18119,18
47456,18119,18
47457,18055,18
47458,18105,18
47459,18055,18
47460,18119,18
47462,18093,18
47464,18105,18
47465,18055,18
47467,18093,18
47468,18105,18
47469,18117,18
47470,18093,18
47471,18055,18
47501,18027,18
47512,18083,18
47513,18037,18
47514,18123,18
47515,18123,18
47516,18083,18
47519,18027,18
47520,18123,18
47521,18037,18
47522,18101,18
47523,18173,18
47524,18083,18
47525,18123,18
47527,18037,18
47528,18083,18
47529,18027,18
47531,18147,18
47532,18037,18
47535,18083,18
47537,18147,18
47541,18037,18
47542,18037,18
47546,18037,18
47550,18147,18
47551,18123,18
47552,18147,18
47553,18101,18
47557,18083,18
47558,18027,18
47561,18083,18
47562,18027,18
47564,18125,18
47567,18125,18
47568,18027,18
47573,18083,18
47574,18123,18
47575,18037,18
47576,18123,18
47577,18147,18
47578,18083,18
47579,18147,18
47580,18037,18
47581,18101,18
47584,18125,18
47585,18125,18
47586,18123,18
47588,18147,18
47590,18125,18
47591,18083,18
47596,18083,18
47597,18083,18
47598,18125,18
47601,18173,18
47610,18173,18
47611,18147,18
47612,18051,18
47613,18173,18
47615,18147,18
47616,18051,18
47619,18173,18
47620,18129,18
47630,18173,18
47631,18129,18
47633,18129,18
47634,18147,18
47635,18147,18
47637,18173,18
47638,18129,18
47639,18051,18
47640,18051,18
47648,18051,18
47649,18051,18
47654,18051,18
47660,18051,18
47665,18051,18
47666,18051,18
47670,18051,18
47683,18051,18
47708,18163,18
47710,18163,18
47711,18163,18
47712,18163,18
47713,18163,18
47714,18163,18
47715,18163,18
47720,18163,18
47725,18163,18
47802,18167,18
47803,18167,18
47804,18167,18
47805,18167,18
47807,18167,18
47809,18167,18
47831,18165,18
47832,18121,18
47833,18021,18
47834,18021,18
47836,18121,18
47837,18121,18
47838,18153,18
47840,18021,18
47841,18021,18
47842,18165,18
47845,18021,18
47846,18021,18
47847,18165,18
47848,18153,18
47849,18153,18
47850,18153,18
47851,18167,18
47853,18021,18
47854,18165,18
47855,18153,18
47857,18021,18
47858,18021,18
47859,18121,18
47860,18121,18
47861,18153,18
47862,18121,18
47863,18167,18
47865,18153,18
47866,18167,18
47868,18119,18
47869,18167,18
47870,18167,18
47871,18167,18
47872,18121,18
47874,18121,18
47875,18165,18
47876,18167,18
47879,18153,18
47880,18167,18
47881,18021,18
47882,18153,18
47884,18165,18
47885,18167,18
47901,18157,18
47904,18157,18
47905,18157,18
47906,18157,18
47907,18157,18
47909,18157,18
47916,18107,18
47917,18171,18
47918,18045,18
47920,18157,18
47921,18007,18
47922,18111,18
47923,18181,18
47924,18157,18
47925,18181,18
47926,18181,18
47928,18165,18
47929,18181,18
47930,18157,18
47932,18045,18
47933,18107,18
47940,18107,18
47941,18157,18
47942,18007,18
47943,18111,18
47944,18007,18
47946,18131,18
47948,18111,18
47949,18045,18
47950,18181,18
47951,18111,18
47952,18045,18
47954,18107,18
47955,18107,18
47957,18131,18
47958,18045,18
47959,18181,18
47960,18181,18
47963,18111,18
47964,18111,18
47965,18107,18
47966,18165,18
47967,18107,18
47968,18107,18
47969,18045,18
47970,18171,18
47971,18007,18
47974,18165,18
47975,18171,18
47977,18073,18
47978,18073,18
47980,18181,18
47981,18157,18
47982,18171,18
47983,18157,18
47986,18007,18
47987,18045,18
47989,18107,18
47990,18107,18
47991,18171,18
47992,18157,18
47993,18171,18
47994,18107,18
47995,18181,18
47997,18015,18
48001,26147,26
48002,26147,26
48003,26087,26
48005,26099,26
48006,26147,26
48009,26125,26
48014,26147,26
48015,26099,26
48017,26125,26
48021,26099,26
48022,26147,26
48023,26147,26
48025,26125,26
48026,26099,26
48027,26147,26
48028,26147,26
48030,26125,26
48032,26147,26
48033,26125,26
48034,26125,26
48035,26099,26
48036,26099,26
48038,26099,26
48039,26147,26
48040,26147,26
48041,26147,26
48042,26099,26
48043,26099,26
48044,26099,26
48045,26099,26
48047,26099,26
48048,26099,26
48049,26147,26
48050,26099,26
48051,26099,26
48054,26147,26
48059,26147,26
48060,26147,26
48062,26099,26
48063,26147,26
48064,26147,26
48065,26099,26
48066,26099,26
48067,26125,26
48069,26125,26
48070,26125,26
48071,26125,26
48072,26125,26
48073,26125,26
48074,26147,26
48075,26125,26
48076,26125,26
48079,26147,26
48080,26099,26
48081,26099,26
48082,26099,26
48083,26125,26
48084,26125,26
48085,26125,26
48088,26099,26
48089,26099,26
48091,26099,26
48092,26099,26
48093,26099,26
48094,26099,26
48095,26099,26
48096,26099,26
48097,26147,26
48098,26125,26
48101,26163,26
48103,26161,26
48104,26161,26
48105,26161,26
48108,26161,26
48109,26161,26
48111,26163,26
48114,26093,26
48116,26093,26
48117,26115,26
48118,26161,26
48120,26163,26
48122,26163,26
48124,26163,26
48125,26163,26
48126,26163,26
48127,26163,26
48128,26163,26
48130,26161,26
48131,26115,26
48133,26115,26
48134,26163,26
48135,26163,26
48137,26093,26
48138,26163,26
48139,26093,26
48140,26115,26
48141,26163,26
48143,26093,26
48144,26115,26
48145,26115,26
48146,26163,26
48150,26163,26
48152,26163,26
48154,26163,26
48157,26115,26
48158,26161,26
48159,26115,26
48160,26115,26
48161,26115,26
48162,26115,26
48164,26163,26
48165,26125,26
48166,26115,26
48167,26125,26
48168,26163,26
48169,26093,26
48170,26163,26
48173,26163,26
48174,26163,26
48176,26161,26
48177,26115,26
48178,26125,26
48179,26115,26
48180,26163,26
48182,26115,26
48183,26163,26
48184,26163,26
48185,26163,26
48186,26163,26
48187,26163,26
48188,26163,26
48189,26161,26
48190,26161,26
48191,26161,26
48192,26163,26
48193,26163,26
48195,26163,26
48197,26161,26
48198,26161,26
48201,26163,26
48202,26163,26
48203,26163,26
48204,26163,26
48205,26163,26
48206,26163,26
48207,26163,26
48208,26163,26
48209,26163,26
48210,26163,26
48211,26163,26
48212,26163,26
48213,26163,26
48214,26163,26
48215,26163,26
48216,26163,26
48217,26163,26
48218,26163,26
48219,26163,26
48220,26125,26
48221,26163,26
48223,26163,26
48224,26163,26
48225,26163,26
48226,26163,26
48227,26163,26
48228,26163,26
48229,26163,26
48230,26163,26
48233,26163,26
48234,26163,26
48235,26163,26
48236,26163,26
48237,26125,26
48238,26163,26
48239,26163,26
48240,26163,26
48242,26163,26
48243,26163,26
48301,26125,26
48302,26125,26
48304,26125,26
48306,26125,26
48307,26125,26
48309,26125,26
48310,26099,26
48312,26099,26
48313,26099,26
48314,26099,26
48315,26099,26
48316,26099,26
48317,26099,26
48320,26125,26
48322,26125,26
48323,26125,26
48324,26125,26
48326,26125,26
48327,26125,26
48328,26125,26
48329,26125,26
48331,26125,26
48334,26125,26
48335,26125,26
48336,26125,26
48340,26125,26
48341,26125,26
48342,26125,26
48346,26125,26
48348,26125,26
48350,26125,26
48353,26093,26
48356,26125,26
48357,26125,26
48359,26125,26
48360,26125,26
48362,26125,26
48363,26125,26
48367,26125,26
48370,26125,26
48371,26125,26
48374,26125,26
48375,26125,26
48377,26125,26
48380,26125,26
48381,26125,26
48382,26125,26
48383,26125,26
48386,26125,26
48390,26125,26
48393,26125,26
48401,26151,26
48410,26151,26
48411,26049,26
48412,26087,26
48413,26063,26
48414,26155,26
48415,26145,26
48416,26151,26
48417,26145,26
48418,26155,26
48419,26151,26
48420,26049,26
48421,26087,26
48422,26151,26
48423,26049,26
48426,26151,26
48427,26151,26
48428,26087,26
48429,26155,26
48430,26093,26
48432,26063,26
48433,26049,26
48434,26151,26
48435,26157,26
48436,26049,26
48437,26049,26
48438,26049,26
48439,26049,26
48440,26087,26
48441,26063,26
48442,26125,26
48444,26087,26
48445,26063,26
48446,26087,26
48449,26155,26
48450,26151,26
48451,26049,26
48453,26151,26
48454,26151,26
48455,26087,26
48456,26151,26
48457,26049,26
48458,26049,26
48460,26155,26
48461,26087,26
48462,26125,26
48463,26049,26
48464,26087,26
48465,26151,26
48466,26151,26
48467,26063,26
48468,26063,26
48469,26151,26
48470,26063,26
48471,26151,26
48472,26151,26
48473,26049,26
48475,26151,26
48476,26155,26
48502,26049,26
48503,26049,26
48504,26049,26
48505,26049,26
48506,26049,26
48507,26049,26
48509,26049,26
48519,26049,26
48529,26049,26
48532,26049,26
48601,26145,26
48602,26145,26
48603,26145,26
48604,26145,26
48607,26145,26
48609,26145,26
48610,26051,26
48611,26017,26
48612,26051,26
48613,26017,26
48614,26145,26
48615,26057,26
48616,26145,26
48617,26035,26
48618,26111,26
48619,26135,26
48620,26111,26
48621,26135,26
48622,26035,26
48623,26145,26
48624,26051,26
48625,26035,26
48626,26145,26
48627,26143,26
48628,26111,26
48629,26143,26
48630,26143,26
48631,26017,26
48632,26035,26
48633,26035,26
48634,26017,26
48635,26129,26
48636,26135,26
48637,26145,26
48638,26145,26
48640,26111,26
48642,26111,26
48647,26135,26
48649,26145,26
48650,26017,26
48651,26143,26
48652,26051,26
48653,26143,26
48654,26129,26
48655,26145,26
48656,26143,26
48657,26111,26
48658,26011,26
48659,26011,26
48661,26129,26
48662,26057,26
48701,26157,26
48703,26011,26
48705,26001,26
48706,26017,26
48708,26017,26
48710,26017,26
48720,26063,26
48721,26001,26
48722,26145,26
48723,26157,26
48724,26145,26
48725,26063,26
48726,26157,26
48727,26087,26
48728,26001,26
48729,26157,26
48730,26069,26
48731,26063,26
48732,26017,26
48733,26157,26
48734,26145,26
48735,26157,26
48737,26001,26
48738,26001,26
48739,26069,26
48740,26001,26
48741,26157,26
48742,26001,26
48743,26069,26
48744,26157,26
48745,26001,26
48746,26157,26
48747,26017,26
48748,26069,26
48749,26011,26
48750,26069,26
48754,26063,26
48755,26063,26
48756,26129,26
48757,26157,26
48759,26063,26
48760,26087,26
48761,26129,26
48762,26001,26
48763,26069,26
48765,26011,26
48766,26011,26
48767,26157,26
48768,26157,26
48770,26069,26
48801,26057,26
48806,26057,26
48807,26057,26
48808,26037,26
48809,26067,26
48811,26117,26
48813,26045,26
48815,26067,26
48816,26093,26
48817,26155,26
48818,26117,26
48819,26065,26
48820,26037,26
48821,26045,26
48822,26037,26
48823,26065,26
48824,26065,26
48825,26065,26
48827,26045,26
48829,26117,26
48831,26037,26
48832,26057,26
48834,26117,26
48835,26037,26
48836,26093,26
48837,26045,26
48838,26117,26
48840,26065,26
48841,26155,26
48842,26065,26
48843,26093,26
48845,26067,26
48846,26067,26
48847,26057,26
48848,26155,26
48849,26067,26
48850,26117,26
48851,26067,26
48852,26117,26
48853,26037,26
48854,26065,26
48855,26093,26
48856,26057,26
48857,26155,26
48858,26073,26
48859,26073,26
48860,26067,26
48861,26045,26
48862,26057,26
48864,26065,26
48865,26067,26
48866,26037,26
48867,26155,26
48870,26067,26
48871,26057,26
48872,26155,26
48873,26067,26
48874,26057,26
48875,26067,26
48876,26045,26
48877,26057,26
48878,26073,26
48879,26037,26
48880,26057,26
48881,26067,26
48883,26073,26
48884,26117,26
48885,26117,26
48886,26117,26
48888,26117,26
48889,26057,26
48890,26045,26
48891,26117,26
48892,26065,26
48893,26073,26
48894,26037,26
48895,26065,26
48896,26073,26
48897,26015,26
48906,26037,26
48910,26065,26
48911,26065,26
48912,26065,26
48915,26065,26
48917,26045,26
48933,26065,26
49001,26077,26
49002,26077,26
49004,26077,26
49006,26077,26
49007,26077,26
49008,26077,26
49009,26077,26
49010,26005,26
49011,26025,26
49012,26077,26
49013,26159,26
49014,26025,26
49015,26025,26
49017,26025,26
49021,26045,26
49022,26021,26
49024,26077,26
49026,26159,26
49027,26159,26
49028,26023,26
49029,26025,26
49030,26149,26
49031,26027,26
49032,26149,26
49033,26025,26
49034,26077,26
49036,26023,26
49037,26025,26
49038,26021,26
49040,26149,26
49042,26149,26
49043,26159,26
49045,26159,26
49046,26015,26
49047,26027,26
49048,26077,26
49050,26015,26
49051,26025,26
49052,26077,26
49053,26077,26
49055,26159,26
49056,26159,26
49057,26159,26
49058,26015,26
49060,26015,26
49061,26027,26
49063,26159,26
49064,26159,26
49065,26159,26
49066,26149,26
49067,26027,26
49068,26025,26
49070,26005,26
49071,26159,26
49072,26149,26
49073,26015,26
49074,26077,26
49075,26149,26
49076,26045,26
49078,26005,26
49079,26159,26
49080,26005,26
49082,26023,26
49083,26077,26
49084,26021,26
49085,26021,26
49087,26077,26
49088,26077,26
49089,26023,26
49090,26159,26
49091,26149,26
49092,26025,26
49093,26149,26
49094,26023,26
49095,26027,26
49096,26045,26
49097,26077,26
49098,26021,26
49099,26149,26
49101,26021,26
49102,26021,26
49103,26021,26
49104,26021,26
49106,26021,26
49107,26021,26
49111,26021,26
49112,26027,26
49113,26021,26
49115,26021,26
49116,26021,26
49117,26021,26
49119,26021,26
49120,26021,26
49125,26021,26
49126,26021,26
49127,26021,26
49128,26021,26
49129,26021,26
49130,26027,26
49201,26075,26
49202,26075,26
49203,26075,26
49220,26091,26
49221,26091,26
49224,26025,26
49227,26059,26
49228,26091,26
49229,26091,26
49230,26075,26
49232,26059,26
49233,26075,26
49234,26075,26
49235,26091,26
49236,26091,26
49237,26075,26
49238,26091,26
49240,26075,26
49241,26075,26
49242,26059,26
49245,26025,26
49246,26075,26
49247,26091,26
49248,26091,26
49249,26059,26
49250,26059,26
49251,26065,26
49252,26059,26
49253,26091,26
49254,26075,26
49255,26023,26
49256,26091,26
49258,26059,26
49259,26075,26
49261,26075,26
49262,26059,26
49263,26075,26
49264,26065,26
49265,26091,26
49266,26059,26
49267,26115,26
49268,26091,26
49269,26075,26
49270,26115,26
49271,26059,26
49272,26075,26
49274,26059,26
49276,26091,26
49277,26075,26
49279,26091,26
49282,26059,26
49283,26075,26
49284,26075,26
49285,26065,26
49286,26091,26
49287,26091,26
49288,26059,26
49289,26091,26
49301,26081,26
49302,26081,26
49303,26121,26
49304,26085,26
49305,26107,26
49306,26081,26
49307,26107,26
49309,26123,26
49310,26073,26
49312,26123,26
49315,26081,26
49316,26081,26
49318,26121,26
49319,26081,26
49320,26107,26
49321,26081,26
49322,26117,26
49323,26005,26
49325,26015,26
49326,26081,26
49327,26123,26
49328,26005,26
49329,26117,26
49330,26081,26
49331,26081,26
49332,26107,26
49333,26015,26
49335,26005,26
49336,26107,26
49337,26123,26
49338,26123,26
49339,26117,26
49340,26107,26
49341,26081,26
49342,26107,26
49343,26081,26
49344,26005,26
49345,26081,26
49346,26107,26
49347,26117,26
49348,26005,26
49349,26123,26
49401,26139,26
49402,26085,26
49403,26139,26
49404,26139,26
49405,26105,26
49406,26005,26
49408,26005,26
49409,26139,26
49410,26105,26
49411,26105,26
49412,26123,26
49415,26121,26
49417,26139,26
49418,26081,26
49419,26005,26
49420,26127,26
49421,26127,26
49423,26005,26
49424,26139,26
49425,26121,26
49426,26139,26
49428,26139,26
49430,26139,26
49431,26105,26
49434,26139,26
49435,26139,26
49436,26127,26
49437,26121,26
49440,26121,26
49441,26121,26
49442,26121,26
49443,26121,26
49444,26121,26
49445,26121,26
49446,26127,26
49448,26139,26
49449,26127,26
49450,26005,26
49451,26121,26
49452,26127,26
49453,26005,26
49454,26105,26
49455,26127,26
49456,26139,26
49457,26121,26
49458,26105,26
49459,26127,26
49460,26139,26
49461,26121,26
49464,26139,26
49503,26081,26
49504,26081,26
49505,26081,26
49506,26081,26
49507,26081,26
49508,26081,26
49509,26081,26
49512,26081,26
49519,26081,26
49525,26081,26
49534,26139,26
49544,26081,26
49546,26081,26
49548,26081,26
49601,26165,26
49611,26009,26
49612,26009,26
49613,26101,26
49614,26101,26
49615,26009,26
49616,26019,26
49617,26019,26
49618,26165,26
49619,26101,26
49620,26055,26
49621,26089,26
49622,26009,26
49623,26085,26
49625,26101,26
49626,26101,26
49627,26009,26
49628,26019,26
49629,26009,26
49630,26089,26
49631,26133,26
49632,26113,26
49633,26079,26
49634,26101,26
49635,26019,26
49636,26089,26
49637,26055,26
49638,26165,26
49639,26133,26
49640,26019,26
49642,26085,26
49643,26019,26
49644,26085,26
49645,26101,26
49646,26079,26
49648,26009,26
49649,26055,26
49650,26019,26
49651,26113,26
49653,26089,26
49654,26089,26
49655,26133,26
49656,26085,26
49657,26113,26
49659,26009,26
49660,26101,26
49663,26165,26
49664,26089,26
49665,26133,26
49667,26113,26
49668,26165,26
49670,26089,26
49674,26089,26
49675,26101,26
49676,26079,26
49677,26133,26
49679,26133,26
49680,26079,26
49682,26089,26
49683,26019,26
49684,26089,26
49685,26055,26
49686,26055,26
49688,26133,26
49689,26101,26
49690,26055,26
49696,26055,26
49701,26047,26
49705,26031,26
49706,26047,26
49707,26007,26
49709,26119,26
49710,26033,26
49712,26029,26
49713,26029,26
49715,26033,26
49716,26047,26
49717,26031,26
49718,26047,26
49719,26097,26
49720,26029,26
49721,26031,26
49722,26047,26
49724,26033,26
49725,26033,26
49726,26033,26
49727,26009,26
49728,26033,26
49729,26009,26
49730,26009,26
49733,26039,26
49735,26137,26
49736,26033,26
49738,26039,26
49740,26047,26
49743,26141,26
49744,26007,26
49745,26097,26
49746,26119,26
49747,26001,26
49748,26033,26
49749,26031,26
49751,26137,26
49752,26033,26
49753,26007,26
49755,26047,26
49756,26135,26
49757,26097,26
49759,26141,26
49760,26097,26
49762,26097,26
49764,26047,26
49765,26141,26
49766,26007,26
49768,26033,26
49769,26047,26
49770,26047,26
49774,26033,26
49775,26097,26
49776,26141,26
49777,26141,26
49779,26141,26
49780,26033,26
49781,26097,26
49782,26029,26
49783,26033,26
49784,26033,26
49788,26033,26
49791,26031,26
49793,26033,26
49795,26137,26
49796,26029,26
49799,26031,26
49801,26043,26
49802,26043,26
49805,26083,26
49806,26003,26
49807,26041,26
49808,26103,26
49812,26109,26
49814,26103,26
49815,26043,26
49816,26003,26
49817,26041,26
49818,26103,26
49820,26097,26
49821,26109,26
49822,26003,26
49825,26003,26
49826,26003,26
49827,26097,26
49829,26041,26
49831,26043,26
49833,26103,26
49834,26043,26
49835,26041,26
49836,26153,26
49837,26041,26
49838,26097,26
49839,26003,26
49840,26153,26
49841,26103,26
49847,26109,26
49848,26109,26
49849,26103,26
49852,26043,26
49853,26095,26
49854,26153,26
49855,26103,26
49858,26109,26
49861,26013,26
49862,26003,26
49863,26109,26
49864,26041,26
49866,26103,26
49868,26095,26
49870,26043,26
49871,26103,26
49872,26041,26
49873,26109,26
49874,26109,26
49876,26043,26
49877,26043,26
49878,26041,26
49879,26103,26
49880,26103,26
49881,26043,26
49883,26153,26
49884,26003,26
49885,26103,26
49886,26109,26
49887,26109,26
49891,26003,26
49892,26043,26
49893,26109,26
49894,26041,26
49895,26041,26
49896,26109,26
49901,26083,26
49902,26071,26
49903,26071,26
49905,26061,26
49908,26013,26
49910,26131,26
49911,26053,26
49912,26131,26
49913,26061,26
49915,26071,26
49916,26061,26
49917,26061,26
49918,26083,26
49919,26013,26
49920,26071,26
49921,26061,26
49922,26061,26
49925,26131,26
49927,26071,26
49929,26131,26
49930,26061,26
49931,26061,26
49934,26061,26
49935,26071,26
49938,26053,26
49942,26061,26
49945,26061,26
49946,26013,26
49947,26053,26
49948,26131,26
49950,26083,26
49952,26061,26
49953,26131,26
49955,26061,26
49958,26061,26
49959,26053,26
49960,26131,26
49961,26061,26
49962,26013,26
49963,26061,26
49965,26061,26
49967,26061,26
49968,26053,26
49969,26053,26
49970,26013,26
49971,26131,26
50001,19181,19
50002,19077,19
50003,19049,19
50005,19127,19
50006,19083,19
50007,19153,19
50008,19185,19
50009,19153,19
50010,19169,19
50012,19169,19
50013,19169,19
50014,19169,19
50020,19029,19
50021,19153,19
50022,19029,19
50023,19153,19
50025,19009,19
50026,19077,19
50027,19123,19
50028,19099,19
50029,19077,19
50031,19015,19
50032,19153,19
50033,19121,19
50034,19079,19
50035,19153,19
50036,19015,19
50038,19049,19
50039,19049,19
50040,19015,19
50041,19069,19
50042,19009,19
50044,19125,19
50046,19169,19
50047,19181,19
50048,19077,19
50049,19117,19
50050,19073,19
50051,19127,19
50052,19185,19
50054,19099,19
50055,19169,19
50056,19169,19
50057,19125,19
50058,19077,19
50060,19185,19
50061,19121,19
50062,19125,19
50063,19049,19
50064,19073,19
50065,19053,19
50066,19049,19
50067,19053,19
50068,19117,19
50069,19049,19
50070,19121,19
50071,19197,19
50072,19121,19
50073,19153,19
50074,19159,19
50075,19079,19
50076,19009,19
50078,19127,19
50101,19197,19
50102,19083,19
50103,19053,19
50104,19107,19
50105,19169,19
50106,19127,19
50107,19073,19
50108,19053,19
50109,19153,19
50110,19009,19
50111,19153,19
50112,19157,19
50115,19077,19
50116,19125,19
50117,19009,19
50118,19181,19
50119,19125,19
50120,19127,19
50122,19083,19
50123,19185,19
50124,19169,19
50125,19181,19
50126,19083,19
50127,19099,19
50128,19077,19
50129,19073,19
50130,19079,19
50131,19153,19
50132,19079,19
50133,19159,19
50134,19169,19
50135,19099,19
50136,19107,19
50137,19099,19
50138,19125,19
50139,19181,19
50140,19053,19
50141,19127,19
50142,19127,19
50143,19123,19
50144,19053,19
50145,19181,19
50146,19049,19
50147,19185,19
50148,19127,19
50149,19121,19
50150,19135,19
50151,19117,19
50152,19015,19
50153,19099,19
50154,19169,19
50155,19121,19
50156,19015,19
50157,19157,19
50158,19127,19
50160,19181,19
50161,19153,19
50162,19127,19
50163,19125,19
50164,19077,19
50165,19185,19
50166,19181,19
50167,19049,19
50168,19099,19
50169,19153,19
50170,19099,19
50171,19157,19
50173,19171,19
50174,19039,19
50201,19169,19
50206,19083,19
50207,19123,19
50208,19099,19
50210,19181,19
50211,19181,19
50212,19015,19
50213,19039,19
50214,19125,19
50216,19077,19
50217,19073,19
50218,19121,19
50219,19125,19
50220,19049,19
50222,19121,19
50223,19015,19
50225,19125,19
50226,19153,19
50227,19069,19
50228,19099,19
50229,19181,19
50230,19083,19
50231,19079,19
50232,19099,19
50233,19049,19
50234,19127,19
50235,19073,19
50236,19169,19
50237,19153,19
50238,19117,19
50239,19127,19
50240,19121,19
50241,19181,19
50242,19157,19
50243,19153,19
50244,19153,19
50246,19079,19
50247,19127,19
50248,19169,19
50249,19079,19
50250,19001,19
50251,19099,19
50252,19125,19
50254,19175,19
50255,19107,19
50256,19125,19
50257,19121,19
50258,19083,19
50261,19121,19
50262,19053,19
50263,19049,19
50264,19039,19
50265,19153,19
50266,19049,19
50268,19107,19
50269,19083,19
50271,19079,19
50272,19117,19
50273,19121,19
50274,19029,19
50275,19039,19
50276,19015,19
50277,19077,19
50278,19169,19
50309,19153,19
50310,19153,19
50311,19153,19
50312,19153,19
50313,19153,19
50314,19153,19
50315,19153,19
50316,19153,19
50317,19153,19
50319,19153,19
50320,19153,19
50321,19153,19
50322,19153,19
50323,19049,19
50324,19153,19
50325,19153,19
50327,19153,19
50401,19033,19
50420,19069,19
50421,19197,19
50423,19081,19
50424,19189,19
50426,19131,19
50427,19069,19
50428,19033,19
50430,19081,19
50431,19069,19
50432,19081,19
50433,19033,19
50434,19195,19
50435,19067,19
50436,19189,19
50438,19081,19
50439,19081,19
50440,19195,19
50441,19069,19
50444,19195,19
50446,19195,19
50447,19081,19
50448,19195,19
50449,19081,19
50450,19189,19
50451,19109,19
50452,19069,19
50453,19189,19
50454,19131,19
50455,19131,19
50456,19195,19
50457,19081,19
50458,19067,19
50459,19195,19
50460,19131,19
50461,19131,19
50464,19033,19
50465,19189,19
50466,19089,19
50467,19033,19
50468,19067,19
50469,19033,19
50470,19197,19
50471,19067,19
50472,19131,19
50473,19189,19
50475,19069,19
50476,19131,19
50477,19033,19
50478,19189,19
50479,19033,19
50480,19109,19
50482,19033,19
50483,19109,19
50484,19081,19
50501,19187,19
50510,19021,19
50511,19109,19
50514,19063,19
50515,19147,19
50516,19187,19
50517,19109,19
50518,19187,19
50519,19091,19
50520,19091,19
50521,19187,19
50522,19109,19
50523,19187,19
50524,19187,19
50525,19197,19
50527,19147,19
50528,19147,19
50529,19091,19
50530,19187,19
50531,19063,19
50532,19187,19
50533,19197,19
50535,19161,19
50536,19147,19
50538,19025,19
50539,19109,19
50540,19151,19
50541,19151,19
50542,19197,19
50543,19187,19
50544,19187,19
50545,19091,19
50546,19151,19
50548,19091,19
50551,19025,19
50552,19025,19
50554,19151,19
50556,19109,19
50557,19187,19
50558,19091,19
50559,19109,19
50560,19109,19
50561,19025,19
50562,19147,19
50563,19025,19
50565,19021,19
50566,19187,19
50567,19161,19
50568,19021,19
50569,19187,19
50570,19091,19
50571,19151,19
50573,19151,19
50574,19151,19
50575,19025,19
50576,19021,19
50577,19091,19
50578,19063,19
50579,19025,19
50581,19151,19
50582,19091,19
50583,19161,19
50585,19021,19
50586,19025,19
50588,19021,19
50590,19109,19
50591,19091,19
50592,19021,19
50593,19151,19
50594,19187,19
50595,19079,19
50597,19147,19
50598,19109,19
50599,19197,19
50601,19069,19
50602,19023,19
50603,19037,19
50604,19023,19
50605,19069,19
50606,19065,19
50607,19019,19
50608,19023,19
50609,19075,19
50611,19023,19
50612,19171,19
50613,19013,19
50616,19067,19
50619,19023,19
50620,19067,19
50621,19075,19
50622,19017,19
50623,19013,19
50624,19075,19
50625,19023,19
50626,19013,19
50627,19083,19
50628,19089,19
50629,19019,19
50630,19037,19
50631,19017,19
50632,19171,19
50633,19069,19
50634,19013,19
50635,19171,19
50636,19023,19
50638,19075,19
50641,19019,19
50642,19075,19
50643,19013,19
50644,19019,19
50645,19037,19
50647,19017,19
50648,19013,19
50649,19023,19
50650,19019,19
50651,19013,19
50652,19171,19
50653,19067,19
50654,19019,19
50655,19065,19
50657,19075,19
50658,19037,19
50659,19037,19
50660,19023,19
50662,19065,19
50664,19065,19
50665,19023,19
50666,19017,19
50667,19013,19
50668,19017,19
50669,19075,19
50670,19023,19
50671,19065,19
50672,19083,19
50673,19075,19
50674,19017,19
50675,19171,19
50676,19017,19
50677,19017,19
50680,19075,19
50681,19065,19
50682,19019,19
50701,19013,19
50702,19013,19
50703,19013,19
50707,19013,19
50801,19175,19
50830,19175,19
50831,19175,19
50833,19173,19
50835,19159,19
50836,19173,19
50837,19001,19
50839,19003,19
50840,19173,19
50841,19003,19
50842,19175,19
50843,19029,19
50845,19159,19
50846,19001,19
50847,19137,19
50848,19173,19
50849,19001,19
50851,19173,19
50853,19029,19
50854,19159,19
50857,19003,19
50858,19001,19
50859,19003,19
50860,19159,19
50861,19175,19
50862,19173,19
50863,19159,19
50864,19137,19
51001,19149,19
51002,19021,19
51003,19167,19
51004,19193,19
51005,19035,19
51006,19093,19
51007,19193,19
51008,19149,19
51009,19141,19
51010,19133,19
51011,19167,19
51012,19035,19
51014,19035,19
51015,19193,19
51016,19193,19
51018,19093,19
51019,19193,19
51020,19093,19
51022,19141,19
51023,19167,19
51024,19149,19
51025,19093,19
51026,19193,19
51027,19167,19
51028,19149,19
51029,19035,19
51030,19193,19
51031,19149,19
51033,19041,19
51034,19133,19
51035,19035,19
51036,19167,19
51037,19035,19
51038,19149,19
51039,19193,19
51040,19133,19
51041,19167,19
51044,19193,19
51045,19149,19
51046,19141,19
51047,19041,19
51048,19193,19
51049,19035,19
51050,19149,19
51051,19133,19
51052,19193,19
51053,19161,19
51054,19193,19
51055,19193,19
51056,19193,19
51058,19141,19
51060,19133,19
51061,19035,19
51062,19149,19
51063,19133,19
51101,19193,19
51103,19193,19
51104,19193,19
51105,19193,19
51106,19193,19
51108,19149,19
51109,19149,19
51111,19193,19
51201,19167,19
51230,19119,19
51231,19141,19
51232,19143,19
51234,19167,19
51235,19119,19
51237,19119,19
51238,19167,19
51239,19167,19
51240,19119,19
51241,19119,19
51242,19119,19
51243,19119,19
51244,19167,19
51245,19141,19
51246,19119,19
51247,19167,19
51248,19141,19
51249,19143,19
51250,19167,19
51301,19041,19
51331,19059,19
51333,19041,19
51334,19063,19
51338,19041,19
51340,19041,19
51341,19041,19
51342,19147,19
51343,19041,19
51345,19143,19
51346,19141,19
51347,19059,19
51350,19143,19
51351,19059,19
51354,19143,19
51355,19059,19
51357,19041,19
51358,19147,19
51360,19059,19
51363,19059,19
51364,19059,19
51365,19063,19
51366,19041,19
51401,19027,19
51430,19027,19
51431,19093,19
51432,19047,19
51433,19161,19
51436,19027,19
51439,19047,19
51440,19027,19
51441,19047,19
51442,19047,19
51443,19027,19
51444,19027,19
51445,19093,19
51446,19165,19
51447,19165,19
51448,19047,19
51449,19025,19
51450,19161,19
51451,19027,19
51452,19027,19
51453,19025,19
51454,19047,19
51455,19027,19
51458,19161,19
51459,19027,19
51460,19047,19
51461,19047,19
51462,19073,19
51463,19027,19
51465,19047,19
51466,19161,19
51467,19047,19
51501,19155,19
51503,19155,19
51510,19155,19
51520,19047,19
51521,19155,19
51523,19133,19
51525,19155,19
51526,19155,19
51527,19165,19
51528,19047,19
51529,19085,19
51530,19165,19
51531,19165,19
51532,19137,19
51533,19137,19
51534,19129,19
51535,19029,19
51536,19155,19
51537,19165,19
51540,19129,19
51541,19129,19
51542,19155,19
51543,19009,19
51544,19029,19
51545,19085,19
51546,19085,19
51548,19155,19
51549,19155,19
51550,19085,19
51551,19129,19
51552,19029,19
51553,19155,19
51554,19129,19
51555,19085,19
51556,19085,19
51557,19085,19
51558,19133,19
51559,19155,19
51560,19155,19
51561,19129,19
51562,19165,19
51563,19085,19
51564,19085,19
51565,19165,19
51566,19137,19
51570,19165,19
51571,19129,19
51572,19133,19
51573,19137,19
51575,19155,19
51576,19155,19
51577,19155,19
51578,19165,19
51579,19085,19
51601,19145,19
51630,19145,19
51631,19145,19
51632,19145,19
51636,19145,19
51637,19145,19
51638,19145,19
51639,19071,19
51640,19071,19
51645,19071,19
51646,19173,19
51647,19145,19
51648,19071,19
51649,19071,19
51650,19071,19
51651,19145,19
51652,19071,19
51653,19071,19
51654,19071,19
51656,19145,19
52001,19061,19
52002,19061,19
52003,19061,19
52030,19097,19
52031,19097,19
52032,19061,19
52033,19105,19
52035,19043,19
52036,19055,19
52037,19045,19
52038,19055,19
52039,19061,19
52040,19055,19
52041,19055,19
52042,19043,19
52043,19043,19
52044,19043,19
52045,19061,19
52046,19061,19
52047,19043,19
52048,19043,19
52049,19043,19
52050,19055,19
52052,19043,19
52053,19061,19
52054,19097,19
52056,19061,19
52057,19055,19
52060,19097,19
52064,19097,19
52065,19061,19
52066,19043,19
52068,19061,19
52069,19097,19
52070,19097,19
52071,19097,19
52072,19043,19
52073,19061,19
52074,19097,19
52075,19097,19
52076,19043,19
52077,19043,19
52078,19061,19
52079,19097,19
52101,19191,19
52132,19191,19
52133,19191,19
52134,19089,19
52135,19065,19
52136,19089,19
52140,19005,19
52141,19065,19
52142,19065,19
52144,19191,19
52146,19005,19
52147,19065,19
52151,19005,19
52154,19037,19
52155,19089,19
52156,19043,19
52157,19043,19
52158,19043,19
52159,19005,19
52160,19005,19
52161,19191,19
52162,19005,19
52163,19089,19
52164,19065,19
52165,19191,19
52166,19065,19
52168,19191,19
52169,19065,19
52170,19005,19
52171,19065,19
52172,19005,19
52175,19065,19
52201,19183,19
52202,19113,19
52203,19095,19
52205,19105,19
52206,19011,19
52207,19097,19
52208,19011,19
52209,19011,19
52210,19019,19
52211,19157,19
52212,19105,19
52213,19113,19
52214,19113,19
52215,19171,19
52216,19031,19
52217,19171,19
52218,19113,19
52219,19113,19
52220,19095,19
52221,19157,19
52222,19157,19
52223,19055,19
52224,19011,19
52225,19171,19
52227,19113,19
52228,19113,19
52229,19011,19
52231,19107,19
52232,19157,19
52233,19113,19
52235,19103,19
52236,19095,19
52237,19055,19
52240,19103,19
52241,19103,19
52242,19103,19
52245,19103,19
52246,19103,19
52247,19103,19
52248,19183,19
52249,19011,19
52251,19095,19
52252,19105,19
52253,19031,19
52254,19045,19
52255,19031,19
52257,19011,19
52301,19095,19
52302,19113,19
52305,19105,19
52306,19031,19
52307,19095,19
52308,19095,19
52309,19097,19
52310,19105,19
52312,19105,19
52313,19011,19
52314,19113,19
52315,19011,19
52316,19095,19
52317,19103,19
52318,19011,19
52320,19105,19
52321,19105,19
52322,19103,19
52323,19105,19
52324,19113,19
52325,19095,19
52326,19019,19
52327,19183,19
52328,19113,19
52329,19019,19
52330,19055,19
52332,19011,19
52333,19103,19
52334,19095,19
52335,19107,19
52336,19113,19
52337,19031,19
52338,19103,19
52339,19171,19
52340,19103,19
52341,19113,19
52342,19171,19
52344,19113,19
52345,19011,19
52346,19011,19
52347,19095,19
52348,19171,19
52349,19011,19
52351,19011,19
52352,19113,19
52353,19183,19
52354,19011,19
52355,19107,19
52356,19183,19
52358,19031,19
52359,19183,19
52361,19095,19
52362,19105,19
52401,19113,19
52402,19113,19
52403,19113,19
52404,19113,19
52405,19113,19
52411,19113,19
52501,19179,19
52530,19179,19
52531,19135,19
52533,19101,19
52534,19123,19
52535,19177,19
52536,19179,19
52537,19051,19
52540,19101,19
52542,19177,19
52543,19123,19
52544,19007,19
52548,19179,19
52549,19007,19
52550,19107,19
52551,19177,19
52552,19051,19
52553,19179,19
52554,19179,19
52555,19007,19
52556,19101,19
52557,19101,19
52560,19051,19
52561,19123,19
52562,19107,19
52563,19107,19
52565,19177,19
52566,19179,19
52567,19101,19
52568,19107,19
52569,19135,19
52570,19177,19
52571,19007,19
52572,19007,19
52573,19177,19
52574,19007,19
52576,19107,19
52577,19123,19
52580,19101,19
52581,19007,19
52583,19185,19
52584,19051,19
52585,19107,19
52586,19123,19
52588,19177,19
52590,19185,19
52591,19107,19
52593,19007,19
52594,19007,19
52595,19123,19
52601,19057,19
52619,19111,19
52620,19177,19
52621,19183,19
52623,19057,19
52624,19111,19
52625,19111,19
52626,19111,19
52627,19111,19
52630,19111,19
52631,19111,19
52632,19111,19
52635,19101,19
52637,19057,19
52638,19057,19
52639,19111,19
52640,19115,19
52641,19087,19
52644,19087,19
52645,19087,19
52646,19057,19
52647,19087,19
52649,19087,19
52650,19057,19
52651,19177,19
52652,19087,19
52653,19115,19
52654,19087,19
52655,19057,19
52656,19111,19
52657,19111,19
52658,19111,19
52659,19087,19
52660,19057,19
52701,19045,19
52720,19139,19
52721,19031,19
52722,19163,19
52726,19163,19
52727,19045,19
52728,19163,19
52729,19045,19
52730,19045,19
52731,19045,19
52732,19045,19
52737,19115,19
52738,19115,19
52739,19115,19
52742,19045,19
52745,19163,19
52746,19163,19
52747,19139,19
52748,19163,19
52749,19139,19
52750,19045,19
52751,19045,19
52752,19115,19
52753,19163,19
52754,19139,19
52755,19103,19
52756,19163,19
52757,19045,19
52758,19163,19
52759,19139,19
52760,19139,19
52761,19139,19
52765,19163,19
52766,19139,19
52767,19163,19
52768,19163,19
52769,19163,19
52771,19045,19
52772,19031,19
52773,19163,19
52774,19045,19
52776,19139,19
52777,19045,19
52778,19031,19
52801,19163,19
52802,19163,19
52803,19163,19
52804,19163,19
52806,19163,19
52807,19163,19
53001,55117,55
53002,55131,55
53003,55027,55
53004,55089,55
53005,55133,55
53006,55027,55
53007,55133,55
53010,55039,55
53011,55117,55
53012,55089,55
53013,55117,55
53014,55015,55
53015,55071,55
53016,55027,55
53017,55131,55
53018,55133,55
53019,55039,55
53020,55117,55
53021,55089,55
53022,55131,55
53023,55117,55
53024,55089,55
53027,55131,55
53029,55133,55
53031,55117,55
53032,55027,55
53033,55131,55
53034,55027,55
53035,55027,55
53036,55055,55
53037,55131,55
53038,55055,55
53039,55027,55
53040,55131,55
53042,55071,55
53044,55117,55
53045,55133,55
53046,55133,55
53047,55027,55
53048,55027,55
53049,55039,55
53050,55027,55
53051,55133,55
53057,55039,55
53058,55133,55
53059,55027,55
53061,55015,55
53063,55071,55
53065,55039,55
53066,55133,55
53069,55133,55
53070,55117,55
53072,55133,55
53073,55117,55
53074,55089,55
53075,55117,55
53076,55131,55
53078,55027,55
53079,55039,55
53080,55089,55
53081,55117,55
53083,55117,55
53085,55117,55
53086,55131,55
53088,55015,55
53089,55133,55
53090,55131,55
53091,55027,55
53092,55089,55
53093,55117,55
53094,55055,55
53095,55131,55
53097,55089,55
53098,55027,55
53099,55027,55
53103,55133,55
53104,55059,55
53105,55101,55
53108,55101,55
53110,55079,55
53114,55127,55
53115,55127,55
53118,55133,55
53119,55133,55
53120,55127,55
53121,55127,55
53122,55133,55
53125,55127,55
53126,55101,55
53127,55133,55
53128,55127,55
53129,55079,55
53130,55079,55
53132,55079,55
53137,55055,55
53139,55101,55
53140,55059,55
53142,55059,55
53143,55059,55
53144,55059,55
53146,55133,55
53147,55127,55
53149,55133,55
53150,55133,55
53151,55133,55
53153,55133,55
53154,55079,55
53156,55055,55
53157,55127,55
53158,55059,55
53167,55101,55
53168,55059,55
53170,55059,55
53172,55079,55
53176,55127,55
53177,55101,55
53178,55055,55
53179,55059,55
53181,55059,55
53182,55101,55
53183,55133,55
53184,55127,55
53185,55101,55
53186,55133,55
53188,55133,55
53189,55133,55
53190,55127,55
53191,55127,55
53192,55059,55
53195,55127,55
53202,55079,55
53203,55079,55
53204,55079,55
53205,55079,55
53206,55079,55
53207,55079,55
53208,55079,55
53209,55079,55
53210,55079,55
53211,55079,55
53212,55079,55
53213,55079,55
53214,55079,55
53215,55079,55
53216,55079,55
53217,55079,55
53218,55079,55
53219,55079,55
53220,55079,55
53221,55079,55
53222,55079,55
53223,55079,55
53224,55079,55
53225,55079,55
53226,55079,55
53227,55079,55
53228,55079,55
53233,55079,55
53235,55079,55
53295,55079,55
53402,55101,55
53403,55101,55
53404,55101,55
53405,55101,55
53406,55101,55
53501,55105,55
53502,55045,55
53503,55049,55
53504,55065,55
53505,55105,55
53506,55049,55
53507,55049,55
53508,55025,55
53510,55065,55
53511,55105,55
53515,55025,55
53516,55065,55
53517,55025,55
53518,55103,55
53520,55105,55
53521,55045,55
53522,55045,55
53523,55025,55
53525,55105,55
53526,55049,55
53527,55025,55
53528,55025,55
53529,55025,55
53530,55065,55
53531,55025,55
53532,55025,55
53533,55049,55
53534,55105,55
53536,55105,55
53537,55105,55
53538,55055,55
53540,55103,55
53541,55065,55
53543,55049,55
53544,55049,55
53545,55105,55
53546,55105,55
53548,55105,55
53549,55055,55
53550,55045,55
53551,55055,55
53553,55049,55
53554,55043,55
53555,55021,55
53556,55103,55
53557,55027,55
53558,55025,55
53559,55025,55
53560,55025,55
53561,55111,55
53562,55025,55
53563,55105,55
53565,55049,55
53566,55045,55
53569,55043,55
53570,55045,55
53571,55025,55
53572,55025,55
53573,55043,55
53574,55045,55
53575,55025,55
53576,55105,55
53577,55111,55
53578,55111,55
53579,55027,55
53580,55049,55
53581,55103,55
53582,55049,55
53583,55111,55
53584,55103,55
53585,55127,55
53586,55065,55
53587,55065,55
53588,55111,55
53589,55025,55
53590,55025,55
53593,55025,55
53594,55055,55
53597,55025,55
53598,55025,55
53599,55065,55
53703,55025,55
53704,55025,55
53705,55025,55
53706,55025,55
53711,55025,55
53713,55025,55
53714,55025,55
53715,55025,55
53716,55025,55
53717,55025,55
53718,55025,55
53719,55025,55
53726,55025,55
53792,55025,55
53801,55043,55
53802,55043,55
53803,55065,55
53804,55043,55
53805,55043,55
53806,55043,55
53807,55043,55
53808,55043,55
53809,55043,55
53810,55043,55
53811,55043,55
53812,55043,55
53813,55043,55
53816,55043,55
53817,55043,55
53818,55043,55
53820,55043,55
53821,55023,55
53825,55043,55
53826,55023,55
53827,55043,55
53901,55021,55
53910,55001,55
53911,55021,55
53913,55111,55
53916,55027,55
53919,55039,55
53920,55077,55
53922,55027,55
53923,55021,55
53924,55103,55
53925,55021,55
53926,55047,55
53928,55021,55
53929,55057,55
53930,55077,55
53931,55039,55
53932,55021,55
53933,55027,55
53934,55001,55
53935,55021,55
53936,55001,55
53937,55111,55
53939,55047,55
53940,55111,55
53941,55111,55
53942,55111,55
53943,55111,55
53944,55057,55
53946,55047,55
53947,55047,55
53948,55057,55
53949,55077,55
53950,55057,55
53951,55111,55
53952,55077,55
53953,55077,55
53954,55021,55
53955,55021,55
53956,55021,55
53959,55111,55
53960,55021,55
53961,55111,55
53962,55057,55
53963,55039,55
53964,55077,55
53965,55001,55
53968,55057,55
53969,55021,55
54001,55095,55
54002,55109,55
54003,55093,55
54004,55005,55
54005,55095,55
54006,55095,55
54007,55109,55
54009,55095,55
54011,55093,55
54013,55109,55
54014,55093,55
54015,55109,55
54016,55109,55
54017,55109,55
54020,55095,55
54021,55093,55
54022,55093,55
54023,55109,55
54024,55095,55
54025,55109,55
54026,55095,55
54027,55109,55
54028,55109,55
54082,55109,55
54101,55083,55
54102,55075,55
54103,55041,55
54104,55075,55
54106,55087,55
54107,55115,55
54110,55015,55
54111,55115,55
54112,55075,55
54113,55087,55
54114,55075,55
54115,55009,55
54119,55075,55
54120,55037,55
54121,55037,55
54123,55015,55
54124,55083,55
54125,55075,55
54126,55009,55
54127,55115,55
54128,55115,55
54129,55015,55
54130,55087,55
54135,55078,55
54136,55087,55
54137,55115,55
54138,55083,55
54139,55083,55
54140,55087,55
54141,55083,55
54143,55075,55
54149,55083,55
54150,55078,55
54151,55075,55
54152,55087,55
54153,55083,55
54154,55083,55
54155,55009,55
54156,55075,55
54157,55075,55
54159,55075,55
54160,55015,55
54161,55083,55
54162,55115,55
54165,55087,55
54166,55115,55
54169,55015,55
54170,55087,55
54171,55083,55
54173,55009,55
54174,55083,55
54175,55083,55
54177,55075,55
54180,55009,55
54201,55061,55
54202,55029,55
54204,55029,55
54205,55061,55
54207,55071,55
54208,55009,55
54209,55029,55
54210,55029,55
54211,55029,55
54212,55029,55
54213,55029,55
54214,55071,55
54215,55071,55
54216,55061,55
54217,55061,55
54220,55071,55
54227,55071,55
54228,55071,55
54229,55009,55
54230,55071,55
54232,55071,55
54234,55029,55
54235,55029,55
54241,55071,55
54245,55071,55
54246,55029,55
54247,55071,55
54301,55009,55
54302,55009,55
54303,55009,55
54304,55009,55
54307,55009,55
54311,55009,55
54313,55009,55
54401,55073,55
54403,55073,55
54405,55073,55
54406,55097,55
54407,55097,55
54408,55073,55
54409,55067,55
54410,55141,55
54411,55073,55
54412,55141,55
54413,55141,55
54414,55115,55
54416,55115,55
54417,55073,55
54418,55067,55
54420,55019,55
54421,55073,55
54422,55019,55
54423,55097,55
54424,55067,55
54425,55019,55
54426,55073,55
54427,55073,55
54428,55067,55
54430,55067,55
54433,55119,55
54435,55069,55
54436,55019,55
54437,55019,55
54440,55073,55
54441,55141,55
54442,55069,55
54443,55097,55
54446,55019,55
54447,55119,55
54448,55073,55
54449,55141,55
54450,55115,55
54451,55119,55
54452,55069,55
54454,55141,55
54455,55073,55
54456,55019,55
54457,55001,55
54458,55097,55
54459,55099,55
54460,55019,55
54462,55067,55
54463,55085,55
54464,55067,55
54465,55041,55
54466,55141,55
54467,55097,55
54469,55141,55
54470,55119,55
54471,55073,55
54473,55097,55
54474,55073,55
54475,55141,55
54476,55073,55
54479,55019,55
54480,55119,55
54481,55097,55
54482,55097,55
54484,55073,55
54485,55067,55
54486,55115,55
54487,55069,55
54488,55019,55
54489,55141,55
54490,55119,55
54491,55067,55
54493,55019,55
54494,55141,55
54495,55141,55
54498,55019,55
54499,55115,55
54501,55085,55
54511,55041,55
54512,55125,55
54513,55099,55
54514,55003,55
54515,55099,55
54517,55003,55
54519,55125,55
54520,55041,55
54521,55125,55
54524,55099,55
54525,55051,55
54526,55107,55
54527,55003,55
54529,55085,55
54530,55107,55
54531,55085,55
54534,55051,55
54536,55051,55
54537,55099,55
54538,55125,55
54539,55085,55
54540,55125,55
54541,55041,55
54542,55041,55
54545,55125,55
54546,55003,55
54547,55051,55
54548,55085,55
54550,55051,55
54552,55099,55
54554,55125,55
54555,55099,55
54556,55099,55
54557,55125,55
54558,55125,55
54559,55051,55
54560,55125,55
54561,55125,55
54562,55085,55
54563,55107,55
54564,55085,55
54565,55051,55
54566,55041,55
54568,55125,55
54601,55063,55
54603,55063,55
54610,55011,55
54611,55053,55
54612,55121,55
54613,55001,55
54614,55063,55
54615,55053,55
54616,55121,55
54618,55057,55
54619,55081,55
54621,55123,55
54622,55011,55
54623,55063,55
54624,55123,55
54625,55121,55
54626,55023,55
54627,55121,55
54628,55023,55
54629,55011,55
54630,55121,55
54631,55023,55
54632,55123,55
54634,55123,55
54635,55053,55
54636,55063,55
54637,55057,55
54638,55081,55
54639,55123,55
54642,55053,55
54643,55053,55
54644,55063,55
54645,55023,55
54646,55057,55
54648,55081,55
54650,55063,55
54651,55123,55
54652,55123,55
54653,55063,55
54654,55023,55
54655,55023,55
54656,55081,55
54657,55023,55
54658,55123,55
54659,55053,55
54660,55081,55
54661,55121,55
54664,55103,55
54665,55123,55
54666,55081,55
54667,55123,55
54669,55063,55
54670,55081,55
54701,55035,55
54703,55035,55
54720,55035,55
54721,55091,55
54722,55035,55
54723,55093,55
54724,55017,55
54725,55033,55
54726,55017,55
54727,55017,55
54728,55005,55
54729,55017,55
54730,55033,55
54731,55107,55
54732,55017,55
54733,55005,55
54734,55033,55
54736,55091,55
54737,55033,55
54738,55035,55
54739,55033,55
54740,55093,55
54741,55035,55
54742,55035,55
54745,55017,55
54746,55019,55
54747,55121,55
54748,55017,55
54749,55033,55
54750,55093,55
54751,55033,55
54754,55053,55
54755,55011,55
54756,55011,55
54757,55017,55
54758,55121,55
54759,55091,55
54760,55121,55
54761,55093,55
54762,55005,55
54763,55033,55
54766,55119,55
54767,55093,55
54768,55017,55
54769,55091,55
54770,55121,55
54771,55019,55
54772,55033,55
54773,55121,55
54801,55129,55
54805,55005,55
54806,55003,55
54810,55095,55
54812,55005,55
54813,55013,55
54814,55007,55
54817,55129,55
54819,55107,55
54820,55031,55
54821,55007,55
54822,55005,55
54824,55095,55
54826,55095,55
54827,55007,55
54828,55113,55
54829,55005,55
54830,55013,55
54832,55007,55
54835,55113,55
54836,55031,55
54837,55095,55
54838,55031,55
54839,55007,55
54840,55013,55
54841,55005,55
54842,55031,55
54843,55113,55
54844,55007,55
54845,55013,55
54846,55003,55
54847,55007,55
54848,55107,55
54849,55031,55
54850,55003,55
54853,55095,55
54854,55031,55
54855,55003,55
54856,55007,55
54857,55005,55
54858,55095,55
54859,55129,55
54861,55003,55
54862,55113,55
54864,55031,55
54865,55007,55
54867,55113,55
54868,55005,55
54870,55129,55
54871,55129,55
54872,55013,55
54873,55031,55
54874,55031,55
54875,55129,55
54876,55113,55
54880,55031,55
54888,55129,55
54889,55095,55
54891,55007,55
54893,55013,55
54895,55107,55
54896,55113,55
54901,55139,55
54902,55139,55
54904,55139,55
54909,55097,55
54911,55087,55
54913,55087,55
54914,55087,55
54915,55015,55
54921,55097,55
54922,55087,55
54923,55137,55
54926,55135,55
54927,55139,55
54928,55115,55
54929,55135,55
54930,55137,55
54931,55087,55
54932,55039,55
54933,55135,55
54935,55039,55
54937,55039,55
54940,55137,55
54941,55047,55
54942,55087,55
54943,55137,55
54944,55087,55
54945,55135,55
54946,55135,55
54947,55139,55
54948,55115,55
54949,55135,55
54950,55135,55
54952,55015,55
54956,55139,55
54960,55077,55
54961,55135,55
54962,55135,55
54963,55139,55
54964,55139,55
54965,55137,55
54966,55137,55
54967,55137,55
54968,55047,55
54970,55137,55
54971,55039,55
54974,55039,55
54977,55135,55
54978,55115,55
54979,55039,55
54980,55139,55
54981,55135,55
54982,55137,55
54983,55135,55
54984,55137,55
54985,55139,55
54986,55139,55
55001,27163,27
55003,27163,27
55005,27003,27
55006,27065,27
55007,27065,27
55008,27059,27
55009,27049,27
55011,27003,27
55012,27025,27
55013,27025,27
55014,27003,27
55016,27163,27
55017,27059,27
55018,27049,27
55019,27131,27
55020,27139,27
55021,27131,27
55024,27037,27
55025,27003,27
55026,27049,27
55027,27049,27
55029,27059,27
55030,27115,27
55031,27037,27
55032,27025,27
55033,27037,27
55036,27115,27
55037,27115,27
55038,27163,27
55040,27059,27
55041,27157,27
55042,27163,27
55043,27163,27
55044,27037,27
55045,27025,27
55046,27131,27
55047,27163,27
55049,27147,27
55051,27065,27
55052,27131,27
55053,27131,27
55054,27139,27
55055,27163,27
55056,27025,27
55057,27131,27
55060,27147,27
55063,27115,27
55065,27037,27
55066,27049,27
55068,27037,27
55069,27025,27
55070,27003,27
55071,27163,27
55072,27115,27
55073,27163,27
55074,27025,27
55075,27037,27
55076,27037,27
55077,27037,27
55079,27025,27
55080,27059,27
55082,27163,27
55084,27025,27
55085,27037,27
55087,27131,27
55088,27131,27
55089,27049,27
55090,27163,27
55092,27003,27
55101,27123,27
55102,27123,27
55103,27123,27
55104,27123,27
55105,27123,27
55106,27123,27
55107,27123,27
55108,27123,27
55109,27123,27
55110,27123,27
55111,27053,27
55112,27123,27
55113,27123,27
55114,27123,27
55115,27163,27
55116,27123,27
55117,27123,27
55118,27037,27
55119,27123,27
55120,27037,27
55121,27037,27
55122,27037,27
55123,27037,27
55124,27037,27
55125,27163,27
55126,27123,27
55127,27123,27
55128,27163,27
55129,27163,27
55130,27123,27
55150,27037,27
55155,27123,27
55301,27171,27
55302,27171,27
55303,27003,27
55304,27003,27
55305,27053,27
55306,27037,27
55307,27143,27
55308,27141,27
55309,27141,27
55310,27129,27
55311,27053,27
55312,27085,27
55313,27171,27
55314,27129,27
55315,27019,27
55316,27053,27
55317,27019,27
55318,27019,27
55319,27141,27
55320,27145,27
55321,27171,27
55322,27019,27
55324,27093,27
55325,27093,27
55327,27053,27
55328,27171,27
55329,27093,27
55330,27141,27
55331,27053,27
55332,27129,27
55333,27129,27
55334,27143,27
55335,27143,27
55336,27085,27
55337,27037,27
55338,27143,27
55339,27019,27
55340,27053,27
55341,27171,27
55342,27129,27
55343,27053,27
55344,27053,27
55345,27053,27
55346,27053,27
55347,27053,27
55349,27171,27
55350,27085,27
55352,27139,27
55353,27145,27
55354,27085,27
55355,27093,27
55356,27053,27
55357,27053,27
55358,27171,27
55359,27053,27
55360,27019,27
55362,27171,27
55363,27171,27
55364,27053,27
55366,27143,27
55367,27019,27
55368,27019,27
55369,27053,27
55370,27085,27
55371,27095,27
55372,27139,27
55373,27053,27
55374,27053,27
55375,27053,27
55376,27171,27
55378,27139,27
55379,27139,27
55381,27085,27
55382,27145,27
55384,27053,27
55385,27085,27
55386,27019,27
55387,27019,27
55388,27019,27
55389,27093,27
55390,27171,27
55391,27053,27
55395,27085,27
55396,27143,27
55397,27019,27
55398,27141,27
55401,27053,27
55402,27053,27
55403,27053,27
55404,27053,27
55405,27053,27
55406,27053,27
55407,27053,27
55408,27053,27
55409,27053,27
55410,27053,27
55411,27053,27
55412,27053,27
55413,27053,27
55414,27053,27
55415,27053,27
55416,27053,27
55417,27053,27
55418,27053,27
55419,27053,27
55420,27053,27
55421,27003,27
55422,27053,27
55423,27053,27
55424,27053,27
55425,27053,27
55426,27053,27
55427,27053,27
55428,27053,27
55429,27053,27
55430,27053,27
55431,27053,27
55432,27003,27
55433,27003,27
55434,27003,27
55435,27053,27
55436,27053,27
55437,27053,27
55438,27053,27
55439,27053,27
55441,27053,27
55442,27053,27
55443,27053,27
55444,27053,27
55445,27053,27
55446,27053,27
55447,27053,27
55448,27003,27
55449,27003,27
55450,27053,27
55454,27053,27
55455,27053,27
55601,27075,27
55602,27137,27
55603,27075,27
55604,27031,27
55605,27031,27
55606,27031,27
55607,27075,27
55609,27075,27
55612,27031,27
55613,27031,27
55614,27075,27
55615,27031,27
55616,27075,27
55702,27137,27
55703,27137,27
55704,27115,27
55705,27137,27
55706,27137,27
55707,27017,27
55708,27137,27
55709,27061,27
55710,27137,27
55711,27137,27
55712,27115,27
55713,27137,27
55716,27061,27
55717,27137,27
55718,27017,27
55719,27137,27
55720,27017,27
55721,27061,27
55722,27061,27
55723,27137,27
55724,27137,27
55725,27137,27
55726,27017,27
55731,27075,27
55732,27137,27
55733,27017,27
55734,27137,27
55735,27115,27
55736,27137,27
55738,27137,27
55741,27137,27
55742,27061,27
55744,27061,27
55746,27137,27
55748,27001,27
55749,27017,27
55750,27137,27
55751,27137,27
55752,27001,27
55753,27061,27
55756,27115,27
55757,27017,27
55758,27137,27
55760,27001,27
55763,27137,27
55764,27061,27
55765,27137,27
55767,27017,27
55768,27137,27
55769,27061,27
55771,27137,27
55772,27071,27
55775,27061,27
55779,27137,27
55780,27017,27
55781,27061,27
55782,27137,27
55783,27115,27
55784,27061,27
55785,27001,27
55786,27061,27
55787,27001,27
55790,27137,27
55792,27137,27
55793,27061,27
55795,27115,27
55796,27075,27
55797,27017,27
55798,27017,27
55802,27137,27
55803,27137,27
55804,27137,27
55805,27137,27
55806,27137,27
55807,27137,27
55808,27137,27
55810,27137,27
55811,27137,27
55812,27137,27
55814,27137,27
55901,27109,27
55902,27109,27
55903,27109,27
55904,27109,27
55905,27109,27
55906,27109,27
55909,27099,27
55910,27169,27
55912,27099,27
55917,27147,27
55918,27099,27
55919,27055,27
55920,27109,27
55921,27055,27
55922,27045,27
55923,27045,27
55924,27039,27
55925,27169,27
55926,27099,27
55927,27039,27
55929,27109,27
55931,27055,27
55932,27109,27
55933,27099,27
55934,27109,27
55935,27045,27
55936,27099,27
55939,27045,27
55940,27039,27
55941,27055,27
55943,27055,27
55944,27039,27
55945,27157,27
55946,27049,27
55947,27055,27
55949,27045,27
55950,27099,27
55951,27099,27
55952,27169,27
55953,27099,27
55954,27045,27
55955,27039,27
55956,27157,27
55957,27157,27
55959,27169,27
55960,27109,27
55961,27099,27
55962,27045,27
55963,27049,27
55964,27157,27
55965,27045,27
55967,27099,27
55968,27157,27
55969,27169,27
55970,27099,27
55971,27045,27
55972,27169,27
55973,27099,27
55974,27055,27
55975,27045,27
55976,27109,27
55977,27099,27
55979,27169,27
55981,27157,27
55982,27099,27
55983,27049,27
55985,27039,27
55987,27169,27
55990,27045,27
55991,27157,27
55992,27049,27
56001,27013,27
56003,27103,27
56007,27047,27
56009,27047,27
56010,27013,27
56011,27139,27
56013,27043,27
56014,27043,27
56016,27047,27
56017,27079,27
56019,27015,27
56020,27047,27
56021,27103,27
56022,27165,27
56023,27043,27
56024,27013,27
56025,27043,27
56026,27147,27
56027,27043,27
56028,27079,27
56029,27047,27
56030,27015,27
56031,27091,27
56032,27047,27
56033,27043,27
56034,27013,27
56035,27047,27
56036,27047,27
56037,27013,27
56039,27091,27
56041,27015,27
56042,27047,27
56043,27047,27
56044,27143,27
56045,27047,27
56046,27147,27
56048,27161,27
56050,27079,27
56051,27043,27
56052,27079,27
56054,27103,27
56055,27013,27
56056,27165,27
56057,27079,27
56058,27079,27
56060,27165,27
56062,27165,27
56063,27013,27
56065,27013,27
56068,27013,27
56069,27079,27
56071,27079,27
56072,27161,27
56073,27015,27
56074,27103,27
56075,27091,27
56078,27013,27
56080,27013,27
56081,27165,27
56082,27103,27
56083,27127,27
56085,27015,27
56087,27015,27
56088,27091,27
56089,27047,27
56090,27013,27
56091,27161,27
56093,27161,27
56096,27079,27
56097,27043,27
56098,27043,27
56101,27033,27
56110,27105,27
56111,27063,27
56113,27081,27
56114,27101,27
56115,27083,27
56116,27133,27
56117,27105,27
56118,27033,27
56119,27105,27
56120,27165,27
56121,27091,27
56122,27101,27
56123,27101,27
56125,27101,27
56127,27091,27
56128,27117,27
56129,27105,27
56131,27101,27
56132,27083,27
56134,27133,27
56136,27081,27
56137,27063,27
56138,27133,27
56139,27117,27
56140,27117,27
56141,27101,27
56142,27081,27
56143,27063,27
56144,27133,27
56145,27033,27
56146,27133,27
56147,27133,27
56149,27081,27
56150,27063,27
56151,27101,27
56152,27127,27
56153,27105,27
56155,27105,27
56156,27133,27
56157,27083,27
56158,27133,27
56159,27033,27
56160,27091,27
56161,27063,27
56162,27091,27
56164,27117,27
56165,27105,27
56166,27127,27
56167,27063,27
56168,27105,27
56169,27083,27
56170,27117,27
56171,27091,27
56172,27101,27
56173,27133,27
56174,27033,27
56175,27083,27
56176,27091,27
56178,27081,27
56180,27127,27
56181,27091,27
56183,27033,27
56185,27105,27
56186,27117,27
56187,27105,27
56201,27067,27
56207,27149,27
56208,27151,27
56209,27067,27
56210,27011,27
56211,27011,27
56212,27073,27
56214,27127,27
56215,27151,27
56216,27067,27
56218,27073,27
56219,46109,46
56220,27173,27
56221,27149,27
56222,27023,27
56223,27173,27
56224,27127,27
56225,27011,27
56226,27121,27
56227,27011,27
56228,27093,27
56229,27083,27
56230,27129,27
56231,27151,27
56232,27073,27
56235,27149,27
56236,27155,27
56237,27173,27
56239,27083,27
56240,27011,27
56241,27173,27
56243,27093,27
56244,27149,27
56245,27173,27
56248,27051,27
56249,27151,27
56251,27067,27
56252,27151,27
56253,27067,27
56255,27127,27
56256,27073,27
56257,27073,27
56258,27083,27
56260,27023,27
56262,27023,27
56263,27127,27
56264,27083,27
56265,27023,27
56266,27127,27
56267,27149,27
56270,27129,27
56271,27151,27
56273,27067,27
56274,27051,27
56276,27011,27
56277,27129,27
56278,27011,27
56279,27067,27
56280,27081,27
56281,27067,27
56282,27067,27
56283,27127,27
56284,27129,27
56285,27129,27
56287,27127,27
56288,27067,27
56289,27067,27
56291,27173,27
56292,27127,27
56293,27127,27
56294,27127,27
56295,27023,27
56296,27155,27
56297,27173,27
56301,27145,27
56303,27145,27
56304,27141,27
56307,27145,27
56308,27041,27
56309,27051,27
56310,27145,27
56311,27051,27
56312,27145,27
56313,27095,27
56314,27097,27
56315,27041,27
56316,27121,27
56318,27153,27
56319,27041,27
56320,27145,27
56321,27145,27
56323,27121,27
56324,27111,27
56325,27145,27
56326,27041,27
56327,27121,27
56328,27097,27
56329,27009,27
56330,27095,27
56331,27145,27
56332,27041,27
56334,27121,27
56335,27145,27
56336,27153,27
56338,27097,27
56339,27051,27
56340,27145,27
56342,27001,27
56343,27041,27
56345,27097,27
56347,27153,27
56349,27121,27
56350,27001,27
56352,27145,27
56353,27095,27
56354,27041,27
56355,27041,27
56356,27145,27
56357,27009,27
56358,27065,27
56359,27095,27
56360,27153,27
56361,27111,27
56362,27145,27
56363,27095,27
56364,27097,27
56367,27009,27
56368,27145,27
56369,27145,27
56371,27145,27
56373,27097,27
56374,27145,27
56375,27145,27
56376,27145,27
56377,27145,27
56378,27145,27
56379,27009,27
56381,27121,27
56382,27097,27
56384,27097,27
56385,27121,27
56386,27095,27
56387,27145,27
56389,27153,27
56401,27035,27
56425,27035,27
56431,27001,27
56433,27057,27
56434,27153,27
56435,27021,27
56437,27153,27
56438,27153,27
56440,27153,27
56441,27035,27
56442,27035,27
56443,27097,27
56444,27035,27
56446,27153,27
56447,27035,27
56448,27035,27
56449,27035,27
56450,27035,27
56452,27021,27
56453,27111,27
56455,27035,27
56458,27057,27
56461,27057,27
56464,27159,27
56465,27035,27
56466,27021,27
56467,27057,27
56468,27035,27
56469,27001,27
56470,27057,27
56472,27021,27
56473,27021,27
56474,27021,27
56475,27097,27
56477,27159,27
56479,27153,27
56481,27159,27
56482,27159,27
56484,27021,27
56501,27005,27
56510,27107,27
56511,27005,27
56514,27027,27
56515,27111,27
56516,27087,27
56517,27119,27
56518,27111,27
56519,27107,27
56520,27167,27
56521,27005,27
56522,27167,27
56523,27119,27
56524,27111,27
56525,27027,27
56527,27111,27
56528,27111,27
56529,27027,27
56531,27051,27
56533,27111,27
56534,27111,27
56535,27119,27
56536,27027,27
56537,27111,27
56540,27119,27
56541,27107,27
56542,27119,27
56543,27167,27
56544,27005,27
56545,27107,27
56546,27027,27
56547,27027,27
56548,27107,27
56549,27027,27
56550,27107,27
56551,27111,27
56552,27027,27
56553,27167,27
56554,27005,27
56556,27119,27
56557,27087,27
56560,27027,27
56562,27027,27
56563,27027,27
56565,27167,27
56566,27087,27
56567,27111,27
56568,27119,27
56569,27005,27
56570,27005,27
56571,27111,27
56572,27111,27
56573,27111,27
56574,27107,27
56575,27005,27
56576,27111,27
56578,27005,27
56579,27167,27
56580,27027,27
56581,27107,27
56583,27155,27
56584,27107,27
56585,27027,27
56586,27111,27
56587,27111,27
56588,27111,27
56589,27087,27
56590,27051,27
56591,27005,27
56592,27119,27
56594,27167,27
56601,27007,27
56621,27029,27
56623,27077,27
56626,27021,27
56627,27071,27
56628,27061,27
56629,27071,27
56630,27007,27
56633,27021,27
56634,27029,27
56636,27061,27
56637,27061,27
56639,27061,27
56641,27021,27
56644,27029,27
56646,27119,27
56647,27007,27
56649,27071,27
56650,27007,27
56651,27087,27
56652,27029,27
56653,27071,27
56654,27071,27
56655,27021,27
56657,27061,27
56658,27071,27
56659,27061,27
56660,27071,27
56661,27071,27
56662,27021,27
56663,27007,27
56666,27007,27
56667,27007,27
56668,27071,27
56669,27071,27
56670,27007,27
56671,27029,27
56672,27021,27
56673,27077,27
56676,27029,27
56678,27007,27
56680,27061,27
56681,27061,27
56683,27007,27
56684,27119,27
56685,27007,27
56686,27077,27
56688,27061,27
56701,27113,27
56710,27089,27
56711,27077,27
56713,27089,27
56714,27135,27
56715,27125,27
56716,27119,27
56720,27069,27
56721,27119,27
56722,27119,27
56723,27119,27
56724,27089,27
56725,27113,27
56726,27135,27
56727,27007,27
56728,27069,27
56729,27069,27
56731,27069,27
56732,27069,27
56733,27069,27
56734,27069,27
56735,27069,27
56736,27119,27
56737,27089,27
56738,27089,27
56742,27125,27
56744,27089,27
56748,27125,27
56750,27125,27
56751,27135,27
56754,27113,27
56755,27069,27
56756,27135,27
56757,27089,27
56758,27089,27
56759,27135,27
56760,27089,27
56761,27135,27
56762,27119,27
56763,27135,27
57001,46127,46
57002,46011,46
57003,46099,46
57004,46083,46
57005,46099,46
57006,46011,46
57007,46011,46
57010,46027,46
57012,46087,46
57013,46083,46
57014,46125,46
57015,46125,46
57016,46079,46
57017,46101,46
57018,46099,46
57020,46099,46
57021,46125,46
57022,46099,46
57024,46101,46
57025,46127,46
57026,46011,46
57027,46083,46
57028,46101,46
57029,46067,46
57030,46099,46
57031,46135,46
57032,46083,46
57033,46099,46
57034,46083,46
57035,46099,46
57036,46125,46
57037,46135,46
57038,46127,46
57039,46083,46
57040,46135,46
57041,46099,46
57042,46079,46
57043,46125,46
57045,46067,46
57046,46135,46
57047,46087,46
57048,46087,46
57049,46127,46
57050,46079,46
57051,46077,46
57052,46067,46
57053,46125,46
57054,46079,46
57055,46099,46
57057,46079,46
57058,46087,46
57059,46009,46
57061,46011,46
57062,46009,46
57063,46009,46
57064,46083,46
57065,46101,46
57066,46009,46
57067,46135,46
57068,46099,46
57069,46027,46
57070,46125,46
57071,46011,46
57072,46135,46
57073,46027,46
57075,46079,46
57076,46079,46
57077,46083,46
57078,46135,46
57103,46099,46
57104,46099,46
57105,46099,46
57106,46099,46
57107,46099,46
57108,46083,46
57110,46099,46
57117,46099,46
57197,46099,46
57201,46029,46
57212,46077,46
57213,46039,46
57214,46077,46
57216,46051,46
57217,46025,46
57218,46039,46
57219,46037,46
57220,46011,46
57221,46057,46
57223,46057,46
57224,46109,46
57225,46025,46
57226,46039,46
57227,46109,46
57231,46077,46
57232,46091,46
57233,46077,46
57234,46039,46
57235,46029,46
57236,46025,46
57237,46039,46
57238,46039,46
57239,46037,46
57241,46057,46
57242,46057,46
57243,46029,46
57245,46029,46
57246,46051,46
57247,46091,46
57248,46057,46
57249,46077,46
57251,46051,46
57252,46051,46
57255,46109,46
57256,46051,46
57257,46109,46
57258,46025,46
57259,46051,46
57260,46109,46
57261,46037,46
57262,46109,46
57263,46029,46
57264,46051,46
57265,46051,46
57266,46051,46
57268,46039,46
57269,46051,46
57270,46091,46
57271,46025,46
57272,46029,46
57273,46037,46
57274,46037,46
57276,46011,46
57278,46025,46
57279,46109,46
57301,46035,46
57311,46061,46
57312,46005,46
57313,46043,46
57314,46111,46
57315,46009,46
57317,46053,46
57319,46087,46
57321,46097,46
57322,46005,46
57323,46097,46
57324,46005,46
57325,46015,46
57328,46043,46
57329,46023,46
57330,46043,46
57331,46067,46
57332,46061,46
57334,46035,46
57335,46053,46
57337,46097,46
57339,46017,46
57340,46061,46
57341,46017,46
57342,46023,46
57344,46043,46
57345,46069,46
57346,46069,46
57348,46005,46
57349,46097,46
57350,46005,46
57353,46077,46
57354,46067,46
57355,46015,46
57356,46023,46
57358,46073,46
57359,46111,46
57361,46023,46
57362,46059,46
57363,46035,46
57364,46043,46
57365,46085,46
57366,46067,46
57367,46023,46
57368,46003,46
57369,46023,46
57370,46015,46
57371,46059,46
57373,46059,46
57374,46087,46
57375,46003,46
57376,46067,46
57379,46005,46
57380,46023,46
57381,46059,46
57382,46073,46
57383,46003,46
57384,46005,46
57385,46111,46
57386,46005,46
57401,46013,46
57420,46129,46
57421,46091,46
57422,46037,46
57424,46115,46
57426,46013,46
57427,46013,46
57428,46045,46
57429,46115,46
57430,46091,46
57432,46013,46
57433,46013,46
57434,46115,46
57435,46049,46
57436,46115,46
57437,46089,46
57438,46049,46
57439,46013,46
57440,46115,46
57441,46013,46
57442,46107,46
57445,46013,46
57446,46013,46
57448,46089,46
57449,46013,46
57450,46107,46
57451,46045,46
57452,46129,46
57454,46091,46
57455,46107,46
57456,46089,46
57457,46089,46
57460,46013,46
57461,46115,46
57465,46115,46
57466,46049,46
57467,46059,46
57468,46037,46
57469,46115,46
57470,46059,46
57471,46045,46
57472,46129,46
57473,46049,46
57474,46013,46
57475,46107,46
57476,46115,46
57477,46115,46
57479,46013,46
57481,46013,46
57501,46065,46
57520,46119,46
57521,46095,46
57522,46065,46
57523,46053,46
57528,46123,46
57529,46123,46
57531,46075,46
57532,46117,46
57533,46053,46
57534,46123,46
57536,46065,46
57537,46117,46
57538,46053,46
57540,46069,46
57541,46123,46
57543,46071,46
57544,46085,46
57547,46071,46
57548,46085,46
57551,46007,46
57552,46055,46
57553,46055,46
57555,46121,46
57559,46075,46
57560,46095,46
57562,46075,46
57563,46121,46
57564,46119,46
57566,46121,46
57567,46055,46
57568,46085,46
57569,46085,46
57570,46121,46
57571,46053,46
57572,46121,46
57574,46007,46
57576,46085,46
57577,46071,46
57579,46095,46
57580,46123,46
57584,46123,46
57585,46095,46
57601,46041,46
57620,46105,46
57621,46031,46
57622,46137,46
57623,46137,46
57625,46041,46
57626,46105,46
57630,46041,46
57631,46129,46
57632,46021,46
57633,46031,46
57634,46031,46
57636,46041,46
57638,46105,46
57639,46031,46
57640,46105,46
57641,46031,46
57642,46031,46
57644,46105,46
57645,46031,46
57646,46021,46
57648,38029,38
57649,46105,46
57650,46063,46
57651,46063,46
57652,46041,46
57656,46041,46
57657,46031,46
57658,46031,46
57659,46031,46
57660,46031,46
57661,46041,46
57701,46103,46
57702,46103,46
57703,46103,46
57706,46093,46
57714,46007,46
57716,46102,46
57717,46019,46
57718,46093,46
57719,46093,46
57720,46063,46
57722,46102,46
57724,46063,46
57725,46103,46
57730,46033,46
57732,46081,46
57735,46047,46
57737,46093,46
57738,46033,46
57741,46093,46
57744,46033,46
57745,46103,46
57747,46047,46
57748,46093,46
57750,46071,46
57751,46103,46
57752,46102,46
57754,46081,46
57755,46063,46
57756,46102,46
57758,46093,46
57759,46081,46
57760,46019,46
57761,46093,46
57762,46019,46
57763,46047,46
57764,46102,46
57766,46047,46
57767,46093,46
57769,46093,46
57770,46102,46
57772,46102,46
57773,46033,46
57775,46103,46
57776,46063,46
57779,46081,46
57780,46103,46
57782,46047,46
57783,46081,46
57785,46093,46
57787,46093,46
57788,46019,46
57790,46103,46
57791,46093,46
57792,46093,46
57793,46081,46
57794,46102,46
57799,46081,46
58001,38077,38
58002,38017,38
58004,38017,38
58005,38017,38
58006,38017,38
58007,38017,38
58008,38077,38
58009,38097,38
58011,38017,38
58012,38017,38
58013,38081,38
58015,38077,38
58016,38097,38
58017,38081,38
58018,38077,38
58021,38017,38
58027,38073,38
58029,38017,38
58030,38077,38
58031,38017,38
58032,38081,38
58033,38073,38
58035,38097,38
58036,38017,38
58038,38097,38
58040,38081,38
58041,38077,38
58042,38017,38
58043,38081,38
58045,38097,38
58046,38091,38
58047,38017,38
58048,38017,38
58049,38003,38
58051,38017,38
58052,38017,38
58053,38077,38
58054,38073,38
58056,38091,38
58057,38077,38
58058,38077,38
58059,38017,38
58060,38081,38
58061,38077,38
58062,38003,38
58063,38003,38
58064,38017,38
58065,38003,38
58067,38081,38
58068,38073,38
58069,38081,38
58071,38017,38
58072,38003,38
58074,38077,38
58075,38077,38
58076,38077,38
58077,38077,38
58078,38017,38
58079,38017,38
58081,38077,38
58102,38017,38
58103,38017,38
58104,38017,38
58105,38017,38
58201,38035,38
58202,38035,38
58203,38035,38
58204,38035,38
58205,38035,38
58210,38099,38
58212,38063,38
58214,38035,38
58216,38067,38
58218,38097,38
58219,38097,38
58220,38067,38
58222,38067,38
58223,38097,38
58224,38063,38
58225,38067,38
58227,38099,38
58228,38035,38
58229,38099,38
58230,38091,38
58231,38099,38
58233,38099,38
58235,38035,38
58236,38067,38
58237,38099,38
58238,38067,38
58239,38019,38
58240,38091,38
58241,38067,38
58243,38099,38
58244,38035,38
58249,38019,38
58250,38099,38
58251,38035,38
58254,38063,38
58255,38019,38
58256,38035,38
58257,38097,38
58258,38035,38
58259,38063,38
58260,38019,38
58261,38099,38
58262,38067,38
58265,38067,38
58266,38035,38
58267,38035,38
58269,38019,38
58270,38099,38
58271,38067,38
58272,38063,38
58273,38099,38
58274,38091,38
58275,38035,38
58276,38067,38
58277,38091,38
58278,38035,38
58281,38019,38
58282,38067,38
58301,38071,38
58310,38079,38
58311,38019,38
58313,38069,38
58316,38079,38
58317,38095,38
58318,38009,38
58321,38071,38
58323,38019,38
58324,38095,38
58325,38071,38
58327,38071,38
58329,38079,38
58330,38071,38
58331,38095,38
58332,38005,38
58335,38005,38
58338,38071,38
58339,38095,38
58341,38103,38
58343,38005,38
58344,38063,38
58345,38071,38
58346,38005,38
58348,38005,38
58351,38005,38
58352,38019,38
58353,38079,38
58355,38019,38
58356,38027,38
58357,38005,38
58361,38063,38
58362,38071,38
58363,38095,38
58365,38095,38
58366,38079,38
58367,38079,38
58368,38069,38
58369,38079,38
58370,38005,38
58372,38095,38
58374,38027,38
58377,38071,38
58379,38005,38
58380,38063,38
58381,38027,38
58382,38071,38
58384,38009,38
58385,38069,38
58386,38005,38
58401,38093,38
58402,38093,38
58405,38093,38
58413,38051,38
58415,38045,38
58416,38039,38
58418,38103,38
58420,38093,38
58421,38031,38
58422,38103,38
58423,38103,38
58424,38093,38
58425,38039,38
58426,38093,38
58428,38043,38
58429,38003,38
58430,38083,38
58431,38045,38
58433,38045,38
58436,38021,38
58438,38103,38
58439,38021,38
58440,38047,38
58441,38021,38
58442,38047,38
58443,38031,38
58444,38083,38
58445,38031,38
58448,38039,38
58451,38103,38
58452,38039,38
58454,38045,38
58455,38093,38
58456,38021,38
58458,38045,38
58460,38047,38
58461,38003,38
58463,38083,38
58464,38027,38
58466,38045,38
58467,38093,38
58472,38093,38
58474,38021,38
58475,38043,38
58476,38093,38
58477,38015,38
58478,38043,38
58479,38003,38
58480,38003,38
58481,38003,38
58482,38043,38
58483,38093,38
58484,38039,38
58486,38103,38
58487,38043,38
58488,38043,38
58490,38045,38
58492,38003,38
58494,38015,38
58495,38051,38
58496,38093,38
58497,38093,38
58501,38015,38
58503,38015,38
58504,38015,38
58505,38015,38
58520,38059,38
58521,38015,38
58523,38057,38
58524,38029,38
58528,38085,38
58529,38037,38
58530,38065,38
58531,38055,38
58532,38015,38
58533,38037,38
58535,38059,38
58538,38085,38
58540,38055,38
58541,38057,38
58542,38029,38
58544,38029,38
58545,38057,38
58549,38029,38
58552,38029,38
58554,38059,38
58558,38015,38
58559,38055,38
58560,38015,38
58561,38047,38
58562,38037,38
58563,38059,38
58564,38037,38
58565,38055,38
58566,38059,38
58568,38085,38
58569,38037,38
58570,38059,38
58571,38057,38
58572,38015,38
58573,38029,38
58575,38055,38
58576,38055,38
58577,38055,38
58579,38015,38
58580,38057,38
58581,38051,38
58601,38089,38
58620,38087,38
58621,38033,38
58622,38007,38
58623,38011,38
58625,38025,38
58626,38025,38
58627,38007,38
58630,38089,38
58631,38059,38
58632,38033,38
58634,38053,38
58636,38025,38
58638,38059,38
58639,38001,38
58640,38025,38
58641,38089,38
58642,38025,38
58643,38011,38
58644,38025,38
58645,38007,38
58646,38041,38
58647,38087,38
58649,38001,38
58650,38041,38
58651,38011,38
58652,38089,38
58653,38011,38
58654,38033,38
58655,38089,38
58656,38089,38
58701,38101,38
58703,38101,38
58704,38101,38
58705,38101,38
58707,38101,38
58710,38049,38
58711,38009,38
58712,38049,38
58713,38049,38
58716,38055,38
58718,38101,38
58721,38013,38
58722,38101,38
58723,38055,38
58725,38075,38
58727,38013,38
58730,38023,38
58731,38049,38
58733,38101,38
58734,38101,38
58735,38101,38
58736,38049,38
58737,38013,38
58740,38075,38
58741,38049,38
58744,38049,38
58746,38101,38
58748,38009,38
58750,38009,38
58752,38013,38
58755,38105,38
58756,38101,38
58757,38025,38
58758,38083,38
58759,38055,38
58760,38009,38
58761,38075,38
58762,38009,38
58763,38061,38
58765,38023,38
58768,38049,38
58769,38061,38
58770,38061,38
58771,38061,38
58772,38013,38
58773,38013,38
58775,38055,38
58776,38061,38
58778,38055,38
58779,38055,38
58781,38101,38
58782,38075,38
58783,38009,38
58784,38061,38
58785,38101,38
58787,38075,38
58788,38049,38
58789,38049,38
58790,38049,38
58792,38049,38
58793,38009,38
58794,38061,38
58795,38023,38
58801,38105,38
58830,38105,38
58831,38053,38
58833,38023,38
58835,38053,38
58838,38053,38
58843,38105,38
58844,38023,38
58845,38105,38
58847,38053,38
58849,38105,38
58852,38105,38
58853,38105,38
58854,38053,38
58856,38105,38
59001,30095,30
59002,30111,30
59003,30075,30
59006,30111,30
59007,30009,30
59008,30009,30
59010,30103,30
59011,30097,30
59012,30087,30
59013,30009,30
59014,30009,30
59015,30111,30
59016,30003,30
59018,30067,30
59019,30095,30
59020,30067,30
59022,30003,30
59024,30111,30
59025,30003,30
59026,30009,30
59027,30067,30
59028,30095,30
59029,30009,30
59030,30067,30
59031,30003,30
59032,30027,30
59033,30097,30
59034,30003,30
59035,30003,30
59036,30107,30
59037,30111,30
59038,30103,30
59039,30087,30
59041,30009,30
59043,30087,30
59044,30111,30
59046,30037,30
59047,30067,30
59050,30003,30
59052,30097,30
59053,30059,30
59054,30087,30
59055,30097,30
59057,30095,30
59058,30033,30
59059,30065,30
59061,30095,30
59062,30075,30
59063,30095,30
59064,30003,30
59065,30067,30
59066,30003,30
59067,30095,30
59068,30009,30
59069,30095,30
59070,30009,30
59071,30009,30
59072,30065,30
59074,30037,30
59075,30003,30
59076,30103,30
59077,30033,30
59078,30107,30
59079,30111,30
59081,30067,30
59082,30067,30
59083,30087,30
59085,30107,30
59086,30067,30
59087,30069,30
59088,30111,30
59089,30003,30
59101,30111,30
59102,30111,30
59105,30111,30
59106,30111,30
59201,30085,30
59211,30091,30
59212,30085,30
59213,30085,30
59214,30055,30
59215,30055,30
59217,30083,30
59218,30085,30
59219,30091,30
59221,30083,30
59222,30019,30
59223,30055,30
59225,30105,30
59226,30085,30
59230,30105,30
59231,30105,30
59240,30105,30
59241,30105,30
59242,30091,30
59243,30083,30
59244,30105,30
59247,30091,30
59248,30105,30
59250,30105,30
59252,30091,30
59253,30019,30
59254,30091,30
59255,30085,30
59256,30091,30
59257,30091,30
59258,30091,30
59259,30021,30
59260,30105,30
59261,30071,30
59262,30083,30
59263,30019,30
59270,30083,30
59273,30105,30
59274,30055,30
59275,30091,30
59276,30019,30
59301,30017,30
59311,30011,30
59312,30033,30
59313,30025,30
59314,30075,30
59315,30021,30
59316,30075,30
59317,30075,30
59318,30033,30
59319,30011,30
59322,30033,30
59323,30087,30
59324,30011,30
59326,30079,30
59327,30087,30
59330,30021,30
59332,30011,30
59333,30087,30
59336,30017,30
59337,30033,30
59338,30017,30
59339,30021,30
59343,30075,30
59344,30025,30
59345,30017,30
59347,30087,30
59349,30079,30
59351,30075,30
59353,30109,30
59354,30025,30
59401,30013,30
59404,30013,30
59405,30013,30
59410,30049,30
59411,30035,30
59412,30013,30
59414,30013,30
59416,30073,30
59417,30035,30
59418,30045,30
59419,30099,30
59420,30015,30
59421,30013,30
59422,30099,30
59424,30027,30
59425,30073,30
59427,30035,30
59430,30027,30
59432,30073,30
59433,30099,30
59434,30035,30
59435,30101,30
59436,30099,30
59440,30015,30
59441,30027,30
59442,30015,30
59443,30013,30
59444,30101,30
59446,30015,30
59447,30045,30
59448,30073,30
59450,30015,30
59451,30027,30
59452,30045,30
59453,30107,30
59454,30101,30
59456,30051,30
59457,30027,30
59460,30015,30
59461,30051,30
59462,30045,30
59463,30013,30
59464,30027,30
59465,30013,30
59466,30101,30
59467,30099,30
59468,30099,30
59469,30045,30
59471,30027,30
59472,30013,30
59474,30101,30
59477,30013,30
59479,30045,30
59480,30013,30
59482,30101,30
59483,30013,30
59484,30101,30
59485,30013,30
59486,30073,30
59487,30013,30
59489,30027,30
59501,30041,30
59520,30015,30
59521,30041,30
59522,30051,30
59523,30005,30
59524,30071,30
59525,30041,30
59526,30005,30
59527,30005,30
59528,30041,30
59529,30005,30
59530,30041,30
59531,30051,30
59532,30041,30
59535,30005,30
59537,30071,30
59538,30071,30
59540,30041,30
59542,30005,30
59544,30071,30
59545,30051,30
59546,30071,30
59547,30005,30
59601,30049,30
59602,30049,30
59623,30049,30
59625,30049,30
59631,30043,30
59632,30043,30
59633,30049,30
59634,30043,30
59635,30049,30
59636,30049,30
59638,30043,30
59639,30049,30
59640,30049,30
59642,30059,30
59643,30007,30
59644,30007,30
59645,30059,30
59647,30007,30
59648,30049,30
59701,30093,30
59710,30057,30
59711,30023,30
59713,30077,30
59714,30031,30
59715,30031,30
59716,30057,30
59718,30031,30
59720,30057,30
59721,30043,30
59722,30077,30
59724,30001,30
59725,30001,30
59727,30093,30
59728,30077,30
59729,30057,30
59730,30031,30
59731,30077,30
59732,30001,30
59733,30077,30
59735,30057,30
59736,30001,30
59739,30001,30
59740,30057,30
59741,30031,30
59743,30001,30
59745,30057,30
59746,30001,30
59747,30057,30
59748,30093,30
59749,30057,30
59750,30093,30
59751,30057,30
59752,30031,30
59754,30057,30
59755,30057,30
59756,30023,30
59758,30031,30
59759,30043,30
59760,30031,30
59761,30001,30
59762,30023,30
59801,30063,30
59802,30063,30
59803,30063,30
59804,30063,30
59808,30063,30
59812,30063,30
59820,30061,30
59821,30063,30
59823,30063,30
59824,30047,30
59825,30039,30
59826,30063,30
59827,30081,30
59828,30081,30
59829,30081,30
59830,30061,30
59831,30089,30
59832,30039,30
59833,30081,30
59834,30063,30
59837,30039,30
59840,30081,30
59841,30081,30
59842,30061,30
59843,30077,30
59844,30089,30
59845,30089,30
59846,30063,30
59847,30063,30
59848,30089,30
59851,30063,30
59853,30089,30
59854,30077,30
59855,30047,30
59856,30089,30
59858,30039,30
59859,30089,30
59860,30047,30
59863,30047,30
59864,30047,30
59865,30047,30
59866,30061,30
59867,30061,30
59868,30063,30
59870,30081,30
59871,30081,30
59872,30061,30
59873,30089,30
59874,30089,30
59875,30081,30
59901,30029,30
59910,30047,30
59911,30047,30
59912,30029,30
59913,30029,30
59914,30047,30
59915,30047,30
59916,30029,30
59917,30053,30
59918,30053,30
59919,30029,30
59920,30029,30
59922,30029,30
59923,30053,30
59925,30029,30
59926,30029,30
59927,30029,30
59928,30029,30
59929,30047,30
59930,30053,30
59931,30047,30
59932,30029,30
59933,30053,30
59934,30053,30
59935,30053,30
59936,30029,30
59937,30029,30
60002,17097,17
60004,17031,17
60005,17031,17
60007,17031,17
60008,17031,17
60010,17031,17
60012,17111,17
60013,17111,17
60014,17111,17
60015,17097,17
60016,17031,17
60018,17031,17
60020,17097,17
60021,17111,17
60022,17031,17
60025,17031,17
60026,17031,17
60029,17031,17
60030,17097,17
60031,17097,17
60033,17111,17
60034,17111,17
60035,17097,17
60040,17097,17
60041,17097,17
60042,17097,17
60043,17031,17
60044,17097,17
60045,17097,17
60046,17097,17
60047,17097,17
60048,17097,17
60050,17111,17
60051,17111,17
60053,17031,17
60056,17031,17
60060,17097,17
60061,17097,17
60062,17031,17
60064,17097,17
60067,17031,17
60068,17031,17
60069,17097,17
60070,17031,17
60071,17111,17
60072,17111,17
60073,17097,17
60074,17031,17
60075,17097,17
60076,17031,17
60077,17031,17
60081,17111,17
60083,17097,17
60084,17097,17
60085,17097,17
60087,17097,17
60088,17097,17
60089,17097,17
60090,17031,17
60091,17031,17
60093,17031,17
60096,17097,17
60097,17111,17
60098,17111,17
60099,17097,17
60101,17043,17
60102,17111,17
60103,17043,17
60104,17031,17
60106,17043,17
60107,17031,17
60108,17043,17
60109,17089,17
60110,17089,17
60111,17037,17
60112,17037,17
60113,17141,17
60115,17037,17
60118,17089,17
60119,17089,17
60120,17031,17
60123,17089,17
60124,17089,17
60126,17043,17
60129,17141,17
60130,17031,17
60131,17031,17
60133,17043,17
60134,17089,17
60135,17037,17
60136,17089,17
60137,17043,17
60139,17043,17
60140,17089,17
60141,17031,17
60142,17111,17
60143,17043,17
60144,17089,17
60145,17037,17
60146,17037,17
60148,17043,17
60150,17037,17
60151,17089,17
60152,17111,17
60153,17031,17
60154,17031,17
60155,17031,17
60156,17111,17
60157,17043,17
60160,17031,17
60162,17031,17
60163,17031,17
60164,17031,17
60165,17031,17
60169,17031,17
60171,17031,17
60172,17043,17
60173,17031,17
60174,17089,17
60175,17089,17
60176,17031,17
60177,17089,17
60178,17037,17
60180,17111,17
60181,17043,17
60183,17089,17
60184,17043,17
60185,17043,17
60187,17043,17
60188,17043,17
60189,17043,17
60190,17043,17
60191,17043,17
60192,17031,17
60193,17031,17
60194,17031,17
60195,17031,17
60201,17031,17
60202,17031,17
60203,17031,17
60208,17031,17
60301,17031,17
60302,17031,17
60304,17031,17
60305,17031,17
60401,17197,17
60402,17031,17
60403,17197,17
60404,17197,17
60406,17031,17
60407,17063,17
60408,17197,17
60409,17031,17
60410,17197,17
60411,17031,17
60415,17031,17
60416,17063,17
60417,17197,17
60418,17031,17
60419,17031,17
60420,17105,17
60421,17197,17
60422,17031,17
60423,17197,17
60424,17063,17
60425,17031,17
60426,17031,17
60428,17031,17
60429,17031,17
60430,17031,17
60431,17197,17
60432,17197,17
60433,17197,17
60435,17197,17
60436,17197,17
60437,17063,17
60438,17031,17
60439,17031,17
60440,17197,17
60441,17197,17
60442,17197,17
60443,17031,17
60444,17063,17
60445,17031,17
60446,17197,17
60447,17093,17
60448,17197,17
60449,17197,17
60450,17063,17
60451,17197,17
60452,17031,17
60453,17031,17
60455,17031,17
60456,17031,17
60457,17031,17
60458,17031,17
60459,17031,17
60460,17105,17
60461,17031,17
60462,17031,17
60463,17031,17
60464,17031,17
60465,17031,17
60466,17031,17
60467,17031,17
60468,17197,17
60469,17031,17
60470,17099,17
60471,17031,17
60472,17031,17
60473,17031,17
60474,17063,17
60475,17031,17
60476,17031,17
60477,17031,17
60478,17031,17
60479,17063,17
60480,17031,17
60481,17197,17
60482,17031,17
60484,17197,17
60487,17031,17
60490,17197,17
60491,17197,17
60501,17031,17
60502,17043,17
60503,17197,17
60504,17043,17
60505,17089,17
60506,17089,17
60510,17089,17
60511,17089,17
60512,17093,17
60513,17031,17
60514,17043,17
60515,17043,17
60516,17043,17
60517,17043,17
60518,17099,17
60519,17043,17
60520,17037,17
60521,17043,17
60523,17043,17
60525,17031,17
60526,17031,17
60527,17043,17
60530,17103,17
60531,17099,17
60532,17043,17
60534,17031,17
60536,17093,17
60537,17099,17
60538,17093,17
60539,17089,17
60540,17043,17
60541,17093,17
60542,17089,17
60543,17093,17
60544,17197,17
60545,17093,17
60546,17031,17
60548,17037,17
60549,17099,17
60550,17037,17
60551,17099,17
60552,17037,17
60553,17103,17
60554,17089,17
60555,17043,17
60556,17037,17
60557,17099,17
60558,17031,17
60559,17043,17
60560,17093,17
60561,17043,17
60563,17043,17
60564,17197,17
60565,17043,17
60585,17197,17
60586,17197,17
60601,17031,17
60602,17031,17
60603,17031,17
60604,17031,17
60605,17031,17
60606,17031,17
60607,17031,17
60608,17031,17
60609,17031,17
60610,17031,17
60611,17031,17
60612,17031,17
60613,17031,17
60614,17031,17
60615,17031,17
60616,17031,17
60617,17031,17
60618,17031,17
60619,17031,17
60620,17031,17
60621,17031,17
60622,17031,17
60623,17031,17
60624,17031,17
60625,17031,17
60626,17031,17
60628,17031,17
60629,17031,17
60630,17031,17
60631,17031,17
60632,17031,17
60633,17031,17
60634,17031,17
60636,17031,17
60637,17031,17
60638,17031,17
60639,17031,17
60640,17031,17
60641,17031,17
60642,17031,17
60643,17031,17
60644,17031,17
60645,17031,17
60646,17031,17
60647,17031,17
60649,17031,17
60651,17031,17
60652,17031,17
60653,17031,17
60654,17031,17
60655,17031,17
60656,17031,17
60657,17031,17
60659,17031,17
60660,17031,17
60661,17031,17
60706,17031,17
60707,17031,17
60712,17031,17
60714,17031,17
60803,17031,17
60804,17031,17
60805,17031,17
60827,17031,17
60901,17091,17
60910,17091,17
60911,17075,17
60912,17075,17
60913,17091,17
60914,17091,17
60915,17091,17
60917,17091,17
60918,17075,17
60919,17053,17
60920,17105,17
60921,17105,17
60922,17091,17
60924,17075,17
60926,17075,17
60927,17075,17
60928,17075,17
60929,17105,17
60930,17075,17
60931,17075,17
60932,17183,17
60933,17053,17
60934,17105,17
60935,17091,17
60936,17053,17
60938,17075,17
60939,17075,17
60940,17091,17
60941,17091,17
60942,17183,17
60945,17075,17
60946,17053,17
60948,17075,17
60949,17019,17
60950,17091,17
60951,17075,17
60952,17053,17
60953,17075,17
60954,17091,17
60955,17075,17
60956,17075,17
60957,17053,17
60958,17091,17
60959,17053,17
60960,17183,17
60961,17091,17
60962,17053,17
60963,17183,17
60964,17091,17
60966,17075,17
60967,17075,17
60968,17075,17
60969,17091,17
60970,17075,17
60973,17075,17
60974,17075,17
61001,17085,17
61006,17103,17
61007,17141,17
61008,17007,17
61010,17141,17
61011,17007,17
61012,17007,17
61013,17177,17
61014,17015,17
61015,17141,17
61016,17201,17
61018,17177,17
61019,17177,17
61020,17141,17
61021,17103,17
61024,17201,17
61025,17085,17
61027,17177,17
61028,17085,17
61030,17141,17
61031,17103,17
61032,17177,17
61036,17085,17
61037,17195,17
61038,17007,17
61039,17177,17
61041,17085,17
61042,17103,17
61043,17141,17
61044,17177,17
61046,17015,17
61047,17141,17
61048,17177,17
61049,17141,17
61050,17177,17
61051,17015,17
61052,17141,17
61053,17015,17
61054,17141,17
61057,17103,17
61059,17085,17
61060,17177,17
61061,17141,17
61062,17177,17
61063,17201,17
61064,17141,17
61065,17007,17
61067,17177,17
61068,17141,17
61070,17177,17
61071,17195,17
61072,17201,17
61073,17201,17
61074,17015,17
61075,17085,17
61077,17201,17
61078,17015,17
61079,17201,17
61080,17201,17
61081,17195,17
61084,17141,17
61085,17085,17
61087,17085,17
61088,17201,17
61089,17177,17
61091,17141,17
61101,17201,17
61102,17201,17
61103,17201,17
61104,17201,17
61107,17201,17
61108,17201,17
61109,17201,17
61111,17201,17
61112,17201,17
61114,17201,17
61115,17201,17
61201,17161,17
61230,17195,17
61231,17131,17
61232,17161,17
61233,17073,17
61234,17073,17
61235,17073,17
61236,17161,17
61237,17161,17
61238,17073,17
61239,17161,17
61240,17161,17
61241,17073,17
61242,17161,17
61243,17195,17
61244,17161,17
61250,17195,17
61251,17195,17
61252,17195,17
61254,17073,17
61256,17161,17
61257,17161,17
61258,17073,17
61259,17161,17
61260,17131,17
61261,17195,17
61262,17073,17
61263,17131,17
61264,17161,17
61265,17161,17
61270,17195,17
61272,17131,17
61273,17073,17
61274,17073,17
61275,17161,17
61276,17131,17
61277,17195,17
61278,17161,17
61279,17131,17
61281,17131,17
61282,17161,17
61283,17195,17
61284,17161,17
61285,17015,17
61301,17099,17
61310,17103,17
61311,17105,17
61312,17011,17
61313,17105,17
61314,17011,17
61315,17011,17
61316,17099,17
61317,17011,17
61318,17103,17
61319,17105,17
61320,17011,17
61321,17099,17
61322,17011,17
61323,17011,17
61324,17103,17
61325,17099,17
61326,17155,17
61327,17155,17
61328,17011,17
61329,17011,17
61330,17011,17
61331,17103,17
61332,17099,17
61333,17105,17
61334,17099,17
61335,17155,17
61336,17155,17
61337,17011,17
61338,17011,17
61340,17155,17
61341,17099,17
61342,17099,17
61344,17011,17
61345,17011,17
61346,17011,17
61348,17099,17
61349,17011,17
61350,17099,17
61353,17103,17
61354,17099,17
61356,17011,17
61358,17099,17
61359,17011,17
61360,17099,17
61361,17011,17
61362,17011,17
61363,17155,17
61364,17099,17
61367,17103,17
61368,17011,17
61369,17123,17
61370,17099,17
61371,17099,17
61372,17099,17
61373,17099,17
61374,17011,17
61375,17123,17
61376,17011,17
61377,17099,17
61378,17103,17
61379,17011,17
61401,17095,17
61402,17095,17
61410,17095,17
61411,17109,17
61412,17131,17
61413,17073,17
61414,17095,17
61415,17057,17
61416,17109,17
61417,17187,17
61418,17071,17
61419,17073,17
61420,17109,17
61421,17175,17
61422,17109,17
61423,17187,17
61424,17123,17
61425,17071,17
61426,17175,17
61427,17057,17
61428,17095,17
61430,17095,17
61431,17057,17
61432,17057,17
61433,17057,17
61434,17073,17
61435,17187,17
61436,17095,17
61437,17071,17
61438,17109,17
61439,17095,17
61440,17109,17
61441,17057,17
61442,17131,17
61443,17073,17
61447,17187,17
61448,17095,17
61449,17175,17
61450,17067,17
61451,17143,17
61452,17169,17
61453,17187,17
61454,17071,17
61455,17109,17
61458,17095,17
61459,17057,17
61460,17071,17
61462,17187,17
61465,17131,17
61466,17131,17
61467,17095,17
61468,17073,17
61469,17071,17
61470,17109,17
61471,17071,17
61472,17095,17
61473,17187,17
61474,17095,17
61475,17109,17
61476,17131,17
61477,17057,17
61478,17187,17
61479,17123,17
61480,17071,17
61482,17057,17
61483,17175,17
61484,17057,17
61485,17095,17
61486,17131,17
61488,17095,17
61489,17095,17
61490,17073,17
61491,17175,17
61501,17057,17
61516,17203,17
61517,17143,17
61519,17057,17
61520,17057,17
61523,17143,17
61524,17057,17
61525,17143,17
61526,17143,17
61528,17143,17
61529,17143,17
61530,17203,17
61531,17057,17
61532,17125,17
61533,17143,17
61534,17179,17
61535,17179,17
61536,17143,17
61537,17123,17
61539,17143,17
61540,17123,17
61541,17123,17
61542,17057,17
61543,17057,17
61544,17057,17
61545,17203,17
61546,17179,17
61547,17143,17
61548,17203,17
61550,17179,17
61552,17143,17
61553,17057,17
61554,17179,17
61559,17143,17
61560,17155,17
61561,17203,17
61562,17143,17
61563,17057,17
61564,17179,17
61565,17123,17
61567,17125,17
61568,17179,17
61569,17143,17
61570,17203,17
61571,17179,17
61572,17095,17
61602,17143,17
61603,17143,17
61604,17143,17
61605,17143,17
61606,17143,17
61607,17143,17
61610,17179,17
61611,17179,17
61614,17143,17
61615,17143,17
61616,17143,17
61625,17143,17
61701,17113,17
61704,17113,17
61705,17113,17
61720,17113,17
61721,17179,17
61722,17113,17
61723,17107,17
61724,17113,17
61725,17203,17
61726,17113,17
61727,17039,17
61728,17113,17
61729,17203,17
61730,17113,17
61731,17113,17
61732,17113,17
61733,17179,17
61734,17179,17
61735,17039,17
61736,17113,17
61737,17113,17
61738,17203,17
61739,17105,17
61740,17105,17
61741,17105,17
61742,17203,17
61743,17105,17
61744,17113,17
61745,17113,17
61747,17179,17
61748,17113,17
61749,17039,17
61750,17039,17
61751,17107,17
61752,17113,17
61753,17113,17
61754,17113,17
61755,17179,17
61756,17115,17
61759,17179,17
61760,17203,17
61761,17113,17
61764,17105,17
61769,17105,17
61770,17113,17
61771,17203,17
61772,17113,17
61773,17053,17
61774,17113,17
61775,17105,17
61776,17113,17
61777,17039,17
61778,17039,17
61801,17019,17
61802,17019,17
61810,17183,17
61811,17183,17
61812,17183,17
61813,17147,17
61814,17183,17
61815,17019,17
61816,17019,17
61817,17183,17
61818,17147,17
61820,17019,17
61821,17019,17
61822,17019,17
61830,17147,17
61831,17183,17
61832,17183,17
61833,17183,17
61834,17183,17
61839,17147,17
61840,17019,17
61841,17183,17
61842,17039,17
61843,17019,17
61844,17183,17
61845,17019,17
61846,17183,17
61847,17019,17
61848,17183,17
61849,17019,17
61850,17183,17
61851,17019,17
61852,17019,17
61853,17019,17
61854,17147,17
61855,17147,17
61856,17147,17
61857,17183,17
61858,17183,17
61859,17019,17
61862,17019,17
61863,17019,17
61864,17019,17
61865,17183,17
61866,17019,17
61870,17183,17
61871,17019,17
61872,17019,17
61873,17019,17
61874,17019,17
61875,17019,17
61876,17183,17
61877,17019,17
61878,17019,17
61880,17019,17
61882,17039,17
61883,17183,17
61884,17147,17
61910,17041,17
61911,17139,17
61912,17029,17
61913,17147,17
61914,17139,17
61917,17045,17
61919,17041,17
61920,17029,17
61924,17045,17
61925,17115,17
61928,17139,17
61929,17147,17
61930,17041,17
61931,17029,17
61932,17045,17
61933,17045,17
61936,17147,17
61937,17139,17
61938,17029,17
61940,17045,17
61941,17041,17
61942,17041,17
61943,17029,17
61944,17045,17
61949,17045,17
61951,17139,17
61953,17041,17
61955,17045,17
61956,17041,17
61957,17173,17
62001,17119,17
62002,17119,17
62006,17013,17
62009,17117,17
62010,17119,17
62011,17051,17
62012,17083,17
62013,17013,17
62014,17117,17
62015,17135,17
62016,17061,17
62017,17135,17
62018,17119,17
62019,17005,17
62021,17119,17
62022,17083,17
62023,17117,17
62024,17119,17
62025,17119,17
62026,17119,17
62027,17061,17
62028,17083,17
62030,17083,17
62031,17083,17
62032,17135,17
62033,17117,17
62034,17119,17
62035,17119,17
62036,17013,17
62037,17083,17
62040,17119,17
62044,17061,17
62045,17013,17
62046,17119,17
62047,17013,17
62048,17119,17
62049,17135,17
62050,17061,17
62051,17135,17
62052,17083,17
62053,17013,17
62054,17061,17
62056,17135,17
62058,17119,17
62059,17163,17
62060,17119,17
62061,17119,17
62062,17119,17
62063,17083,17
62067,17119,17
62069,17117,17
62074,17119,17
62075,17135,17
62076,17135,17
62077,17135,17
62078,17061,17
62079,17117,17
62080,17051,17
62081,17061,17
62082,17061,17
62083,17021,17
62084,17119,17
62085,17117,17
62086,17005,17
62087,17119,17
62088,17117,17
62089,17135,17
62090,17119,17
62091,17135,17
62092,17061,17
62093,17117,17
62094,17135,17
62095,17119,17
62097,17119,17
62098,17061,17
62201,17163,17
62203,17163,17
62204,17163,17
62205,17163,17
62206,17163,17
62207,17163,17
62208,17163,17
62214,17189,17
62215,17027,17
62216,17027,17
62217,17157,17
62218,17027,17
62219,17027,17
62220,17163,17
62221,17163,17
62223,17163,17
62225,17163,17
62226,17163,17
62230,17027,17
62231,17027,17
62232,17163,17
62233,17157,17
62234,17119,17
62236,17133,17
62237,17145,17
62238,17145,17
62239,17163,17
62240,17163,17
62241,17157,17
62242,17157,17
62243,17163,17
62244,17133,17
62245,17027,17
62246,17005,17
62248,17133,17
62249,17119,17
62250,17027,17
62253,17005,17
62254,17163,17
62255,17163,17
62256,17133,17
62257,17163,17
62258,17163,17
62260,17163,17
62261,17157,17
62262,17005,17
62263,17189,17
62264,17163,17
62265,17027,17
62266,17027,17
62268,17189,17
62269,17163,17
62271,17189,17
62272,17157,17
62273,17005,17
62274,17145,17
62275,17005,17
62277,17157,17
62278,17133,17
62279,17133,17
62280,17077,17
62281,17119,17
62282,17163,17
62284,17005,17
62285,17163,17
62286,17157,17
62288,17157,17
62289,17163,17
62292,17157,17
62293,17027,17
62294,17119,17
62295,17133,17
62297,17157,17
62298,17133,17
62301,17001,17
62305,17001,17
62311,17067,17
62312,17149,17
62313,17067,17
62314,17149,17
62316,17067,17
62319,17169,17
62320,17001,17
62321,17067,17
62323,17149,17
62324,17001,17
62325,17001,17
62326,17109,17
62330,17067,17
62334,17067,17
62336,17067,17
62338,17001,17
62339,17001,17
62340,17149,17
62341,17067,17
62343,17149,17
62344,17169,17
62345,17149,17
62346,17001,17
62347,17001,17
62348,17001,17
62349,17001,17
62351,17001,17
62352,17149,17
62353,17009,17
62354,17067,17
62355,17149,17
62356,17149,17
62357,17149,17
62358,17067,17
62359,17001,17
62360,17001,17
62361,17149,17
62362,17149,17
62363,17149,17
62365,17001,17
62366,17149,17
62367,17067,17
62370,17149,17
62373,17067,17
62374,17067,17
62375,17009,17
62376,17001,17
62378,17009,17
62379,17067,17
62380,17067,17
62401,17049,17
62410,17185,17
62411,17049,17
62413,17033,17
62414,17051,17
62417,17101,17
62418,17051,17
62419,17159,17
62420,17023,17
62421,17159,17
62422,17173,17
62423,17023,17
62424,17049,17
62425,17159,17
62426,17025,17
62427,17033,17
62428,17035,17
62431,17173,17
62432,17079,17
62433,17033,17
62434,17025,17
62436,17035,17
62438,17173,17
62439,17101,17
62440,17029,17
62441,17023,17
62442,17023,17
62443,17049,17
62444,17173,17
62445,17079,17
62446,17191,17
62447,17035,17
62448,17079,17
62449,17033,17
62450,17159,17
62451,17033,17
62452,17159,17
62454,17033,17
62458,17051,17
62459,17079,17
62460,17101,17
62461,17049,17
62462,17173,17
62463,17173,17
62464,17033,17
62465,17173,17
62466,17101,17
62467,17049,17
62468,17035,17
62469,17035,17
62471,17051,17
62473,17049,17
62474,17023,17
62475,17079,17
62476,17047,17
62477,17023,17
62478,17023,17
62479,17079,17
62480,17079,17
62481,17079,17
62501,17115,17
62510,17021,17
62512,17107,17
62513,17021,17
62514,17115,17
62515,17167,17
62517,17021,17
62518,17107,17
62519,17107,17
62520,17167,17
62521,17115,17
62522,17115,17
62523,17115,17
62526,17115,17
62530,17167,17
62531,17021,17
62532,17115,17
62533,17135,17
62534,17173,17
62535,17115,17
62536,17167,17
62537,17115,17
62538,17135,17
62539,17167,17
62540,17021,17
62541,17107,17
62543,17107,17
62544,17115,17
62545,17167,17
62546,17021,17
62547,17021,17
62548,17107,17
62549,17115,17
62550,17173,17
62551,17115,17
62553,17173,17
62554,17115,17
62555,17021,17
62556,17021,17
62557,17021,17
62558,17167,17
62560,17135,17
62561,17167,17
62563,17167,17
62565,17173,17
62567,17021,17
62568,17021,17
62570,17021,17
62571,17173,17
62572,17135,17
62573,17115,17
62601,17137,17
62610,17171,17
62611,17017,17
62612,17017,17
62613,17129,17
62615,17167,17
62617,17125,17
62618,17017,17
62621,17171,17
62622,17017,17
62624,17169,17
62625,17167,17
62626,17117,17
62627,17017,17
62628,17137,17
62629,17167,17
62630,17117,17
62631,17137,17
62633,17125,17
62634,17107,17
62635,17107,17
62638,17137,17
62639,17169,17
62640,17117,17
62642,17129,17
62643,17107,17
62644,17125,17
62649,17117,17
62650,17137,17
62655,17125,17
62656,17107,17
62661,17167,17
62663,17171,17
62664,17125,17
62665,17137,17
62666,17107,17
62667,17117,17
62668,17137,17
62670,17167,17
62671,17107,17
62672,17117,17
62673,17129,17
62674,17117,17
62675,17129,17
62677,17167,17
62681,17169,17
62682,17125,17
62684,17167,17
62685,17117,17
62688,17129,17
62689,17167,17
62690,17117,17
62691,17017,17
62692,17137,17
62693,17167,17
62694,17171,17
62695,17137,17
62701,17167,17
62702,17167,17
62703,17167,17
62704,17167,17
62706,17167,17
62707,17167,17
62711,17167,17
62712,17167,17
62801,17121,17
62803,17189,17
62806,17047,17
62807,17121,17
62808,17189,17
62809,17191,17
62810,17081,17
62811,17185,17
62812,17055,17
62814,17081,17
62815,17047,17
62816,17081,17
62817,17065,17
62818,17047,17
62819,17055,17
62820,17193,17
62821,17193,17
62822,17055,17
62823,17191,17
62824,17025,17
62825,17055,17
62827,17193,17
62828,17065,17
62829,17065,17
62830,17081,17
62831,17189,17
62832,17145,17
62833,17191,17
62835,17193,17
62836,17055,17
62837,17191,17
62838,17051,17
62839,17025,17
62841,17199,17
62842,17191,17
62843,17191,17
62844,17193,17
62846,17081,17
62848,17189,17
62849,17121,17
62850,17191,17
62851,17191,17
62852,17185,17
62853,17121,17
62854,17121,17
62856,17055,17
62858,17025,17
62859,17065,17
62860,17055,17
62861,17193,17
62862,17193,17
62863,17185,17
62864,17081,17
62865,17055,17
62867,17193,17
62868,17159,17
62869,17193,17
62870,17121,17
62871,17059,17
62872,17081,17
62874,17055,17
62875,17121,17
62876,17189,17
62877,17189,17
62878,17191,17
62879,17025,17
62880,17051,17
62881,17121,17
62882,17121,17
62883,17081,17
62884,17055,17
62885,17051,17
62886,17191,17
62887,17193,17
62888,17145,17
62889,17081,17
62890,17055,17
62891,17055,17
62892,17121,17
62893,17081,17
62894,17081,17
62895,17191,17
62896,17055,17
62897,17055,17
62898,17081,17
62899,17025,17
62901,17077,17
62902,17199,17
62903,17077,17
62905,17181,17
62906,17181,17
62907,17077,17
62908,17127,17
62910,17127,17
62912,17087,17
62914,17003,17
62915,17199,17
62916,17077,17
62917,17165,17
62918,17199,17
62919,17069,17
62920,17181,17
62921,17199,17
62922,17199,17
62923,17087,17
62924,17077,17
62926,17181,17
62927,17077,17
62928,17151,17
62930,17165,17
62931,17069,17
62932,17077,17
62933,17199,17
62934,17059,17
62935,17165,17
62938,17151,17
62939,17087,17
62940,17077,17
62941,17153,17
62942,17077,17
62943,17087,17
62946,17165,17
62947,17151,17
62948,17199,17
62949,17199,17
62950,17077,17
62951,17199,17
62952,17181,17
62953,17127,17
62954,17059,17
62956,17127,17
62957,17003,17
62958,17077,17
62959,17199,17
62960,17127,17
62961,17181,17
62962,17003,17
62963,17153,17
62964,17153,17
62965,17165,17
62966,17077,17
62967,17087,17
62969,17003,17
62970,17153,17
62972,17087,17
62974,17199,17
62975,17077,17
62976,17153,17
62977,17165,17
62979,17059,17
62982,17069,17
62983,17055,17
62984,17059,17
62985,17151,17
62987,17151,17
62988,17003,17
62990,17003,17
62992,17153,17
62994,17077,17
62995,17087,17
62996,17153,17
62997,17145,17
62998,17181,17
62999,17055,17
63005,29189,29
63010,29099,29
63011,29189,29
63012,29099,29
63013,29071,29
63014,29071,29
63015,29071,29
63016,29099,29
63017,29189,29
63019,29099,29
63020,29099,29
63021,29189,29
63023,29099,29
63025,29189,29
63026,29099,29
63028,29099,29
63030,29221,29
63031,29189,29
63033,29189,29
63034,29189,29
63036,29187,29
63037,29071,29
63038,29189,29
63039,29071,29
63040,29189,29
63041,29071,29
63042,29189,29
63043,29189,29
63044,29189,29
63045,29189,29
63047,29099,29
63048,29099,29
63049,29099,29
63050,29099,29
63051,29099,29
63052,29099,29
63053,29099,29
63055,29071,29
63056,29071,29
63060,29071,29
63061,29071,29
63068,29071,29
63069,29071,29
63070,29099,29
63071,29221,29
63072,29071,29
63073,29071,29
63074,29189,29
63077,29071,29
63079,29071,29
63080,29071,29
63084,29071,29
63087,29187,29
63088,29189,29
63089,29071,29
63090,29071,29
63091,29073,29
63101,29510,29
63102,29510,29
63103,29510,29
63104,29510,29
63105,29189,29
63106,29510,29
63107,29510,29
63108,29510,29
63109,29510,29
63110,29510,29
63111,29510,29
63112,29510,29
63113,29510,29
63114,29189,29
63115,29510,29
63116,29510,29
63117,29189,29
63118,29510,29
63119,29189,29
63120,29510,29
63121,29189,29
63122,29189,29
63123,29189,29
63124,29189,29
63125,29189,29
63126,29189,29
63127,29189,29
63128,29189,29
63129,29189,29
63130,29189,29
63131,29189,29
63132,29189,29
63133,29189,29
63134,29189,29
63135,29189,29
63136,29189,29
63137,29189,29
63138,29189,29
63139,29510,29
63140,29189,29
63141,29189,29
63143,29189,29
63144,29189,29
63146,29189,29
63147,29510,29
63155,29510,29
63301,29183,29
63303,29183,29
63304,29183,29
63330,29163,29
63332,29183,29
63333,29139,29
63334,29163,29
63336,29163,29
63339,29163,29
63341,29183,29
63343,29113,29
63344,29163,29
63345,29007,29
63347,29113,29
63348,29183,29
63349,29113,29
63350,29139,29
63351,29219,29
63352,29007,29
63353,29163,29
63357,29219,29
63359,29163,29
63361,29139,29
63362,29113,29
63363,29139,29
63365,29183,29
63366,29183,29
63367,29183,29
63368,29183,29
63369,29113,29
63373,29183,29
63376,29183,29
63377,29113,29
63379,29113,29
63380,29219,29
63381,29219,29
63382,29007,29
63383,29219,29
63384,29139,29
63385,29183,29
63386,29183,29
63387,29113,29
63388,29027,29
63389,29113,29
63390,29219,29
63401,29127,29
63430,29045,29
63431,29121,29
63432,29199,29
63433,29163,29
63434,29205,29
63435,29111,29
63436,29173,29
63437,29205,29
63438,29111,29
63439,29205,29
63440,29111,29
63441,29163,29
63443,29137,29
63445,29045,29
63446,29103,29
63447,29111,29
63448,29111,29
63450,29205,29
63451,29205,29
63452,29111,29
63453,29045,29
63454,29127,29
63456,29127,29
63457,29111,29
63458,29103,29
63459,29173,29
63460,29103,29
63461,29127,29
63462,29173,29
63463,29127,29
63465,29045,29
63466,29045,29
63467,29173,29
63468,29205,29
63469,29205,29
63471,29127,29
63472,29045,29
63473,29111,29
63474,29045,29
63501,29001,29
63530,29121,29
63531,29103,29
63532,29121,29
63533,29001,29
63534,29121,29
63535,29197,29
63536,29197,29
63537,29103,29
63538,29121,29
63539,29121,29
63540,29001,29
63541,29197,29
63543,29199,29
63544,29001,29
63545,29211,29
63546,29001,29
63547,29103,29
63548,29197,29
63549,29121,29
63551,29171,29
63552,29121,29
63555,29199,29
63556,29211,29
63557,29115,29
63558,29121,29
63559,29001,29
63560,29211,29
63561,29197,29
63563,29103,29
63565,29171,29
63566,29115,29
63567,29171,29
63601,29187,29
63620,29093,29
63621,29093,29
63622,29221,29
63623,29093,29
63624,29187,29
63625,29179,29
63626,29221,29
63627,29186,29
63628,29187,29
63629,29203,29
63630,29221,29
63631,29221,29
63633,29179,29
63636,29093,29
63637,29187,29
63638,29179,29
63640,29187,29
63645,29123,29
63648,29221,29
63650,29093,29
63653,29187,29
63654,29179,29
63655,29123,29
63656,29093,29
63660,29221,29
63662,29017,29
63663,29093,29
63664,29221,29
63665,29179,29
63670,29186,29
63673,29186,29
63674,29221,29
63675,29093,29
63701,29031,29
63703,29031,29
63730,29207,29
63732,29157,29
63735,29207,29
63736,29201,29
63738,29207,29
63739,29031,29
63740,29201,29
63742,29201,29
63743,29031,29
63744,29031,29
63745,29031,29
63746,29157,29
63747,29031,29
63748,29157,29
63750,29017,29
63751,29017,29
63755,29031,29
63758,29201,29
63760,29017,29
63763,29223,29
63764,29017,29
63766,29031,29
63767,29201,29
63769,29031,29
63770,29157,29
63771,29201,29
63774,29201,29
63775,29157,29
63780,29201,29
63781,29017,29
63782,29017,29
63783,29157,29
63784,29201,29
63785,29031,29
63787,29017,29
63801,29201,29
63820,29133,29
63821,29069,29
63822,29207,29
63823,29133,29
63824,29201,29
63825,29207,29
63826,29155,29
63827,29155,29
63828,29143,29
63829,29069,29
63830,29155,29
63833,29143,29
63834,29133,29
63837,29069,29
63839,29155,29
63840,29155,29
63841,29207,29
63845,29133,29
63846,29207,29
63847,29069,29
63848,29143,29
63849,29069,29
63850,29207,29
63851,29155,29
63852,29069,29
63853,29155,29
63855,29069,29
63857,29069,29
63860,29143,29
63862,29143,29
63863,29069,29
63866,29143,29
63867,29143,29
63868,29143,29
63869,29143,29
63870,29143,29
63873,29143,29
63874,29143,29
63876,29069,29
63877,29155,29
63878,29143,29
63879,29155,29
63880,29069,29
63882,29133,29
63901,29023,29
63932,29023,29
63933,29069,29
63934,29223,29
63935,29181,29
63936,29207,29
63937,29035,29
63939,29181,29
63940,29023,29
63941,29035,29
63942,29181,29
63943,29035,29
63944,29223,29
63945,29023,29
63950,29223,29
63951,29223,29
63952,29223,29
63953,29181,29
63954,29023,29
63955,29181,29
63956,29223,29
63957,29223,29
63960,29207,29
63961,29023,29
63962,29023,29
63964,29223,29
63965,29035,29
63966,29223,29
63967,29223,29
64001,29107,29
64011,29107,29
64012,29037,29
64014,29095,29
64015,29095,29
64016,29095,29
64017,29177,29
64018,29165,29
64019,29101,29
64020,29107,29
64021,29107,29
64022,29107,29
64024,29047,29
64028,29165,29
64029,29095,29
64030,29095,29
64034,29095,29
64035,29177,29
64036,29177,29
64037,29107,29
64040,29101,29
64048,29047,29
64050,29095,29
64052,29095,29
64053,29095,29
64054,29095,29
64055,29095,29
64056,29095,29
64057,29095,29
64058,29095,29
64060,29047,29
64061,29101,29
64062,29177,29
64063,29095,29
64064,29095,29
64065,29095,29
64066,29095,29
64067,29107,29
64068,29047,29
64070,29095,29
64071,29107,29
64072,29047,29
64074,29107,29
64075,29095,29
64076,29107,29
64077,29177,29
64078,29037,29
64079,29165,29
64080,29037,29
64081,29095,29
64082,29095,29
64083,29037,29
64084,29177,29
64085,29177,29
64086,29095,29
64088,29095,29
64089,29047,29
64090,29037,29
64092,29165,29
64093,29101,29
64096,29107,29
64097,29107,29
64098,29165,29
64101,29095,29
64102,29095,29
64105,29095,29
64106,29095,29
64108,29095,29
64109,29095,29
64110,29095,29
64111,29095,29
64112,29095,29
64113,29095,29
64114,29095,29
64116,29047,29
64117,29047,29
64118,29047,29
64119,29047,29
64120,29095,29
64123,29095,29
64124,29095,29
64125,29095,29
64126,29095,29
64127,29095,29
64128,29095,29
64129,29095,29
64130,29095,29
64131,29095,29
64132,29095,29
64133,29095,29
64134,29095,29
64136,29095,29
64137,29095,29
64138,29095,29
64139,29095,29
64145,29095,29
64146,29095,29
64147,29095,29
64149,29095,29
64150,29165,29
64151,29165,29
64152,29165,29
64153,29165,29
64154,29165,29
64155,29047,29
64156,29047,29
64157,29047,29
64158,29047,29
64161,29047,29
64163,29165,29
64164,29165,29
64165,29047,29
64166,29047,29
64167,29047,29
64401,29021,29
64402,29075,29
64420,29227,29
64421,29003,29
64422,29063,29
64423,29147,29
64424,29081,29
64426,29081,29
64427,29003,29
64428,29147,29
64429,29063,29
64430,29063,29
64431,29147,29
64432,29147,29
64433,29147,29
64434,29147,29
64436,29003,29
64437,29087,29
64438,29075,29
64439,29165,29
64440,29021,29
64441,29227,29
64442,29081,29
64443,29021,29
64444,29165,29
64445,29147,29
64446,29005,29
64448,29021,29
64449,29003,29
64451,29087,29
64453,29075,29
64454,29049,29
64455,29147,29
64456,29227,29
64457,29147,29
64458,29081,29
64459,29003,29
64461,29147,29
64463,29075,29
64465,29049,29
64466,29087,29
64467,29081,29
64468,29147,29
64469,29063,29
64470,29087,29
64471,29081,29
64473,29087,29
64474,29063,29
64475,29147,29
64476,29147,29
64477,29049,29
64479,29147,29
64480,29003,29
64481,29081,29
64482,29005,29
64483,29003,29
64484,29021,29
64485,29003,29
64486,29227,29
64487,29147,29
64489,29075,29
64490,29049,29
64491,29005,29
64492,29049,29
64493,29049,29
64494,29003,29
64496,29005,29
64497,29063,29
64498,29005,29
64499,29227,29
64501,29021,29
64503,29021,29
64504,29021,29
64505,29003,29
64506,29021,29
64507,29021,29
64601,29117,29
64620,29061,29
64622,29033,29
64623,29033,29
64624,29025,29
64625,29025,29
64628,29115,29
64630,29211,29
64631,29115,29
64632,29129,29
64633,29033,29
64635,29117,29
64636,29061,29
64637,29025,29
64638,29117,29
64639,29033,29
64640,29061,29
64641,29079,29
64642,29081,29
64643,29033,29
64644,29025,29
64645,29211,29
64646,29211,29
64647,29061,29
64648,29061,29
64649,29025,29
64650,29025,29
64651,29115,29
64652,29079,29
64653,29115,29
64654,29061,29
64655,29171,29
64656,29117,29
64657,29075,29
64658,29041,29
64659,29115,29
64660,29041,29
64661,29129,29
64664,29117,29
64667,29211,29
64668,29033,29
64670,29061,29
64671,29025,29
64672,29171,29
64673,29129,29
64674,29115,29
64676,29041,29
64679,29079,29
64681,29041,29
64682,29033,29
64683,29079,29
64686,29117,29
64688,29117,29
64689,29061,29
64701,29037,29
64720,29013,29
64722,29013,29
64723,29013,29
64724,29185,29
64725,29037,29
64726,29083,29
64728,29217,29
64730,29013,29
64733,29101,29
64734,29037,29
64735,29083,29
64738,29185,29
64739,29037,29
64740,29083,29
64741,29217,29
64742,29037,29
64743,29037,29
64744,29039,29
64745,29013,29
64746,29037,29
64747,29037,29
64748,29011,29
64750,29217,29
64752,29217,29
64755,29097,29
64756,29039,29
64759,29011,29
64761,29101,29
64762,29011,29
64763,29185,29
64765,29217,29
64767,29217,29
64769,29011,29
64770,29083,29
64771,29217,29
64772,29217,29
64776,29185,29
64778,29217,29
64779,29013,29
64780,29185,29
64781,29185,29
64783,29217,29
64784,29217,29
64788,29083,29
64790,29217,29
64801,29097,29
64804,29145,29
64830,29097,29
64831,29119,29
64832,29097,29
64833,29097,29
64834,29097,29
64835,29097,29
64836,29097,29
64840,29145,29
64841,29097,29
64842,29145,29
64843,29119,29
64844,29145,29
64847,29119,29
64848,29109,29
64849,29097,29
64850,29145,29
64854,29119,29
64855,29097,29
64856,29119,29
64857,29097,29
64858,29145,29
64859,29097,29
64861,29119,29
64862,29097,29
64863,29119,29
64865,29145,29
64866,29145,29
64867,29119,29
64868,29119,29
64870,29097,29
64873,29109,29
64874,29009,29
65001,29125,29
65010,29019,29
65011,29141,29
65013,29125,29
65014,29073,29
65016,29151,29
65017,29131,29
65018,29135,29
65020,29029,29
65023,29051,29
65024,29151,29
65025,29135,29
65026,29131,29
65032,29131,29
65034,29141,29
65035,29151,29
65037,29141,29
65039,29019,29
65040,29051,29
65041,29073,29
65043,29027,29
65046,29135,29
65047,29131,29
65048,29151,29
65049,29029,29
65050,29135,29
65051,29151,29
65052,29029,29
65053,29051,29
65054,29151,29
65058,29125,29
65059,29027,29
65061,29073,29
65062,29151,29
65063,29027,29
65064,29131,29
65065,29029,29
65066,29073,29
65067,29027,29
65068,29053,29
65069,29139,29
65072,29141,29
65074,29135,29
65075,29131,29
65076,29051,29
65077,29027,29
65078,29141,29
65079,29029,29
65080,29027,29
65081,29135,29
65082,29131,29
65083,29131,29
65084,29141,29
65085,29151,29
65101,29051,29
65109,29051,29
65201,29019,29
65202,29019,29
65203,29019,29
65215,29019,29
65216,29019,29
65230,29089,29
65231,29027,29
65232,29007,29
65233,29053,29
65236,29041,29
65237,29053,29
65239,29175,29
65240,29007,29
65243,29175,29
65244,29175,29
65246,29041,29
65247,29121,29
65248,29089,29
65250,29089,29
65251,29027,29
65254,29089,29
65255,29019,29
65256,29019,29
65257,29175,29
65258,29137,29
65259,29175,29
65260,29175,29
65261,29041,29
65262,29027,29
65263,29137,29
65264,29007,29
65265,29007,29
65270,29175,29
65274,29089,29
65275,29137,29
65276,29053,29
65278,29175,29
65279,29019,29
65280,29007,29
65281,29041,29
65282,29137,29
65283,29137,29
65284,29019,29
65285,29007,29
65286,29041,29
65287,29135,29
65301,29159,29
65305,29101,29
65320,29195,29
65321,29195,29
65322,29053,29
65323,29083,29
65324,29029,29
65325,29015,29
65326,29015,29
65327,29195,29
65329,29141,29
65330,29195,29
65332,29159,29
65333,29159,29
65334,29159,29
65335,29159,29
65336,29101,29
65337,29159,29
65338,29015,29
65339,29195,29
65340,29195,29
65344,29195,29
65345,29015,29
65347,29195,29
65348,29053,29
65349,29195,29
65350,29159,29
65351,29195,29
65354,29141,29
65355,29015,29
65360,29083,29
65401,29161,29
65409,29161,29
65436,29161,29
65438,29203,29
65439,29093,29
65440,29065,29
65441,29055,29
65443,29125,29
65444,29215,29
65446,29055,29
65449,29055,29
65452,29169,29
65453,29055,29
65456,29055,29
65457,29169,29
65459,29125,29
65461,29169,29
65462,29161,29
65463,29105,29
65464,29215,29
65466,29203,29
65468,29215,29
65470,29105,29
65473,29169,29
65479,29203,29
65483,29215,29
65484,29215,29
65486,29131,29
65501,29065,29
65529,29161,29
65534,29169,29
65535,29055,29
65536,29105,29
65541,29065,29
65542,29215,29
65543,29229,29
65548,29091,29
65550,29161,29
65552,29215,29
65555,29215,29
65556,29169,29
65557,29215,29
65559,29161,29
65560,29065,29
65564,29215,29
65565,29055,29
65566,29055,29
65567,29029,29
65570,29215,29
65571,29215,29
65580,29125,29
65582,29125,29
65583,29169,29
65584,29169,29
65586,29055,29
65588,29203,29
65589,29215,29
65590,29059,29
65591,29029,29
65601,29167,29
65603,29057,29
65604,29077,29
65605,29009,29
65606,29149,29
65608,29067,29
65609,29153,29
65610,29043,29
65611,29209,29
65612,29077,29
65613,29167,29
65614,29213,29
65616,29213,29
65617,29167,29
65618,29153,29
65619,29077,29
65620,29043,29
65622,29059,29
65623,29009,29
65624,29209,29
65625,29009,29
65626,29153,29
65627,29213,29
65629,29043,29
65630,29043,29
65631,29043,29
65632,29105,29
65633,29209,29
65634,29085,29
65635,29057,29
65637,29153,29
65638,29067,29
65640,29167,29
65641,29009,29
65644,29059,29
65646,29057,29
65647,29009,29
65648,29077,29
65649,29167,29
65650,29085,29
65652,29225,29
65653,29213,29
65654,29109,29
65655,29153,29
65656,29209,29
65657,29043,29
65658,29009,29
65660,29229,29
65661,29057,29
65662,29229,29
65663,29167,29
65664,29109,29
65666,29153,29
65667,29229,29
65668,29085,29
65669,29043,29
65672,29213,29
65674,29167,29
65675,29209,29
65676,29153,29
65679,29213,29
65680,29213,29
65681,29209,29
65682,29057,29
65685,29059,29
65686,29209,29
65688,29091,29
65689,29215,29
65690,29149,29
65692,29149,29
65702,29067,29
65704,29229,29
65705,29109,29
65706,29225,29
65707,29109,29
65708,29009,29
65710,29167,29
65711,29229,29
65712,29109,29
65713,29225,29
65714,29043,29
65715,29153,29
65717,29229,29
65720,29043,29
65721,29043,29
65722,29105,29
65723,29109,29
65724,29085,29
65725,29167,29
65726,29213,29
65727,29167,29
65728,29043,29
65729,29153,29
65730,29119,29
65731,29213,29
65732,29085,29
65733,29213,29
65734,29009,29
65735,29085,29
65737,29209,29
65738,29077,29
65739,29213,29
65740,29213,29
65741,29153,29
65742,29077,29
65744,29213,29
65745,29009,29
65746,29225,29
65747,29209,29
65752,29057,29
65753,29043,29
65754,29043,29
65755,29067,29
65756,29109,29
65757,29077,29
65759,29213,29
65760,29153,29
65761,29153,29
65762,29153,29
65764,29059,29
65766,29153,29
65767,29059,29
65768,29067,29
65769,29009,29
65770,29077,29
65771,29213,29
65772,29009,29
65773,29153,29
65774,29085,29
65775,29091,29
65777,29091,29
65778,29149,29
65779,29085,29
65781,29077,29
65783,29059,29
65784,29153,29
65785,29039,29
65786,29029,29
65787,29029,29
65788,29091,29
65789,29091,29
65790,29091,29
65791,29149,29
65793,29091,29
65801,29077,29
65802,29077,29
65803,29077,29
65804,29077,29
65806,29077,29
65807,29077,29
65809,29077,29
65810,29077,29
65897,29077,29
66002,20005,20
66006,20045,20
66007,20103,20
66008,20043,20
66010,20107,20
66012,20103,20
66013,20121,20
66014,20107,20
66015,20003,20
66016,20005,20
66017,20043,20
66018,20091,20
66020,20103,20
66021,20091,20
66023,20005,20
66024,20043,20
66025,20045,20
66026,20121,20
66027,20103,20
66030,20091,20
66031,20091,20
66032,20003,20
66033,20003,20
66035,20043,20
66039,20003,20
66040,20107,20
66041,20005,20
66042,20059,20
66043,20103,20
66044,20045,20
66045,20045,20
66046,20045,20
66047,20045,20
66048,20103,20
66049,20045,20
66050,20045,20
66052,20103,20
66053,20121,20
66054,20087,20
66056,20107,20
66058,20005,20
66060,20087,20
66061,20091,20
66062,20091,20
66064,20121,20
66066,20087,20
66067,20059,20
66070,20087,20
66071,20121,20
66072,20107,20
66073,20087,20
66075,20107,20
66076,20059,20
66078,20059,20
66079,20059,20
66080,20059,20
66083,20121,20
66085,20091,20
66086,20103,20
66087,20043,20
66088,20087,20
66090,20043,20
66091,20003,20
66092,20059,20
66093,20003,20
66094,20013,20
66095,20059,20
66097,20087,20
66101,20209,20
66102,20209,20
66103,20209,20
66104,20209,20
66105,20209,20
66106,20209,20
66109,20209,20
66111,20209,20
66112,20209,20
66115,20209,20
66118,20209,20
66160,20209,20
66202,20091,20
66203,20091,20
66204,20091,20
66205,20091,20
66206,20091,20
66207,20091,20
66208,20091,20
66209,20091,20
66210,20091,20
66211,20091,20
66212,20091,20
66213,20091,20
66214,20091,20
66215,20091,20
66216,20091,20
66217,20091,20
66218,20091,20
66219,20091,20
66220,20091,20
66221,20091,20
66223,20091,20
66224,20091,20
66226,20091,20
66227,20091,20
66251,20091,20
66401,20197,20
66402,20177,20
66403,20117,20
66404,20131,20
66406,20117,20
66407,20149,20
66408,20131,20
66409,20177,20
66411,20117,20
66412,20117,20
66413,20139,20
66414,20139,20
66415,20131,20
66416,20085,20
66417,20131,20
66418,20085,20
66419,20085,20
66422,20149,20
66423,20197,20
66424,20013,20
66425,20013,20
66427,20117,20
66428,20131,20
66429,20087,20
66431,20197,20
66432,20149,20
66434,20013,20
66436,20085,20
66438,20117,20
66439,20013,20
66440,20085,20
66441,20061,20
66442,20161,20
66449,20161,20
66451,20139,20
66501,20197,20
66502,20161,20
66503,20161,20
66506,20161,20
66507,20197,20
66508,20117,20
66509,20085,20
66510,20139,20
66512,20087,20
66514,20061,20
66515,20013,20
66516,20085,20
66517,20161,20
66518,20117,20
66520,20149,20
66521,20149,20
66522,20131,20
66523,20139,20
66524,20139,20
66526,20197,20
66527,20013,20
66528,20139,20
66531,20161,20
66532,20013,20
66533,20177,20
66534,20131,20
66535,20149,20
66536,20149,20
66537,20139,20
66538,20131,20
66539,20177,20
66540,20085,20
66541,20117,20
66542,20177,20
66543,20139,20
66544,20117,20
66546,20177,20
66547,20149,20
66548,20117,20
66549,20149,20
66550,20131,20
66552,20085,20
66554,20161,20
66603,20177,20
66604,20177,20
66605,20177,20
66606,20177,20
66607,20177,20
66608,20177,20
66609,20177,20
66610,20177,20
66611,20177,20
66612,20177,20
66614,20177,20
66615,20177,20
66616,20177,20
66617,20177,20
66618,20177,20
66619,20177,20
66621,20177,20
66622,20177,20
66701,20011,20
66710,20205,20
66711,20037,20
66712,20037,20
66713,20021,20
66714,20205,20
66716,20011,20
66717,20205,20
66720,20133,20
66724,20037,20
66725,20021,20
66732,20001,20
66733,20133,20
66734,20037,20
66735,20037,20
66736,20205,20
66738,20011,20
66739,20021,20
66740,20133,20
66741,20011,20
66742,20001,20
66743,20037,20
66746,20037,20
66748,20001,20
66749,20001,20
66751,20001,20
66753,20037,20
66754,20011,20
66755,20001,20
66756,20037,20
66757,20205,20
66758,20207,20
66760,20037,20
66761,20207,20
66762,20037,20
66763,20037,20
66767,20107,20
66769,20011,20
66770,20021,20
66771,20133,20
66772,20001,20
66773,20021,20
66775,20133,20
66776,20133,20
66777,20073,20
66778,20021,20
66779,20011,20
66780,20037,20
66781,20021,20
66782,20021,20
66783,20207,20
66801,20111,20
66830,20111,20
66833,20111,20
66834,20197,20
66835,20111,20
66838,20127,20
66839,20031,20
66840,20015,20
66842,20015,20
66843,20017,20
66845,20017,20
66846,20127,20
66849,20127,20
66850,20017,20
66851,20115,20
66852,20031,20
66853,20073,20
66854,20111,20
66856,20031,20
66857,20031,20
66858,20115,20
66859,20115,20
66860,20073,20
66861,20115,20
66862,20017,20
66863,20073,20
66864,20111,20
66865,20111,20
66866,20115,20
66868,20111,20
66869,20017,20
66870,20073,20
66871,20031,20
66872,20127,20
66873,20127,20
66901,20029,20
66930,20157,20
66932,20183,20
66933,20201,20
66935,20157,20
66936,20089,20
66937,20201,20
66938,20029,20
66939,20157,20
66940,20157,20
66941,20089,20
66942,20089,20
66943,20201,20
66944,20201,20
66945,20201,20
66946,20201,20
66948,20029,20
66949,20089,20
66951,20183,20
66952,20183,20
66953,20201,20
66955,20201,20
66956,20089,20
66958,20201,20
66959,20157,20
66960,20157,20
66961,20157,20
66962,20201,20
66963,20089,20
66964,20157,20
66966,20157,20
66967,20183,20
66968,20201,20
66970,20089,20
67001,20173,20
67002,20015,20
67003,20077,20
67004,20191,20
67005,20035,20
67008,20035,20
67009,20077,20
67010,20015,20
67012,20015,20
67013,20191,20
67016,20173,20
67017,20015,20
67018,20077,20
67019,20035,20
67020,20079,20
67021,20151,20
67022,20191,20
67023,20035,20
67024,20019,20
67025,20173,20
67026,20173,20
67028,20097,20
67029,20033,20
67030,20173,20
67031,20191,20
67035,20095,20
67036,20077,20
67037,20173,20
67038,20035,20
67039,20015,20
67041,20015,20
67042,20015,20
67045,20073,20
67047,20073,20
67049,20077,20
67050,20173,20
67051,20191,20
67052,20173,20
67053,20115,20
67054,20097,20
67055,20173,20
67056,20079,20
67057,20007,20
67058,20077,20
67059,20097,20
67060,20173,20
67061,20007,20
67062,20079,20
67063,20115,20
67065,20151,20
67066,20151,20
67067,20173,20
67068,20095,20
67070,20007,20
67071,20007,20
67072,20015,20
67073,20115,20
67074,20015,20
67101,20173,20
67102,20035,20
67103,20191,20
67104,20007,20
67105,20191,20
67106,20191,20
67107,20113,20
67108,20173,20
67109,20097,20
67110,20191,20
67111,20095,20
67112,20095,20
67114,20079,20
67117,20079,20
67118,20095,20
67119,20191,20
67120,20191,20
67122,20073,20
67123,20015,20
67124,20151,20
67127,20033,20
67131,20035,20
67132,20015,20
67133,20015,20
67134,20151,20
67135,20079,20
67137,20073,20
67138,20007,20
67140,20191,20
67142,20095,20
67143,20007,20
67144,20015,20
67146,20035,20
67147,20173,20
67149,20173,20
67150,20077,20
67151,20079,20
67152,20191,20
67154,20015,20
67155,20033,20
67156,20035,20
67159,20095,20
67202,20173,20
67203,20173,20
67204,20173,20
67205,20173,20
67206,20173,20
67207,20173,20
67208,20173,20
67209,20173,20
67210,20173,20
67211,20173,20
67212,20173,20
67213,20173,20
67214,20173,20
67215,20173,20
67216,20173,20
67217,20173,20
67218,20173,20
67219,20173,20
67220,20173,20
67221,20173,20
67223,20173,20
67226,20173,20
67227,20173,20
67228,20173,20
67230,20173,20
67232,20173,20
67235,20173,20
67260,20173,20
67301,20125,20
67330,20099,20
67332,20099,20
67333,20125,20
67334,20019,20
67335,20125,20
67336,20021,20
67337,20125,20
67340,20125,20
67341,20099,20
67342,20099,20
67344,20125,20
67345,20049,20
67346,20049,20
67347,20125,20
67349,20049,20
67351,20125,20
67352,20049,20
67353,20049,20
67354,20099,20
67355,20019,20
67356,20099,20
67357,20099,20
67360,20019,20
67361,20019,20
67363,20125,20
67364,20125,20
67401,20169,20
67410,20041,20
67416,20169,20
67417,20029,20
67418,20105,20
67420,20123,20
67422,20143,20
67423,20105,20
67425,20169,20
67427,20159,20
67428,20113,20
67430,20089,20
67431,20041,20
67432,20027,20
67436,20143,20
67437,20141,20
67438,20115,20
67439,20053,20
67441,20041,20
67442,20169,20
67443,20113,20
67444,20053,20
67445,20029,20
67446,20123,20
67447,20027,20
67448,20169,20
67449,20127,20
67450,20053,20
67451,20041,20
67452,20123,20
67454,20053,20
67455,20105,20
67456,20113,20
67457,20159,20
67458,20027,20
67459,20053,20
67460,20113,20
67464,20113,20
67466,20029,20
67467,20143,20
67468,20027,20
67470,20169,20
67473,20141,20
67474,20183,20
67475,20115,20
67476,20113,20
67478,20123,20
67480,20143,20
67481,20105,20
67482,20041,20
67483,20115,20
67484,20143,20
67485,20141,20
67487,20027,20
67490,20053,20
67491,20113,20
67492,20041,20
67501,20155,20
67502,20155,20
67505,20155,20
67510,20155,20
67511,20165,20
67512,20159,20
67513,20165,20
67514,20155,20
67515,20135,20
67516,20135,20
67518,20135,20
67519,20047,20
67520,20165,20
67521,20135,20
67522,20155,20
67523,20145,20
67524,20159,20
67525,20009,20
67526,20009,20
67529,20145,20
67530,20009,20
67543,20155,20
67544,20009,20
67545,20185,20
67546,20113,20
67547,20047,20
67548,20165,20
67550,20145,20
67552,20047,20
67553,20165,20
67554,20159,20
67556,20165,20
67557,20185,20
67559,20165,20
67560,20135,20
67561,20155,20
67563,20047,20
67564,20009,20
67565,20165,20
67566,20155,20
67567,20145,20
67568,20155,20
67570,20155,20
67572,20135,20
67573,20159,20
67574,20145,20
67575,20165,20
67576,20185,20
67578,20185,20
67579,20159,20
67581,20155,20
67583,20155,20
67584,20135,20
67601,20051,20
67621,20147,20
67622,20137,20
67623,20141,20
67625,20065,20
67626,20167,20
67627,20051,20
67628,20183,20
67629,20137,20
67631,20195,20
67632,20163,20
67634,20167,20
67635,20039,20
67637,20051,20
67638,20183,20
67639,20147,20
67640,20051,20
67642,20065,20
67643,20039,20
67644,20147,20
67645,20137,20
67646,20147,20
67647,20147,20
67648,20167,20
67649,20167,20
67650,20065,20
67651,20141,20
67653,20039,20
67654,20137,20
67656,20195,20
67657,20163,20
67658,20167,20
67659,20065,20
67660,20051,20
67661,20147,20
67663,20163,20
67664,20147,20
67665,20167,20
67667,20051,20
67669,20163,20
67671,20051,20
67672,20195,20
67673,20141,20
67674,20051,20
67675,20163,20
67701,20193,20
67730,20153,20
67731,20023,20
67732,20193,20
67733,20181,20
67734,20193,20
67735,20181,20
67736,20063,20
67737,20063,20
67738,20063,20
67739,20153,20
67740,20179,20
67741,20181,20
67743,20193,20
67744,20153,20
67745,20153,20
67747,20109,20
67748,20109,20
67749,20039,20
67751,20063,20
67752,20063,20
67753,20193,20
67756,20023,20
67757,20179,20
67758,20199,20
67761,20199,20
67762,20199,20
67764,20109,20
67801,20057,20
67831,20025,20
67834,20057,20
67835,20069,20
67836,20075,20
67837,20081,20
67838,20093,20
67839,20101,20
67840,20025,20
67841,20069,20
67842,20057,20
67843,20057,20
67844,20119,20
67846,20055,20
67849,20083,20
67850,20101,20
67851,20055,20
67853,20069,20
67854,20083,20
67855,20187,20
67857,20075,20
67859,20175,20
67860,20093,20
67861,20203,20
67862,20187,20
67863,20203,20
67864,20119,20
67865,20025,20
67867,20069,20
67868,20055,20
67869,20119,20
67870,20081,20
67871,20171,20
67876,20057,20
67877,20081,20
67878,20075,20
67879,20071,20
67880,20067,20
67882,20057,20
67901,20175,20
67950,20129,20
67951,20189,20
67952,20189,20
67953,20129,20
67954,20129,20
68001,31023,31
68002,31177,31
68003,31155,31
68004,31039,31
68005,31153,31
68007,31055,31
68008,31177,31
68010,31055,31
68014,31023,31
68015,31155,31
68016,31025,31
68017,31155,31
68018,31155,31
68019,31021,31
68020,31021,31
68022,31055,31
68023,31177,31
68025,31053,31
68028,31153,31
68029,31177,31
68030,31043,31
68031,31053,31
68033,31155,31
68034,31177,31
68036,31023,31
68037,31025,31
68038,31021,31
68039,31173,31
68040,31155,31
68041,31155,31
68042,31155,31
68044,31053,31
68045,31021,31
68046,31153,31
68047,31173,31
68048,31025,31
68050,31155,31
68055,31173,31
68056,31153,31
68057,31053,31
68058,31025,31
68059,31153,31
68061,31021,31
68062,31173,31
68063,31053,31
68064,31055,31
68065,31155,31
68066,31155,31
68067,31173,31
68068,31177,31
68069,31055,31
68070,31155,31
68071,31173,31
68072,31053,31
68073,31155,31
68102,31055,31
68104,31055,31
68105,31055,31
68106,31055,31
68107,31055,31
68108,31055,31
68110,31055,31
68111,31055,31
68112,31055,31
68113,31153,31
68114,31055,31
68116,31055,31
68117,31055,31
68118,31055,31
68122,31055,31
68123,31153,31
68124,31055,31
68127,31055,31
68128,31153,31
68130,31055,31
68131,31055,31
68132,31055,31
68133,31153,31
68134,31055,31
68135,31055,31
68136,31153,31
68137,31055,31
68138,31153,31
68142,31055,31
68144,31055,31
68147,31153,31
68152,31055,31
68154,31055,31
68157,31153,31
68164,31055,31
68178,31055,31
68182,31055,31
68183,31055,31
68301,31067,31
68303,31169,31
68304,31025,31
68305,31127,31
68307,31025,31
68309,31067,31
68310,31067,31
68313,31159,31
68314,31159,31
68315,31169,31
68316,31185,31
68317,31109,31
68318,31067,31
68319,31185,31
68320,31127,31
68321,31127,31
68322,31169,31
68323,31133,31
68324,31131,31
68325,31169,31
68326,31169,31
68327,31169,31
68328,31067,31
68329,31097,31
68330,31159,31
68331,31067,31
68332,31097,31
68333,31151,31
68335,31169,31
68336,31109,31
68337,31147,31
68338,31095,31
68339,31109,31
68340,31169,31
68341,31067,31
68342,31095,31
68343,31151,31
68344,31131,31
68345,31133,31
68346,31131,31
68347,31025,31
68348,31097,31
68349,31025,31
68350,31095,31
68351,31059,31
68352,31095,31
68354,31059,31
68355,31147,31
68357,31067,31
68358,31109,31
68359,31151,31
68360,31159,31
68361,31059,31
68362,31169,31
68364,31159,31
68365,31059,31
68366,31025,31
68367,31143,31
68368,31109,31
68370,31169,31
68371,31185,31
68372,31109,31
68375,31169,31
68376,31147,31
68377,31095,31
68378,31127,31
68379,31131,31
68380,31133,31
68381,31067,31
68382,31131,31
68401,31185,31
68402,31109,31
68403,31025,31
68404,31109,31
68405,31159,31
68406,31059,31
68407,31025,31
68409,31025,31
68410,31131,31
68413,31025,31
68414,31127,31
68415,31067,31
68416,31059,31
68417,31131,31
68418,31131,31
68419,31109,31
68420,31133,31
68421,31127,31
68422,31067,31
68423,31159,31
68424,31095,31
68428,31109,31
68429,31095,31
68430,31109,31
68431,31147,31
68433,31147,31
68434,31159,31
68436,31059,31
68437,31147,31
68438,31109,31
68439,31159,31
68440,31095,31
68441,31133,31
68442,31147,31
68443,31097,31
68444,31059,31
68445,31151,31
68446,31131,31
68447,31133,31
68448,31131,31
68450,31097,31
68452,31035,31
68453,31151,31
68454,31131,31
68455,31025,31
68456,31159,31
68457,31147,31
68458,31067,31
68460,31185,31
68461,31109,31
68462,31109,31
68463,31025,31
68464,31151,31
68465,31151,31
68466,31067,31
68467,31185,31
68502,31109,31
68503,31109,31
68504,31109,31
68505,31109,31
68506,31109,31
68507,31109,31
68508,31109,31
68510,31109,31
68512,31109,31
68514,31109,31
68516,31109,31
68517,31109,31
68520,31109,31
68521,31109,31
68522,31109,31
68523,31109,31
68524,31109,31
68526,31109,31
68527,31109,31
68528,31109,31
68531,31109,31
68532,31109,31
68588,31109,31
68601,31141,31
68620,31011,31
68621,31053,31
68622,31183,31
68623,31125,31
68624,31023,31
68626,31023,31
68627,31011,31
68628,31121,31
68629,31037,31
68631,31141,31
68632,31023,31
68633,31053,31
68634,31141,31
68635,31023,31
68636,31003,31
68637,31183,31
68638,31125,31
68640,31125,31
68641,31037,31
68642,31141,31
68643,31141,31
68644,31141,31
68647,31141,31
68648,31155,31
68649,31053,31
68651,31143,31
68652,31011,31
68653,31141,31
68654,31143,31
68655,31011,31
68658,31023,31
68659,31037,31
68660,31011,31
68661,31037,31
68662,31143,31
68663,31121,31
68664,31053,31
68665,31077,31
68666,31143,31
68667,31023,31
68669,31023,31
68701,31119,31
68710,31051,31
68711,31089,31
68713,31089,31
68714,31149,31
68715,31119,31
68716,31039,31
68717,31027,31
68718,31107,31
68719,31015,31
68720,31003,31
68722,31015,31
68723,31179,31
68724,31107,31
68725,31089,31
68726,31003,31
68727,31027,31
68728,31051,31
68729,31107,31
68730,31107,31
68731,31043,31
68732,31051,31
68733,31173,31
68734,31089,31
68735,31089,31
68736,31027,31
68739,31027,31
68740,31179,31
68741,31043,31
68742,31089,31
68743,31043,31
68745,31027,31
68746,31015,31
68747,31139,31
68748,31119,31
68749,31027,31
68751,31051,31
68752,31119,31
68753,31103,31
68755,31015,31
68756,31003,31
68757,31051,31
68758,31119,31
68759,31149,31
68760,31107,31
68761,31003,31
68763,31089,31
68764,31003,31
68765,31139,31
68766,31089,31
68767,31139,31
68768,31167,31
68769,31139,31
68770,31051,31
68771,31027,31
68773,31003,31
68774,31027,31
68776,31043,31
68777,31015,31
68778,31103,31
68779,31167,31
68780,31089,31
68781,31003,31
68783,31107,31
68784,31051,31
68785,31051,31
68786,31107,31
68787,31179,31
68788,31039,31
68789,31107,31
68790,31179,31
68791,31039,31
68792,31027,31
68801,31079,31
68803,31079,31
68810,31079,31
68812,31019,31
68813,31041,31
68814,31041,31
68815,31175,31
68816,31121,31
68817,31163,31
68818,31081,31
68820,31093,31
68821,31009,31
68822,31041,31
68823,31071,31
68824,31079,31
68825,31041,31
68826,31121,31
68827,31121,31
68828,31041,31
68831,31093,31
68832,31079,31
68833,31009,31
68834,31047,31
68835,31093,31
68836,31019,31
68837,31175,31
68838,31093,31
68840,31019,31
68841,31081,31
68842,31077,31
68843,31081,31
68844,31163,31
68845,31019,31
68846,31081,31
68847,31019,31
68849,31019,31
68850,31047,31
68852,31163,31
68853,31163,31
68854,31081,31
68855,31041,31
68856,31041,31
68858,31019,31
68859,31175,31
68860,31041,31
68861,31019,31
68862,31175,31
68863,31047,31
68864,31121,31
68865,31081,31
68866,31019,31
68869,31019,31
68870,31019,31
68871,31163,31
68872,31093,31
68873,31093,31
68874,31041,31
68875,31077,31
68876,31019,31
68878,31047,31
68879,31115,31
68881,31041,31
68882,31077,31
68883,31079,31
68901,31001,31
68920,31083,31
68922,31065,31
68923,31137,31
68924,31099,31
68925,31001,31
68926,31065,31
68927,31137,31
68928,31181,31
68929,31061,31
68930,31181,31
68932,31061,31
68933,31035,31
68934,31129,31
68935,31035,31
68936,31065,31
68937,31073,31
68938,31035,31
68939,31061,31
68940,31137,31
68941,31035,31
68942,31181,31
68943,31129,31
68944,31035,31
68945,31099,31
68946,31065,31
68947,31061,31
68948,31065,31
68949,31137,31
68950,31001,31
68952,31181,31
68954,31035,31
68955,31001,31
68956,31001,31
68957,31129,31
68958,31137,31
68959,31099,31
68960,31061,31
68961,31129,31
68964,31129,31
68966,31083,31
68967,31065,31
68970,31181,31
68971,31083,31
68972,31061,31
68973,31001,31
68974,31129,31
68975,31035,31
68976,31073,31
68977,31083,31
68978,31129,31
68979,31035,31
68980,31035,31
68981,31061,31
68982,31061,31
69001,31145,31
69020,31145,31
69021,31057,31
69022,31063,31
69023,31029,31
69024,31087,31
69025,31063,31
69026,31145,31
69027,31029,31
69028,31063,31
69029,31063,31
69030,31057,31
69032,31085,31
69033,31029,31
69034,31145,31
69036,31145,31
69037,31057,31
69038,31063,31
69039,31111,31
69040,31085,31
69041,31057,31
69042,31063,31
69043,31087,31
69044,31087,31
69045,31029,31
69046,31065,31
69101,31111,31
69120,31041,31
69121,31005,31
69122,31049,31
69123,31111,31
69125,31123,31
69127,31101,31
69128,31105,31
69129,31049,31
69130,31047,31
69131,31033,31
69132,31111,31
69133,31105,31
69134,31135,31
69135,31031,31
69138,31047,31
69140,31135,31
69141,31033,31
69142,31171,31
69143,31111,31
69144,31101,31
69145,31105,31
69146,31101,31
69147,31069,31
69148,31069,31
69149,31033,31
69150,31135,31
69151,31111,31
69152,31091,31
69153,31101,31
69154,31069,31
69155,31101,31
69156,31033,31
69157,31009,31
69161,31031,31
69162,31033,31
69163,31113,31
69165,31111,31
69166,31171,31
69167,31117,31
69168,31135,31
69169,31111,31
69170,31111,31
69171,31047,31
69201,31031,31
69210,31017,31
69211,31031,31
69212,31031,31
69214,31017,31
69216,31031,31
69217,31017,31
69218,31031,31
69219,31031,31
69220,31103,31
69221,31031,31
69301,31013,31
69331,31123,31
69333,31075,31
69334,31123,31
69335,31161,31
69336,31123,31
69337,31045,31
69339,31045,31
69340,31161,31
69341,31157,31
69343,31031,31
69345,31007,31
69346,31165,31
69347,31161,31
69348,31013,31
69350,31075,31
69351,31161,31
69352,31157,31
69353,31157,31
69354,31165,31
69355,31157,31
69356,31157,31
69357,31165,31
69358,31165,31
69360,31161,31
69361,31165,31
69365,31161,31
69366,31031,31
69367,31045,31
70001,22051,22
70002,22051,22
70003,22051,22
70005,22051,22
70006,22051,22
70030,22089,22
70031,22089,22
70032,22087,22
70036,22051,22
70037,22075,22
70038,22075,22
70039,22089,22
70040,22075,22
70041,22075,22
70043,22087,22
70047,22089,22
70049,22095,22
70050,22075,22
70051,22095,22
70052,22093,22
70053,22051,22
70056,22051,22
70057,22089,22
70058,22051,22
70062,22051,22
70065,22051,22
70067,22051,22
70068,22095,22
70070,22089,22
70071,22093,22
70072,22051,22
70075,22087,22
70076,22095,22
70079,22089,22
70080,22089,22
70082,22075,22
70083,22075,22
70084,22095,22
70085,22087,22
70086,22093,22
70087,22089,22
70090,22093,22
70091,22075,22
70092,22087,22
70094,22051,22
70112,22071,22
70113,22071,22
70114,22071,22
70115,22071,22
70116,22071,22
70117,22071,22
70118,22071,22
70119,22071,22
70121,22051,22
70122,22071,22
70123,22051,22
70124,22071,22
70125,22071,22
70126,22071,22
70127,22071,22
70128,22071,22
70129,22071,22
70130,22071,22
70131,22071,22
70139,22071,22
70148,22071,22
70163,22071,22
70301,22057,22
70310,22057,22
70339,22007,22
70340,22101,22
70341,22007,22
70342,22101,22
70343,22057,22
70344,22109,22
70345,22057,22
70346,22005,22
70352,22109,22
70353,22109,22
70354,22057,22
70355,22057,22
70356,22109,22
70357,22057,22
70358,22051,22
70359,22109,22
70360,22109,22
70363,22109,22
70364,22109,22
70372,22007,22
70373,22057,22
70374,22057,22
70375,22057,22
70377,22109,22
70380,22007,22
70390,22007,22
70391,22007,22
70392,22101,22
70393,22007,22
70394,22057,22
70395,22109,22
70397,22109,22
70401,22105,22
70402,22105,22
70403,22105,22
70420,22103,22
70422,22105,22
70426,22117,22
70427,22117,22
70431,22103,22
70433,22103,22
70435,22103,22
70436,22105,22
70437,22103,22
70438,22117,22
70441,22091,22
70442,22105,22
70443,22105,22
70444,22105,22
70445,22103,22
70446,22105,22
70447,22103,22
70448,22103,22
70449,22063,22
70450,22117,22
70451,22105,22
70452,22103,22
70453,22091,22
70454,22105,22
70455,22105,22
70456,22105,22
70457,22103,22
70458,22103,22
70460,22103,22
70461,22103,22
70462,22063,22
70463,22103,22
70464,22103,22
70465,22105,22
70466,22105,22
70471,22103,22
70501,22055,22
70503,22055,22
70506,22055,22
70507,22055,22
70508,22055,22
70510,22113,22
70512,22097,22
70513,22045,22
70514,22101,22
70515,22001,22
70516,22001,22
70517,22099,22
70518,22055,22
70519,22099,22
70520,22055,22
70522,22101,22
70523,22101,22
70524,22039,22
70525,22001,22
70526,22001,22
70528,22045,22
70529,22055,22
70531,22001,22
70532,22053,22
70533,22113,22
70534,22001,22
70535,22001,22
70537,22001,22
70538,22101,22
70541,22097,22
70542,22113,22
70543,22001,22
70544,22045,22
70546,22053,22
70548,22113,22
70549,22053,22
70550,22097,22
70551,22097,22
70552,22045,22
70554,22039,22
70555,22113,22
70556,22001,22
70558,22055,22
70559,22001,22
70560,22045,22
70563,22045,22
70570,22097,22
70575,22113,22
70576,22039,22
70577,22097,22
70578,22001,22
70580,22039,22
70581,22053,22
70582,22099,22
70583,22055,22
70584,22097,22
70585,22039,22
70586,22039,22
70589,22097,22
70591,22053,22
70592,22055,22
70601,22019,22
70605,22019,22
70607,22019,22
70609,22019,22
70611,22019,22
70615,22019,22
70629,22019,22
70630,22023,22
70631,22023,22
70632,22023,22
70633,22019,22
70634,22011,22
70637,22003,22
70638,22003,22
70639,22115,22
70640,22053,22
70643,22023,22
70644,22003,22
70645,22023,22
70646,22019,22
70647,22019,22
70648,22003,22
70650,22053,22
70651,22003,22
70652,22011,22
70653,22011,22
70654,22003,22
70655,22003,22
70656,22115,22
70657,22011,22
70658,22003,22
70659,22115,22
70660,22011,22
70661,22019,22
70662,22011,22
70663,22019,22
70665,22019,22
70668,22019,22
70669,22019,22
70706,22063,22
70710,22121,22
70711,22063,22
70712,22125,22
70714,22033,22
70715,22077,22
70719,22121,22
70721,22047,22
70722,22037,22
70723,22093,22
70725,22005,22
70726,22063,22
70729,22121,22
70730,22037,22
70732,22077,22
70733,22063,22
70734,22005,22
70736,22077,22
70737,22005,22
70739,22033,22
70740,22047,22
70743,22093,22
70744,22063,22
70747,22077,22
70748,22037,22
70749,22077,22
70750,22097,22
70752,22077,22
70753,22077,22
70754,22063,22
70755,22077,22
70756,22077,22
70757,22047,22
70759,22077,22
70760,22077,22
70761,22037,22
70762,22077,22
70763,22093,22
70764,22047,22
70767,22121,22
70769,22005,22
70770,22033,22
70772,22047,22
70773,22077,22
70774,22005,22
70775,22125,22
70776,22047,22
70777,22037,22
70778,22005,22
70780,22047,22
70782,22125,22
70783,22077,22
70785,22063,22
70786,22063,22
70787,22125,22
70788,22047,22
70789,22037,22
70791,22033,22
70801,22033,22
70802,22033,22
70803,22033,22
70805,22033,22
70806,22033,22
70807,22033,22
70808,22033,22
70809,22033,22
70810,22033,22
70811,22033,22
70812,22033,22
70813,22033,22
70814,22033,22
70815,22033,22
70816,22033,22
70817,22033,22
70818,22033,22
70819,22033,22
70820,22033,22
70825,22033,22
70836,22033,22
71001,22013,22
71002,22069,22
71003,22027,22
71004,22017,22
71006,22015,22
71007,22017,22
71008,22013,22
71009,22017,22
71016,22013,22
71018,22119,22
71019,22081,22
71021,22119,22
71023,22119,22
71024,22119,22
71027,22031,22
71028,22013,22
71029,22017,22
71030,22031,22
71031,22127,22
71032,22031,22
71033,22017,22
71034,22081,22
71037,22015,22
71038,22027,22
71039,22119,22
71040,22027,22
71043,22017,22
71044,22017,22
71045,22013,22
71046,22031,22
71047,22017,22
71048,22027,22
71049,22031,22
71051,22015,22
71052,22031,22
71055,22119,22
71060,22017,22
71061,22017,22
71063,22031,22
71064,22015,22
71065,22085,22
71066,22069,22
71067,22015,22
71068,22013,22
71069,22017,22
71070,22069,22
71071,22119,22
71072,22119,22
71073,22119,22
71075,22119,22
71078,22031,22
71079,22027,22
71082,22017,22
71101,22017,22
71103,22017,22
71104,22017,22
71105,22017,22
71106,22017,22
71107,22017,22
71108,22017,22
71109,22017,22
71110,22015,22
71111,22015,22
71112,22015,22
71115,22017,22
71118,22017,22
71119,22017,22
71129,22017,22
71201,22073,22
71202,22073,22
71203,22073,22
71209,22073,22
71212,22073,22
71218,22083,22
71219,22041,22
71220,22067,22
71222,22111,22
71223,22067,22
71225,22073,22
71226,22049,22
71227,22061,22
71229,22067,22
71230,22041,22
71232,22065,22
71233,22065,22
71234,22111,22
71235,22061,22
71237,22123,22
71238,22049,22
71241,22111,22
71242,22123,22
71243,22041,22
71245,22061,22
71247,22049,22
71250,22067,22
71251,22049,22
71253,22123,22
71254,22035,22
71256,22111,22
71259,22083,22
71260,22111,22
71261,22067,22
71263,22123,22
71264,22067,22
71266,22123,22
71268,22049,22
71269,22083,22
71270,22061,22
71272,22061,22
71275,22061,22
71276,22035,22
71277,22111,22
71279,22083,22
71280,22111,22
71282,22065,22
71286,22035,22
71291,22073,22
71292,22073,22
71295,22041,22
71301,22079,22
71302,22079,22
71303,22079,22
71316,22029,22
71320,22009,22
71322,22009,22
71323,22009,22
71325,22079,22
71326,22025,22
71327,22009,22
71328,22079,22
71330,22079,22
71331,22009,22
71333,22009,22
71334,22029,22
71336,22041,22
71339,22009,22
71340,22025,22
71341,22009,22
71342,22059,22
71343,22025,22
71345,22097,22
71346,22079,22
71350,22009,22
71351,22009,22
71353,22097,22
71354,22029,22
71355,22009,22
71356,22097,22
71357,22107,22
71358,22097,22
71359,22079,22
71360,22079,22
71362,22009,22
71366,22107,22
71367,22039,22
71368,22025,22
71369,22009,22
71371,22059,22
71373,22029,22
71375,22107,22
71378,22041,22
71401,22025,22
71403,22115,22
71404,22127,22
71405,22079,22
71406,22085,22
71407,22043,22
71409,22079,22
71410,22127,22
71411,22069,22
71414,22069,22
71415,22021,22
71416,22069,22
71417,22043,22
71418,22021,22
71419,22085,22
71422,22127,22
71423,22043,22
71424,22079,22
71425,22025,22
71426,22085,22
71427,22079,22
71428,22069,22
71429,22085,22
71430,22079,22
71432,22043,22
71433,22079,22
71434,22069,22
71435,22021,22
71438,22115,22
71439,22115,22
71441,22021,22
71446,22115,22
71447,22079,22
71449,22085,22
71450,22069,22
71452,22069,22
71454,22043,22
71455,22069,22
71456,22069,22
71457,22069,22
71459,22115,22
71461,22115,22
71462,22085,22
71463,22003,22
71465,22059,22
71466,22079,22
71467,22043,22
71468,22069,22
71469,22069,22
71472,22079,22
71473,22127,22
71474,22115,22
71475,22115,22
71479,22127,22
71480,22059,22
71483,22127,22
71485,22079,22
71486,22085,22
71497,22069,22
71601,05069,05
71602,05069,05
71603,05069,05
71630,05041,05
71631,05011,05
71635,05003,05
71638,05043,05
71639,05079,05
71640,05017,05
71642,05003,05
71643,05079,05
71644,05079,05
71646,05003,05
71647,05011,05
71651,05011,05
71652,05025,05
71653,05017,05
71654,05041,05
71655,05043,05
71658,05003,05
71659,05069,05
71660,05025,05
71661,05003,05
71662,05041,05
71663,05017,05
71665,05025,05
71666,05041,05
71667,05079,05
71670,05041,05
71671,05011,05
71674,05041,05
71675,05043,05
71676,05003,05
71677,05043,05
71678,05079,05
71701,05103,05
71720,05103,05
71721,05019,05
71722,05099,05
71724,05139,05
71725,05039,05
71726,05103,05
71728,05019,05
71730,05139,05
71740,05027,05
71742,05039,05
71743,05019,05
71744,05013,05
71745,05013,05
71747,05139,05
71748,05039,05
71749,05139,05
71751,05103,05
71752,05027,05
71753,05027,05
71758,05139,05
71759,05139,05
71762,05139,05
71763,05039,05
71764,05103,05
71765,05139,05
71766,05013,05
71770,05027,05
71772,05019,05
71801,05057,05
71820,05081,05
71822,05081,05
71823,05133,05
71825,05057,05
71826,05073,05
71827,05073,05
71831,05061,05
71832,05133,05
71833,05061,05
71834,05091,05
71835,05099,05
71836,05081,05
71837,05091,05
71838,05057,05
71839,05091,05
71841,05133,05
71842,05133,05
71845,05073,05
71846,05133,05
71847,05057,05
71851,05061,05
71852,05061,05
71853,05081,05
71854,05091,05
71855,05057,05
71857,05099,05
71858,05099,05
71859,05057,05
71860,05073,05
71861,05073,05
71862,05057,05
71864,05099,05
71865,05081,05
71866,05081,05
71901,05051,05
71909,05051,05
71913,05051,05
71921,05019,05
71922,05109,05
71923,05019,05
71929,05059,05
71933,05051,05
71935,05097,05
71937,05113,05
71940,05109,05
71941,05059,05
71942,05059,05
71943,05109,05
71944,05113,05
71945,05113,05
71949,05051,05
71950,05109,05
71952,05109,05
71953,05113,05
71956,05051,05
71957,05097,05
71958,05109,05
71959,05109,05
71960,05097,05
71961,05097,05
71962,05019,05
71964,05051,05
71965,05097,05
71968,05051,05
71969,05097,05
71970,05097,05
71971,05061,05
71972,05113,05
71973,05113,05
71998,05019,05
71999,05019,05
72001,05105,05
72002,05125,05
72003,05001,05
72004,05069,05
72005,05067,05
72006,05147,05
72007,05085,05
72010,05145,05
72011,05125,05
72012,05145,05
72013,05141,05
72014,05067,05
72015,05125,05
72016,05105,05
72017,05117,05
72019,05125,05
72020,05067,05
72021,05095,05
72022,05125,05
72023,05085,05
72024,05085,05
72025,05105,05
72026,05001,05
72027,05029,05
72028,05141,05
72029,05095,05
72030,05029,05
72031,05141,05
72032,05045,05
72034,05045,05
72035,05045,05
72036,05147,05
72038,05001,05
72039,05045,05
72040,05117,05
72041,05117,05
72042,05001,05
72044,05023,05
72045,05145,05
72046,05085,05
72047,05045,05
72048,05001,05
72051,05137,05
72052,05145,05
72053,05119,05
72055,05001,05
72057,05053,05
72058,05045,05
72059,05147,05
72060,05145,05
72061,05045,05
72063,05029,05
72064,05117,05
72065,05125,05
72066,05117,05
72067,05023,05
72068,05145,05
72069,05095,05
72070,05105,05
72072,05085,05
72073,05001,05
72074,05147,05
72075,05067,05
72076,05119,05
72079,05069,05
72080,05141,05
72081,05145,05
72082,05145,05
72083,05085,05
72084,05039,05
72085,05145,05
72086,05085,05
72087,05125,05
72088,05141,05
72099,05119,05
72101,05147,05
72102,05145,05
72103,05125,05
72104,05059,05
72106,05045,05
72107,05029,05
72108,05095,05
72110,05029,05
72111,05045,05
72112,05067,05
72113,05119,05
72114,05119,05
72116,05119,05
72117,05119,05
72118,05119,05
72119,05119,05
72120,05119,05
72121,05145,05
72122,05125,05
72123,05147,05
72125,05105,05
72126,05105,05
72127,05029,05
72128,05053,05
72129,05053,05
72130,05023,05
72131,05023,05
72132,05069,05
72133,05069,05
72134,05095,05
72135,05119,05
72136,05145,05
72137,05145,05
72139,05145,05
72140,05001,05
72141,05141,05
72142,05085,05
72143,05145,05
72150,05053,05
72152,05069,05
72153,05141,05
72156,05029,05
72157,05029,05
72160,05001,05
72165,05063,05
72166,05001,05
72167,05125,05
72168,05069,05
72169,05067,05
72170,05117,05
72173,05045,05
72175,05069,05
72176,05085,05
72178,05145,05
72179,05023,05
72180,05119,05
72181,05045,05
72182,05069,05
72183,05119,05
72199,05119,05
72201,05119,05
72202,05119,05
72204,05119,05
72205,05119,05
72206,05119,05
72207,05119,05
72209,05119,05
72210,05119,05
72211,05119,05
72212,05119,05
72223,05119,05
72227,05119,05
72301,05035,05
72311,05077,05
72313,05093,05
72315,05093,05
72320,05077,05
72322,05123,05
72324,05037,05
72325,05035,05
72326,05123,05
72327,05035,05
72328,05041,05
72329,05093,05
72330,05093,05
72331,05035,05
72332,05035,05
72333,05107,05
72335,05123,05
72338,47167,47
72339,05035,05
72340,05123,05
72341,05077,05
72342,05107,05
72346,05123,05
72347,05037,05
72348,05035,05
72350,05093,05
72351,05093,05
72352,05077,05
72353,05107,05
72354,05111,05
72355,05107,05
72358,05093,05
72359,05123,05
72360,05077,05
72364,05035,05
72365,05111,05
72366,05107,05
72367,05107,05
72368,05077,05
72369,05107,05
72370,05093,05
72372,05123,05
72373,05037,05
72374,05107,05
72376,05035,05
72377,05111,05
72379,05041,05
72383,05107,05
72384,05035,05
72386,05111,05
72387,05037,05
72389,05107,05
72390,05107,05
72391,05093,05
72392,05123,05
72394,05123,05
72395,05093,05
72396,05037,05
72401,05031,05
72404,05031,05
72405,05031,05
72410,05075,05
72411,05031,05
72412,05055,05
72413,05121,05
72414,05031,05
72415,05075,05
72416,05031,05
72417,05031,05
72419,05031,05
72421,05031,05
72422,05021,05
72424,05021,05
72425,05055,05
72426,05093,05
72427,05031,05
72428,05093,05
72429,05111,05
72430,05021,05
72431,05067,05
72432,05111,05
72433,05075,05
72434,05121,05
72435,05021,05
72436,05055,05
72437,05031,05
72438,05093,05
72440,05075,05
72441,05021,05
72442,05093,05
72443,05055,05
72444,05121,05
72445,05075,05
72447,05031,05
72449,05121,05
72450,05055,05
72453,05021,05
72454,05021,05
72455,05121,05
72456,05021,05
72457,05075,05
72458,05075,05
72459,05121,05
72460,05121,05
72461,05021,05
72462,05121,05
72464,05021,05
72466,05075,05
72467,05031,05
72469,05075,05
72470,05021,05
72471,05067,05
72472,05111,05
72473,05067,05
72476,05075,05
72478,05121,05
72479,05111,05
72482,05135,05
72501,05063,05
72512,05065,05
72513,05135,05
72515,05049,05
72517,05065,05
72519,05005,05
72520,05049,05
72521,05135,05
72522,05063,05
72523,05023,05
72524,05063,05
72526,05063,05
72527,05063,05
72528,05065,05
72529,05135,05
72530,05023,05
72531,05049,05
72532,05135,05
72533,05137,05
72534,05063,05
72536,05065,05
72537,05005,05
72538,05049,05
72539,05049,05
72540,05065,05
72542,05135,05
72543,05023,05
72544,05005,05
72546,05023,05
72550,05063,05
72553,05063,05
72554,05049,05
72555,05137,05
72556,05065,05
72560,05137,05
72561,05065,05
72562,05063,05
72564,05063,05
72565,05065,05
72566,05065,05
72567,05137,05
72568,05063,05
72569,05135,05
72571,05063,05
72572,05075,05
72573,05065,05
72576,05049,05
72577,05065,05
72578,05049,05
72579,05063,05
72581,05023,05
72583,05049,05
72584,05065,05
72585,05065,05
72587,05065,05
72601,05009,05
72611,05015,05
72615,05009,05
72616,05015,05
72617,05005,05
72619,05089,05
72623,05005,05
72624,05101,05
72626,05005,05
72628,05101,05
72629,05141,05
72630,05009,05
72631,05015,05
72632,05015,05
72633,05089,05
72634,05089,05
72635,05005,05
72636,05129,05
72638,05015,05
72639,05129,05
72640,05101,05
72641,05101,05
72642,05005,05
72644,05009,05
72645,05129,05
72648,05101,05
72650,05129,05
72651,05005,05
72653,05005,05
72655,05101,05
72658,05005,05
72660,05015,05
72661,05089,05
72662,05009,05
72663,05137,05
72666,05101,05
72668,05089,05
72669,05129,05
72670,05101,05
72672,05089,05
72675,05129,05
72677,05089,05
72679,05129,05
72680,05137,05
72682,05089,05
72683,05101,05
72685,05101,05
72686,05115,05
72687,05089,05
72701,05143,05
72703,05143,05
72704,05143,05
72712,05007,05
72713,05007,05
72714,05007,05
72715,05007,05
72717,05143,05
72718,05007,05
72719,05007,05
72721,05087,05
72722,05007,05
72727,05087,05
72729,05143,05
72730,05143,05
72732,05007,05
72734,05007,05
72736,05007,05
72738,05087,05
72739,05007,05
72740,05087,05
72742,05087,05
72744,05143,05
72745,05007,05
72747,05007,05
72749,05143,05
72751,05007,05
72752,05087,05
72753,05143,05
72756,05007,05
72758,05007,05
72760,05087,05
72761,05007,05
72762,05143,05
72764,05143,05
72768,05007,05
72769,05143,05
72773,05087,05
72774,05143,05
72776,05087,05
72801,05115,05
72802,05115,05
72821,05047,05
72823,05115,05
72824,05149,05
72826,05083,05
72827,05149,05
72828,05149,05
72829,05149,05
72830,05071,05
72832,05071,05
72833,05149,05
72834,05149,05
72835,05083,05
72837,05115,05
72838,05149,05
72839,05071,05
72840,05071,05
72841,05127,05
72842,05149,05
72843,05115,05
72845,05071,05
72846,05071,05
72847,05115,05
72851,05083,05
72852,05071,05
72853,05149,05
72854,05071,05
72855,05083,05
72856,05101,05
72857,05149,05
72858,05115,05
72860,05149,05
72863,05083,05
72865,05083,05
72901,05131,05
72903,05131,05
72904,05131,05
72905,05131,05
72908,05131,05
72916,05131,05
72921,05033,05
72923,05131,05
72926,05127,05
72927,05083,05
72928,05047,05
72930,05047,05
72932,05033,05
72933,05047,05
72934,05033,05
72935,05033,05
72936,05131,05
72937,05131,05
72938,05131,05
72940,05131,05
72941,05131,05
72943,05083,05
72944,05131,05
72945,05131,05
72946,05033,05
72947,05047,05
72948,05033,05
72949,05047,05
72950,05127,05
72951,05083,05
72952,05033,05
72955,05033,05
72956,05033,05
72958,05127,05
72959,05143,05
73001,40015,40
73002,40051,40
73003,40109,40
73004,40051,40
73005,40015,40
73006,40015,40
73007,40109,40
73008,40109,40
73009,40015,40
73010,40051,40
73011,40051,40
73012,40109,40
73013,40109,40
73014,40017,40
73015,40015,40
73016,40073,40
73017,40015,40
73018,40051,40
73019,40027,40
73020,40109,40
73021,40149,40
73022,40017,40
73024,40149,40
73025,40083,40
73026,40027,40
73027,40083,40
73028,40083,40
73029,40015,40
73030,40099,40
73031,40087,40
73032,40099,40
73033,40015,40
73034,40109,40
73036,40017,40
73038,40015,40
73040,40011,40
73041,40075,40
73042,40015,40
73043,40011,40
73044,40083,40
73045,40109,40
73047,40015,40
73048,40015,40
73049,40109,40
73050,40083,40
73051,40027,40
73052,40049,40
73053,40015,40
73054,40109,40
73055,40137,40
73056,40047,40
73057,40049,40
73058,40083,40
73059,40051,40
73061,40103,40
73062,40075,40
73063,40083,40
73064,40017,40
73065,40087,40
73066,40109,40
73067,40051,40
73068,40027,40
73069,40027,40
73070,40027,40
73071,40027,40
73072,40027,40
73073,40103,40
73074,40049,40
73075,40049,40
73077,40103,40
73078,40017,40
73079,40051,40
73080,40087,40
73082,40051,40
73084,40109,40
73086,40099,40
73089,40051,40
73090,40017,40
73092,40051,40
73093,40087,40
73095,40087,40
73096,40039,40
73097,40109,40
73098,40049,40
73099,40017,40
73102,40109,40
73103,40109,40
73104,40109,40
73105,40109,40
73106,40109,40
73107,40109,40
73108,40109,40
73109,40109,40
73110,40109,40
73111,40109,40
73112,40109,40
73114,40109,40
73115,40109,40
73116,40109,40
73117,40109,40
73118,40109,40
73119,40109,40
73120,40109,40
73121,40109,40
73122,40109,40
73127,40109,40
73128,40109,40
73129,40109,40
73130,40109,40
73131,40109,40
73132,40109,40
73134,40109,40
73135,40109,40
73139,40109,40
73141,40109,40
73142,40109,40
73145,40109,40
73149,40109,40
73150,40109,40
73151,40109,40
73159,40109,40
73160,40027,40
73162,40109,40
73165,40027,40
73169,40109,40
73170,40027,40
73173,40027,40
73179,40109,40
73401,40019,40
73425,40137,40
73430,40085,40
73432,40069,40
73433,40049,40
73434,40137,40
73435,40019,40
73436,40019,40
73437,40019,40
73438,40019,40
73439,40095,40
73440,40095,40
73441,40085,40
73442,40137,40
73443,40019,40
73444,40019,40
73446,40095,40
73447,40069,40
73448,40085,40
73449,40013,40
73450,40069,40
73453,40085,40
73455,40069,40
73456,40067,40
73458,40019,40
73459,40085,40
73460,40069,40
73461,40069,40
73463,40019,40
73481,40019,40
73487,40019,40
73488,40019,40
73491,40137,40
73501,40031,40
73503,40031,40
73505,40031,40
73507,40031,40
73520,40067,40
73521,40065,40
73523,40065,40
73526,40065,40
73527,40031,40
73528,40033,40
73529,40137,40
73530,40141,40
73531,40033,40
73532,40065,40
73533,40137,40
73537,40065,40
73538,40031,40
73539,40065,40
73540,40031,40
73541,40031,40
73542,40141,40
73543,40031,40
73544,40057,40
73546,40141,40
73547,40055,40
73548,40033,40
73549,40065,40
73550,40057,40
73551,40141,40
73552,40031,40
73553,40141,40
73554,40055,40
73555,40141,40
73556,40065,40
73557,40031,40
73559,40075,40
73560,40065,40
73562,40033,40
73564,40075,40
73565,40067,40
73566,40075,40
73567,40031,40
73568,40033,40
73569,40067,40
73570,40141,40
73571,40057,40
73572,40033,40
73573,40067,40
73601,40039,40
73620,40039,40
73622,40149,40
73624,40149,40
73625,40039,40
73626,40149,40
73627,40009,40
73628,40129,40
73632,40149,40
73638,40129,40
73639,40039,40
73641,40149,40
73642,40129,40
73644,40009,40
73645,40009,40
73646,40011,40
73647,40149,40
73650,40129,40
73651,40075,40
73654,40129,40
73655,40075,40
73658,40043,40
73659,40043,40
73660,40129,40
73661,40149,40
73662,40009,40
73663,40043,40
73664,40149,40
73666,40129,40
73667,40043,40
73668,40009,40
73669,40039,40
73673,40055,40
73701,40047,40
73703,40047,40
73705,40047,40
73716,40151,40
73717,40151,40
73718,40093,40
73719,40003,40
73720,40047,40
73722,40003,40
73724,40043,40
73726,40003,40
73727,40047,40
73728,40003,40
73729,40093,40
73730,40047,40
73731,40151,40
73733,40047,40
73734,40073,40
73735,40047,40
73736,40047,40
73737,40093,40
73738,40047,40
73739,40003,40
73741,40003,40
73742,40073,40
73743,40047,40
73744,40011,40
73746,40151,40
73747,40093,40
73749,40003,40
73750,40073,40
73753,40047,40
73754,40047,40
73755,40011,40
73756,40073,40
73757,40103,40
73758,40053,40
73759,40053,40
73760,40093,40
73761,40053,40
73762,40017,40
73763,40011,40
73764,40073,40
73766,40053,40
73768,40093,40
73770,40011,40
73771,40053,40
73772,40011,40
73773,40047,40
73801,40153,40
73832,40045,40
73834,40059,40
73835,40043,40
73838,40093,40
73840,40045,40
73841,40045,40
73842,40151,40
73843,40045,40
73844,40007,40
73848,40007,40
73851,40045,40
73852,40153,40
73853,40153,40
73855,40059,40
73857,40153,40
73858,40045,40
73859,40043,40
73860,40151,40
73901,40139,40
73931,40007,40
73932,40007,40
73933,40025,40
73937,40025,40
73938,40007,40
73939,40139,40
73942,40139,40
73944,40139,40
73945,40139,40
73946,40025,40
73947,40025,40
73949,40139,40
73950,40007,40
73951,40139,40
73960,48421,48
74001,40113,40
74002,40113,40
74003,40113,40
74006,40147,40
74008,40143,40
74010,40037,40
74011,40143,40
74012,40143,40
74014,40145,40
74015,40131,40
74016,40131,40
74017,40131,40
74019,40131,40
74020,40117,40
74021,40143,40
74022,40147,40
74023,40119,40
74026,40081,40
74027,40105,40
74028,40037,40
74029,40147,40
74030,40037,40
74032,40119,40
74033,40143,40
74034,40117,40
74035,40113,40
74036,40131,40
74037,40143,40
74038,40037,40
74039,40037,40
74041,40037,40
74042,40105,40
74044,40037,40
74045,40117,40
74046,40037,40
74047,40111,40
74048,40105,40
74050,40037,40
74051,40147,40
74052,40037,40
74053,40131,40
74054,40113,40
74055,40143,40
74056,40113,40
74058,40117,40
74059,40119,40
74060,40113,40
74061,40147,40
74062,40119,40
74063,40143,40
74066,40037,40
74068,40037,40
74070,40113,40
74071,40037,40
74072,40105,40
74073,40113,40
74074,40119,40
74075,40119,40
74077,40119,40
74078,40119,40
74079,40081,40
74080,40131,40
74081,40117,40
74082,40147,40
74083,40105,40
74084,40113,40
74085,40119,40
74103,40143,40
74104,40143,40
74105,40143,40
74106,40143,40
74107,40143,40
74108,40143,40
74110,40143,40
74112,40143,40
74114,40143,40
74115,40143,40
74116,40143,40
74117,40143,40
74119,40143,40
74120,40143,40
74126,40113,40
74127,40113,40
74128,40143,40
74129,40143,40
74130,40143,40
74131,40037,40
74132,40143,40
74133,40143,40
74134,40143,40
74135,40143,40
74136,40143,40
74137,40143,40
74145,40143,40
74146,40143,40
74171,40143,40
74301,40035,40
74330,40097,40
74331,40041,40
74332,40035,40
74333,40035,40
74337,40097,40
74338,40041,40
74339,40115,40
74340,40097,40
74342,40041,40
74343,40115,40
74344,40041,40
74346,40041,40
74347,40041,40
74349,40035,40
74350,40097,40
74352,40097,40
74354,40115,40
74358,40115,40
74359,40041,40
74360,40115,40
74361,40097,40
74363,40115,40
74364,40041,40
74365,40097,40
74366,40097,40
74367,40097,40
74368,40041,40
74369,40035,40
74370,40115,40
74401,40101,40
74403,40101,40
74421,40111,40
74422,40101,40
74423,40101,40
74425,40121,40
74426,40091,40
74427,40021,40
74428,40091,40
74429,40145,40
74430,40121,40
74431,40111,40
74432,40091,40
74434,40101,40
74435,40135,40
74436,40101,40
74437,40111,40
74438,40091,40
74441,40021,40
74442,40121,40
74445,40111,40
74446,40145,40
74447,40111,40
74450,40101,40
74451,40021,40
74452,40021,40
74454,40145,40
74455,40101,40
74456,40111,40
74457,40021,40
74458,40145,40
74459,40091,40
74460,40111,40
74462,40061,40
74463,40101,40
74464,40021,40
74467,40145,40
74468,40101,40
74469,40101,40
74470,40101,40
74471,40021,40
74472,40061,40
74477,40145,40
74501,40121,40
74521,40127,40
74522,40121,40
74523,40127,40
74525,40005,40
74528,40121,40
74530,40069,40
74531,40063,40
74533,40005,40
74534,40029,40
74535,40029,40
74536,40127,40
74538,40029,40
74540,40005,40
74543,40127,40
74546,40121,40
74547,40121,40
74549,40079,40
74552,40061,40
74553,40121,40
74554,40121,40
74555,40005,40
74556,40029,40
74557,40127,40
74558,40127,40
74560,40121,40
74561,40121,40
74562,40127,40
74563,40077,40
74565,40121,40
74567,40127,40
74569,40005,40
74570,40063,40
74571,40077,40
74572,40029,40
74574,40127,40
74576,40005,40
74577,40079,40
74578,40077,40
74601,40071,40
74604,40113,40
74630,40103,40
74631,40071,40
74632,40071,40
74633,40113,40
74636,40053,40
74637,40113,40
74640,40047,40
74641,40071,40
74643,40053,40
74644,40103,40
74646,40071,40
74647,40071,40
74650,40113,40
74651,40103,40
74652,40113,40
74653,40071,40
74701,40013,40
74720,40013,40
74721,40013,40
74722,40089,40
74723,40013,40
74724,40089,40
74726,40013,40
74727,40023,40
74728,40089,40
74729,40013,40
74730,40013,40
74731,40013,40
74733,40013,40
74734,40089,40
74735,40023,40
74736,40089,40
74737,40089,40
74738,40023,40
74740,40089,40
74741,40013,40
74743,40023,40
74745,40089,40
74747,40013,40
74748,40069,40
74750,40089,40
74753,40013,40
74754,40089,40
74755,40089,40
74756,40023,40
74759,40023,40
74760,40127,40
74761,40023,40
74764,40089,40
74766,40089,40
74801,40125,40
74804,40125,40
74820,40123,40
74824,40081,40
74825,40123,40
74826,40125,40
74827,40063,40
74829,40107,40
74830,40133,40
74831,40087,40
74832,40081,40
74833,40107,40
74834,40081,40
74836,40069,40
74837,40133,40
74839,40063,40
74840,40133,40
74842,40123,40
74843,40123,40
74844,40123,40
74845,40091,40
74848,40063,40
74849,40133,40
74850,40063,40
74851,40125,40
74852,40125,40
74854,40125,40
74855,40081,40
74856,40069,40
74857,40027,40
74859,40107,40
74860,40107,40
74864,40081,40
74865,40123,40
74866,40125,40
74867,40133,40
74868,40133,40
74869,40081,40
74871,40123,40
74872,40049,40
74873,40125,40
74875,40081,40
74878,40125,40
74880,40107,40
74881,40081,40
74883,40063,40
74884,40133,40
74901,40079,40
74902,40079,40
74930,40079,40
74931,40001,40
74932,40079,40
74935,40079,40
74936,40135,40
74937,40079,40
74939,40079,40
74940,40079,40
74941,40061,40
74942,40079,40
74943,40061,40
74944,40061,40
74945,40135,40
74946,40135,40
74947,40079,40
74948,40135,40
74949,40079,40
74951,40079,40
74953,40079,40
74954,40135,40
74955,40135,40
74956,40079,40
74957,40079,40
74959,40079,40
74960,40001,40
74962,40135,40
74963,40089,40
74964,40001,40
74965,40001,40
74966,40079,40
75001,48113,48
75002,48085,48
75006,48113,48
75007,48121,48
75009,48085,48
75010,48121,48
75013,48085,48
75019,48113,48
75020,48181,48
75021,48181,48
75022,48121,48
75023,48085,48
75024,48085,48
75025,48085,48
75028,48121,48
75032,48397,48
75033,48121,48
75034,48085,48
75035,48085,48
75036,48121,48
75038,48113,48
75039,48113,48
75040,48113,48
75041,48113,48
75042,48113,48
75043,48113,48
75044,48113,48
75048,48113,48
75050,48113,48
75051,48113,48
75052,48113,48
75054,48439,48
75056,48121,48
75057,48121,48
75058,48181,48
75060,48113,48
75061,48113,48
75062,48113,48
75063,48113,48
75065,48121,48
75067,48121,48
75068,48121,48
75069,48085,48
75070,48085,48
75071,48085,48
75072,48085,48
75074,48085,48
75075,48085,48
75076,48181,48
75077,48121,48
75078,48085,48
75080,48113,48
75081,48113,48
75082,48085,48
75087,48397,48
75088,48113,48
75089,48113,48
75090,48181,48
75092,48181,48
75093,48085,48
75094,48085,48
75098,48085,48
75101,48139,48
75102,48349,48
75103,48467,48
75104,48113,48
75105,48349,48
75109,48349,48
75110,48349,48
75114,48257,48
75115,48113,48
75116,48113,48
75117,48467,48
75119,48139,48
75124,48213,48
75125,48139,48
75126,48257,48
75127,48467,48
75132,48397,48
75134,48113,48
75135,48231,48
75137,48113,48
75140,48467,48
75141,48113,48
75142,48257,48
75143,48257,48
75144,48349,48
75146,48113,48
75147,48467,48
75148,48213,48
75149,48113,48
75150,48113,48
75152,48139,48
75153,48349,48
75154,48139,48
75155,48349,48
75156,48213,48
75157,48257,48
75158,48257,48
75159,48113,48
75160,48257,48
75161,48257,48
75163,48213,48
75164,48085,48
75165,48139,48
75166,48085,48
75167,48139,48
75169,48467,48
75172,48113,48
75173,48085,48
75180,48113,48
75181,48113,48
75182,48113,48
75189,48397,48
75201,48113,48
75202,48113,48
75203,48113,48
75204,48113,48
75205,48113,48
75206,48113,48
75207,48113,48
75208,48113,48
75209,48113,48
75210,48113,48
75211,48113,48
75212,48113,48
75214,48113,48
75215,48113,48
75216,48113,48
75217,48113,48
75218,48113,48
75219,48113,48
75220,48113,48
75223,48113,48
75224,48113,48
75225,48113,48
75226,48113,48
75227,48113,48
75228,48113,48
75229,48113,48
75230,48113,48
75231,48113,48
75232,48113,48
75233,48113,48
75234,48113,48
75235,48113,48
75236,48113,48
75237,48113,48
75238,48113,48
75240,48113,48
75241,48113,48
75243,48113,48
75244,48113,48
75246,48113,48
75247,48113,48
75248,48113,48
75249,48113,48
75251,48113,48
75252,48085,48
75253,48113,48
75254,48113,48
75261,48439,48
75270,48113,48
75287,48085,48
75390,48113,48
75401,48231,48
75402,48231,48
75407,48085,48
75409,48085,48
75410,48499,48
75411,48277,48
75412,48387,48
75413,48147,48
75414,48181,48
75415,48119,48
75416,48277,48
75417,48387,48
75418,48147,48
75420,48223,48
75421,48277,48
75422,48231,48
75423,48231,48
75424,48085,48
75426,48387,48
75428,48231,48
75429,48231,48
75431,48223,48
75432,48119,48
75433,48223,48
75434,48277,48
75435,48277,48
75436,48387,48
75437,48223,48
75438,48147,48
75439,48147,48
75440,48379,48
75441,48119,48
75442,48085,48
75446,48147,48
75447,48147,48
75448,48119,48
75449,48147,48
75450,48119,48
75451,48063,48
75452,48147,48
75453,48231,48
75454,48085,48
75455,48449,48
75457,48159,48
75459,48181,48
75460,48277,48
75462,48277,48
75468,48277,48
75469,48119,48
75470,48277,48
75471,48223,48
75472,48379,48
75473,48277,48
75474,48231,48
75475,48147,48
75476,48147,48
75477,48277,48
75478,48223,48
75479,48147,48
75480,48159,48
75481,48223,48
75482,48223,48
75486,48277,48
75487,48159,48
75488,48147,48
75489,48181,48
75490,48147,48
75491,48181,48
75492,48147,48
75493,48449,48
75494,48499,48
75495,48181,48
75496,48231,48
75497,48499,48
75501,48037,48
75503,48037,48
75550,48387,48
75551,48067,48
75554,48387,48
75555,48067,48
75556,48067,48
75558,48449,48
75559,48037,48
75560,48067,48
75561,48037,48
75562,48067,48
75563,48067,48
75564,48067,48
75565,48067,48
75566,48067,48
75567,48037,48
75568,48067,48
75569,48037,48
75570,48037,48
75571,48343,48
75572,48067,48
75573,48037,48
75574,48037,48
75601,48183,48
75602,48203,48
75603,48183,48
75604,48183,48
75605,48183,48
75630,48067,48
75631,48365,48
75633,48365,48
75638,48343,48
75639,48365,48
75640,48203,48
75641,48401,48
75642,48365,48
75643,48365,48
75644,48459,48
75645,48459,48
75647,48183,48
75650,48203,48
75651,48203,48
75652,48401,48
75654,48401,48
75656,48067,48
75657,48315,48
75658,48401,48
75659,48203,48
75661,48203,48
75662,48183,48
75667,48401,48
75668,48343,48
75669,48365,48
75670,48203,48
75671,48203,48
75672,48203,48
75680,48401,48
75681,48401,48
75682,48401,48
75683,48459,48
75684,48401,48
75686,48063,48
75687,48401,48
75689,48401,48
75691,48401,48
75692,48203,48
75693,48183,48
75694,48203,48
75701,48423,48
75702,48423,48
75703,48423,48
75704,48423,48
75705,48423,48
75706,48423,48
75707,48423,48
75708,48423,48
75709,48423,48
75711,48423,48
75750,48423,48
75751,48213,48
75752,48213,48
75754,48467,48
75755,48459,48
75756,48213,48
75757,48073,48
75758,48213,48
75759,48073,48
75760,48347,48
75762,48423,48
75763,48001,48
75764,48073,48
75765,48499,48
75766,48073,48
75770,48213,48
75771,48423,48
75773,48499,48
75778,48213,48
75779,48001,48
75780,48073,48
75782,48213,48
75783,48499,48
75784,48401,48
75785,48073,48
75788,48347,48
75789,48073,48
75790,48467,48
75791,48423,48
75792,48423,48
75801,48001,48
75803,48001,48
75831,48289,48
75833,48289,48
75835,48225,48
75838,48161,48
75839,48001,48
75840,48161,48
75844,48225,48
75845,48455,48
75846,48289,48
75847,48225,48
75848,48161,48
75849,48225,48
75850,48289,48
75851,48225,48
75852,48313,48
75853,48001,48
75855,48289,48
75856,48225,48
75858,48225,48
75859,48161,48
75860,48161,48
75861,48001,48
75862,48455,48
75865,48455,48
75884,48001,48
75886,48001,48
75901,48005,48
75903,48005,48
75904,48005,48
75925,48073,48
75926,48455,48
75928,48351,48
75929,48405,48
75930,48405,48
75931,48241,48
75932,48351,48
75933,48351,48
75934,48373,48
75935,48419,48
75936,48457,48
75937,48347,48
75938,48457,48
75939,48373,48
75941,48005,48
75942,48457,48
75943,48347,48
75944,48347,48
75946,48347,48
75948,48403,48
75949,48005,48
75951,48241,48
75954,48419,48
75956,48241,48
75959,48403,48
75960,48373,48
75961,48347,48
75962,48347,48
75964,48347,48
75965,48347,48
75966,48351,48
75968,48403,48
75969,48005,48
75972,48405,48
75973,48419,48
75974,48419,48
75975,48419,48
75976,48073,48
75977,48351,48
75979,48457,48
75980,48005,48
76001,48439,48
76002,48439,48
76005,48439,48
76006,48439,48
76008,48367,48
76009,48251,48
76010,48439,48
76011,48439,48
76012,48439,48
76013,48439,48
76014,48439,48
76015,48439,48
76016,48439,48
76017,48439,48
76018,48439,48
76020,48367,48
76021,48439,48
76022,48439,48
76023,48497,48
76028,48251,48
76031,48251,48
76033,48251,48
76034,48439,48
76035,48367,48
76036,48439,48
76039,48439,48
76040,48439,48
76041,48139,48
76043,48425,48
76044,48251,48
76048,48221,48
76049,48221,48
76050,48251,48
76051,48439,48
76052,48439,48
76053,48439,48
76054,48439,48
76055,48217,48
76058,48251,48
76059,48251,48
76060,48439,48
76061,48251,48
76063,48439,48
76064,48139,48
76065,48139,48
76066,48367,48
76067,48363,48
76070,48425,48
76071,48497,48
76073,48497,48
76077,48425,48
76078,48497,48
76082,48367,48
76084,48251,48
76085,48367,48
76086,48367,48
76087,48367,48
76088,48367,48
76092,48439,48
76093,48251,48
76102,48439,48
76103,48439,48
76104,48439,48
76105,48439,48
76106,48439,48
76107,48439,48
76108,48439,48
76109,48439,48
76110,48439,48
76111,48439,48
76112,48439,48
76114,48439,48
76115,48439,48
76116,48439,48
76117,48439,48
76118,48439,48
76119,48439,48
76120,48439,48
76123,48439,48
76126,48439,48
76127,48439,48
76129,48439,48
76131,48439,48
76132,48439,48
76133,48439,48
76134,48439,48
76135,48439,48
76137,48439,48
76140,48439,48
76148,48439,48
76155,48439,48
76164,48439,48
76177,48439,48
76179,48439,48
76180,48439,48
76182,48439,48
76201,48121,48
76203,48121,48
76205,48121,48
76207,48121,48
76208,48121,48
76209,48121,48
76210,48121,48
76225,48497,48
76226,48121,48
76227,48121,48
76228,48077,48
76230,48337,48
76233,48181,48
76234,48497,48
76238,48097,48
76239,48337,48
76240,48097,48
76241,48097,48
76244,48439,48
76245,48181,48
76247,48121,48
76248,48439,48
76249,48121,48
76250,48097,48
76251,48337,48
76252,48097,48
76253,48097,48
76255,48337,48
76258,48121,48
76259,48121,48
76261,48337,48
76262,48121,48
76263,48097,48
76264,48181,48
76265,48337,48
76266,48121,48
76267,48497,48
76268,48181,48
76270,48337,48
76271,48181,48
76272,48097,48
76273,48181,48
76301,48485,48
76302,48485,48
76305,48077,48
76306,48485,48
76308,48485,48
76309,48485,48
76310,48009,48
76311,48485,48
76351,48009,48
76354,48485,48
76357,48077,48
76360,48485,48
76363,48275,48
76364,48487,48
76365,48077,48
76366,48009,48
76367,48485,48
76370,48009,48
76371,48275,48
76372,48447,48
76373,48487,48
76374,48503,48
76377,48077,48
76379,48009,48
76380,48023,48
76384,48487,48
76388,48207,48
76389,48009,48
76401,48143,48
76402,48143,48
76424,48429,48
76426,48497,48
76427,48237,48
76429,48429,48
76430,48417,48
76431,48497,48
76432,48049,48
76433,48143,48
76435,48133,48
76436,48093,48
76437,48133,48
76439,48367,48
76442,48093,48
76443,48059,48
76444,48093,48
76445,48133,48
76446,48143,48
76448,48133,48
76449,48363,48
76450,48503,48
76452,48093,48
76453,48363,48
76454,48133,48
76455,48093,48
76457,48193,48
76458,48237,48
76459,48237,48
76460,48503,48
76462,48221,48
76463,48143,48
76464,48417,48
76466,48133,48
76469,48059,48
76470,48133,48
76471,48133,48
76472,48363,48
76474,48093,48
76475,48363,48
76476,48221,48
76481,48503,48
76483,48447,48
76484,48363,48
76486,48237,48
76487,48367,48
76490,48367,48
76491,48447,48
76501,48027,48
76502,48027,48
76504,48027,48
76511,48027,48
76513,48027,48
76518,48331,48
76519,48331,48
76520,48331,48
76522,48099,48
76523,48331,48
76524,48145,48
76525,48193,48
76527,48491,48
76528,48099,48
76530,48491,48
76531,48193,48
76534,48027,48
76537,48491,48
76538,48193,48
76539,48281,48
76541,48027,48
76542,48027,48
76543,48027,48
76544,48099,48
76548,48027,48
76549,48027,48
76550,48281,48
76554,48027,48
76556,48331,48
76557,48027,48
76559,48027,48
76561,48099,48
76565,48193,48
76566,48099,48
76567,48331,48
76569,48027,48
76570,48145,48
76571,48027,48
76573,48491,48
76574,48491,48
76577,48331,48
76578,48491,48
76579,48027,48
76596,48099,48
76597,48099,48
76598,48099,48
76599,48099,48
76621,48217,48
76622,48217,48
76623,48139,48
76624,48309,48
76626,48349,48
76627,48217,48
76628,48217,48
76629,48395,48
76630,48309,48
76631,48217,48
76632,48145,48
76633,48309,48
76634,48035,48
76635,48293,48
76636,48217,48
76637,48035,48
76638,48309,48
76639,48349,48
76640,48309,48
76641,48349,48
76642,48293,48
76643,48309,48
76645,48217,48
76648,48217,48
76649,48035,48
76650,48217,48
76651,48139,48
76652,48035,48
76653,48293,48
76654,48309,48
76655,48309,48
76656,48145,48
76657,48309,48
76660,48217,48
76661,48145,48
76664,48293,48
76665,48035,48
76666,48217,48
76667,48293,48
76670,48139,48
76671,48035,48
76673,48217,48
76676,48217,48
76678,48293,48
76679,48349,48
76680,48145,48
76681,48349,48
76682,48145,48
76685,48145,48
76686,48293,48
76687,48293,48
76689,48035,48
76690,48035,48
76691,48309,48
76692,48217,48
76693,48161,48
76701,48309,48
76704,48309,48
76705,48309,48
76706,48309,48
76707,48309,48
76708,48309,48
76710,48309,48
76711,48309,48
76712,48309,48
76798,48309,48
76801,48049,48
76802,48049,48
76820,48319,48
76821,48399,48
76823,48049,48
76824,48411,48
76825,48307,48
76827,48049,48
76828,48083,48
76831,48299,48
76832,48411,48
76834,48083,48
76836,48307,48
76837,48095,48
76841,48413,48
76842,48319,48
76844,48333,48
76845,48083,48
76848,48327,48
76849,48267,48
76852,48307,48
76853,48281,48
76854,48267,48
76856,48319,48
76857,48049,48
76858,48095,48
76859,48327,48
76861,48451,48
76862,48095,48
76864,48333,48
76865,48399,48
76866,48095,48
76869,48411,48
76870,48333,48
76871,48411,48
76872,48307,48
76873,48083,48
76874,48267,48
76875,48399,48
76877,48411,48
76878,48083,48
76880,48333,48
76882,48399,48
76884,48083,48
76885,48299,48
76887,48307,48
76888,48083,48
76890,48049,48
76901,48451,48
76902,48451,48
76903,48451,48
76904,48451,48
76905,48451,48
76908,48451,48
76909,48451,48
76930,48235,48
76932,48383,48
76933,48081,48
76934,48451,48
76935,48413,48
76936,48413,48
76937,48451,48
76939,48451,48
76940,48451,48
76941,48235,48
76943,48105,48
76945,48081,48
76950,48435,48
76951,48431,48
76953,48081,48
76955,48451,48
76957,48451,48
76958,48451,48
77002,48201,48
77003,48201,48
77004,48201,48
77005,48201,48
77006,48201,48
77007,48201,48
77008,48201,48
77009,48201,48
77010,48201,48
77011,48201,48
77012,48201,48
77013,48201,48
77014,48201,48
77015,48201,48
77016,48201,48
77017,48201,48
77018,48201,48
77019,48201,48
77020,48201,48
77021,48201,48
77022,48201,48
77023,48201,48
77024,48201,48
77025,48201,48
77026,48201,48
77027,48201,48
77028,48201,48
77029,48201,48
77030,48201,48
77031,48201,48
77032,48201,48
77033,48201,48
77034,48201,48
77035,48201,48
77036,48201,48
77037,48201,48
77038,48201,48
77039,48201,48
77040,48201,48
77041,48201,48
77042,48201,48
77043,48201,48
77044,48201,48
77045,48201,48
77046,48201,48
77047,48201,48
77048,48201,48
77049,48201,48
77050,48201,48
77051,48201,48
77053,48157,48
77054,48201,48
77055,48201,48
77056,48201,48
77057,48201,48
77058,48201,48
77059,48201,48
77060,48201,48
77061,48201,48
77062,48201,48
77063,48201,48
77064,48201,48
77065,48201,48
77066,48201,48
77067,48201,48
77068,48201,48
77069,48201,48
77070,48201,48
77071,48201,48
77072,48201,48
77073,48201,48
77074,48201,48
77075,48201,48
77076,48201,48
77077,48201,48
77078,48201,48
77079,48201,48
77080,48201,48
77081,48201,48
77082,48201,48
77083,48201,48
77084,48201,48
77085,48201,48
77086,48201,48
77087,48201,48
77088,48201,48
77089,48201,48
77090,48201,48
77091,48201,48
77092,48201,48
77093,48201,48
77094,48201,48
77095,48201,48
77096,48201,48
77098,48201,48
77099,48201,48
77204,48201,48
77301,48339,48
77302,48339,48
77303,48339,48
77304,48339,48
77306,48339,48
77316,48339,48
77318,48339,48
77320,48471,48
77326,48373,48
77327,48291,48
77328,48407,48
77331,48407,48
77334,48471,48
77335,48373,48
77336,48201,48
77338,48201,48
77339,48201,48
77340,48471,48
77341,48471,48
77342,48471,48
77345,48201,48
77346,48201,48
77350,48373,48
77351,48373,48
77354,48339,48
77355,48339,48
77356,48339,48
77357,48339,48
77358,48471,48
77359,48407,48
77360,48373,48
77362,48339,48
77363,48185,48
77364,48407,48
77365,48339,48
77367,48471,48
77368,48291,48
77369,48291,48
77371,48407,48
77372,48339,48
77373,48201,48
77374,48199,48
77375,48201,48
77376,48199,48
77377,48201,48
77378,48339,48
77379,48201,48
77380,48339,48
77381,48339,48
77382,48339,48
77384,48339,48
77385,48339,48
77386,48339,48
77388,48201,48
77389,48201,48
77396,48201,48
77401,48201,48
77406,48157,48
77407,48157,48
77412,48089,48
77414,48321,48
77415,48321,48
77417,48157,48
77418,48015,48
77419,48321,48
77420,48481,48
77422,48039,48
77423,48473,48
77426,48477,48
77428,48321,48
77429,48201,48
77430,48039,48
77431,48039,48
77432,48481,48
77433,48201,48
77434,48089,48
77435,48481,48
77436,48481,48
77437,48481,48
77440,48321,48
77441,48157,48
77442,48089,48
77443,48481,48
77444,48157,48
77445,48473,48
77446,48473,48
77447,48201,48
77448,48481,48
77449,48201,48
77450,48201,48
77451,48157,48
77453,48481,48
77454,48481,48
77455,48481,48
77456,48321,48
77457,48321,48
77458,48321,48
77459,48157,48
77460,48089,48
77461,48157,48
77464,48157,48
77465,48321,48
77466,48473,48
77467,48481,48
77468,48321,48
77469,48157,48
77470,48089,48
77471,48157,48
77473,48015,48
77474,48015,48
77475,48089,48
77476,48157,48
77477,48157,48
77478,48157,48
77479,48157,48
77480,48039,48
77481,48157,48
77482,48321,48
77483,48321,48
77484,48473,48
77485,48015,48
77486,48039,48
77488,48481,48
77489,48157,48
77493,48201,48
77494,48157,48
77498,48157,48
77502,48201,48
77503,48201,48
77504,48201,48
77505,48201,48
77506,48201,48
77507,48201,48
77510,48167,48
77511,48039,48
77514,48071,48
77515,48039,48
77517,48167,48
77518,48167,48
77519,48199,48
77520,48201,48
77521,48201,48
77523,48071,48
77530,48201,48
77531,48039,48
77532,48201,48
77533,48291,48
77534,48039,48
77535,48291,48
77536,48201,48
77538,48291,48
77539,48167,48
77541,48039,48
77545,48157,48
77546,48167,48
77547,48201,48
77550,48167,48
77551,48167,48
77554,48167,48
77555,48167,48
77560,48071,48
77561,48291,48
77562,48201,48
77563,48167,48
77564,48291,48
77565,48167,48
77566,48039,48
77568,48167,48
77571,48201,48
77573,48167,48
77575,48291,48
77577,48039,48
77578,48039,48
77580,48071,48
77581,48039,48
77582,48291,48
77583,48039,48
77584,48039,48
77585,48199,48
77586,48201,48
77587,48201,48
77590,48167,48
77591,48167,48
77597,48071,48
77598,48201,48
77611,48361,48
77612,48241,48
77613,48245,48
77614,48351,48
77615,48241,48
77616,48457,48
77617,48167,48
77619,48245,48
77622,48245,48
77623,48167,48
77624,48457,48
77625,48199,48
77627,48245,48
77629,48245,48
77630,48361,48
77632,48361,48
77640,48245,48
77642,48245,48
77650,48167,48
77651,48245,48
77655,48245,48
77656,48199,48
77657,48199,48
77659,48199,48
77660,48457,48
77661,48071,48
77662,48361,48
77663,48199,48
77664,48457,48
77665,48071,48
77701,48245,48
77702,48245,48
77703,48245,48
77705,48245,48
77706,48245,48
77707,48245,48
77708,48245,48
77713,48245,48
77801,48041,48
77802,48041,48
77803,48041,48
77807,48041,48
77808,48041,48
77830,48185,48
77831,48185,48
77833,48477,48
77835,48477,48
77836,48051,48
77837,48395,48
77840,48041,48
77843,48041,48
77845,48041,48
77852,48051,48
77853,48287,48
77855,48289,48
77856,48395,48
77857,48331,48
77859,48395,48
77861,48185,48
77863,48051,48
77864,48313,48
77865,48289,48
77866,48041,48
77867,48395,48
77868,48185,48
77871,48289,48
77872,48313,48
77873,48339,48
77875,48185,48
77876,48185,48
77878,48051,48
77879,48051,48
77880,48477,48
77882,48395,48
77901,48469,48
77904,48469,48
77905,48469,48
77950,48007,48
77951,48469,48
77954,48123,48
77957,48239,48
77960,48175,48
77961,48239,48
77962,48239,48
77963,48175,48
77964,48285,48
77968,48469,48
77969,48239,48
77970,48239,48
77971,48239,48
77973,48469,48
77974,48123,48
77975,48285,48
77976,48469,48
77977,48469,48
77978,48057,48
77979,48057,48
77982,48057,48
77983,48057,48
77984,48285,48
77986,48285,48
77987,48285,48
77988,48469,48
77990,48391,48
77991,48239,48
77993,48175,48
77994,48123,48
77995,48123,48
78001,48283,48
78002,48029,48
78003,48019,48
78004,48259,48
78005,48163,48
78006,48259,48
78007,48311,48
78008,48013,48
78009,48325,48
78010,48265,48
78011,48013,48
78012,48013,48
78013,48259,48
78014,48283,48
78015,48259,48
78016,48325,48
78017,48163,48
78019,48479,48
78021,48283,48
78022,48297,48
78023,48029,48
78024,48265,48
78025,48265,48
78026,48013,48
78027,48259,48
78028,48265,48
78029,48265,48
78039,48325,48
78040,48479,48
78041,48479,48
78043,48479,48
78044,48479,48
78045,48479,48
78046,48479,48
78050,48013,48
78052,48013,48
78055,48019,48
78056,48325,48
78057,48163,48
78058,48265,48
78059,48325,48
78061,48163,48
78062,48013,48
78063,48019,48
78064,48013,48
78065,48013,48
78066,48325,48
78067,48505,48
78069,48013,48
78070,48091,48
78071,48297,48
78072,48311,48
78073,48029,48
78074,48259,48
78075,48297,48
78076,48505,48
78101,48029,48
78102,48025,48
78104,48025,48
78107,48175,48
78108,48187,48
78109,48029,48
78111,48255,48
78112,48029,48
78113,48493,48
78114,48493,48
78116,48255,48
78117,48255,48
78118,48255,48
78119,48255,48
78121,48493,48
78122,48177,48
78123,48187,48
78124,48187,48
78125,48025,48
78130,48187,48
78132,48091,48
78133,48091,48
78140,48177,48
78141,48123,48
78142,48025,48
78143,48493,48
78144,48255,48
78145,48025,48
78146,48025,48
78147,48493,48
78148,48029,48
78150,48029,48
78151,48255,48
78152,48029,48
78154,48029,48
78155,48187,48
78159,48177,48
78160,48493,48
78161,48493,48
78162,48025,48
78163,48091,48
78164,48123,48
78201,48029,48
78202,48029,48
78203,48029,48
78204,48029,48
78205,48029,48
78207,48029,48
78208,48029,48
78209,48029,48
78210,48029,48
78211,48029,48
78212,48029,48
78213,48029,48
78214,48029,48
78215,48029,48
78216,48029,48
78217,48029,48
78218,48029,48
78219,48029,48
78220,48029,48
78221,48029,48
78222,48029,48
78223,48029,48
78224,48029,48
78225,48029,48
78226,48029,48
78227,48029,48
78228,48029,48
78229,48029,48
78230,48029,48
78231,48029,48
78232,48029,48
78233,48029,48
78234,48029,48
78235,48029,48
78236,48029,48
78237,48029,48
78238,48029,48
78239,48029,48
78240,48029,48
78242,48029,48
78243,48029,48
78244,48029,48
78245,48029,48
78247,48029,48
78248,48029,48
78249,48029,48
78250,48029,48
78251,48029,48
78252,48029,48
78253,48029,48
78254,48029,48
78255,48029,48
78256,48029,48
78257,48029,48
78258,48029,48
78259,48029,48
78260,48029,48
78261,48029,48
78263,48029,48
78264,48029,48
78266,48091,48
78330,48355,48
78332,48249,48
78336,48409,48
78338,48261,48
78339,48355,48
78340,48391,48
78341,48131,48
78342,48249,48
78343,48355,48
78344,48479,48
78347,48355,48
78349,48131,48
78351,48355,48
78352,48409,48
78353,48047,48
78355,48047,48
78357,48131,48
78358,48007,48
78359,48409,48
78360,48247,48
78361,48247,48
78362,48409,48
78363,48273,48
78368,48409,48
78369,48479,48
78370,48409,48
78371,48479,48
78372,48249,48
78373,48355,48
78374,48409,48
78375,48249,48
78376,48131,48
78377,48391,48
78379,48273,48
78380,48355,48
78382,48007,48
78383,48297,48
78384,48131,48
78385,48261,48
78387,48409,48
78389,48025,48
78390,48409,48
78391,48025,48
78393,48391,48
78401,48355,48
78402,48355,48
78404,48355,48
78405,48355,48
78406,48355,48
78407,48355,48
78408,48355,48
78409,48355,48
78410,48355,48
78411,48355,48
78412,48355,48
78413,48355,48
78414,48355,48
78415,48355,48
78416,48355,48
78417,48355,48
78418,48273,48
78419,48355,48
78501,48215,48
78503,48215,48
78504,48215,48
78516,48215,48
78520,48061,48
78521,48061,48
78526,48061,48
78535,48061,48
78536,48427,48
78537,48215,48
78538,48215,48
78539,48215,48
78540,48215,48
78541,48215,48
78542,48215,48
78543,48215,48
78545,48427,48
78547,48427,48
78548,48427,48
78549,48215,48
78550,48061,48
78552,48061,48
78557,48215,48
78558,48215,48
78559,48061,48
78560,48215,48
78561,48489,48
78562,48215,48
78563,48215,48
78564,48505,48
78565,48215,48
78566,48061,48
78567,48061,48
78569,48489,48
78570,48215,48
78572,48215,48
78573,48215,48
78574,48215,48
78575,48061,48
78576,48215,48
78577,48215,48
78578,48061,48
78579,48215,48
78580,48489,48
78582,48427,48
78583,48061,48
78584,48427,48
78585,48427,48
78586,48061,48
78588,48427,48
78589,48215,48
78590,48489,48
78591,48427,48
78592,48061,48
78593,48061,48
78594,48489,48
78595,48215,48
78596,48215,48
78597,48061,48
78598,48489,48
78599,48215,48
78602,48021,48
78605,48053,48
78606,48031,48
78607,48299,48
78608,48053,48
78609,48299,48
78610,48209,48
78611,48053,48
78612,48021,48
78613,48491,48
78614,48177,48
78615,48491,48
78616,48055,48
78617,48453,48
78618,48171,48
78619,48209,48
78620,48209,48
78621,48021,48
78622,48055,48
78623,48091,48
78624,48171,48
78626,48491,48
78628,48491,48
78629,48177,48
78631,48267,48
78632,48177,48
78633,48491,48
78634,48491,48
78635,48031,48
78636,48031,48
78638,48187,48
78639,48299,48
78640,48209,48
78641,48453,48
78642,48491,48
78643,48299,48
78644,48055,48
78645,48453,48
78648,48055,48
78650,48021,48
78652,48453,48
78653,48453,48
78654,48053,48
78655,48055,48
78656,48055,48
78657,48299,48
78658,48177,48
78659,48021,48
78660,48453,48
78661,48055,48
78662,48021,48
78663,48031,48
78664,48491,48
78665,48491,48
78666,48209,48
78669,48453,48
78670,48187,48
78671,48171,48
78672,48299,48
78674,48491,48
78675,48171,48
78676,48209,48
78677,48177,48
78681,48491,48
78701,48453,48
78702,48453,48
78703,48453,48
78704,48453,48
78705,48453,48
78712,48453,48
78717,48491,48
78719,48453,48
78721,48453,48
78722,48453,48
78723,48453,48
78724,48453,48
78725,48453,48
78726,48453,48
78727,48453,48
78728,48453,48
78729,48491,48
78730,48453,48
78731,48453,48
78732,48453,48
78733,48453,48
78734,48453,48
78735,48453,48
78736,48453,48
78737,48209,48
78738,48453,48
78739,48453,48
78741,48453,48
78742,48453,48
78744,48453,48
78745,48453,48
78746,48453,48
78747,48453,48
78748,48453,48
78749,48453,48
78750,48453,48
78751,48453,48
78752,48453,48
78753,48453,48
78754,48453,48
78756,48453,48
78757,48453,48
78758,48453,48
78759,48453,48
78801,48463,48
78802,48463,48
78827,48127,48
78828,48385,48
78829,48507,48
78830,48127,48
78832,48271,48
78833,48385,48
78834,48127,48
78836,48127,48
78837,48465,48
78838,48463,48
78839,48507,48
78840,48465,48
78841,48465,48
78842,48465,48
78843,48465,48
78850,48325,48
78851,48443,48
78852,48323,48
78860,48323,48
78861,48325,48
78870,48463,48
78871,48465,48
78872,48507,48
78873,48385,48
78877,48323,48
78879,48385,48
78880,48137,48
78881,48463,48
78883,48019,48
78884,48019,48
78885,48019,48
78886,48325,48
78931,48015,48
78932,48477,48
78933,48089,48
78934,48089,48
78935,48089,48
78938,48149,48
78940,48149,48
78941,48149,48
78942,48287,48
78943,48089,48
78944,48015,48
78945,48149,48
78946,48287,48
78947,48287,48
78948,48287,48
78949,48149,48
78950,48015,48
78951,48089,48
78953,48021,48
78954,48149,48
78956,48149,48
78957,48021,48
78959,48177,48
78962,48089,48
78963,48149,48
79001,48359,48
79002,48179,48
79003,48211,48
79005,48295,48
79007,48233,48
79008,48233,48
79009,48369,48
79010,48375,48
79011,48483,48
79012,48381,48
79013,48341,48
79014,48211,48
79015,48381,48
79016,48381,48
79018,48205,48
79019,48011,48
79021,48189,48
79022,48111,48
79024,48295,48
79025,48117,48
79027,48069,48
79029,48341,48
79031,48279,48
79032,48189,48
79033,48357,48
79034,48295,48
79035,48369,48
79036,48065,48
79039,48065,48
79040,48195,48
79041,48189,48
79042,48381,48
79043,48069,48
79044,48205,48
79045,48117,48
79046,48295,48
79051,48111,48
79052,48437,48
79053,48369,48
79054,48179,48
79056,48295,48
79057,48179,48
79058,48375,48
79059,48393,48
79061,48483,48
79062,48233,48
79063,48069,48
79064,48279,48
79065,48179,48
79066,48179,48
79068,48065,48
79070,48357,48
79072,48189,48
79073,48189,48
79078,48233,48
79079,48483,48
79080,48233,48
79081,48195,48
79082,48279,48
79083,48233,48
79084,48421,48
79085,48069,48
79086,48421,48
79087,48111,48
79088,48437,48
79091,48381,48
79092,48359,48
79093,48357,48
79094,48011,48
79095,48087,48
79096,48483,48
79097,48065,48
79098,48117,48
79101,48375,48
79102,48375,48
79103,48375,48
79104,48375,48
79106,48375,48
79107,48375,48
79108,48375,48
79109,48381,48
79110,48381,48
79111,48375,48
79118,48381,48
79119,48381,48
79121,48381,48
79124,48375,48
79201,48075,48
79220,48125,48
79223,48101,48
79225,48197,48
79226,48129,48
79227,48155,48
79229,48125,48
79230,48075,48
79231,48153,48
79233,48191,48
79234,48345,48
79235,48153,48
79236,48269,48
79237,48129,48
79239,48191,48
79240,48129,48
79241,48153,48
79243,48125,48
79244,48345,48
79245,48191,48
79247,48487,48
79248,48101,48
79250,48189,48
79251,48087,48
79252,48197,48
79255,48045,48
79256,48345,48
79257,48045,48
79258,48153,48
79259,48191,48
79261,48191,48
79311,48189,48
79312,48279,48
79313,48219,48
79314,48079,48
79316,48445,48
79322,48107,48
79323,48165,48
79324,48017,48
79325,48369,48
79326,48279,48
79329,48303,48
79330,48169,48
79331,48115,48
79336,48219,48
79339,48279,48
79342,48165,48
79343,48107,48
79344,48017,48
79345,48445,48
79346,48079,48
79347,48017,48
79350,48303,48
79351,48115,48
79353,48219,48
79355,48501,48
79356,48169,48
79357,48107,48
79358,48219,48
79359,48165,48
79360,48165,48
79363,48303,48
79364,48303,48
79366,48303,48
79367,48219,48
79369,48279,48
79370,48125,48
79371,48017,48
79372,48219,48
79373,48305,48
79376,48501,48
79377,48115,48
79378,48445,48
79379,48079,48
79380,48219,48
79381,48305,48
79382,48303,48
79383,48305,48
79401,48303,48
79402,48303,48
79403,48303,48
79404,48303,48
79406,48303,48
79407,48219,48
79410,48303,48
79411,48303,48
79412,48303,48
79413,48303,48
79414,48303,48
79415,48303,48
79416,48303,48
79423,48303,48
79424,48303,48
79501,48253,48
79502,48433,48
79503,48253,48
79504,48059,48
79505,48275,48
79506,48353,48
79508,48441,48
79510,48059,48
79511,48227,48
79512,48335,48
79517,48033,48
79518,48263,48
79519,48083,48
79520,48253,48
79521,48207,48
79525,48253,48
79526,48415,48
79527,48415,48
79528,48263,48
79529,48275,48
79530,48441,48
79532,48335,48
79533,48417,48
79534,48151,48
79535,48353,48
79536,48441,48
79537,48353,48
79538,48083,48
79539,48207,48
79540,48433,48
79541,48441,48
79543,48151,48
79544,48207,48
79545,48353,48
79546,48151,48
79547,48207,48
79548,48207,48
79549,48415,48
79553,48253,48
79556,48353,48
79560,48151,48
79561,48353,48
79562,48441,48
79563,48441,48
79565,48335,48
79566,48441,48
79567,48399,48
79601,48253,48
79602,48441,48
79603,48441,48
79605,48441,48
79606,48441,48
79607,48441,48
79699,48441,48
79701,48329,48
79703,48329,48
79705,48317,48
79706,48329,48
79707,48329,48
79713,48317,48
79714,48003,48
79718,48389,48
79719,48475,48
79720,48227,48
79721,48227,48
79730,48371,48
79731,48103,48
79733,48227,48
79734,48243,48
79735,48371,48
79738,48033,48
79739,48173,48
79741,48135,48
79742,48475,48
79743,48371,48
79744,48105,48
79745,48495,48
79748,48227,48
79749,48317,48
79752,48461,48
79754,48301,48
79755,48461,48
79756,48475,48
79758,48135,48
79759,48135,48
79761,48135,48
79762,48135,48
79763,48135,48
79764,48135,48
79765,48329,48
79766,48135,48
79769,48135,48
79770,48389,48
79772,48389,48
79776,48135,48
79777,48475,48
79778,48461,48
79780,48389,48
79781,48443,48
79782,48317,48
79783,48317,48
79785,48389,48
79788,48475,48
79789,48495,48
79821,48141,48
79830,48043,48
79832,48043,48
79834,48043,48
79835,48141,48
79836,48141,48
79837,35035,35
79838,48141,48
79839,48229,48
79842,48043,48
79843,48377,48
79845,48377,48
79846,48377,48
79847,48109,48
79848,48443,48
79849,48141,48
79851,48229,48
79852,48043,48
79853,48141,48
79854,48243,48
79855,48109,48
79901,48141,48
79902,48141,48
79903,48141,48
79904,48141,48
79905,48141,48
79906,48141,48
79907,48141,48
79908,48141,48
79911,48141,48
79912,48141,48
79915,48141,48
79916,48141,48
79918,48141,48
79920,48141,48
79922,48141,48
79924,48141,48
79925,48141,48
79927,48141,48
79928,48141,48
79930,48141,48
79932,48141,48
79934,48141,48
79935,48141,48
79936,48141,48
79938,48141,48
80002,08059,08
80003,08059,08
80004,08059,08
80005,08059,08
80007,08059,08
80010,08005,08
80011,08001,08
80012,08005,08
80013,08005,08
80014,08005,08
80015,08005,08
80016,08005,08
80017,08005,08
80018,08005,08
80019,08001,08
80020,08014,08
80021,08059,08
80022,08001,08
80023,08014,08
80024,08001,08
80025,08013,08
80026,08013,08
80027,08013,08
80030,08001,08
80031,08001,08
80033,08059,08
80045,08001,08
80101,08039,08
80102,08001,08
80103,08001,08
80104,08035,08
80105,08005,08
80106,08039,08
80107,08039,08
80108,08035,08
80109,08035,08
80110,08005,08
80111,08005,08
80112,08005,08
80113,08005,08
80116,08035,08
80117,08039,08
80118,08035,08
80120,08005,08
80121,08005,08
80122,08005,08
80123,08059,08
80124,08035,08
80125,08035,08
80126,08035,08
80127,08059,08
80128,08059,08
80129,08035,08
80130,08035,08
80131,08035,08
80132,08041,08
80133,08041,08
80134,08035,08
80135,08035,08
80136,08001,08
80137,08005,08
80138,08035,08
80202,08031,08
80203,08031,08
80204,08031,08
80205,08031,08
80206,08031,08
80207,08031,08
80209,08031,08
80210,08031,08
80211,08031,08
80212,08031,08
80214,08059,08
80215,08059,08
80216,08031,08
80218,08031,08
80219,08031,08
80220,08031,08
80221,08001,08
80222,08031,08
80223,08031,08
80224,08031,08
80226,08059,08
80227,08059,08
80228,08059,08
80229,08001,08
80230,08031,08
80231,08031,08
80232,08059,08
80233,08001,08
80234,08001,08
80235,08059,08
80236,08031,08
80237,08031,08
80238,08031,08
80239,08031,08
80241,08001,08
80246,08031,08
80247,08031,08
80249,08031,08
80260,08001,08
80264,08031,08
80266,08031,08
80290,08031,08
80293,08031,08
80294,08031,08
80301,08013,08
80302,08013,08
80303,08013,08
80304,08013,08
80305,08013,08
80310,08013,08
80401,08059,08
80403,08059,08
80419,08059,08
80420,08093,08
80421,08093,08
80422,08047,08
80423,08037,08
80424,08117,08
80425,08059,08
80426,08037,08
80427,08047,08
80428,08107,08
80430,08057,08
80432,08093,08
80433,08059,08
80434,08057,08
80435,08117,08
80436,08019,08
80438,08019,08
80439,08019,08
80440,08093,08
80442,08049,08
80443,08117,08
80444,08019,08
80446,08049,08
80447,08049,08
80448,08093,08
80449,08093,08
80451,08049,08
80452,08019,08
80453,08059,08
80454,08059,08
80455,08013,08
80456,08093,08
80457,08059,08
80459,08049,08
80461,08065,08
80463,08107,08
80465,08059,08
80466,08013,08
80467,08107,08
80468,08049,08
80469,08107,08
80470,08059,08
80471,08013,08
80473,08057,08
80474,08047,08
80475,08093,08
80476,08019,08
80478,08049,08
80479,08107,08
80480,08057,08
80481,08013,08
80482,08049,08
80483,08107,08
80487,08107,08
80498,08117,08
80501,08013,08
80503,08013,08
80504,08123,08
80510,08013,08
80512,08069,08
80513,08069,08
80514,08123,08
80515,08069,08
80516,08123,08
80517,08069,08
80520,08123,08
80521,08069,08
80524,08069,08
80525,08069,08
80526,08069,08
80528,08069,08
80530,08123,08
80532,08069,08
80534,08123,08
80535,08069,08
80536,08069,08
80537,08069,08
80538,08069,08
80540,08013,08
80542,08123,08
80543,08123,08
80544,08013,08
80545,08069,08
80546,08123,08
80547,08069,08
80549,08069,08
80550,08123,08
80601,08001,08
80602,08001,08
80603,08001,08
80610,08123,08
80611,08123,08
80612,08123,08
80615,08123,08
80620,08123,08
80621,08123,08
80622,08123,08
80623,08123,08
80624,08123,08
80631,08123,08
80634,08123,08
80640,08001,08
80642,08123,08
80643,08123,08
80644,08123,08
80645,08123,08
80646,08123,08
80648,08123,08
80649,08123,08
80650,08123,08
80651,08123,08
80652,08123,08
80653,08087,08
80654,08087,08
80701,08087,08
80705,08087,08
80720,08121,08
80721,08095,08
80722,08075,08
80723,08087,08
80726,08075,08
80727,08125,08
80728,08075,08
80729,08123,08
80731,08095,08
80732,08123,08
80733,08087,08
80734,08095,08
80735,08125,08
80736,08075,08
80737,08115,08
80740,08121,08
80741,08075,08
80742,08123,08
80743,08121,08
80744,08115,08
80745,08075,08
80746,08095,08
80747,08075,08
80749,08115,08
80750,08087,08
80751,08075,08
80754,08123,08
80755,08125,08
80757,08121,08
80758,08125,08
80759,08125,08
80801,08121,08
80802,08017,08
80804,08073,08
80805,08063,08
80807,08063,08
80808,08041,08
80809,08041,08
80810,08017,08
80812,08121,08
80813,08119,08
80814,08119,08
80815,08063,08
80816,08119,08
80817,08041,08
80818,08073,08
80819,08041,08
80820,08093,08
80821,08073,08
80822,08125,08
80823,08073,08
80824,08125,08
80825,08017,08
80826,08073,08
80827,08093,08
80828,08073,08
80829,08041,08
80830,08039,08
80831,08041,08
80832,08039,08
80833,08073,08
80834,08063,08
80835,08039,08
80836,08063,08
80840,08041,08
80860,08119,08
80861,08063,08
80862,08017,08
80863,08119,08
80864,08041,08
80902,08041,08
80903,08041,08
80904,08041,08
80905,08041,08
80906,08041,08
80907,08041,08
80908,08041,08
80909,08041,08
80910,08041,08
80911,08041,08
80913,08041,08
80914,08041,08
80915,08041,08
80916,08041,08
80917,08041,08
80918,08041,08
80919,08041,08
80920,08041,08
80921,08041,08
80922,08041,08
80923,08041,08
80924,08041,08
80925,08041,08
80926,08041,08
80927,08041,08
80928,08041,08
80929,08041,08
80930,08041,08
80938,08041,08
80939,08041,08
80951,08041,08
81001,08101,08
81003,08101,08
81004,08101,08
81005,08101,08
81006,08101,08
81007,08101,08
81008,08101,08
81019,08101,08
81020,08071,08
81021,08061,08
81022,08101,08
81023,08101,08
81024,08071,08
81025,08101,08
81027,08071,08
81029,08009,08
81030,08089,08
81033,08025,08
81036,08061,08
81039,08101,08
81040,08055,08
81041,08099,08
81043,08099,08
81044,08011,08
81045,08061,08
81046,08071,08
81047,08099,08
81049,08071,08
81050,08089,08
81052,08099,08
81054,08011,08
81055,08055,08
81057,08011,08
81058,08089,08
81059,08071,08
81062,08025,08
81063,08025,08
81064,08009,08
81067,08089,08
81069,08055,08
81071,08061,08
81073,08009,08
81076,08025,08
81077,08089,08
81081,08071,08
81082,08071,08
81084,08009,08
81087,08009,08
81089,08055,08
81090,08009,08
81091,08071,08
81092,08011,08
81101,08003,08
81120,08021,08
81121,08007,08
81122,08067,08
81123,08023,08
81124,08021,08
81125,08109,08
81126,08023,08
81128,08007,08
81129,08021,08
81130,08079,08
81131,08109,08
81132,08105,08
81133,08023,08
81136,08003,08
81137,08067,08
81138,08023,08
81140,08021,08
81141,08021,08
81143,08109,08
81144,08105,08
81146,08003,08
81147,08007,08
81148,08021,08
81149,08109,08
81151,08023,08
81152,08023,08
81154,08105,08
81155,08109,08
81201,08015,08
81210,08051,08
81211,08015,08
81212,08043,08
81220,08051,08
81221,08043,08
81222,08043,08
81223,08043,08
81224,08051,08
81225,08051,08
81226,08043,08
81227,08015,08
81228,08015,08
81230,08051,08
81232,08043,08
81233,08043,08
81235,08053,08
81236,08015,08
81237,08051,08
81239,08051,08
81240,08043,08
81241,08051,08
81242,08015,08
81243,08051,08
81244,08043,08
81248,08109,08
81251,08065,08
81252,08027,08
81253,08027,08
81301,08067,08
81303,08067,08
81320,08033,08
81321,08083,08
81323,08033,08
81324,08033,08
81325,08033,08
81326,08067,08
81327,08083,08
81328,08083,08
81330,08083,08
81331,08083,08
81332,08033,08
81334,08083,08
81335,08083,08
81401,08085,08
81403,08085,08
81410,08029,08
81411,08085,08
81413,08029,08
81415,08085,08
81416,08029,08
81418,08029,08
81419,08029,08
81422,08085,08
81423,08113,08
81424,08085,08
81425,08085,08
81426,08113,08
81427,08091,08
81428,08029,08
81429,08085,08
81430,08113,08
81431,08113,08
81432,08091,08
81433,08111,08
81434,08051,08
81435,08113,08
81501,08077,08
81503,08077,08
81504,08077,08
81505,08077,08
81506,08077,08
81507,08077,08
81520,08077,08
81521,08077,08
81522,08077,08
81523,08077,08
81524,08077,08
81525,08077,08
81526,08077,08
81527,08077,08
81601,08045,08
81610,08081,08
81611,08097,08
81612,08097,08
81615,08097,08
81620,08037,08
81621,08037,08
81623,08097,08
81624,08077,08
81625,08081,08
81630,08045,08
81631,08037,08
81632,08037,08
81633,08081,08
81635,08045,08
81637,08045,08
81638,08081,08
81639,08107,08
81640,08081,08
81641,08103,08
81642,08097,08
81643,08077,08
81645,08037,08
81646,08077,08
81647,08045,08
81648,08103,08
81649,08037,08
81650,08103,08
81652,08045,08
81653,08107,08
81654,08097,08
81655,08037,08
81656,08097,08
81657,08037,08
82001,56021,56
82005,56021,56
82007,56021,56
82009,56021,56
82050,56021,56
82051,56001,56
82052,56001,56
82053,56021,56
82054,56021,56
82055,56001,56
82058,56001,56
82059,56021,56
82060,56021,56
82061,56021,56
82063,08069,08
82070,56001,56
82072,56001,56
82073,56001,56
82081,56021,56
82082,56021,56
82083,56001,56
82084,56001,56
82190,56029,56
82201,56031,56
82210,56031,56
82212,56015,56
82213,56031,56
82214,56031,56
82215,56031,56
82217,56015,56
82218,56015,56
82219,56015,56
82221,56015,56
82222,56027,56
82223,56015,56
82224,56009,56
82225,56027,56
82227,56027,56
82229,56009,56
82240,56015,56
82242,56027,56
82243,56015,56
82244,56015,56
82301,56007,56
82310,56013,56
82321,56007,56
82322,56037,56
82323,56007,56
82324,56007,56
82325,56007,56
82327,56007,56
82329,56007,56
82331,56007,56
82332,56007,56
82334,56007,56
82335,56007,56
82336,56037,56
82401,56043,56
82410,56003,56
82411,56003,56
82412,56003,56
82414,56029,56
82420,56003,56
82421,56003,56
82422,56003,56
82423,56003,56
82426,56003,56
82428,56003,56
82430,56017,56
82431,56003,56
82432,56003,56
82433,56029,56
82434,56003,56
82435,56029,56
82440,56029,56
82441,56003,56
82442,56043,56
82443,56017,56
82450,56029,56
82501,56013,56
82510,56013,56
82512,56013,56
82513,56013,56
82514,56013,56
82515,56013,56
82516,56013,56
82520,56013,56
82523,56013,56
82601,56025,56
82604,56025,56
82609,56025,56
82620,56025,56
82630,56025,56
82633,56009,56
82635,56025,56
82636,56025,56
82637,56009,56
82638,56025,56
82639,56019,56
82640,56019,56
82642,56013,56
82643,56025,56
82644,56025,56
82646,56025,56
82648,56025,56
82649,56013,56
82701,56045,56
82710,56011,56
82711,56011,56
82712,56011,56
82714,56011,56
82716,56005,56
82718,56005,56
82720,56011,56
82721,56011,56
82723,56045,56
82725,56005,56
82727,56005,56
82729,56011,56
82730,56045,56
82731,56005,56
82732,56005,56
82801,56033,56
82831,56005,56
82832,56033,56
82833,56033,56
82834,56019,56
82835,56033,56
82836,56033,56
82837,56033,56
82838,56033,56
82839,56033,56
82842,56033,56
82844,56033,56
82845,56033,56
82901,56037,56
82922,56035,56
82923,56035,56
82925,56035,56
82929,56037,56
82930,49043,49
82932,56037,56
82933,56041,56
82934,56037,56
82935,56037,56
82936,56041,56
82937,56041,56
82938,56037,56
82939,56041,56
82941,56035,56
82942,56037,56
82943,56037,56
82944,56041,56
82945,56037,56
83001,56039,56
83011,56039,56
83012,56039,56
83013,56039,56
83014,56039,56
83025,56039,56
83101,56023,56
83110,56023,56
83111,56023,56
83112,56023,56
83113,56035,56
83114,56023,56
83115,56035,56
83116,56023,56
83118,56023,56
83119,56023,56
83120,16019,16
83121,56023,56
83122,56023,56
83123,56023,56
83124,56023,56
83126,56023,56
83127,56023,56
83128,56023,56
83201,16005,16
83202,16005,16
83203,16011,16
83204,16077,16
83209,16005,16
83210,16011,16
83211,16077,16
83212,16077,16
83213,16023,16
83214,16005,16
83215,16011,16
83217,16029,16
83218,16011,16
83220,16007,16
83221,16011,16
83223,16007,16
83226,16037,16
83227,16037,16
83228,16041,16
83232,16041,16
83233,16007,16
83234,16005,16
83235,16037,16
83236,16011,16
83237,16041,16
83238,16007,16
83239,16007,16
83241,16029,16
83243,16071,16
83244,16023,16
83245,16005,16
83246,16005,16
83250,16005,16
83251,16037,16
83252,16071,16
83253,16059,16
83254,16007,16
83255,16023,16
83261,16007,16
83262,16011,16
83263,16041,16
83271,16077,16
83272,16007,16
83274,16011,16
83276,16029,16
83277,16011,16
83278,16037,16
83281,16005,16
83283,16041,16
83285,16019,16
83286,16041,16
83287,16007,16
83301,16083,16
83302,16083,16
83311,16031,16
83312,16031,16
83313,16013,16
83314,16047,16
83316,16083,16
83318,16031,16
83320,16013,16
83321,16083,16
83322,16025,16
83323,16031,16
83324,16063,16
83325,16053,16
83327,16025,16
83328,16083,16
83330,16047,16
83332,16083,16
83333,16013,16
83334,16083,16
83335,16053,16
83336,16067,16
83337,16039,16
83338,16053,16
83340,16013,16
83341,16083,16
83342,16031,16
83344,16031,16
83346,16031,16
83347,16067,16
83348,16013,16
83349,16063,16
83350,16067,16
83352,16063,16
83353,16013,16
83354,16013,16
83355,16047,16
83401,16019,16
83402,16019,16
83404,16019,16
83406,16019,16
83414,56039,56
83420,16043,16
83421,16043,16
83422,16081,16
83423,16033,16
83424,16081,16
83425,16051,16
83427,16019,16
83428,16019,16
83429,16043,16
83431,16051,16
83433,16043,16
83434,16051,16
83435,16051,16
83436,16065,16
83438,16043,16
83440,16065,16
83442,16051,16
83443,16019,16
83444,16051,16
83445,16043,16
83446,16033,16
83448,16065,16
83449,16019,16
83450,16051,16
83451,16065,16
83452,16081,16
83454,16019,16
83455,16081,16
83460,16065,16
83462,16059,16
83463,16059,16
83464,16059,16
83465,16059,16
83466,16059,16
83467,16059,16
83468,16059,16
83469,16059,16
83501,16069,16
83520,16035,16
83522,16049,16
83523,16061,16
83524,16069,16
83525,16049,16
83526,16049,16
83530,16049,16
83533,16049,16
83535,16069,16
83536,16049,16
83537,16057,16
83539,16049,16
83540,16069,16
83541,16069,16
83542,16049,16
83543,16061,16
83544,16035,16
83545,16069,16
83546,16035,16
83547,16049,16
83548,16069,16
83549,16049,16
83552,16049,16
83553,16035,16
83554,16049,16
83555,16069,16
83602,16015,16
83604,16073,16
83605,16027,16
83607,16027,16
83610,16087,16
83611,16085,16
83612,16003,16
83615,16085,16
83616,16001,16
83617,16045,16
83619,16075,16
83622,16015,16
83623,16039,16
83624,16073,16
83626,16027,16
83627,16073,16
83628,16073,16
83629,16015,16
83631,16015,16
83632,16003,16
83633,16039,16
83634,16001,16
83636,16045,16
83637,16015,16
83638,16085,16
83639,16073,16
83641,16073,16
83642,16001,16
83643,16003,16
83644,16027,16
83645,16087,16
83646,16001,16
83647,16039,16
83648,16039,16
83650,16073,16
83651,16027,16
83654,16003,16
83655,16075,16
83656,16027,16
83657,16045,16
83660,16027,16
83661,16075,16
83666,16015,16
83669,16001,16
83670,16045,16
83672,16087,16
83676,16027,16
83677,16085,16
83686,16027,16
83687,16027,16
83702,16001,16
83703,16001,16
83704,16001,16
83705,16001,16
83706,16001,16
83709,16001,16
83712,16001,16
83713,16001,16
83714,16001,16
83716,16039,16
83720,16001,16
83725,16001,16
83801,16055,16
83802,16079,16
83803,16017,16
83804,16017,16
83805,16021,16
83806,16057,16
83808,16079,16
83809,16017,16
83810,16055,16
83811,16017,16
83812,16079,16
83813,16017,16
83814,16055,16
83815,16055,16
83821,16017,16
83822,16017,16
83823,16057,16
83824,16009,16
83825,16017,16
83826,16021,16
83827,16035,16
83830,16009,16
83832,16057,16
83833,16055,16
83834,16057,16
83835,16055,16
83836,16017,16
83837,16079,16
83839,16079,16
83840,16017,16
83841,16017,16
83842,16055,16
83843,16057,16
83844,16057,16
83845,16021,16
83846,16079,16
83847,16021,16
83848,16017,16
83849,16079,16
83850,16079,16
83851,16009,16
83852,16017,16
83854,16055,16
83855,16057,16
83856,16017,16
83857,16057,16
83858,16055,16
83860,16017,16
83861,16009,16
83864,16017,16
83866,16009,16
83867,16079,16
83868,16079,16
83869,16055,16
83870,16009,16
83871,16057,16
83872,16057,16
83873,16079,16
83874,16079,16
83876,16055,16
84001,49013,49
84002,49013,49
84003,49049,49
84004,49049,49
84005,49049,49
84006,49035,49
84007,49013,49
84008,49047,49
84009,49035,49
84010,49011,49
84013,49049,49
84014,49011,49
84015,49011,49
84017,49043,49
84018,49029,49
84020,49035,49
84021,49013,49
84022,49045,49
84023,49009,49
84024,49043,49
84025,49011,49
84026,49047,49
84027,49013,49
84028,49033,49
84029,49045,49
84031,49013,49
84032,49051,49
84033,49043,49
84034,49045,49
84035,49047,49
84036,49043,49
84037,49011,49
84038,49033,49
84039,49047,49
84040,49011,49
84041,49011,49
84042,49049,49
84043,49049,49
84044,49035,49
84045,49049,49
84046,49009,49
84047,49035,49
84049,49051,49
84050,49029,49
84051,49013,49
84052,49013,49
84053,49013,49
84054,49011,49
84055,49043,49
84056,49011,49
84057,49049,49
84058,49049,49
84059,49049,49
84060,49043,49
84061,49043,49
84062,49049,49
84063,49047,49
84064,49033,49
84065,49035,49
84066,49013,49
84067,49057,49
84069,49045,49
84070,49035,49
84071,49045,49
84072,49013,49
84073,49013,49
84074,49045,49
84075,49011,49
84076,49047,49
84078,49047,49
84080,49045,49
84081,49035,49
84082,49051,49
84083,49045,49
84084,49035,49
84085,49047,49
84086,49033,49
84087,49011,49
84088,49035,49
84092,49035,49
84093,49035,49
84094,49035,49
84095,49035,49
84096,49035,49
84097,49049,49
84098,49043,49
84101,49035,49
84102,49035,49
84103,49035,49
84104,49035,49
84105,49035,49
84106,49035,49
84107,49035,49
84108,49035,49
84109,49035,49
84111,49035,49
84112,49035,49
84113,49035,49
84114,49035,49
84115,49035,49
84116,49035,49
84117,49035,49
84118,49035,49
84119,49035,49
84120,49035,49
84121,49035,49
84123,49035,49
84124,49035,49
84128,49035,49
84129,49035,49
84138,49035,49
84150,49035,49
84180,49035,49
84301,49003,49
84302,49003,49
84304,49005,49
84305,49005,49
84306,49003,49
84307,49003,49
84308,49005,49
84309,49003,49
84310,49057,49
84311,49003,49
84312,49003,49
84313,49003,49
84314,49003,49
84315,49057,49
84316,49003,49
84317,49057,49
84318,49005,49
84319,49005,49
84320,49005,49
84321,49005,49
84322,49005,49
84324,49003,49
84325,49005,49
84326,49005,49
84327,49005,49
84328,49005,49
84329,49003,49
84330,49003,49
84331,49003,49
84332,49005,49
84333,49005,49
84334,49003,49
84335,49005,49
84336,49003,49
84337,49003,49
84338,49005,49
84339,49005,49
84340,49003,49
84341,49005,49
84401,49057,49
84403,49057,49
84404,49057,49
84405,49057,49
84408,49057,49
84414,49057,49
84501,49007,49
84511,49037,49
84512,49037,49
84513,49015,49
84515,49019,49
84516,49015,49
84518,49015,49
84520,49007,49
84521,49015,49
84522,49015,49
84523,49015,49
84525,49015,49
84526,49007,49
84528,49015,49
84529,49007,49
84530,49037,49
84531,49037,49
84532,49019,49
84533,49037,49
84534,49037,49
84535,49037,49
84536,49037,49
84537,49015,49
84539,49007,49
84540,49019,49
84542,49007,49
84601,49049,49
84602,49049,49
84604,49049,49
84606,49049,49
84620,49041,49
84621,49039,49
84622,49039,49
84623,49039,49
84624,49027,49
84626,49049,49
84627,49039,49
84628,49023,49
84629,49039,49
84630,49039,49
84631,49027,49
84632,49039,49
84633,49049,49
84634,49039,49
84635,49027,49
84636,49027,49
84637,49027,49
84638,49027,49
84639,49023,49
84640,49027,49
84642,49039,49
84643,49039,49
84644,49027,49
84645,49023,49
84646,49039,49
84647,49039,49
84648,49023,49
84649,49027,49
84651,49049,49
84652,49041,49
84653,49049,49
84654,49041,49
84655,49049,49
84656,49027,49
84657,49041,49
84660,49049,49
84662,49039,49
84663,49049,49
84664,49049,49
84665,49039,49
84667,49039,49
84701,49041,49
84710,49025,49
84711,49041,49
84712,49031,49
84713,49001,49
84714,49021,49
84715,49055,49
84716,49017,49
84718,49017,49
84719,49021,49
84720,49021,49
84721,49021,49
84722,49053,49
84723,49031,49
84724,49041,49
84725,49053,49
84726,49017,49
84728,49027,49
84729,49025,49
84730,49041,49
84731,49001,49
84732,49031,49
84733,49053,49
84734,49055,49
84735,49017,49
84736,49017,49
84737,49053,49
84738,49053,49
84739,49041,49
84740,49031,49
84741,49025,49
84742,49021,49
84743,49031,49
84744,49041,49
84745,49053,49
84746,49053,49
84747,49055,49
84749,49055,49
84750,49031,49
84751,49001,49
84752,49001,49
84753,49021,49
84754,49041,49
84755,49025,49
84756,49021,49
84757,49053,49
84758,49025,49
84759,49017,49
84760,49021,49
84761,49021,49
84762,49025,49
84763,49053,49
84764,49017,49
84765,49053,49
84766,49041,49
84767,49053,49
84770,49053,49
84772,49021,49
84773,49055,49
84774,49053,49
84775,49055,49
84776,49017,49
84779,49053,49
84780,49053,49
84781,49053,49
84782,49053,49
84783,49053,49
84784,49053,49
84790,49053,49
85003,04013,04
85004,04013,04
85006,04013,04
85007,04013,04
85008,04013,04
85009,04013,04
85012,04013,04
85013,04013,04
85014,04013,04
85015,04013,04
85016,04013,04
85017,04013,04
85018,04013,04
85019,04013,04
85020,04013,04
85021,04013,04
85022,04013,04
85023,04013,04
85024,04013,04
85026,04013,04
85027,04013,04
85028,04013,04
85029,04013,04
85031,04013,04
85032,04013,04
85033,04013,04
85034,04013,04
85035,04013,04
85037,04013,04
85040,04013,04
85041,04013,04
85042,04013,04
85043,04013,04
85044,04013,04
85045,04013,04
85048,04013,04
85050,04013,04
85051,04013,04
85053,04013,04
85054,04013,04
85083,04013,04
85085,04013,04
85086,04013,04
85087,04013,04
85118,04021,04
85119,04021,04
85120,04021,04
85121,04021,04
85122,04021,04
85123,04021,04
85128,04021,04
85131,04021,04
85132,04021,04
85135,04007,04
85137,04021,04
85138,04021,04
85139,04021,04
85140,04021,04
85141,04021,04
85142,04021,04
85143,04021,04
85145,04021,04
85147,04021,04
85172,04021,04
85173,04021,04
85191,04021,04
85192,04021,04
85193,04021,04
85194,04021,04
85201,04013,04
85202,04013,04
85203,04013,04
85204,04013,04
85205,04013,04
85206,04013,04
85207,04013,04
85208,04013,04
85209,04013,04
85210,04013,04
85212,04013,04
85213,04013,04
85215,04013,04
85224,04013,04
85225,04013,04
85226,04013,04
85233,04013,04
85234,04013,04
85236,04013,04
85248,04013,04
85249,04013,04
85250,04013,04
85251,04013,04
85253,04013,04
85254,04013,04
85255,04013,04
85256,04013,04
85257,04013,04
85258,04013,04
85259,04013,04
85260,04013,04
85262,04013,04
85263,04013,04
85264,04013,04
85266,04013,04
85268,04013,04
85281,04013,04
85282,04013,04
85283,04013,04
85284,04013,04
85286,04013,04
85295,04013,04
85296,04013,04
85297,04013,04
85298,04013,04
85301,04013,04
85302,04013,04
85303,04013,04
85304,04013,04
85305,04013,04
85306,04013,04
85307,04013,04
85308,04013,04
85309,04013,04
85310,04013,04
85320,04013,04
85321,04019,04
85322,04013,04
85323,04013,04
85324,04025,04
85325,04012,04
85326,04013,04
85328,04012,04
85329,04013,04
85331,04013,04
85332,04025,04
85333,04013,04
85334,04012,04
85335,04013,04
85336,04027,04
85337,04013,04
85338,04013,04
85339,04013,04
85340,04013,04
85341,04019,04
85342,04025,04
85343,04013,04
85344,04012,04
85345,04013,04
85346,04012,04
85347,04027,04
85348,04012,04
85349,04027,04
85350,04027,04
85351,04013,04
85352,04027,04
85353,04013,04
85354,04013,04
85355,04013,04
85356,04027,04
85357,04012,04
85360,04015,04
85361,04013,04
85362,04025,04
85363,04013,04
85364,04027,04
85365,04027,04
85367,04027,04
85371,04012,04
85373,04013,04
85374,04013,04
85375,04013,04
85377,04013,04
85378,04013,04
85379,04013,04
85381,04013,04
85382,04013,04
85383,04013,04
85387,04013,04
85388,04013,04
85390,04013,04
85392,04013,04
85395,04013,04
85396,04013,04
85501,04007,04
85530,04009,04
85531,04009,04
85532,04007,04
85533,04011,04
85534,04011,04
85535,04009,04
85536,04009,04
85539,04007,04
85540,04011,04
85541,04007,04
85542,04009,04
85543,04009,04
85544,04007,04
85545,04013,04
85546,04009,04
85550,04007,04
85551,04009,04
85552,04009,04
85553,04007,04
85554,04007,04
85601,04019,04
85602,04003,04
85603,04003,04
85605,04003,04
85606,04003,04
85607,04003,04
85608,04003,04
85609,04003,04
85610,04003,04
85611,04023,04
85613,04003,04
85614,04019,04
85615,04003,04
85616,04003,04
85617,04003,04
85618,04021,04
85619,04019,04
85620,04003,04
85621,04023,04
85622,04019,04
85623,04021,04
85624,04023,04
85625,04003,04
85626,04003,04
85627,04003,04
85629,04019,04
85630,04003,04
85631,04021,04
85632,04003,04
85633,04019,04
85634,04019,04
85635,04003,04
85637,04023,04
85638,04003,04
85639,04019,04
85640,04023,04
85641,04019,04
85643,04009,04
85645,04019,04
85646,04023,04
85648,04023,04
85650,04003,04
85653,04019,04
85654,04019,04
85658,04021,04
85701,04019,04
85704,04019,04
85705,04019,04
85706,04019,04
85707,04019,04
85708,04019,04
85709,04019,04
85710,04019,04
85711,04019,04
85712,04019,04
85713,04019,04
85714,04019,04
85715,04019,04
85716,04019,04
85718,04019,04
85719,04019,04
85721,04019,04
85723,04019,04
85724,04019,04
85726,04019,04
85730,04019,04
85734,04019,04
85735,04019,04
85736,04019,04
85737,04019,04
85739,04021,04
85741,04019,04
85742,04019,04
85743,04019,04
85745,04019,04
85746,04019,04
85747,04019,04
85748,04019,04
85749,04019,04
85750,04019,04
85755,04019,04
85756,04019,04
85757,04019,04
85901,04017,04
85902,04017,04
85911,04017,04
85912,04017,04
85920,04001,04
85922,04011,04
85923,04017,04
85924,04001,04
85925,04001,04
85926,04017,04
85927,04001,04
85928,04017,04
85929,04017,04
85930,04001,04
85931,04005,04
85932,04001,04
85933,04017,04
85934,04017,04
85935,04017,04
85936,04001,04
85937,04017,04
85938,04001,04
85939,04017,04
85940,04001,04
85941,04007,04
85942,04017,04
86001,04005,04
86003,04005,04
86004,04005,04
86005,04005,04
86011,04005,04
86015,04005,04
86016,04005,04
86017,04005,04
86018,04005,04
86020,04005,04
86021,04015,04
86022,04005,04
86023,04005,04
86024,04005,04
86025,04017,04
86028,04001,04
86029,04017,04
86030,04005,04
86031,04017,04
86032,04017,04
86033,04017,04
86034,04017,04
86035,04005,04
86036,04005,04
86038,04005,04
86039,04017,04
86040,04005,04
86042,04017,04
86043,04017,04
86044,04005,04
86045,04005,04
86046,04005,04
86047,04017,04
86052,04005,04
86053,04005,04
86054,04017,04
86301,04025,04
86303,04025,04
86305,04025,04
86313,04025,04
86314,04025,04
86315,04025,04
86320,04005,04
86321,04025,04
86322,04025,04
86323,04025,04
86324,04025,04
86325,04025,04
86326,04025,04
86327,04025,04
86329,04025,04
86331,04025,04
86332,04025,04
86333,04025,04
86334,04025,04
86335,04025,04
86336,04025,04
86337,04025,04
86338,04025,04
86343,04025,04
86351,04025,04
86401,04015,04
86403,04015,04
86404,04015,04
86406,04015,04
86409,04015,04
86411,04015,04
86413,04015,04
86426,04015,04
86429,04015,04
86431,04015,04
86432,04015,04
86433,04015,04
86434,04015,04
86435,04005,04
86436,04015,04
86437,04015,04
86438,04015,04
86440,04015,04
86441,04015,04
86442,04015,04
86443,04015,04
86444,04015,04
86445,04015,04
86502,04001,04
86503,04001,04
86504,04001,04
86505,04001,04
86506,04001,04
86507,04001,04
86508,04001,04
86510,04017,04
86511,04001,04
86512,04001,04
86514,04001,04
86515,35031,35
86520,04001,04
86535,04001,04
86538,04001,04
86540,04001,04
86544,04001,04
86545,04001,04
86547,04001,04
86556,04001,04
87001,35043,35
87002,35061,35
87004,35043,35
87005,35006,35
87006,35053,35
87007,35006,35
87008,35001,35
87010,35049,35
87011,35053,35
87012,35039,35
87013,35043,35
87014,35006,35
87015,35049,35
87016,35057,35
87017,35039,35
87018,35043,35
87020,35006,35
87021,35006,35
87022,35001,35
87023,35061,35
87024,35043,35
87025,35043,35
87026,35006,35
87027,35043,35
87028,35053,35
87029,35039,35
87031,35061,35
87032,35057,35
87034,35006,35
87035,35057,35
87036,35057,35
87037,35045,35
87038,35006,35
87040,35006,35
87041,35043,35
87042,35061,35
87043,35043,35
87044,35043,35
87045,35031,35
87046,35039,35
87047,35043,35
87048,35043,35
87049,35006,35
87051,35006,35
87052,35043,35
87053,35043,35
87056,35049,35
87059,35001,35
87060,35061,35
87061,35057,35
87062,35053,35
87063,35057,35
87064,35039,35
87068,35001,35
87070,35057,35
87072,35043,35
87083,35043,35
87101,35001,35
87102,35001,35
87104,35001,35
87105,35001,35
87106,35001,35
87107,35001,35
87108,35001,35
87109,35001,35
87110,35001,35
87111,35001,35
87112,35001,35
87113,35001,35
87114,35001,35
87116,35001,35
87117,35001,35
87120,35001,35
87121,35001,35
87122,35001,35
87123,35001,35
87124,35043,35
87144,35043,35
87151,35001,35
87301,35031,35
87305,35031,35
87310,35031,35
87311,35031,35
87312,35031,35
87313,35031,35
87315,35006,35
87316,35031,35
87317,35031,35
87319,35031,35
87320,35031,35
87321,35006,35
87322,35031,35
87323,35031,35
87325,35031,35
87326,35031,35
87327,35031,35
87328,04001,04
87347,35031,35
87357,35006,35
87364,35045,35
87365,35031,35
87375,35031,35
87401,35045,35
87402,35045,35
87410,35045,35
87412,35039,35
87413,35045,35
87415,35045,35
87416,35045,35
87417,35045,35
87418,35045,35
87419,35045,35
87420,35045,35
87421,35045,35
87455,35045,35
87461,35045,35
87499,35045,35
87501,35049,35
87505,35049,35
87506,35049,35
87507,35049,35
87508,35049,35
87510,35039,35
87511,35039,35
87512,35055,35
87513,35055,35
87514,35055,35
87515,35039,35
87516,35039,35
87517,35055,35
87518,35039,35
87519,35055,35
87520,35039,35
87521,35039,35
87522,35049,35
87523,35039,35
87524,35055,35
87525,35055,35
87527,35039,35
87528,35039,35
87529,35055,35
87530,35039,35
87531,35055,35
87532,35039,35
87535,35049,35
87537,35039,35
87538,35047,35
87539,35039,35
87540,35049,35
87543,35055,35
87544,35043,35
87547,35028,35
87548,35039,35
87549,35039,35
87551,35039,35
87552,35047,35
87553,35055,35
87554,35039,35
87556,35055,35
87557,35055,35
87558,35055,35
87560,35047,35
87562,35047,35
87564,35055,35
87565,35047,35
87566,35039,35
87567,35049,35
87569,35047,35
87571,35055,35
87573,35047,35
87575,35039,35
87577,35039,35
87578,35039,35
87579,35055,35
87580,35055,35
87581,35039,35
87582,35039,35
87583,35047,35
87701,35047,35
87710,35007,35
87711,35047,35
87712,35033,35
87713,35033,35
87714,35007,35
87715,35033,35
87718,35007,35
87722,35033,35
87723,35033,35
87724,35019,35
87728,35007,35
87729,35007,35
87730,35021,35
87731,35047,35
87732,35033,35
87733,35021,35
87734,35033,35
87735,35033,35
87736,35033,35
87740,35007,35
87742,35047,35
87743,35021,35
87745,35047,35
87746,35047,35
87747,35007,35
87749,35007,35
87750,35033,35
87752,35033,35
87753,35033,35
87801,35053,35
87820,35003,35
87821,35003,35
87823,35053,35
87824,35003,35
87825,35053,35
87827,35003,35
87828,35053,35
87829,35003,35
87830,35003,35
87831,35053,35
87832,35053,35
87901,35051,35
87930,35051,35
87931,35051,35
87933,35051,35
87935,35051,35
87936,35013,35
87937,35013,35
87939,35051,35
87940,35013,35
87941,35013,35
87942,35051,35
87943,35051,35
88001,35013,35
88002,35013,35
88003,35013,35
88004,35013,35
88005,35013,35
88007,35013,35
88008,35013,35
88009,35023,35
88011,35013,35
88012,35013,35
88020,35023,35
88021,35013,35
88022,35017,35
88023,35017,35
88024,35013,35
88025,35017,35
88026,35017,35
88027,35013,35
88028,35017,35
88029,35029,35
88030,35029,35
88034,35017,35
88038,35017,35
88039,35003,35
88040,35023,35
88041,35017,35
88042,35051,35
88043,35017,35
88044,35013,35
88045,35023,35
88046,35013,35
88047,35013,35
88048,35013,35
88049,35017,35
88051,35017,35
88052,35013,35
88053,35017,35
88055,35017,35
88056,35023,35
88061,35017,35
88063,35013,35
88065,35017,35
88072,35013,35
88081,35035,35
88101,35009,35
88103,35009,35
88112,35009,35
88113,35041,35
88114,35025,35
88115,35041,35
88116,35041,35
88118,35041,35
88119,35011,35
88120,35037,35
88121,35037,35
88124,35009,35
88125,35041,35
88126,35041,35
88130,35041,35
88132,35041,35
88134,35011,35
88135,35009,35
88136,35011,35
88201,35005,35
88203,35005,35
88210,35015,35
88220,35015,35
88230,35005,35
88231,35025,35
88232,35005,35
88240,35025,35
88242,35025,35
88244,35025,35
88250,35005,35
88252,35025,35
88253,35005,35
88254,35015,35
88255,35015,35
88256,35015,35
88260,35025,35
88262,35025,35
88263,35015,35
88264,35025,35
88265,35025,35
88267,35025,35
88268,35015,35
88301,35027,35
88310,35035,35
88311,35035,35
88312,35027,35
88314,35035,35
88316,35027,35
88317,35035,35
88318,35027,35
88321,35057,35
88323,35027,35
88324,35027,35
88325,35035,35
88330,35035,35
88336,35027,35
88337,35035,35
88338,35027,35
88339,35005,35
88340,35035,35
88341,35027,35
88342,35035,35
88343,35027,35
88344,35035,35
88345,35027,35
88346,35027,35
88347,35035,35
88348,35027,35
88349,35035,35
88350,35035,35
88351,35027,35
88352,35035,35
88353,35019,35
88354,35035,35
88355,35027,35
88401,35037,35
88410,35059,35
88411,35037,35
88414,35007,35
88415,35059,35
88416,35047,35
88417,35019,35
88418,35059,35
88419,35059,35
88421,35047,35
88422,35059,35
88424,35059,35
88426,35021,35
88427,35037,35
88430,35037,35
88431,35019,35
88434,35037,35
88435,35019,35
88436,35059,35
88439,35047,35
89001,32017,32
89002,32003,32
89003,32023,32
89004,32003,32
89005,32003,32
89007,32003,32
89008,32017,32
89010,32009,32
89011,32003,32
89012,32003,32
89013,32009,32
89014,32003,32
89015,32003,32
89017,32017,32
89018,32003,32
89019,32003,32
89020,32023,32
89021,32003,32
89022,32023,32
89025,32003,32
89026,32003,32
89027,32003,32
89029,32003,32
89030,32003,32
89031,32003,32
89032,32003,32
89034,32003,32
89039,32003,32
89040,32003,32
89042,32017,32
89043,32017,32
89044,32003,32
89045,32023,32
89046,32003,32
89047,32009,32
89048,32023,32
89049,32023,32
89052,32003,32
89054,32003,32
89060,32023,32
89061,32023,32
89070,32003,32
89074,32003,32
89081,32003,32
89084,32003,32
89085,32003,32
89086,32003,32
89101,32003,32
89102,32003,32
89103,32003,32
89104,32003,32
89106,32003,32
89107,32003,32
89108,32003,32
89109,32003,32
89110,32003,32
89113,32003,32
89115,32003,32
89117,32003,32
89118,32003,32
89119,32003,32
89120,32003,32
89121,32003,32
89122,32003,32
89123,32003,32
89124,32003,32
89128,32003,32
89129,32003,32
89130,32003,32
89131,32003,32
89134,32003,32
89135,32003,32
89138,32003,32
89139,32003,32
89141,32003,32
89142,32003,32
89143,32003,32
89144,32003,32
89145,32003,32
89146,32003,32
89147,32003,32
89148,32003,32
89149,32003,32
89156,32003,32
89158,32003,32
89161,32003,32
89166,32003,32
89169,32003,32
89178,32003,32
89179,32003,32
89183,32003,32
89191,32003,32
89301,32033,32
89310,32015,32
89311,32033,32
89314,32023,32
89315,32033,32
89316,32011,32
89317,32033,32
89318,32033,32
89319,32033,32
89402,32031,32
89403,32019,32
89404,32013,32
89405,32031,32
89406,32001,32
89408,32001,32
89409,32023,32
89410,32005,32
89411,32005,32
89412,32031,32
89413,32005,32
89414,32013,32
89415,32021,32
89418,32027,32
89419,32027,32
89420,32021,32
89421,41045,41
89422,32021,32
89423,32005,32
89424,32031,32
89425,32013,32
89426,32013,32
89427,32021,32
89428,32019,32
89429,32019,32
89430,32019,32
89431,32031,32
89433,32031,32
89434,32029,32
89436,32031,32
89437,32029,32
89438,32013,32
89439,32031,32
89440,32029,32
89441,32031,32
89442,32031,32
89444,32019,32
89445,32013,32
89446,32013,32
89447,32019,32
89448,32005,32
89449,32005,32
89450,32031,32
89451,32031,32
89460,32005,32
89496,32001,32
89501,32031,32
89502,32031,32
89503,32031,32
89506,32031,32
89508,32031,32
89509,32031,32
89510,32031,32
89511,32031,32
89512,32031,32
89519,32031,32
89521,32031,32
89523,32031,32
89557,32031,32
89701,32510,32
89703,32510,32
89704,32031,32
89705,32005,32
89706,32510,32
89801,32007,32
89815,32007,32
89820,32015,32
89821,32011,32
89822,32011,32
89823,32007,32
89825,32007,32
89826,32007,32
89828,32007,32
89830,32007,32
89831,32007,32
89832,32007,32
89833,32007,32
89834,32007,32
89835,32007,32
89883,32007,32
90001,06037,06
90002,06037,06
90003,06037,06
90004,06037,06
90005,06037,06
90006,06037,06
90007,06037,06
90008,06037,06
90010,06037,06
90011,06037,06
90012,06037,06
90013,06037,06
90014,06037,06
90015,06037,06
90016,06037,06
90017,06037,06
90018,06037,06
90019,06037,06
90020,06037,06
90021,06037,06
90022,06037,06
90023,06037,06
90024,06037,06
90025,06037,06
90026,06037,06
90027,06037,06
90028,06037,06
90029,06037,06
90031,06037,06
90032,06037,06
90033,06037,06
90034,06037,06
90035,06037,06
90036,06037,06
90037,06037,06
90038,06037,06
90039,06037,06
90040,06037,06
90041,06037,06
90042,06037,06
90043,06037,06
90044,06037,06
90045,06037,06
90046,06037,06
90047,06037,06
90048,06037,06
90049,06037,06
90052,06037,06
90056,06037,06
90057,06037,06
90058,06037,06
90059,06037,06
90061,06037,06
90062,06037,06
90063,06037,06
90064,06037,06
90065,06037,06
90066,06037,06
90067,06037,06
90068,06037,06
90069,06037,06
90071,06037,06
90073,06037,06
90077,06037,06
90079,06037,06
90089,06037,06
90094,06037,06
90095,06037,06
90201,06037,06
90210,06037,06
90211,06037,06
90212,06037,06
90220,06037,06
90221,06037,06
90222,06037,06
90230,06037,06
90232,06037,06
90240,06037,06
90241,06037,06
90242,06037,06
90245,06037,06
90247,06037,06
90248,06037,06
90249,06037,06
90250,06037,06
90254,06037,06
90255,06037,06
90260,06037,06
90262,06037,06
90263,06037,06
90265,06037,06
90266,06037,06
90270,06037,06
90272,06037,06
90274,06037,06
90275,06037,06
90277,06037,06
90278,06037,06
90280,06037,06
90290,06037,06
90291,06037,06
90292,06037,06
90293,06037,06
90301,06037,06
90302,06037,06
90303,06037,06
90304,06037,06
90305,06037,06
90401,06037,06
90402,06037,06
90403,06037,06
90404,06037,06
90405,06037,06
90501,06037,06
90502,06037,06
90503,06037,06
90504,06037,06
90505,06037,06
90506,06037,06
90601,06037,06
90602,06037,06
90603,06037,06
90604,06037,06
90605,06037,06
90606,06037,06
90620,06059,06
90621,06059,06
90623,06059,06
90630,06059,06
90631,06059,06
90638,06037,06
90639,06037,06
90640,06037,06
90650,06037,06
90660,06037,06
90670,06037,06
90680,06059,06
90701,06037,06
90703,06037,06
90704,06037,06
90706,06037,06
90710,06037,06
90712,06037,06
90713,06037,06
90715,06037,06
90716,06037,06
90717,06037,06
90720,06059,06
90723,06037,06
90731,06037,06
90732,06037,06
90740,06059,06
90742,06059,06
90743,06059,06
90744,06037,06
90745,06037,06
90746,06037,06
90747,06037,06
90755,06037,06
90802,06037,06
90803,06037,06
90804,06037,06
90805,06037,06
90806,06037,06
90807,06037,06
90808,06037,06
90810,06037,06
90813,06037,06
90814,06037,06
90815,06037,06
90822,06037,06
90831,06037,06
90840,06037,06
91001,06037,06
91006,06037,06
91007,06037,06
91008,06037,06
91010,06037,06
91011,06037,06
91016,06037,06
91020,06037,06
91024,06037,06
91030,06037,06
91040,06037,06
91042,06037,06
91046,06037,06
91101,06037,06
91103,06037,06
91104,06037,06
91105,06037,06
91106,06037,06
91107,06037,06
91108,06037,06
91125,06037,06
91201,06037,06
91202,06037,06
91203,06037,06
91204,06037,06
91205,06037,06
91206,06037,06
91207,06037,06
91208,06037,06
91210,06037,06
91214,06037,06
91301,06037,06
91302,06037,06
91303,06037,06
91304,06037,06
91306,06037,06
91307,06037,06
91311,06037,06
91316,06037,06
91320,06111,06
91321,06037,06
91324,06037,06
91325,06037,06
91326,06037,06
91330,06037,06
91331,06037,06
91335,06037,06
91340,06037,06
91342,06037,06
91343,06037,06
91344,06037,06
91345,06037,06
91350,06037,06
91351,06037,06
91352,06037,06
91354,06037,06
91355,06037,06
91356,06037,06
91360,06111,06
91361,06111,06
91362,06111,06
91364,06037,06
91367,06037,06
91371,06037,06
91377,06111,06
91381,06037,06
91384,06037,06
91387,06037,06
91390,06037,06
91401,06037,06
91402,06037,06
91403,06037,06
91405,06037,06
91406,06037,06
91411,06037,06
91423,06037,06
91436,06037,06
91501,06037,06
91502,06037,06
91504,06037,06
91505,06037,06
91506,06037,06
91601,06037,06
91602,06037,06
91604,06037,06
91605,06037,06
91606,06037,06
91607,06037,06
91608,06037,06
91701,06071,06
91702,06037,06
91706,06037,06
91708,06071,06
91709,06071,06
91710,06071,06
91711,06037,06
91722,06037,06
91723,06037,06
91724,06037,06
91730,06071,06
91731,06037,06
91732,06037,06
91733,06037,06
91737,06071,06
91739,06071,06
91740,06037,06
91741,06037,06
91744,06037,06
91745,06037,06
91746,06037,06
91748,06037,06
91750,06037,06
91752,06065,06
91754,06037,06
91755,06037,06
91759,06037,06
91761,06071,06
91762,06071,06
91763,06071,06
91764,06071,06
91765,06037,06
91766,06037,06
91767,06037,06
91768,06037,06
91770,06037,06
91773,06037,06
91775,06037,06
91776,06037,06
91780,06037,06
91784,06071,06
91786,06071,06
91789,06037,06
91790,06037,06
91791,06037,06
91792,06037,06
91801,06037,06
91803,06037,06
91901,06073,06
91902,06073,06
91905,06073,06
91906,06073,06
91910,06073,06
91911,06073,06
91913,06073,06
91914,06073,06
91915,06073,06
91916,06073,06
91917,06073,06
91931,06073,06
91932,06073,06
91934,06073,06
91935,06073,06
91941,06073,06
91942,06073,06
91945,06073,06
91948,06073,06
91950,06073,06
91962,06073,06
91963,06073,06
91977,06073,06
91978,06073,06
91980,06073,06
92003,06073,06
92004,06073,06
92007,06073,06
92008,06073,06
92009,06073,06
92010,06073,06
92011,06073,06
92014,06073,06
92019,06073,06
92020,06073,06
92021,06073,06
92024,06073,06
92025,06073,06
92026,06073,06
92027,06073,06
92028,06073,06
92029,06073,06
92036,06073,06
92037,06073,06
92040,06073,06
92054,06073,06
92055,06073,06
92056,06073,06
92057,06073,06
92058,06073,06
92059,06073,06
92060,06073,06
92061,06073,06
92064,06073,06
92065,06073,06
92066,06073,06
92067,06073,06
92069,06073,06
92070,06073,06
92071,06073,06
92075,06073,06
92078,06073,06
92081,06073,06
92082,06073,06
92083,06073,06
92084,06073,06
92086,06073,06
92091,06073,06
92092,06073,06
92093,06073,06
92096,06073,06
92101,06073,06
92102,06073,06
92103,06073,06
92104,06073,06
92105,06073,06
92106,06073,06
92107,06073,06
92108,06073,06
92109,06073,06
92110,06073,06
92111,06073,06
92113,06073,06
92114,06073,06
92115,06073,06
92116,06073,06
92117,06073,06
92118,06073,06
92119,06073,06
92120,06073,06
92121,06073,06
92122,06073,06
92123,06073,06
92124,06073,06
92126,06073,06
92127,06073,06
92128,06073,06
92129,06073,06
92130,06073,06
92131,06073,06
92132,06073,06
92134,06073,06
92135,06073,06
92136,06073,06
92139,06073,06
92140,06073,06
92145,06073,06
92147,06073,06
92154,06073,06
92155,06073,06
92161,06073,06
92173,06073,06
92179,06073,06
92182,06073,06
92201,06065,06
92203,06065,06
92210,06065,06
92211,06065,06
92220,06065,06
92222,06025,06
92223,06065,06
92225,06065,06
92227,06025,06
92230,06065,06
92231,06025,06
92233,06025,06
92234,06065,06
92236,06065,06
92239,06065,06
92240,06065,06
92241,06065,06
92242,06071,06
92243,06025,06
92249,06025,06
92250,06025,06
92251,06025,06
92252,06071,06
92253,06065,06
92254,06065,06
92256,06071,06
92257,06025,06
92258,06065,06
92259,06025,06
92260,06065,06
92262,06065,06
92264,06065,06
92266,06025,06
92267,06071,06
92268,06071,06
92270,06065,06
92273,06025,06
92274,06065,06
92275,06025,06
92276,06065,06
92277,06071,06
92278,06071,06
92280,06071,06
92281,06025,06
92282,06065,06
92283,06025,06
92284,06071,06
92285,06071,06
92301,06071,06
92304,06071,06
92305,06071,06
92307,06071,06
92308,06071,06
92309,06071,06
92310,06071,06
92311,06071,06
92313,06071,06
92314,06071,06
92315,06071,06
92316,06071,06
92317,06071,06
92320,06065,06
92321,06071,06
92322,06071,06
92324,06071,06
92325,06071,06
92327,06071,06
92328,06027,06
92332,06071,06
92333,06071,06
92335,06071,06
92336,06071,06
92337,06071,06
92338,06071,06
92339,06071,06
92341,06071,06
92342,06071,06
92344,06071,06
92345,06071,06
92346,06071,06
92347,06071,06
92350,06071,06
92352,06071,06
92354,06071,06
92356,06071,06
92358,06071,06
92359,06071,06
92363,06071,06
92364,06071,06
92365,06071,06
92368,06071,06
92369,06071,06
92371,06071,06
92372,06071,06
92373,06071,06
92374,06071,06
92376,06071,06
92377,06071,06
92378,06071,06
92382,06071,06
92384,06027,06
92385,06071,06
92386,06071,06
92389,06027,06
92391,06071,06
92392,06071,06
92394,06071,06
92395,06071,06
92397,06037,06
92398,06071,06
92399,06071,06
92401,06071,06
92404,06071,06
92405,06071,06
92407,06071,06
92408,06071,06
92410,06071,06
92411,06071,06
92415,06071,06
92501,06065,06
92503,06065,06
92504,06065,06
92505,06065,06
92506,06065,06
92507,06065,06
92508,06065,06
92509,06065,06
92518,06065,06
92521,06065,06
92530,06065,06
92532,06065,06
92536,06065,06
92539,06065,06
92543,06065,06
92544,06065,06
92545,06065,06
92548,06065,06
92549,06065,06
92551,06065,06
92553,06065,06
92555,06065,06
92557,06065,06
92561,06065,06
92562,06065,06
92563,06065,06
92567,06065,06
92570,06065,06
92571,06065,06
92582,06065,06
92583,06065,06
92584,06065,06
92585,06065,06
92586,06065,06
92587,06065,06
92590,06065,06
92591,06065,06
92592,06065,06
92595,06065,06
92596,06065,06
92602,06059,06
92603,06059,06
92604,06059,06
92606,06059,06
92610,06059,06
92612,06059,06
92614,06059,06
92617,06059,06
92618,06059,06
92620,06059,06
92624,06059,06
92625,06059,06
92626,06059,06
92627,06059,06
92629,06059,06
92630,06059,06
92637,06059,06
92646,06059,06
92647,06059,06
92648,06059,06
92649,06059,06
92651,06059,06
92653,06059,06
92655,06059,06
92656,06059,06
92657,06059,06
92660,06059,06
92661,06059,06
92662,06059,06
92663,06059,06
92672,06073,06
92673,06059,06
92675,06059,06
92676,06059,06
92677,06059,06
92678,06059,06
92679,06059,06
92683,06059,06
92688,06059,06
92691,06059,06
92692,06059,06
92694,06059,06
92697,06059,06
92701,06059,06
92703,06059,06
92704,06059,06
92705,06059,06
92706,06059,06
92707,06059,06
92708,06059,06
92780,06059,06
92782,06059,06
92801,06059,06
92802,06059,06
92804,06059,06
92805,06059,06
92806,06059,06
92807,06059,06
92808,06059,06
92821,06059,06
92823,06059,06
92831,06059,06
92832,06059,06
92833,06059,06
92835,06059,06
92840,06059,06
92841,06059,06
92843,06059,06
92844,06059,06
92845,06059,06
92860,06065,06
92861,06059,06
92865,06059,06
92866,06059,06
92867,06059,06
92868,06059,06
92869,06059,06
92870,06059,06
92879,06065,06
92880,06065,06
92881,06065,06
92882,06065,06
92883,06065,06
92886,06059,06
92887,06059,06
93001,06111,06
93003,06111,06
93004,06111,06
93010,06111,06
93012,06111,06
93013,06083,06
93015,06111,06
93021,06111,06
93022,06111,06
93023,06111,06
93030,06111,06
93033,06111,06
93035,06111,06
93036,06111,06
93040,06111,06
93041,06111,06
93042,06111,06
93043,06111,06
93060,06111,06
93063,06111,06
93064,06111,06
93065,06111,06
93066,06111,06
93067,06083,06
93101,06083,06
93103,06083,06
93105,06083,06
93106,06083,06
93108,06083,06
93109,06083,06
93110,06083,06
93111,06083,06
93117,06083,06
93201,06107,06
93202,06031,06
93203,06029,06
93204,06031,06
93205,06029,06
93206,06029,06
93207,06107,06
93208,06107,06
93210,06019,06
93212,06031,06
93215,06029,06
93218,06107,06
93219,06107,06
93220,06029,06
93221,06107,06
93222,06029,06
93223,06107,06
93224,06029,06
93225,06111,06
93226,06029,06
93227,06107,06
93230,06031,06
93234,06019,06
93235,06107,06
93237,06107,06
93238,06107,06
93239,06031,06
93240,06029,06
93241,06029,06
93242,06019,06
93243,06029,06
93244,06107,06
93245,06031,06
93246,06031,06
93247,06107,06
93249,06029,06
93250,06029,06
93251,06029,06
93252,06111,06
93254,06083,06
93255,06029,06
93256,06107,06
93257,06107,06
93258,06107,06
93260,06107,06
93261,06107,06
93262,06107,06
93263,06029,06
93265,06107,06
93266,06031,06
93267,06107,06
93268,06029,06
93270,06107,06
93271,06107,06
93272,06107,06
93274,06107,06
93276,06029,06
93277,06107,06
93280,06029,06
93283,06029,06
93285,06029,06
93286,06107,06
93287,06029,06
93291,06107,06
93292,06107,06
93301,06029,06
93304,06029,06
93305,06029,06
93306,06029,06
93307,06029,06
93308,06029,06
93309,06029,06
93311,06029,06
93312,06029,06
93313,06029,06
93314,06029,06
93401,06079,06
93402,06079,06
93405,06079,06
93407,06079,06
93408,06079,06
93409,06079,06
93410,06079,06
93420,06079,06
93422,06079,06
93424,06079,06
93426,06053,06
93427,06083,06
93428,06079,06
93429,06083,06
93430,06079,06
93432,06079,06
93433,06079,06
93434,06083,06
93436,06083,06
93437,06083,06
93440,06083,06
93441,06083,06
93442,06079,06
93444,06079,06
93445,06079,06
93446,06079,06
93449,06079,06
93450,06053,06
93451,06053,06
93452,06079,06
93453,06079,06
93454,06083,06
93455,06083,06
93458,06083,06
93460,06083,06
93461,06079,06
93463,06083,06
93465,06079,06
93501,06029,06
93505,06029,06
93510,06037,06
93512,06051,06
93513,06027,06
93514,06051,06
93516,06029,06
93517,06051,06
93518,06029,06
93519,06029,06
93522,06027,06
93523,06029,06
93524,06029,06
93526,06027,06
93527,06107,06
93528,06029,06
93529,06051,06
93530,06027,06
93531,06029,06
93532,06037,06
93534,06037,06
93535,06037,06
93536,06037,06
93541,06051,06
93543,06037,06
93544,06037,06
93545,06027,06
93546,06051,06
93549,06027,06
93550,06037,06
93551,06037,06
93552,06037,06
93553,06037,06
93554,06029,06
93555,06029,06
93558,06071,06
93560,06029,06
93561,06029,06
93562,06071,06
93563,06037,06
93581,06029,06
93591,06037,06
93601,06039,06
93602,06019,06
93603,06107,06
93604,06039,06
93605,06019,06
93606,06019,06
93608,06019,06
93609,06019,06
93610,06039,06
93611,06019,06
93612,06019,06
93614,06039,06
93615,06107,06
93616,06019,06
93618,06107,06
93619,06019,06
93620,06047,06
93621,06019,06
93622,06019,06
93623,06043,06
93624,06019,06
93625,06019,06
93626,06039,06
93627,06019,06
93628,06019,06
93630,06019,06
93631,06107,06
93633,06107,06
93634,06019,06
93635,06047,06
93636,06039,06
93637,06039,06
93638,06039,06
93640,06019,06
93641,06019,06
93643,06039,06
93644,06039,06
93645,06039,06
93646,06107,06
93647,06107,06
93648,06019,06
93650,06019,06
93651,06019,06
93652,06019,06
93653,06039,06
93654,06019,06
93656,06019,06
93657,06019,06
93660,06019,06
93662,06019,06
93664,06019,06
93665,06047,06
93666,06107,06
93667,06019,06
93668,06019,06
93669,06039,06
93670,06107,06
93673,06107,06
93675,06019,06
93701,06019,06
93702,06019,06
93703,06019,06
93704,06019,06
93705,06019,06
93706,06019,06
93710,06019,06
93711,06019,06
93720,06019,06
93721,06019,06
93722,06019,06
93723,06019,06
93725,06019,06
93726,06019,06
93727,06019,06
93728,06019,06
93730,06019,06
93737,06019,06
93740,06019,06
93741,06019,06
93901,06053,06
93905,06053,06
93906,06053,06
93907,06053,06
93908,06053,06
93920,06053,06
93921,06053,06
93923,06053,06
93924,06053,06
93925,06053,06
93926,06053,06
93927,06053,06
93928,06053,06
93930,06053,06
93932,06053,06
93933,06053,06
93940,06053,06
93943,06053,06
93944,06053,06
93950,06053,06
93953,06053,06
93954,06053,06
93955,06053,06
93960,06053,06
93962,06053,06
94002,06081,06
94005,06081,06
94010,06081,06
94014,06081,06
94015,06081,06
94018,06081,06
94019,06081,06
94020,06081,06
94021,06081,06
94022,06085,06
94024,06085,06
94025,06081,06
94027,06081,06
94028,06081,06
94030,06081,06
94037,06081,06
94038,06081,06
94040,06085,06
94041,06085,06
94043,06085,06
94044,06081,06
94060,06081,06
94061,06081,06
94062,06081,06
94063,06081,06
94065,06081,06
94066,06081,06
94070,06081,06
94074,06081,06
94080,06081,06
94085,06085,06
94086,06085,06
94087,06085,06
94089,06085,06
94102,06075,06
94103,06075,06
94104,06075,06
94105,06075,06
94107,06075,06
94108,06075,06
94109,06075,06
94110,06075,06
94111,06075,06
94112,06075,06
94114,06075,06
94115,06075,06
94116,06075,06
94117,06075,06
94118,06075,06
94121,06075,06
94122,06075,06
94123,06075,06
94124,06075,06
94127,06075,06
94128,06081,06
94129,06075,06
94130,06075,06
94131,06075,06
94132,06075,06
94133,06075,06
94134,06075,06
94158,06075,06
94188,06075,06
94301,06085,06
94303,06085,06
94304,06085,06
94305,06085,06
94306,06085,06
94401,06081,06
94402,06081,06
94403,06081,06
94404,06081,06
94501,06001,06
94502,06001,06
94503,06055,06
94505,06013,06
94506,06013,06
94507,06013,06
94508,06055,06
94509,06013,06
94510,06095,06
94511,06013,06
94512,06095,06
94513,06013,06
94514,06013,06
94515,06097,06
94516,06013,06
94517,06013,06
94518,06013,06
94519,06013,06
94520,06013,06
94521,06013,06
94523,06013,06
94525,06013,06
94526,06013,06
94528,06013,06
94530,06013,06
94531,06013,06
94533,06095,06
94534,06095,06
94535,06095,06
94536,06001,06
94538,06001,06
94539,06001,06
94541,06001,06
94542,06001,06
94544,06001,06
94545,06001,06
94546,06001,06
94547,06013,06
94548,06013,06
94549,06013,06
94550,06001,06
94551,06001,06
94552,06001,06
94553,06013,06
94555,06001,06
94556,06013,06
94558,06055,06
94559,06055,06
94560,06001,06
94561,06013,06
94562,06055,06
94563,06013,06
94564,06013,06
94565,06013,06
94566,06001,06
94567,06055,06
94568,06001,06
94569,06013,06
94571,06095,06
94572,06013,06
94573,06055,06
94574,06055,06
94575,06013,06
94576,06055,06
94577,06001,06
94578,06001,06
94579,06001,06
94580,06001,06
94582,06013,06
94583,06013,06
94585,06095,06
94586,06001,06
94587,06001,06
94588,06001,06
94589,06095,06
94590,06095,06
94591,06095,06
94592,06095,06
94595,06013,06
94596,06013,06
94597,06013,06
94598,06013,06
94599,06055,06
94601,06001,06
94602,06001,06
94603,06001,06
94605,06001,06
94606,06001,06
94607,06001,06
94608,06001,06
94609,06001,06
94610,06001,06
94611,06001,06
94612,06001,06
94613,06001,06
94618,06001,06
94619,06001,06
94621,06001,06
94702,06001,06
94703,06001,06
94704,06001,06
94705,06001,06
94706,06001,06
94707,06001,06
94708,06013,06
94709,06001,06
94710,06001,06
94720,06001,06
94801,06013,06
94803,06013,06
94804,06013,06
94805,06013,06
94806,06013,06
94901,06041,06
94903,06041,06
94904,06041,06
94920,06041,06
94922,06097,06
94923,06097,06
94924,06041,06
94925,06041,06
94928,06097,06
94929,06041,06
94930,06041,06
94931,06097,06
94933,06041,06
94937,06041,06
94938,06041,06
94939,06041,06
94940,06041,06
94941,06041,06
94945,06041,06
94946,06041,06
94947,06041,06
94949,06041,06
94950,06041,06
94951,06097,06
94952,06041,06
94954,06097,06
94956,06041,06
94957,06041,06
94960,06041,06
94963,06041,06
94964,06041,06
94965,06041,06
94970,06041,06
94971,06041,06
94972,06097,06
94973,06041,06
95002,06085,06
95003,06087,06
95004,06053,06
95005,06087,06
95006,06087,06
95007,06087,06
95008,06085,06
95010,06087,06
95012,06053,06
95013,06085,06
95014,06085,06
95017,06087,06
95018,06087,06
95019,06087,06
95020,06085,06
95023,06069,06
95030,06085,06
95032,06085,06
95033,06087,06
95035,06085,06
95037,06085,06
95039,06053,06
95041,06087,06
95043,06069,06
95045,06069,06
95046,06085,06
95050,06085,06
95051,06085,06
95053,06085,06
95054,06085,06
95060,06087,06
95062,06087,06
95064,06087,06
95065,06087,06
95066,06087,06
95070,06085,06
95073,06087,06
95075,06069,06
95076,06087,06
95110,06085,06
95111,06085,06
95112,06085,06
95113,06085,06
95116,06085,06
95117,06085,06
95118,06085,06
95119,06085,06
95120,06085,06
95121,06085,06
95122,06085,06
95123,06085,06
95124,06085,06
95125,06085,06
95126,06085,06
95127,06085,06
95128,06085,06
95129,06085,06
95130,06085,06
95131,06085,06
95132,06085,06
95133,06085,06
95134,06085,06
95135,06085,06
95136,06085,06
95138,06085,06
95139,06085,06
95140,06085,06
95148,06085,06
95202,06077,06
95203,06077,06
95204,06077,06
95205,06077,06
95206,06077,06
95207,06077,06
95209,06077,06
95210,06077,06
95211,06077,06
95212,06077,06
95215,06077,06
95219,06077,06
95220,06077,06
95221,06009,06
95222,06009,06
95223,06003,06
95224,06009,06
95225,06009,06
95226,06009,06
95227,06077,06
95228,06009,06
95230,06099,06
95231,06077,06
95232,06009,06
95233,06009,06
95236,06077,06
95237,06077,06
95240,06077,06
95242,06077,06
95245,06009,06
95246,06009,06
95247,06009,06
95248,06009,06
95249,06009,06
95251,06009,06
95252,06009,06
95253,06077,06
95254,06009,06
95255,06009,06
95257,06009,06
95258,06077,06
95301,06047,06
95303,06047,06
95304,06077,06
95305,06109,06
95306,06043,06
95307,06099,06
95309,06109,06
95310,06109,06
95311,06043,06
95312,06047,06
95313,06099,06
95315,06047,06
95316,06099,06
95317,06047,06
95318,06043,06
95319,06099,06
95320,06077,06
95321,06109,06
95322,06047,06
95323,06099,06
95324,06047,06
95325,06043,06
95326,06099,06
95327,06109,06
95328,06099,06
95329,06109,06
95330,06077,06
95333,06047,06
95334,06047,06
95335,06109,06
95336,06077,06
95337,06077,06
95338,06043,06
95340,06047,06
95341,06047,06
95345,06043,06
95346,06109,06
95348,06047,06
95350,06099,06
95351,06099,06
95354,06099,06
95355,06099,06
95356,06099,06
95357,06099,06
95358,06099,06
95360,06099,06
95361,06099,06
95363,06099,06
95364,06109,06
95365,06047,06
95366,06077,06
95367,06099,06
95368,06099,06
95369,06047,06
95370,06109,06
95372,06109,06
95374,06047,06
95375,06109,06
95376,06077,06
95377,06077,06
95379,06109,06
95380,06099,06
95382,06099,06
95383,06109,06
95385,06099,06
95386,06099,06
95387,06099,06
95388,06047,06
95389,06043,06
95391,06001,06
95401,06097,06
95403,06097,06
95404,06097,06
95405,06097,06
95407,06097,06
95409,06097,06
95410,06045,06
95412,06097,06
95415,06045,06
95417,06045,06
95419,06097,06
95420,06045,06
95421,06097,06
95422,06033,06
95423,06033,06
95425,06097,06
95426,06033,06
95427,06045,06
95428,06045,06
95429,06045,06
95430,06097,06
95431,06097,06
95432,06045,06
95435,06033,06
95436,06097,06
95437,06045,06
95439,06097,06
95441,06097,06
95442,06097,06
95443,06033,06
95444,06097,06
95445,06045,06
95446,06097,06
95448,06097,06
95449,06045,06
95450,06097,06
95451,06033,06
95452,06097,06
95453,06033,06
95454,06045,06
95456,06045,06
95457,06033,06
95458,06033,06
95459,06045,06
95460,06045,06
95461,06033,06
95462,06097,06
95463,06045,06
95464,06033,06
95465,06097,06
95466,06045,06
95467,06033,06
95468,06045,06
95469,06045,06
95470,06045,06
95471,06097,06
95472,06097,06
95476,06097,06
95480,06097,06
95482,06045,06
95485,06033,06
95486,06097,06
95488,06045,06
95490,06045,06
95492,06097,06
95493,06033,06
95494,06045,06
95497,06097,06
95501,06023,06
95503,06023,06
95511,06023,06
95514,06023,06
95519,06023,06
95521,06023,06
95524,06023,06
95525,06023,06
95526,06023,06
95527,06105,06
95528,06023,06
95531,06015,06
95536,06023,06
95537,06023,06
95538,06015,06
95540,06023,06
95542,06023,06
95543,06015,06
95545,06023,06
95546,06023,06
95547,06023,06
95548,06015,06
95549,06023,06
95550,06023,06
95551,06023,06
95552,06105,06
95553,06023,06
95554,06023,06
95555,06023,06
95556,06023,06
95558,06023,06
95559,06023,06
95560,06023,06
95562,06023,06
95563,06105,06
95564,06023,06
95565,06023,06
95567,06015,06
95568,06093,06
95569,06023,06
95570,06023,06
95571,06023,06
95573,06023,06
95585,06045,06
95587,06045,06
95589,06023,06
95595,06105,06
95601,06005,06
95602,06061,06
95603,06061,06
95604,06061,06
95605,06113,06
95606,06113,06
95607,06113,06
95608,06067,06
95610,06067,06
95612,06113,06
95613,06017,06
95614,06017,06
95615,06067,06
95616,06113,06
95618,06113,06
95619,06017,06
95620,06095,06
95621,06067,06
95623,06017,06
95624,06067,06
95625,06095,06
95626,06067,06
95627,06113,06
95628,06067,06
95629,06005,06
95630,06067,06
95631,06061,06
95632,06067,06
95633,06017,06
95634,06017,06
95635,06017,06
95636,06017,06
95637,06113,06
95638,06067,06
95639,06067,06
95640,06005,06
95641,06067,06
95642,06005,06
95645,06113,06
95646,06003,06
95648,06061,06
95650,06061,06
95651,06017,06
95652,06067,06
95653,06113,06
95655,06067,06
95658,06061,06
95659,06101,06
95660,06067,06
95661,06061,06
95662,06067,06
95663,06061,06
95664,06017,06
95665,06005,06
95666,06005,06
95667,06017,06
95668,06101,06
95669,06005,06
95670,06067,06
95671,06067,06
95672,06017,06
95673,06067,06
95674,06101,06
95675,06005,06
95676,06101,06
95677,06061,06
95678,06061,06
95679,06113,06
95680,06067,06
95681,06061,06
95682,06017,06
95683,06067,06
95684,06017,06
95685,06005,06
95686,06077,06
95687,06095,06
95688,06095,06
95689,06005,06
95690,06067,06
95691,06113,06
95692,06115,06
95693,06067,06
95694,06113,06
95695,06113,06
95697,06113,06
95698,06113,06
95699,06005,06
95701,06061,06
95703,06061,06
95709,06017,06
95713,06061,06
95714,06061,06
95715,06061,06
95717,06061,06
95720,06017,06
95721,06017,06
95722,06061,06
95726,06017,06
95728,06061,06
95735,06017,06
95736,06061,06
95742,06067,06
95746,06061,06
95747,06061,06
95757,06067,06
95758,06067,06
95762,06017,06
95765,06061,06
95776,06113,06
95811,06067,06
95814,06067,06
95815,06067,06
95816,06067,06
95817,06067,06
95818,06067,06
95819,06067,06
95820,06067,06
95821,06067,06
95822,06067,06
95823,06067,06
95824,06067,06
95825,06067,06
95826,06067,06
95827,06067,06
95828,06067,06
95829,06067,06
95830,06067,06
95831,06067,06
95832,06067,06
95833,06067,06
95834,06067,06
95835,06067,06
95837,06067,06
95838,06067,06
95841,06067,06
95842,06067,06
95843,06067,06
95864,06067,06
95901,06115,06
95903,06115,06
95910,06091,06
95912,06011,06
95913,06021,06
95914,06007,06
95915,06063,06
95916,06007,06
95917,06007,06
95918,06115,06
95919,06115,06
95920,06021,06
95922,06115,06
95923,06063,06
95925,06115,06
95926,06007,06
95928,06007,06
95929,06007,06
95930,06007,06
95932,06011,06
95934,06063,06
95935,06115,06
95936,06091,06
95937,06113,06
95938,06007,06
95939,06021,06
95941,06007,06
95942,06007,06
95943,06021,06
95944,06091,06
95945,06057,06
95946,06057,06
95947,06063,06
95948,06007,06
95949,06057,06
95950,06011,06
95951,06021,06
95953,06101,06
95954,06007,06
95955,06011,06
95956,06063,06
95957,06101,06
95958,06007,06
95959,06057,06
95960,06091,06
95961,06115,06
95962,06115,06
95963,06021,06
95965,06007,06
95966,06007,06
95968,06007,06
95969,06007,06
95970,06011,06
95971,06063,06
95972,06115,06
95973,06007,06
95974,06007,06
95975,06057,06
95977,06115,06
95978,06007,06
95979,06011,06
95981,06063,06
95982,06101,06
95983,06063,06
95984,06063,06
95986,06057,06
95987,06011,06
95988,06021,06
95991,06101,06
95993,06101,06
96001,06089,06
96002,06089,06
96003,06089,06
96006,06035,06
96007,06089,06
96008,06089,06
96009,06035,06
96010,06105,06
96011,06089,06
96013,06089,06
96014,06093,06
96015,06049,06
96016,06089,06
96017,06089,06
96019,06089,06
96020,06063,06
96021,06103,06
96022,06103,06
96023,06093,06
96024,06105,06
96025,06093,06
96027,06093,06
96028,06089,06
96029,06103,06
96031,06093,06
96032,06093,06
96033,06089,06
96034,06093,06
96035,06103,06
96037,06093,06
96038,06093,06
96039,06093,06
96040,06089,06
96041,06105,06
96044,06093,06
96046,06105,06
96047,06089,06
96048,06105,06
96050,06093,06
96051,06089,06
96052,06105,06
96054,06049,06
96055,06103,06
96056,06035,06
96057,06093,06
96058,06093,06
96059,06103,06
96061,06103,06
96062,06089,06
96063,06103,06
96064,06093,06
96065,06089,06
96067,06093,06
96068,06035,06
96069,06089,06
96071,06089,06
96073,06089,06
96074,06103,06
96075,06103,06
96076,06105,06
96078,06103,06
96080,06103,06
96084,06089,06
96085,06093,06
96086,06093,06
96087,06089,06
96088,06089,06
96090,06103,06
96091,06105,06
96092,06103,06
96093,06105,06
96094,06093,06
96096,06089,06
96097,06093,06
96101,06049,06
96103,06063,06
96104,06049,06
96105,06063,06
96106,06063,06
96107,06051,06
96108,06049,06
96109,06035,06
96110,06049,06
96111,06057,06
96112,06049,06
96113,06035,06
96114,06035,06
96115,06049,06
96116,06049,06
96117,06035,06
96118,06091,06
96119,06035,06
96120,06003,06
96121,06035,06
96122,06063,06
96123,06035,06
96124,06091,06
96125,06091,06
96126,06091,06
96128,06035,06
96129,06063,06
96130,06035,06
96132,06035,06
96133,06051,06
96134,06049,06
96135,06063,06
96136,06035,06
96137,06035,06
96140,06061,06
96141,06061,06
96142,06017,06
96143,06061,06
96145,06061,06
96146,06061,06
96148,06061,06
96150,06017,06
96155,06017,06
96161,06057,06
96701,15003,15
96703,15007,15
96704,15001,15
96705,15007,15
96706,15003,15
96707,15003,15
96708,15009,15
96710,15001,15
96712,15003,15
96713,15009,15
96714,15007,15
96716,15007,15
96717,15003,15
96719,15001,15
96720,15001,15
96722,15007,15
96725,15001,15
96726,15001,15
96727,15001,15
96728,15001,15
96729,15009,15
96730,15003,15
96731,15003,15
96732,15009,15
96734,15003,15
96737,15001,15
96738,15001,15
96740,15001,15
96741,15007,15
96742,15005,15
96743,15001,15
96744,15003,15
96746,15007,15
96747,15007,15
96748,15009,15
96749,15001,15
96750,15001,15
96751,15007,15
96752,15007,15
96753,15009,15
96754,15007,15
96755,15001,15
96756,15007,15
96757,15009,15
96759,15003,15
96760,15001,15
96761,15009,15
96762,15003,15
96763,15009,15
96764,15001,15
96765,15007,15
96766,15007,15
96768,15009,15
96769,15007,15
96770,15009,15
96771,15001,15
96772,15001,15
96773,15001,15
96774,15001,15
96776,15001,15
96777,15001,15
96778,15001,15
96779,15009,15
96780,15001,15
96781,15001,15
96782,15003,15
96783,15001,15
96785,15001,15
96786,15003,15
96789,15003,15
96790,15009,15
96791,15003,15
96792,15003,15
96793,15009,15
96795,15003,15
96796,15007,15
96797,15003,15
96799,60050,60
96813,15003,15
96814,15003,15
96815,15003,15
96816,15003,15
96817,15003,15
96818,15003,15
96819,15003,15
96820,15003,15
96821,15003,15
96822,15003,15
96825,15003,15
96826,15003,15
96848,15003,15
96850,15003,15
96853,15003,15
96857,15003,15
96858,15003,15
96859,15003,15
96860,15003,15
96863,15003,15
96910,66010,66
96913,66010,66
96915,66010,66
96916,66010,66
96917,66010,66
96928,66010,66
96929,66010,66
96950,69110,69
96951,69100,69
96952,69120,69
97001,41065,41
97002,41047,41
97003,41067,41
97004,41005,41
97005,41067,41
97006,41067,41
97007,41067,41
97008,41067,41
97009,41005,41
97011,41005,41
97013,41005,41
97014,41027,41
97015,41005,41
97016,41009,41
97017,41005,41
97018,41009,41
97019,41051,41
97020,41047,41
97021,41065,41
97022,41005,41
97023,41005,41
97024,41051,41
97026,41047,41
97027,41005,41
97028,41005,41
97029,41055,41
97030,41051,41
97031,41027,41
97032,41047,41
97033,41055,41
97034,41005,41
97035,41005,41
97037,41065,41
97038,41005,41
97039,41055,41
97040,41065,41
97041,41027,41
97042,41005,41
97045,41005,41
97048,41009,41
97049,41005,41
97050,41055,41
97051,41009,41
97053,41009,41
97054,41009,41
97055,41005,41
97056,41009,41
97057,41065,41
97058,41065,41
97060,41051,41
97062,41067,41
97063,41065,41
97064,41009,41
97065,41055,41
97067,41005,41
97068,41005,41
97070,41005,41
97071,41047,41
97078,41067,41
97080,41051,41
97086,41005,41
97089,41005,41
97101,41071,41
97102,41007,41
97103,41007,41
97106,41067,41
97107,41057,41
97108,41057,41
97109,41067,41
97110,41007,41
97111,41071,41
97112,41057,41
97113,41067,41
97114,41071,41
97115,41071,41
97116,41067,41
97117,41067,41
97118,41057,41
97119,41067,41
97121,41007,41
97122,41057,41
97123,41067,41
97124,41067,41
97125,41067,41
97127,41071,41
97128,41071,41
97130,41057,41
97131,41057,41
97132,41071,41
97133,41067,41
97134,41057,41
97135,41057,41
97136,41057,41
97137,41047,41
97138,41007,41
97140,41067,41
97141,41057,41
97144,41067,41
97145,41007,41
97146,41007,41
97147,41057,41
97148,41071,41
97149,41057,41
97201,41051,41
97202,41051,41
97203,41051,41
97204,41051,41
97205,41051,41
97206,41051,41
97208,41051,41
97209,41051,41
97210,41051,41
97211,41051,41
97212,41051,41
97213,41051,41
97214,41051,41
97215,41051,41
97216,41051,41
97217,41051,41
97218,41051,41
97219,41051,41
97220,41051,41
97221,41051,41
97222,41005,41
97223,41067,41
97224,41067,41
97225,41067,41
97227,41051,41
97229,41067,41
97230,41051,41
97231,41051,41
97232,41051,41
97233,41051,41
97236,41051,41
97239,41051,41
97258,41051,41
97266,41051,41
97267,41005,41
97301,41047,41
97302,41047,41
97303,41047,41
97304,41053,41
97305,41047,41
97306,41047,41
97310,41047,41
97317,41047,41
97321,41043,41
97322,41043,41
97324,41003,41
97325,41047,41
97326,41041,41
97327,41043,41
97329,41043,41
97330,41003,41
97331,41003,41
97333,41003,41
97335,41043,41
97336,41043,41
97338,41053,41
97341,41041,41
97342,41047,41
97343,41041,41
97344,41053,41
97345,41043,41
97346,41047,41
97347,41071,41
97348,41043,41
97350,41043,41
97351,41053,41
97352,41047,41
97355,41043,41
97357,41041,41
97358,41047,41
97360,41043,41
97361,41053,41
97362,41047,41
97364,41041,41
97365,41041,41
97366,41041,41
97367,41041,41
97368,41041,41
97369,41041,41
97370,41003,41
97371,41053,41
97373,41047,41
97374,41043,41
97375,41047,41
97376,41041,41
97377,41043,41
97378,41071,41
97380,41041,41
97381,41047,41
97383,41047,41
97384,41047,41
97385,41047,41
97386,41043,41
97388,41041,41
97389,41043,41
97390,41041,41
97391,41041,41
97392,41047,41
97394,41041,41
97396,41071,41
97401,41039,41
97402,41039,41
97403,41039,41
97404,41039,41
97405,41039,41
97406,41015,41
97408,41039,41
97410,41019,41
97411,41011,41
97412,41039,41
97413,41039,41
97414,41011,41
97415,41015,41
97416,41019,41
97417,41019,41
97419,41039,41
97420,41011,41
97423,41011,41
97424,41039,41
97426,41039,41
97429,41019,41
97430,41039,41
97431,41039,41
97432,41019,41
97434,41039,41
97435,41019,41
97436,41019,41
97437,41039,41
97438,41039,41
97439,41039,41
97441,41019,41
97442,41019,41
97443,41019,41
97444,41015,41
97446,41043,41
97447,41019,41
97448,41039,41
97449,41011,41
97450,41015,41
97451,41039,41
97452,41039,41
97453,41039,41
97454,41039,41
97455,41039,41
97456,41003,41
97457,41019,41
97458,41011,41
97459,41011,41
97461,41039,41
97462,41019,41
97463,41039,41
97465,41015,41
97466,41011,41
97467,41019,41
97469,41019,41
97470,41019,41
97471,41019,41
97473,41019,41
97476,41015,41
97477,41039,41
97478,41039,41
97479,41019,41
97480,41039,41
97481,41019,41
97484,41019,41
97486,41019,41
97487,41039,41
97488,41039,41
97489,41039,41
97490,41039,41
97492,41039,41
97493,41039,41
97494,41019,41
97495,41019,41
97496,41019,41
97497,41033,41
97498,41039,41
97499,41019,41
97501,41029,41
97502,41029,41
97503,41029,41
97504,41029,41
97520,41029,41
97522,41029,41
97523,41033,41
97524,41029,41
97525,41029,41
97526,41033,41
97527,41033,41
97530,41029,41
97531,41033,41
97532,41033,41
97534,41033,41
97535,41029,41
97536,41029,41
97537,41029,41
97538,41033,41
97539,41029,41
97540,41029,41
97541,41029,41
97543,41033,41
97544,41033,41
97601,41035,41
97603,41035,41
97604,41035,41
97620,41037,41
97621,41035,41
97622,41035,41
97623,41035,41
97624,41035,41
97625,41035,41
97626,41035,41
97627,41035,41
97630,41037,41
97632,41035,41
97633,41035,41
97634,41035,41
97635,06049,06
97636,41037,41
97637,41037,41
97638,41037,41
97639,41035,41
97640,41037,41
97641,41037,41
97701,41017,41
97702,41017,41
97703,41017,41
97707,41017,41
97709,41017,41
97710,41025,41
97711,41031,41
97712,41017,41
97720,41025,41
97721,41025,41
97722,41025,41
97730,41031,41
97731,41035,41
97732,41025,41
97733,41035,41
97734,41031,41
97735,41037,41
97736,41025,41
97737,41035,41
97738,41025,41
97739,41017,41
97741,41031,41
97750,41069,41
97751,41013,41
97752,41013,41
97753,41013,41
97754,41013,41
97756,41017,41
97758,41025,41
97759,41043,41
97760,41017,41
97761,41065,41
97801,41059,41
97810,41059,41
97812,41021,41
97813,41059,41
97814,41001,41
97817,41023,41
97818,41049,41
97819,41001,41
97820,41023,41
97823,41021,41
97824,41061,41
97825,41023,41
97826,41059,41
97827,41061,41
97828,41063,41
97830,41069,41
97833,41001,41
97834,41001,41
97835,41059,41
97836,41049,41
97837,41001,41
97838,41059,41
97839,41049,41
97840,41001,41
97841,41061,41
97842,41063,41
97843,41049,41
97844,41049,41
97845,41023,41
97846,41063,41
97848,41023,41
97850,41061,41
97856,41023,41
97857,41063,41
97859,41059,41
97862,41059,41
97864,41023,41
97865,41023,41
97867,41061,41
97868,41059,41
97869,41023,41
97870,41001,41
97873,41023,41
97874,41069,41
97875,41059,41
97876,41061,41
97877,41023,41
97880,41059,41
97882,41059,41
97883,41061,41
97884,41001,41
97885,41063,41
97886,41059,41
97901,41045,41
97902,41045,41
97903,41045,41
97904,41025,41
97905,41001,41
97906,41045,41
97907,41001,41
97908,41045,41
97909,41045,41
97910,41045,41
97911,41045,41
97913,41045,41
97914,41045,41
97917,41045,41
97918,41045,41
97920,41045,41
98001,53033,53
98002,53033,53
98003,53033,53
98004,53033,53
98005,53033,53
98006,53033,53
98007,53033,53
98008,53033,53
98010,53033,53
98011,53033,53
98012,53061,53
98014,53033,53
98019,53033,53
98020,53061,53
98021,53061,53
98022,53033,53
98023,53033,53
98024,53033,53
98025,53033,53
98026,53061,53
98027,53033,53
98028,53033,53
98029,53033,53
98030,53033,53
98031,53033,53
98032,53033,53
98033,53033,53
98034,53033,53
98036,53061,53
98037,53061,53
98038,53033,53
98039,53033,53
98040,53033,53
98042,53033,53
98043,53061,53
98045,53033,53
98047,53033,53
98050,53033,53
98051,53033,53
98052,53033,53
98053,53033,53
98055,53033,53
98056,53033,53
98057,53033,53
98058,53033,53
98059,53033,53
98065,53033,53
98068,53037,53
98070,53033,53
98072,53033,53
98074,53033,53
98075,53033,53
98077,53033,53
98087,53061,53
98092,53033,53
98101,53033,53
98102,53033,53
98103,53033,53
98104,53033,53
98105,53033,53
98106,53033,53
98107,53033,53
98108,53033,53
98109,53033,53
98110,53035,53
98112,53033,53
98115,53033,53
98116,53033,53
98117,53033,53
98118,53033,53
98119,53033,53
98121,53033,53
98122,53033,53
98125,53033,53
98126,53033,53
98133,53033,53
98134,53033,53
98136,53033,53
98144,53033,53
98146,53033,53
98148,53033,53
98154,53033,53
98155,53033,53
98158,53033,53
98164,53033,53
98166,53033,53
98168,53033,53
98174,53033,53
98177,53033,53
98178,53033,53
98188,53033,53
98195,53033,53
98198,53033,53
98199,53033,53
98201,53061,53
98203,53061,53
98204,53061,53
98207,53061,53
98208,53061,53
98220,53073,53
98221,53057,53
98222,53055,53
98223,53061,53
98224,53033,53
98225,53073,53
98226,53073,53
98229,53073,53
98230,53073,53
98232,53057,53
98233,53057,53
98235,53057,53
98236,53029,53
98237,53057,53
98238,53057,53
98239,53029,53
98240,53073,53
98241,53061,53
98243,53055,53
98244,53073,53
98245,53055,53
98247,53073,53
98248,53073,53
98249,53029,53
98250,53055,53
98251,53061,53
98252,53061,53
98253,53029,53
98255,53057,53
98256,53061,53
98257,53057,53
98258,53061,53
98260,53029,53
98261,53055,53
98262,53073,53
98263,53057,53
98264,53073,53
98266,53073,53
98267,53057,53
98270,53061,53
98271,53061,53
98272,53061,53
98273,53057,53
98274,53057,53
98275,53061,53
98276,53073,53
98277,53029,53
98278,53029,53
98279,53055,53
98280,53055,53
98281,53073,53
98282,53029,53
98283,53073,53
98284,53057,53
98286,53055,53
98288,53033,53
98290,53061,53
98292,53061,53
98294,53061,53
98295,53073,53
98296,53061,53
98297,53055,53
98303,53053,53
98304,53053,53
98305,53009,53
98310,53035,53
98311,53035,53
98312,53035,53
98314,53035,53
98315,53035,53
98320,53031,53
98321,53053,53
98323,53053,53
98325,53031,53
98326,53009,53
98327,53053,53
98328,53053,53
98329,53053,53
98330,53053,53
98331,53031,53
98332,53053,53
98333,53053,53
98335,53053,53
98336,53041,53
98337,53035,53
98338,53053,53
98339,53031,53
98340,53035,53
98342,53035,53
98345,53035,53
98346,53035,53
98349,53053,53
98350,53009,53
98351,53053,53
98353,53035,53
98354,53053,53
98355,53041,53
98356,53041,53
98357,53009,53
98358,53031,53
98359,53035,53
98360,53053,53
98361,53041,53
98362,53009,53
98363,53009,53
98364,53035,53
98365,53031,53
98366,53035,53
98367,53035,53
98368,53031,53
98370,53035,53
98371,53053,53
98372,53053,53
98373,53053,53
98374,53053,53
98375,53053,53
98376,53031,53
98377,53041,53
98380,53035,53
98381,53009,53
98382,53009,53
98383,53035,53
98385,53053,53
98387,53053,53
98388,53053,53
98390,53053,53
98391,53053,53
98392,53035,53
98394,53053,53
98396,53053,53
98402,53053,53
98403,53053,53
98404,53053,53
98405,53053,53
98406,53053,53
98407,53053,53
98408,53053,53
98409,53053,53
98416,53053,53
98418,53053,53
98421,53053,53
98422,53053,53
98424,53053,53
98430,53053,53
98433,53053,53
98438,53053,53
98439,53053,53
98443,53053,53
98444,53053,53
98445,53053,53
98446,53053,53
98447,53053,53
98465,53053,53
98466,53053,53
98467,53053,53
98498,53053,53
98499,53053,53
98501,53067,53
98502,53067,53
98503,53067,53
98505,53067,53
98506,53067,53
98512,53067,53
98513,53067,53
98516,53067,53
98520,53027,53
98524,53045,53
98526,53027,53
98527,53049,53
98528,53045,53
98530,53067,53
98531,53041,53
98532,53041,53
98533,53041,53
98535,53027,53
98536,53027,53
98537,53027,53
98538,53041,53
98539,53041,53
98541,53027,53
98542,53041,53
98544,53041,53
98546,53045,53
98547,53049,53
98548,53045,53
98550,53027,53
98552,53027,53
98555,53045,53
98556,53067,53
98557,53027,53
98558,53053,53
98559,53027,53
98560,53045,53
98562,53027,53
98563,53027,53
98564,53041,53
98565,53041,53
98566,53027,53
98568,53027,53
98569,53027,53
98570,53041,53
98571,53027,53
98572,53041,53
98575,53027,53
98576,53067,53
98577,53049,53
98579,53067,53
98580,53053,53
98581,53015,53
98582,53041,53
98583,53027,53
98584,53045,53
98585,53041,53
98586,53049,53
98587,53027,53
98588,53045,53
98589,53067,53
98590,53049,53
98591,53041,53
98592,53045,53
98593,53041,53
98595,53027,53
98596,53041,53
98597,53067,53
98601,53011,53
98602,53039,53
98603,53015,53
98604,53011,53
98605,53059,53
98606,53011,53
98607,53011,53
98609,53015,53
98610,53059,53
98611,53015,53
98612,53069,53
98613,53039,53
98614,53049,53
98616,53059,53
98617,53039,53
98619,53039,53
98620,53039,53
98621,53049,53
98623,53039,53
98624,53049,53
98625,53015,53
98626,53015,53
98628,53039,53
98629,53011,53
98631,53049,53
98632,53015,53
98635,53039,53
98638,53049,53
98639,53059,53
98640,53049,53
98641,53049,53
98642,53011,53
98643,53069,53
98644,53049,53
98645,53015,53
98647,53069,53
98648,53059,53
98649,53015,53
98650,53039,53
98651,53059,53
98660,53011,53
98661,53011,53
98662,53011,53
98663,53011,53
98664,53011,53
98665,53011,53
98670,53039,53
98671,53059,53
98672,53039,53
98673,53039,53
98674,53015,53
98675,53011,53
98682,53011,53
98683,53011,53
98684,53011,53
98685,53011,53
98686,53011,53
98801,53007,53
98802,53017,53
98811,53007,53
98812,53047,53
98813,53017,53
98814,53047,53
98815,53007,53
98816,53007,53
98817,53007,53
98819,53047,53
98821,53007,53
98822,53007,53
98823,53025,53
98824,53025,53
98826,53007,53
98827,53047,53
98828,53007,53
98829,53047,53
98830,53017,53
98831,53007,53
98832,53025,53
98833,53047,53
98834,53047,53
98836,53007,53
98837,53025,53
98840,53047,53
98841,53047,53
98843,53017,53
98844,53047,53
98845,53017,53
98846,53047,53
98847,53007,53
98848,53025,53
98849,53047,53
98850,53017,53
98851,53025,53
98852,53007,53
98853,53025,53
98855,53047,53
98856,53047,53
98857,53025,53
98858,53017,53
98859,53047,53
98860,53025,53
98862,53047,53
98901,53077,53
98902,53077,53
98903,53077,53
98908,53077,53
98921,53077,53
98922,53037,53
98923,53077,53
98925,53037,53
98926,53037,53
98930,53077,53
98932,53077,53
98933,53077,53
98934,53037,53
98935,53077,53
98936,53077,53
98937,53077,53
98938,53077,53
98939,53077,53
98940,53037,53
98941,53037,53
98942,53077,53
98943,53037,53
98944,53005,53
98946,53037,53
98947,53077,53
98948,53077,53
98950,53037,53
98951,53077,53
98952,53077,53
98953,53077,53
99001,53063,53
99003,53063,53
99004,53063,53
99005,53063,53
99006,53063,53
99008,53043,53
99009,53063,53
99011,53063,53
99012,53063,53
99013,53065,53
99014,53063,53
99016,53063,53
99017,53075,53
99018,53063,53
99019,53063,53
99020,53063,53
99021,53063,53
99022,53063,53
99023,53063,53
99025,53063,53
99026,53063,53
99027,53063,53
99029,53043,53
99030,53063,53
99031,53063,53
99032,53043,53
99033,53075,53
99034,53065,53
99036,53063,53
99037,53063,53
99039,53063,53
99040,53065,53
99101,53065,53
99102,53075,53
99103,53043,53
99105,53001,53
99109,53065,53
99110,53065,53
99111,53075,53
99113,53075,53
99114,53065,53
99115,53017,53
99116,53047,53
99117,53043,53
99118,53019,53
99119,53051,53
99121,53019,53
99122,53043,53
99123,53025,53
99124,53047,53
99125,53075,53
99126,53065,53
99128,53075,53
99129,53065,53
99130,53075,53
99131,53065,53
99133,53017,53
99134,53043,53
99135,53025,53
99136,53075,53
99137,53065,53
99138,53019,53
99139,53051,53
99140,53019,53
99141,53019,53
99143,53075,53
99144,53043,53
99146,53019,53
99147,53043,53
99148,53065,53
99149,53075,53
99150,53019,53
99151,53065,53
99152,53051,53
99153,53051,53
99154,53043,53
99155,53047,53
99156,53051,53
99157,53065,53
99158,53075,53
99159,53043,53
99160,53019,53
99161,53075,53
99163,53075,53
99166,53019,53
99167,53065,53
99169,53001,53
99170,53075,53
99171,53075,53
99173,53065,53
99174,53075,53
99176,53075,53
99179,53075,53
99180,53051,53
99181,53065,53
99185,53043,53
99201,53063,53
99202,53063,53
99203,53063,53
99204,53063,53
99205,53063,53
99206,53063,53
99207,53063,53
99208,53063,53
99212,53063,53
99216,53063,53
99217,53063,53
99218,53063,53
99223,53063,53
99224,53063,53
99251,53063,53
99258,53063,53
99301,53021,53
99320,53005,53
99321,53025,53
99322,53039,53
99323,53071,53
99324,53071,53
99326,53021,53
99328,53013,53
99329,53071,53
99330,53021,53
99333,53075,53
99335,53021,53
99336,53005,53
99337,53005,53
99338,53005,53
99341,53001,53
99343,53021,53
99344,53001,53
99345,53005,53
99346,53005,53
99347,53023,53
99348,53071,53
99349,53025,53
99350,53005,53
99352,53005,53
99353,53005,53
99354,53005,53
99356,53039,53
99357,53025,53
99359,53013,53
99360,53071,53
99361,53071,53
99362,53071,53
99363,53071,53
99371,53001,53
99401,53003,53
99402,53003,53
99403,53003,53
99501,02020,02
99502,02020,02
99503,02050,02
99504,02020,02
99505,02020,02
99506,02020,02
99507,02020,02
99508,02020,02
99513,02020,02
99515,02020,02
99516,02020,02
99517,02020,02
99518,02020,02
99519,02185,02
99530,02020,02
99540,02020,02
99546,02016,02
99547,02016,02
99548,02164,02
99549,02164,02
99550,02150,02
99551,02050,02
99552,02050,02
99553,02013,02
99554,02158,02
99555,02070,02
99556,02122,02
99557,02050,02
99558,02290,02
99559,02050,02
99561,02050,02
99563,02158,02
99564,02164,02
99565,02164,02
99566,02066,02
99567,02020,02
99568,02122,02
99569,02070,02
99571,02013,02
99572,02122,02
99573,02066,02
99574,02063,02
99575,02050,02
99576,02070,02
99577,02020,02
99578,02050,02
99579,02164,02
99580,02070,02
99581,02158,02
99583,02013,02
99585,02158,02
99586,02066,02
99587,02020,02
99588,02066,02
99589,02050,02
99590,02290,02
99591,02016,02
99602,02290,02
99603,02122,02
99604,02158,02
99605,02122,02
99606,02164,02
99607,02050,02
99608,02150,02
99609,02050,02
99610,02122,02
99611,02122,02
99612,02013,02
99613,02164,02
99614,02050,02
99615,02150,02
99620,02158,02
99621,02050,02
99622,02050,02
99623,02170,02
99624,02150,02
99625,02164,02
99626,02050,02
99627,02290,02
99628,02070,02
99630,02050,02
99631,02122,02
99632,02158,02
99633,02060,02
99634,02050,02
99635,02122,02
99636,02070,02
99637,02050,02
99638,02016,02
99639,02122,02
99640,02164,02
99641,02050,02
99643,02150,02
99644,02150,02
99645,02170,02
99647,02164,02
99648,02164,02
99649,02164,02
99650,02158,02
99651,02050,02
99652,02170,02
99653,02164,02
99654,02170,02
99655,02050,02
99656,02050,02
99657,02158,02
99658,02158,02
99659,02180,02
99660,02016,02
99661,02013,02
99662,02158,02
99663,02122,02
99664,02122,02
99665,02290,02
99666,02158,02
99667,02170,02
99668,02050,02
99669,02122,02
99670,02060,02
99671,02180,02
99672,02122,02
99674,02170,02
99675,02290,02
99676,02170,02
99677,02063,02
99678,02070,02
99679,02050,02
99680,02050,02
99681,02050,02
99682,02122,02
99683,02170,02
99684,02180,02
99685,02016,02
99686,02063,02
99688,02170,02
99689,02282,02
99690,02050,02
99691,02290,02
99692,02016,02
99693,02063,02
99694,02170,02
99695,02164,02
99701,02290,02
99702,02090,02
99703,02090,02
99704,02068,02
99705,02090,02
99706,02240,02
99707,02090,02
99709,02090,02
99712,02090,02
99714,02090,02
99720,02290,02
99721,02185,02
99722,02290,02
99723,02185,02
99724,02290,02
99725,02090,02
99726,02290,02
99727,02188,02
99729,02170,02
99730,02290,02
99732,02240,02
99733,02290,02
99734,02185,02
99736,02188,02
99737,02240,02
99738,02240,02
99739,02180,02
99740,02290,02
99741,02290,02
99742,02180,02
99743,02068,02
99744,02068,02
99745,02290,02
99746,02290,02
99747,02185,02
99748,02290,02
99749,02188,02
99750,02188,02
99751,02188,02
99752,02188,02
99753,02180,02
99754,02290,02
99755,02068,02
99756,02290,02
99757,02290,02
99758,02290,02
99759,02185,02
99760,02290,02
99761,02188,02
99762,02180,02
99763,02188,02
99764,02240,02
99765,02290,02
99766,02185,02
99767,02290,02
99768,02290,02
99769,02180,02
99770,02188,02
99771,02180,02
99772,02180,02
99773,02188,02
99774,02290,02
99775,02090,02
99776,02240,02
99777,02290,02
99778,02180,02
99780,02240,02
99781,02290,02
99782,02185,02
99783,02180,02
99784,02180,02
99785,02180,02
99786,02188,02
99788,02290,02
99789,02185,02
99790,02290,02
99791,02185,02
99801,02110,02
99820,02105,02
99824,02110,02
99825,02105,02
99826,02105,02
99827,02100,02
99829,02105,02
99830,02198,02
99832,02105,02
99833,02195,02
99835,02220,02
99836,02198,02
99840,02230,02
99841,02105,02
99850,02100,02
99901,02130,02
99903,02275,02
99918,02198,02
99919,02198,02
99921,02198,02
99922,02198,02
99923,02198,02
99925,02198,02
99926,02198,02
99927,02198,02
99929,02275,02
