county_fips,county_name,state_fips,practice_state,provider_count,total_population,providers_per_100k,unique_taxonomies,recent_provider_growth,risk_tier,risk_score,risk_rank
01001,"Autauga County, Alabama",01,AL,3,58761,5.1054,2,2,underserved,61.8,1202
01003,"Baldwin County, Alabama",01,AL,61,233420,26.1332,9,7,well_served,23.0,2421
01005,"Barbour County, Alabama",01,AL,1,24877,4.0198,1,0,critical,64.3,1123
01007,"Bibb County, Alabama",01,AL,1,22251,4.4942,1,0,critical,63.2,1158
01009,"Blount County, Alabama",01,AL,0,59077,0.0,0,0,access_desert,83.5,1
01011,"Bullock County, Alabama",01,AL,0,10328,0.0,0,0,access_desert,83.5,1
01013,"Butler County, Alabama",01,AL,3,18981,15.8053,2,0,adequate,40.6,1866
01015,"Calhoun County, Alabama",01,AL,14,116162,12.0521,4,2,adequate,47.7,1644
01017,"Chambers County, Alabama",01,AL,3,34612,8.6675,3,0,underserved,54.5,1429
01019,"Cherokee County, Alabama",01,AL,0,25069,0.0,0,0,access_desert,83.5,1
01021,"Chilton County, Alabama",01,AL,3,45140,6.646,3,0,underserved,58.5,1305
01023,"Choctaw County, Alabama",01,AL,0,12669,0.0,0,0,access_desert,83.5,1
01025,"Clarke County, Alabama",01,AL,0,23058,0.0,0,0,access_desert,83.5,1
01027,"Clay County, Alabama",01,AL,1,14209,7.0378,1,0,underserved,57.8,1328
01029,"Cleburne County, Alabama",01,AL,0,15144,0.0,0,0,access_desert,83.5,1
01031,"Coffee County, Alabama",01,AL,6,53559,11.2026,3,0,adequate,49.5,1587
01033,"Colbert County, Alabama",01,AL,16,57270,27.9378,4,2,well_served,20.1,2513
01035,"Conecuh County, Alabama",01,AL,0,11576,0.0,0,0,access_desert,83.5,1
01037,"Coosa County, Alabama",01,AL,0,10329,0.0,0,0,access_desert,83.5,1
01039,"Covington County, Alabama",01,AL,8,37542,21.3095,2,0,well_served,30.8,2175
01041,"Crenshaw County, Alabama",01,AL,2,13205,15.1458,1,0,adequate,42.0,1824
01043,"Cullman County, Alabama",01,AL,10,88284,11.3271,2,0,adequate,49.3,1593
01045,"Dale County, Alabama",01,AL,5,49455,10.1102,3,0,adequate,52.0,1510
01047,"Dallas County, Alabama",01,AL,8,38326,20.8736,1,0,well_served,31.6,2152
01049,"DeKalb County, Alabama",01,AL,7,71680,9.7656,3,0,underserved,52.7,1486
01051,"Elmore County, Alabama",01,AL,4,87694,4.5613,2,1,critical,62.9,1166
01053,"Escambia County, Alabama",01,AL,3,36755,8.1622,1,0,underserved,55.5,1400
01055,"Etowah County, Alabama",01,AL,14,103348,13.5465,4,0,adequate,45.0,1729
01057,"Fayette County, Alabama",01,AL,3,16297,18.4083,1,0,adequate,35.8,2019
01059,"Franklin County, Alabama",01,AL,4,32011,12.4957,2,0,adequate,46.7,1677
01061,"Geneva County, Alabama",01,AL,0,26647,0.0,0,0,access_desert,83.5,1
01063,"Greene County, Alabama",01,AL,0,7706,0.0,0,0,access_desert,83.5,1
01065,"Hale County, Alabama",01,AL,0,14742,0.0,0,0,access_desert,83.5,1
01067,"Henry County, Alabama",01,AL,0,17282,0.0,0,0,access_desert,83.5,1
01069,"Houston County, Alabama",01,AL,50,107040,46.7115,6,2,well_served,5.5,2972
01071,"Jackson County, Alabama",01,AL,4,52618,7.602,1,0,underserved,56.6,1366
01073,"Jefferson County, Alabama",01,AL,321,672265,47.749,10,7,well_served,5.1,2984
01075,"Lamar County, Alabama",01,AL,0,13885,0.0,0,0,access_desert,83.5,1
01077,"Lauderdale County, Alabama",01,AL,18,94329,19.0821,4,0,adequate,34.6,2057
01079,"Lawrence County, Alabama",01,AL,1,33116,3.0197,1,0,critical,65.9,1071
01081,"Lee County, Alabama",01,AL,29,175126,16.5595,7,2,adequate,39.4,1905
01083,"Limestone County, Alabama",01,AL,15,104199,14.3955,5,0,adequate,43.4,1780
01085,"Lowndes County, Alabama",01,AL,0,10153,0.0,0,0,access_desert,83.5,1
01087,"Macon County, Alabama",01,AL,1,19198,5.2089,1,0,underserved,61.4,1213
01089,"Madison County, Alabama",01,AL,130,389781,33.3521,11,13,well_served,14.0,2705
01091,"Marengo County, Alabama",01,AL,0,19180,0.0,0,0,access_desert,83.5,1
01093,"Marion County, Alabama",01,AL,1,29203,3.4243,1,0,critical,65.5,1085
01095,"Marshall County, Alabama",01,AL,15,97923,15.3182,4,0,adequate,41.5,1839
01097,"Mobile County, Alabama",01,AL,127,413878,30.6854,10,16,well_served,17.0,2611
01099,"Monroe County, Alabama",01,AL,1,19816,5.0464,1,0,underserved,62.0,1196
01101,"Montgomery County, Alabama",01,AL,64,228132,28.0539,6,5,well_served,20.0,2516
01103,"Morgan County, Alabama",01,AL,25,123102,20.3084,5,0,well_served,32.5,2123
01105,"Perry County, Alabama",01,AL,0,8479,0.0,0,0,access_desert,83.5,1
01107,"Pickens County, Alabama",01,AL,0,18925,0.0,0,0,access_desert,83.5,1
01109,"Pike County, Alabama",01,AL,5,32997,15.1529,2,0,adequate,41.9,1826
01111,"Randolph County, Alabama",01,AL,1,22179,4.5088,1,0,critical,63.0,1162
01113,"Russell County, Alabama",01,AL,4,58849,6.7971,2,0,underserved,58.2,1313
01115,"St. Clair County, Alabama",01,AL,0,91719,0.0,0,0,access_desert,83.5,1
01117,"Shelby County, Alabama",01,AL,30,223916,13.3979,6,3,adequate,45.2,1722
01119,"Sumter County, Alabama",01,AL,0,12196,0.0,0,0,access_desert,83.5,1
01121,"Talladega County, Alabama",01,AL,11,81105,13.5627,3,1,adequate,45.0,1730
01123,"Tallapoosa County, Alabama",01,AL,7,41251,16.9693,2,0,adequate,38.4,1937
01125,"Tuscaloosa County, Alabama",01,AL,24,231558,10.3646,4,1,adequate,51.4,1528
01127,"Walker County, Alabama",01,AL,9,64978,13.8508,2,1,adequate,44.4,1749
01129,"Washington County, Alabama",01,AL,0,15434,0.0,0,0,access_desert,83.5,1
01131,"Wilcox County, Alabama",01,AL,0,10441,0.0,0,0,access_desert,83.5,1
01133,"Winston County, Alabama",01,AL,0,23655,0.0,0,0,access_desert,83.5,1
02013,"Aleutians East Borough, Alaska",02,AK,0,3407,0.0,0,0,access_desert,83.5,1
02016,"Aleutians West Census Area, Alaska",02,AK,0,5219,0.0,0,0,access_desert,83.5,1
02020,"Anchorage Municipality, Alaska",02,AK,183,290674,62.9571,9,13,well_served,1.8,3086
02050,"Bethel Census Area, Alaska",02,AK,4,18538,21.5773,2,0,well_served,30.3,2192
02060,"Bristol Bay Borough, Alaska",02,AK,0,854,0.0,0,0,access_desert,83.5,1
02063,"Chugach Census Area, Alaska",02,AK,0,7000,0.0,0,0,access_desert,83.5,1
02066,"Copper River Census Area, Alaska",02,AK,0,2614,0.0,0,0,access_desert,83.5,1
02068,"Denali Borough, Alaska",02,AK,0,2101,0.0,0,0,access_desert,83.5,1
02070,"Dillingham Census Area, Alaska",02,AK,0,4854,0.0,0,0,access_desert,83.5,1
02090,"Fairbanks North Star Borough, Alaska",02,AK,16,96299,16.6149,5,1,adequate,39.3,1909
02100,"Haines Borough, Alaska",02,AK,0,2079,0.0,0,0,access_desert,83.5,1
02105,"Hoonah-Angoon Census Area, Alaska",02,AK,0,2329,0.0,0,0,access_desert,83.5,1
02110,"Juneau City and Borough, Alaska",02,AK,20,32108,62.2898,5,0,well_served,1.9,3083
02122,"Kenai Peninsula Borough, Alaska",02,AK,27,59235,45.5812,3,1,well_served,5.8,2962
02130,"Ketchikan Gateway Borough, Alaska",02,AK,10,13910,71.8907,4,0,well_served,1.1,3108
02150,"Kodiak Island Borough, Alaska",02,AK,3,13065,22.9621,2,0,well_served,28.0,2263
02158,"Kusilvak Census Area, Alaska",02,AK,0,8372,0.0,0,0,access_desert,83.5,1
02164,"Lake and Peninsula Borough, Alaska",02,AK,0,999,0.0,0,0,access_desert,83.5,1
02170,"Matanuska-Susitna Borough, Alaska",02,AK,58,108661,53.377,6,5,well_served,3.4,3037
02180,"Nome Census Area, Alaska",02,AK,1,10018,9.982,1,0,underserved,52.2,1504
02185,"North Slope Borough, Alaska",02,AK,0,10924,0.0,0,0,access_desert,83.5,1
02188,"Northwest Arctic Borough, Alaska",02,AK,5,7682,65.0872,2,0,well_served,1.6,3095
02195,"Petersburg Borough, Alaska",02,AK,0,3374,0.0,0,0,access_desert,83.5,1
02198,"Prince of Wales-Hyder Census Area, Alaska",02,AK,0,5799,0.0,0,0,access_desert,83.5,1
02220,"Sitka City and Borough, Alaska",02,AK,3,8462,35.4526,3,0,well_served,11.8,2772
02230,"Skagway Municipality, Alaska",02,AK,0,1303,0.0,0,0,access_desert,83.5,1
02240,"Southeast Fairbanks Census Area, Alaska",02,AK,1,6888,14.518,1,0,adequate,43.2,1786
02275,"Wrangell City and Borough, Alaska",02,AK,0,2134,0.0,0,0,access_desert,83.5,1
02282,"Yakutat City and Borough, Alaska",02,AK,0,564,0.0,0,0,access_desert,83.5,1
02290,"Yukon-Koyukuk Census Area, Alaska",02,AK,40,5355,746.9655,5,2,well_served,0.0,3143
04001,"Apache County, Arizona",04,AZ,44,66054,66.6122,3,3,well_served,1.3,3102
04003,"Cochise County, Arizona",04,AZ,28,125504,22.31,4,2,well_served,29.1,2228
04005,"Coconino County, Arizona",04,AZ,72,144705,49.7564,6,5,well_served,4.4,3006
04007,"Gila County, Arizona",04,AZ,11,53419,20.5919,4,2,well_served,32.1,2136
04009,"Graham County, Arizona",04,AZ,7,38453,18.204,3,0,adequate,36.1,2009
04011,"Greenlee County, Arizona",04,AZ,0,9483,0.0,0,0,access_desert,83.5,1
04012,"La Paz County, Arizona",04,AZ,1,16681,5.9948,1,0,underserved,59.8,1265
04013,"Maricopa County, Arizona",04,AZ,1292,4430871,29.1591,10,87,well_served,18.6,2558
04015,"Mohave County, Arizona",04,AZ,24,214229,11.203,5,0,adequate,49.5,1588
04017,"Navajo County, Arizona",04,AZ,25,107110,23.3405,5,1,well_served,27.3,2287
04019,"Pima County, Arizona",04,AZ,316,1042393,30.3149,10,19,well_served,17.4,2597
04021,"Pinal County, Arizona",04,AZ,61,433338,14.0768,7,11,adequate,44.1,1759
04023,"Santa Cruz County, Arizona",04,AZ,8,47838,16.7231,3,1,adequate,39.1,1916
04025,"Yavapai County, Arizona",04,AZ,44,237830,18.5006,6,2,adequate,35.6,2024
04027,"Yuma County, Arizona",04,AZ,48,204374,23.4864,5,3,well_served,27.1,2292
05001,"Arkansas County, Arkansas",05,AR,3,17024,17.6222,1,0,adequate,37.3,1972
05003,"Ashley County, Arkansas",05,AR,5,19018,26.2909,1,0,well_served,22.7,2430
05005,"Baxter County, Arkansas",05,AR,10,41801,23.9229,4,0,well_served,26.3,2316
05007,"Benton County, Arkansas",05,AR,65,286528,22.6854,7,4,well_served,28.3,2255
05009,"Boone County, Arkansas",05,AR,10,37662,26.552,6,0,well_served,22.1,2448
05011,"Bradley County, Arkansas",05,AR,1,10461,9.5593,1,0,underserved,53.1,1475
05013,"Calhoun County, Arkansas",05,AR,0,4773,0.0,0,0,access_desert,83.5,1
05015,"Carroll County, Arkansas",05,AR,4,28362,14.1034,2,0,adequate,44.0,1760
05017,"Chicot County, Arkansas",05,AR,1,10234,9.7714,1,0,underserved,52.7,1487
05019,"Clark County, Arkansas",05,AR,7,21469,32.6052,2,0,well_served,14.5,2688
05021,"Clay County, Arkansas",05,AR,0,14537,0.0,0,0,access_desert,83.5,1
05023,"Cleburne County, Arkansas",05,AR,1,24948,4.0083,1,1,critical,64.3,1121
05025,"Cleveland County, Arkansas",05,AR,0,7548,0.0,0,0,access_desert,83.5,1
05027,"Columbia County, Arkansas",05,AR,3,22707,13.2118,3,0,adequate,45.5,1715
05029,"Conway County, Arkansas",05,AR,1,20782,4.8119,1,0,critical,62.4,1182
05031,"Craighead County, Arkansas",05,AR,25,111038,22.5148,5,1,well_served,28.6,2246
05033,"Crawford County, Arkansas",05,AR,1,60593,1.6504,1,0,critical,66.9,1042
05035,"Crittenden County, Arkansas",05,AR,5,47945,10.4286,1,0,adequate,51.2,1533
05037,"Cross County, Arkansas",05,AR,1,16827,5.9428,1,0,underserved,59.9,1260
05039,"Dallas County, Arkansas",05,AR,0,6472,0.0,0,0,access_desert,83.5,1
05041,"Desha County, Arkansas",05,AR,0,11285,0.0,0,0,access_desert,83.5,1
05043,"Drew County, Arkansas",05,AR,3,17309,17.332,2,0,adequate,37.9,1952
05045,"Faulkner County, Arkansas",05,AR,31,124611,24.8774,5,1,well_served,24.9,2362
05047,"Franklin County, Arkansas",05,AR,0,17160,0.0,0,0,access_desert,83.5,1
05049,"Fulton County, Arkansas",05,AR,0,12183,0.0,0,0,access_desert,83.5,1
05051,"Garland County, Arkansas",05,AR,18,100021,17.9962,5,2,adequate,36.5,1996
05053,"Grant County, Arkansas",05,AR,1,18022,5.5488,1,0,underserved,60.7,1237
05055,"Greene County, Arkansas",05,AR,7,45954,15.2326,2,0,adequate,41.8,1831
05057,"Hempstead County, Arkansas",05,AR,2,20037,9.9815,2,0,underserved,52.2,1503
05059,"Hot Spring County, Arkansas",05,AR,2,33129,6.037,1,0,underserved,59.6,1270
05061,"Howard County, Arkansas",05,AR,0,12779,0.0,0,0,access_desert,83.5,1
05063,"Independence County, Arkansas",05,AR,11,37910,29.0161,3,0,well_served,18.8,2554
05065,"Izard County, Arkansas",05,AR,0,13748,0.0,0,0,access_desert,83.5,1
05067,"Jackson County, Arkansas",05,AR,5,16784,29.7903,1,0,well_served,17.9,2582
05069,"Jefferson County, Arkansas",05,AR,16,66934,23.9041,4,0,well_served,26.5,2312
05071,"Johnson County, Arkansas",05,AR,3,25925,11.5718,1,0,adequate,48.7,1613
05073,"Lafayette County, Arkansas",05,AR,1,6277,15.9312,1,0,adequate,40.4,1874
05075,"Lawrence County, Arkansas",05,AR,0,16258,0.0,0,0,access_desert,83.5,1
05077,"Lee County, Arkansas",05,AR,1,8666,11.5393,1,0,adequate,48.8,1609
05079,"Lincoln County, Arkansas",05,AR,0,13016,0.0,0,0,access_desert,83.5,1
05081,"Little River County, Arkansas",05,AR,1,12024,8.3167,1,0,underserved,55.2,1409
05083,"Logan County, Arkansas",05,AR,0,21247,0.0,0,0,access_desert,83.5,1
05085,"Lonoke County, Arkansas",05,AR,3,74292,4.0381,3,0,critical,64.2,1127
05087,"Madison County, Arkansas",05,AR,1,16737,5.9748,1,0,underserved,59.8,1263
05089,"Marion County, Arkansas",05,AR,0,16905,0.0,0,0,access_desert,83.5,1
05091,"Miller County, Arkansas",05,AR,2,42682,4.6858,1,0,critical,62.6,1175
05093,"Mississippi County, Arkansas",05,AR,3,40361,7.4329,3,0,underserved,56.9,1355
05095,"Monroe County, Arkansas",05,AR,0,6787,0.0,0,0,access_desert,83.5,1
05097,"Montgomery County, Arkansas",05,AR,1,8555,11.6891,1,0,adequate,48.4,1621
05099,"Nevada County, Arkansas",05,AR,0,8292,0.0,0,0,access_desert,83.5,1
05101,"Newton County, Arkansas",05,AR,0,7243,0.0,0,0,access_desert,83.5,1
05103,"Ouachita County, Arkansas",05,AR,2,22606,8.8472,1,0,underserved,54.4,1435
05105,"Perry County, Arkansas",05,AR,0,10055,0.0,0,0,access_desert,83.5,1
05107,"Phillips County, Arkansas",05,AR,3,16373,18.3228,3,0,adequate,35.9,2015
05109,"Pike County, Arkansas",05,AR,1,10205,9.7991,1,0,underserved,52.6,1489
05111,"Poinsett County, Arkansas",05,AR,1,22997,4.3484,1,0,critical,63.4,1152
05113,"Polk County, Arkansas",05,AR,3,19384,15.4767,2,1,adequate,41.2,1848
05115,"Pope County, Arkansas",05,AR,14,63475,22.0559,3,0,well_served,29.4,2219
05117,"Prairie County, Arkansas",05,AR,0,8217,0.0,0,0,access_desert,83.5,1
05119,"Pulaski County, Arkansas",05,AR,190,398322,47.7001,11,7,well_served,5.1,2983
05121,"Randolph County, Arkansas",05,AR,0,18619,0.0,0,0,access_desert,83.5,1
05123,"St. Francis County, Arkansas",05,AR,3,23138,12.9657,2,0,adequate,45.9,1702
05125,"Saline County, Arkansas",05,AR,12,123988,9.6784,4,0,underserved,52.9,1481
05127,"Scott County, Arkansas",05,AR,0,9871,0.0,0,0,access_desert,83.5,1
05129,"Searcy County, Arkansas",05,AR,0,7880,0.0,0,0,access_desert,83.5,1
05131,"Sebastian County, Arkansas",05,AR,40,128184,31.2051,6,5,well_served,16.2,2634
05133,"Sevier County, Arkansas",05,AR,3,15913,18.8525,2,0,adequate,35.0,2045
05135,"Sharp County, Arkansas",05,AR,1,17422,5.7399,1,0,underserved,60.2,1250
05137,"Stone County, Arkansas",05,AR,0,12393,0.0,0,0,access_desert,83.5,1
05139,"Union County, Arkansas",05,AR,5,38815,12.8816,2,0,adequate,46.1,1695
05141,"Van Buren County, Arkansas",05,AR,1,15900,6.2893,1,0,underserved,59.1,1286
05143,"Washington County, Arkansas",05,AR,69,247331,27.8978,8,2,well_served,20.2,2510
05145,"White County, Arkansas",05,AR,9,77118,11.6704,3,0,adequate,48.5,1619
05147,"Woodruff County, Arkansas",05,AR,0,6259,0.0,0,0,access_desert,83.5,1
05149,"Yell County, Arkansas",05,AR,0,20342,0.0,0,0,access_desert,83.5,1
06001,"Alameda County, California",06,CA,569,1663823,34.1983,11,17,well_served,13.1,2731
06003,"Alpine County, California",06,CA,1,1515,66.0066,1,0,well_served,1.4,3099
06005,"Amador County, California",06,CA,7,40577,17.2512,4,0,adequate,38.0,1949
06007,"Butte County, California",06,CA,63,213605,29.4937,8,2,well_served,18.2,2571
06009,"Calaveras County, California",06,CA,2,45674,4.3789,2,0,critical,63.3,1155
06011,"Colusa County, California",06,CA,0,21811,0.0,0,0,access_desert,83.5,1
06013,"Contra Costa County, California",06,CA,294,1162648,25.2871,11,6,well_served,24.3,2379
06015,"Del Norte County, California",06,CA,5,27462,18.207,4,0,adequate,36.1,2010
06017,"El Dorado County, California",06,CA,33,191713,17.2132,6,4,adequate,38.1,1945
06019,"Fresno County, California",06,CA,223,1008280,22.1169,10,12,well_served,29.3,2222
06021,"Glenn County, California",06,CA,0,28657,0.0,0,0,access_desert,83.5,1
06023,"Humboldt County, California",06,CA,57,136132,41.8711,6,1,well_served,7.5,2909
06025,"Imperial County, California",06,CA,32,179578,17.8196,7,0,adequate,36.8,1986
06027,"Inyo County, California",06,CA,0,18829,0.0,0,0,access_desert,83.5,1
06029,"Kern County, California",06,CA,160,906883,17.6428,12,11,adequate,37.2,1974
06031,"Kings County, California",06,CA,20,152515,13.1135,5,2,adequate,45.7,1707
06033,"Lake County, California",06,CA,11,68024,16.1708,4,0,adequate,40.1,1883
06035,"Lassen County, California",06,CA,3,31873,9.4124,3,0,underserved,53.4,1466
06037,"Los Angeles County, California",06,CA,2623,9936690,26.3971,12,90,well_served,22.4,2440
06039,"Madera County, California",06,CA,25,157243,15.899,6,0,adequate,40.5,1871
06041,"Marin County, California",06,CA,112,260485,42.9967,7,6,well_served,6.9,2927
06043,"Mariposa County, California",06,CA,2,17130,11.6754,2,1,adequate,48.5,1620
06045,"Mendocino County, California",06,CA,36,91145,39.4975,5,2,well_served,9.1,2857
06047,"Merced County, California",06,CA,34,282290,12.0444,6,0,adequate,47.7,1643
06049,"Modoc County, California",06,CA,0,8651,0.0,0,0,access_desert,83.5,1
06051,"Mono County, California",06,CA,15,13219,113.473,3,2,well_served,0.3,3134
06053,"Monterey County, California",06,CA,103,437609,23.537,6,4,well_served,27.0,2295
06055,"Napa County, California",06,CA,51,137384,37.1222,6,0,well_served,10.7,2809
06057,"Nevada County, California",06,CA,36,102322,35.183,4,2,well_served,12.1,2765
06059,"Orange County, California",06,CA,882,3175227,27.7775,12,25,well_served,20.3,2505
06061,"Placer County, California",06,CA,106,406608,26.0693,8,3,well_served,23.2,2415
06063,"Plumas County, California",06,CA,1,19650,5.0891,1,0,underserved,61.9,1199
06065,"Riverside County, California",06,CA,349,2429487,14.3652,11,18,adequate,43.4,1779
06067,"Sacramento County, California",06,CA,433,1579211,27.4188,10,10,well_served,20.8,2490
06069,"San Benito County, California",06,CA,6,64753,9.266,2,0,underserved,53.6,1460
06071,"San Bernardino County, California",06,CA,384,2180563,17.6101,12,12,adequate,37.3,1970
06073,"San Diego County, California",06,CA,1044,3289701,31.7354,11,45,well_served,15.4,2660
06075,"San Francisco County, California",06,CA,400,851036,47.0015,10,14,well_served,5.4,2974
06077,"San Joaquin County, California",06,CA,129,779445,16.5502,8,8,adequate,39.5,1902
06079,"San Luis Obispo County, California",06,CA,97,281712,34.4323,9,7,well_served,12.8,2742
06081,"San Mateo County, California",06,CA,193,754250,25.5883,9,6,well_served,24.0,2388
06083,"Santa Barbara County, California",06,CA,156,445213,35.0394,10,4,well_served,12.2,2762
06085,"Santa Clara County, California",06,CA,700,1916831,36.5186,11,15,well_served,11.3,2790
06087,"Santa Cruz County, California",06,CA,107,268571,39.8405,7,7,well_served,9.0,2862
06089,"Shasta County, California",06,CA,42,181852,23.0957,5,3,well_served,27.8,2271
06091,"Sierra County, California",06,CA,0,2916,0.0,0,0,access_desert,83.5,1
06093,"Siskiyou County, California",06,CA,7,44049,15.8914,3,0,adequate,40.5,1870
06095,"Solano County, California",06,CA,97,450995,21.508,7,6,well_served,30.4,2187
06097,"Sonoma County, California",06,CA,125,488436,25.5919,7,2,well_served,24.0,2389
06099,"Stanislaus County, California",06,CA,112,552063,20.2875,9,0,well_served,32.6,2120
06101,"Sutter County, California",06,CA,29,99101,29.2631,4,0,well_served,18.4,2566
06103,"Tehama County, California",06,CA,13,65484,19.8522,3,0,adequate,33.3,2097
06105,"Trinity County, California",06,CA,2,15889,12.5873,1,0,adequate,46.6,1680
06107,"Tulare County, California",06,CA,88,473446,18.5871,7,10,adequate,35.5,2029
06109,"Tuolumne County, California",06,CA,19,54993,34.5499,5,1,well_served,12.7,2745
06111,"Ventura County, California",06,CA,223,842009,26.4843,12,10,well_served,22.2,2446
06113,"Yolo County, California",06,CA,67,217141,30.8555,4,5,well_served,16.6,2621
06115,"Yuba County, California",06,CA,11,81705,13.4631,4,2,adequate,45.2,1724
08001,"Adams County, Colorado",08,CO,310,520149,59.5983,10,16,well_served,2.2,3074
08003,"Alamosa County, Colorado",08,CO,10,16460,60.7533,3,0,well_served,2.2,3076
08005,"Arapahoe County, Colorado",08,CO,259,654453,39.575,9,19,well_served,9.1,2859
08007,"Archuleta County, Colorado",08,CO,2,13509,14.8049,2,0,adequate,42.6,1804
08009,"Baca County, Colorado",08,CO,0,3496,0.0,0,0,access_desert,83.5,1
08011,"Bent County, Colorado",08,CO,1,5561,17.9824,1,1,adequate,36.5,1995
08013,"Boulder County, Colorado",08,CO,184,328658,55.9852,9,13,well_served,2.7,3058
08014,"Broomfield County, Colorado",08,CO,13,73946,17.5804,5,2,adequate,37.4,1969
08015,"Chaffee County, Colorado",08,CO,9,19564,46.0029,4,1,well_served,5.7,2964
08017,"Cheyenne County, Colorado",08,CO,0,1726,0.0,0,0,access_desert,83.5,1
08019,"Clear Creek County, Colorado",08,CO,5,9403,53.1745,3,2,well_served,3.5,3034
08021,"Conejos County, Colorado",08,CO,1,7553,13.2398,1,0,adequate,45.4,1716
08023,"Costilla County, Colorado",08,CO,0,3534,0.0,0,0,access_desert,83.5,1
08025,"Crowley County, Colorado",08,CO,0,5782,0.0,0,0,access_desert,83.5,1
08027,"Custer County, Colorado",08,CO,0,4885,0.0,0,0,access_desert,83.5,1
08029,"Delta County, Colorado",08,CO,7,31173,22.4553,2,0,well_served,28.7,2242
08031,"Denver County, Colorado",08,CO,456,710800,64.1531,11,29,well_served,1.7,3089
08033,"Dolores County, Colorado",08,CO,1,2329,42.9369,1,0,well_served,6.9,2926
08035,"Douglas County, Colorado",08,CO,191,360206,53.0252,11,19,well_served,3.5,3033
08037,"Eagle County, Colorado",08,CO,21,55650,37.7358,5,1,well_served,10.2,2822
08039,"Elbert County, Colorado",08,CO,4,26457,15.1189,2,0,adequate,42.1,1820
08041,"El Paso County, Colorado",08,CO,266,730323,36.4222,10,28,well_served,11.3,2788
08043,"Fremont County, Colorado",08,CO,6,49107,12.2182,1,0,adequate,47.4,1653
08045,"Garfield County, Colorado",08,CO,26,61683,42.151,6,0,well_served,7.3,2914
08047,"Gilpin County, Colorado",08,CO,0,5856,0.0,0,0,access_desert,83.5,1
08049,"Grand County, Colorado",08,CO,4,15724,25.4388,2,0,well_served,24.2,2383
08051,"Gunnison County, Colorado",08,CO,8,17018,47.009,4,1,well_served,5.4,2975
08053,"Hinsdale County, Colorado",08,CO,0,911,0.0,0,0,access_desert,83.5,1
08055,"Huerfano County, Colorado",08,CO,0,6896,0.0,0,0,access_desert,83.5,1
08057,"Jackson County, Colorado",08,CO,0,1440,0.0,0,0,access_desert,83.5,1
08059,"Jefferson County, Colorado",08,CO,131,580519,22.566,8,7,well_served,28.4,2251
08061,"Kiowa County, Colorado",08,CO,1,1347,74.239,1,0,well_served,1.0,3112
08063,"Kit Carson County, Colorado",08,CO,1,7039,14.2066,1,0,adequate,43.8,1768
08065,"Lake County, Colorado",08,CO,0,7403,0.0,0,0,access_desert,83.5,1
08067,"La Plata County, Colorado",08,CO,37,55983,66.0915,6,0,well_served,1.4,3101
08069,"Larimer County, Colorado",08,CO,121,359363,33.6707,10,10,well_served,13.5,2719
08071,"Las Animas County, Colorado",08,CO,1,14422,6.9339,1,0,underserved,58.0,1322
08073,"Lincoln County, Colorado",08,CO,2,5583,35.823,1,0,well_served,11.5,2782
08075,"Logan County, Colorado",08,CO,4,21302,18.7776,2,0,adequate,35.1,2039
08077,"Mesa County, Colorado",08,CO,59,156131,37.7888,7,2,well_served,10.2,2824
08079,"Mineral County, Colorado",08,CO,0,794,0.0,0,0,access_desert,83.5,1
08081,"Moffat County, Colorado",08,CO,2,13232,15.1149,1,0,adequate,42.1,1819
08083,"Montezuma County, Colorado",08,CO,11,26070,42.1941,4,0,well_served,7.3,2916
08085,"Montrose County, Colorado",08,CO,28,42823,65.3854,5,5,well_served,1.5,3096
08087,"Morgan County, Colorado",08,CO,4,29045,13.7717,2,0,adequate,44.4,1747
08089,"Otero County, Colorado",08,CO,1,18580,5.3821,1,0,underserved,61.0,1225
08091,"Ouray County, Colorado",08,CO,4,4936,81.0373,2,0,well_served,0.8,3120
08093,"Park County, Colorado",08,CO,0,17597,0.0,0,0,access_desert,83.5,1
08095,"Phillips County, Colorado",08,CO,0,4493,0.0,0,0,access_desert,83.5,1
08097,"Pitkin County, Colorado",08,CO,9,17325,51.9481,3,0,well_served,3.8,3023
08099,"Prowers County, Colorado",08,CO,3,11968,25.0668,1,0,well_served,24.6,2370
08101,"Pueblo County, Colorado",08,CO,51,168135,30.3328,8,5,well_served,17.4,2598
08103,"Rio Blanco County, Colorado",08,CO,7,6511,107.5104,3,1,well_served,0.4,3132
08105,"Rio Grande County, Colorado",08,CO,6,11442,52.4384,3,0,well_served,3.7,3027
08107,"Routt County, Colorado",08,CO,13,24944,52.1167,4,1,well_served,3.8,3025
08109,"Saguache County, Colorado",08,CO,1,6454,15.4943,1,0,adequate,41.2,1850
08111,"San Juan County, Colorado",08,CO,0,690,0.0,0,0,access_desert,83.5,1
08113,"San Miguel County, Colorado",08,CO,1,8082,12.3732,1,0,adequate,47.0,1666
08115,"Sedgwick County, Colorado",08,CO,0,2391,0.0,0,0,access_desert,83.5,1
08117,"Summit County, Colorado",08,CO,14,30955,45.2269,2,0,well_served,6.0,2956
08119,"Teller County, Colorado",08,CO,1,24758,4.0391,1,0,critical,64.1,1128
08121,"Washington County, Colorado",08,CO,0,4817,0.0,0,0,access_desert,83.5,1
08123,"Weld County, Colorado",08,CO,58,331466,17.498,7,1,adequate,37.6,1962
08125,"Yuma County, Colorado",08,CO,1,9938,10.0624,1,0,adequate,52.1,1507
09110,"Capitol Planning Region, Connecticut",09,CT,0,977165,0.0,0,0,access_desert,83.5,1
09120,"Greater Bridgeport Planning Region, Connecticut",09,CT,0,326381,0.0,0,0,access_desert,83.5,1
09130,"Lower Connecticut River Valley Planning Region, Connecticut",09,CT,0,175244,0.0,0,0,access_desert,83.5,1
09140,"Naugatuck Valley Planning Region, Connecticut",09,CT,0,451887,0.0,0,0,access_desert,83.5,1
09150,"Northeastern Connecticut Planning Region, Connecticut",09,CT,0,95687,0.0,0,0,access_desert,83.5,1
09160,"Northwest Hills Planning Region, Connecticut",09,CT,0,112696,0.0,0,0,access_desert,83.5,1
09170,"South Central Connecticut Planning Region, Connecticut",09,CT,0,571298,0.0,0,0,access_desert,83.5,1
09180,"Southeastern Connecticut Planning Region, Connecticut",09,CT,0,280293,0.0,0,0,access_desert,83.5,1
09190,"Western Connecticut Planning Region, Connecticut",09,CT,0,620666,0.0,0,0,access_desert,83.5,1
10001,"Kent County, Delaware",10,DE,39,182400,21.3816,6,4,well_served,30.6,2182
10003,"New Castle County, Delaware",10,DE,206,570567,36.1044,11,9,well_served,11.5,2784
10005,"Sussex County, Delaware",10,DE,67,240668,27.8392,6,2,well_served,20.2,2509
11001,"District of Columbia, District of Columbia",11,DC,409,670587,60.9913,10,16,well_served,2.1,3077
12001,"Alachua County, Florida",12,FL,173,279729,61.8456,10,9,well_served,2.0,3082
12003,"Baker County, Florida",12,FL,1,27969,3.5754,1,0,critical,65.3,1091
12005,"Bay County, Florida",12,FL,52,181055,28.7206,8,5,well_served,19.2,2540
12007,"Bradford County, Florida",12,FL,2,27816,7.1901,2,0,underserved,57.2,1345
12009,"Brevard County, Florida",12,FL,151,610723,24.7248,10,7,well_served,25.2,2352
12011,"Broward County, Florida",12,FL,680,1940907,35.0352,11,45,well_served,12.2,2760
12013,"Calhoun County, Florida",12,FL,0,13753,0.0,0,0,access_desert,83.5,1
12015,"Charlotte County, Florida",12,FL,37,189900,19.4839,7,3,adequate,34.1,2073
12017,"Citrus County, Florida",12,FL,24,155173,15.4666,5,2,adequate,41.3,1847
12019,"Clay County, Florida",12,FL,67,219650,30.5031,7,3,well_served,17.1,2606
12021,"Collier County, Florida",12,FL,115,380221,30.2456,10,0,well_served,17.4,2596
12023,"Columbia County, Florida",12,FL,8,69832,11.4561,3,0,adequate,49.0,1604
12027,"DeSoto County, Florida",12,FL,3,34258,8.7571,1,1,underserved,54.5,1432
12029,"Dixie County, Florida",12,FL,0,16737,0.0,0,0,access_desert,83.5,1
12031,"Duval County, Florida",12,FL,389,995708,39.0677,10,27,well_served,9.4,2847
12033,"Escambia County, Florida",12,FL,177,321296,55.0894,9,24,well_served,3.0,3050
12035,"Flagler County, Florida",12,FL,16,117515,13.6153,6,1,adequate,44.8,1736
12037,"Franklin County, Florida",12,FL,1,12276,8.146,1,0,underserved,55.6,1397
12039,"Gadsden County, Florida",12,FL,5,43746,11.4296,3,0,adequate,49.1,1600
12041,"Gilchrist County, Florida",12,FL,1,18070,5.534,1,0,underserved,60.7,1235
12043,"Glades County, Florida",12,FL,1,12179,8.2109,1,0,underserved,55.4,1403
12045,"Gulf County, Florida",12,FL,0,15002,0.0,0,0,access_desert,83.5,1
12047,"Hamilton County, Florida",12,FL,0,13492,0.0,0,0,access_desert,83.5,1
12049,"Hardee County, Florida",12,FL,3,25528,11.7518,2,0,adequate,48.3,1626
12051,"Hendry County, Florida",12,FL,5,39902,12.5307,4,0,adequate,46.6,1679
12053,"Hernando County, Florida",12,FL,41,196621,20.8523,8,2,well_served,31.6,2150
12055,"Highlands County, Florida",12,FL,15,102339,14.6572,4,0,adequate,42.9,1796
12057,"Hillsborough County, Florida",12,FL,587,1468560,39.9711,10,35,well_served,8.8,2867
12059,"Holmes County, Florida",12,FL,1,19529,5.1206,1,0,underserved,61.7,1204
12061,"Indian River County, Florida",12,FL,40,160986,24.8469,6,4,well_served,24.9,2361
12063,"Jackson County, Florida",12,FL,2,47704,4.1925,2,0,critical,63.8,1137
12065,"Jefferson County, Florida",12,FL,0,14458,0.0,0,0,access_desert,83.5,1
12067,"Lafayette County, Florida",12,FL,2,8107,24.67,1,1,well_served,25.3,2348
12069,"Lake County, Florida",12,FL,64,386829,16.5448,7,3,adequate,39.5,1901
12071,"Lee County, Florida",12,FL,200,772902,25.8765,9,14,well_served,23.5,2404
12073,"Leon County, Florida",12,FL,103,294128,35.0188,10,7,well_served,12.2,2759
12075,"Levy County, Florida",12,FL,3,43268,6.9335,2,0,underserved,58.0,1321
12077,"Liberty County, Florida",12,FL,2,7704,25.9605,2,0,well_served,23.4,2409
12079,"Madison County, Florida",12,FL,0,17986,0.0,0,0,access_desert,83.5,1
12081,"Manatee County, Florida",12,FL,99,405069,24.4403,9,10,well_served,25.5,2343
12083,"Marion County, Florida",12,FL,75,378225,19.8295,6,4,adequate,33.4,2095
12085,"Martin County, Florida",12,FL,65,159399,40.7782,8,4,well_served,8.2,2886
12086,"Miami-Dade County, Florida",12,FL,743,2688237,27.6389,10,31,well_served,20.5,2500
12087,"Monroe County, Florida",12,FL,16,82044,19.5017,5,2,adequate,34.0,2075
12089,"Nassau County, Florida",12,FL,16,91538,17.4791,5,0,adequate,37.7,1960
12091,"Okaloosa County, Florida",12,FL,89,212021,41.977,6,2,well_served,7.4,2910
12093,"Okeechobee County, Florida",12,FL,9,39870,22.5734,4,0,well_served,28.3,2253
12095,"Orange County, Florida",12,FL,629,1427403,44.066,11,40,well_served,6.4,2944
12097,"Osceola County, Florida",12,FL,124,393745,31.4925,10,9,well_served,15.8,2647
12099,"Palm Beach County, Florida",12,FL,564,1494805,37.7307,11,30,well_served,10.3,2821
12101,"Pasco County, Florida",12,FL,95,569211,16.6898,9,5,adequate,39.2,1913
12103,"Pinellas County, Florida",12,FL,318,959918,33.1278,10,10,well_served,14.2,2699
12105,"Polk County, Florida",12,FL,154,736229,20.9174,11,17,well_served,31.4,2156
12107,"Putnam County, Florida",12,FL,9,73604,12.2276,4,2,adequate,47.4,1654
12109,"St. Johns County, Florida",12,FL,84,278722,30.1376,7,11,well_served,17.6,2592
12111,"St. Lucie County, Florida",12,FL,77,334682,23.0069,8,8,well_served,28.0,2264
12113,"Santa Rosa County, Florida",12,FL,30,188994,15.8735,5,2,adequate,40.6,1869
12115,"Sarasota County, Florida",12,FL,171,439392,38.9174,10,9,well_served,9.5,2846
12117,"Seminole County, Florida",12,FL,198,471321,42.0096,9,12,well_served,7.4,2911
12119,"Sumter County, Florida",12,FL,14,131832,10.6196,4,0,adequate,50.7,1550
12121,"Suwannee County, Florida",12,FL,4,43881,9.1156,2,0,underserved,53.9,1449
12123,"Taylor County, Florida",12,FL,1,21421,4.6683,1,0,critical,62.7,1174
12125,"Union County, Florida",12,FL,0,15524,0.0,0,0,access_desert,83.5,1
12127,"Volusia County, Florida",12,FL,109,558520,19.5159,8,10,adequate,34.0,2076
12129,"Wakulla County, Florida",12,FL,2,33732,5.9291,1,0,underserved,60.0,1258
12131,"Walton County, Florida",12,FL,13,76618,16.9673,5,0,adequate,38.4,1936
12133,"Washington County, Florida",12,FL,2,25014,7.9955,1,0,underserved,55.9,1387
13001,"Appling County, Georgia",13,GA,4,18441,21.6908,2,0,well_served,30.1,2199
13003,"Atkinson County, Georgia",13,GA,0,8265,0.0,0,0,access_desert,83.5,1
13005,"Bacon County, Georgia",13,GA,3,11138,26.9348,2,0,well_served,21.5,2468
13007,"Baker County, Georgia",13,GA,0,2878,0.0,0,0,access_desert,83.5,1
13009,"Baldwin County, Georgia",13,GA,15,43778,34.2638,5,4,well_served,13.0,2734
13011,"Banks County, Georgia",13,GA,0,18381,0.0,0,0,access_desert,83.5,1
13013,"Barrow County, Georgia",13,GA,3,84399,3.5545,2,0,critical,65.4,1089
13015,"Bartow County, Georgia",13,GA,17,109410,15.5379,3,1,adequate,41.0,1855
13017,"Ben Hill County, Georgia",13,GA,2,17169,11.6489,1,0,adequate,48.6,1617
13019,"Berrien County, Georgia",13,GA,1,18187,5.4984,1,0,underserved,60.8,1232
13021,"Bibb County, Georgia",13,GA,75,156554,47.9068,9,3,well_served,5.0,2986
13023,"Bleckley County, Georgia",13,GA,0,12413,0.0,0,0,access_desert,83.5,1
13025,"Brantley County, Georgia",13,GA,0,18105,0.0,0,0,access_desert,83.5,1
13027,"Brooks County, Georgia",13,GA,0,16275,0.0,0,0,access_desert,83.5,1
13029,"Bryan County, Georgia",13,GA,9,44995,20.0022,4,1,well_served,33.2,2101
13031,"Bulloch County, Georgia",13,GA,23,79829,28.8116,4,2,well_served,19.1,2544
13033,"Burke County, Georgia",13,GA,1,24337,4.109,1,0,critical,63.9,1134
13035,"Butts County, Georgia",13,GA,1,25522,3.9182,1,0,critical,64.5,1117
13037,"Calhoun County, Georgia",13,GA,1,5594,17.8763,1,0,adequate,36.7,1989
13039,"Camden County, Georgia",13,GA,17,55105,30.8502,3,0,well_served,16.7,2618
13043,"Candler County, Georgia",13,GA,0,10946,0.0,0,0,access_desert,83.5,1
13045,"Carroll County, Georgia",13,GA,37,120060,30.8179,5,0,well_served,16.8,2616
13047,"Catoosa County, Georgia",13,GA,6,68052,8.8168,3,0,underserved,54.4,1433
13049,"Charlton County, Georgia",13,GA,0,12547,0.0,0,0,access_desert,83.5,1
13051,"Chatham County, Georgia",13,GA,132,296266,44.5546,10,6,well_served,6.2,2949
13053,"Chattahoochee County, Georgia",13,GA,8,9402,85.0883,5,0,well_served,0.7,3123
13055,"Chattooga County, Georgia",13,GA,1,24902,4.0157,1,0,critical,64.3,1122
13057,"Cherokee County, Georgia",13,GA,51,268567,18.9897,5,4,adequate,34.8,2049
13059,"Clarke County, Georgia",13,GA,79,128864,61.3049,8,6,well_served,2.0,3080
13061,"Clay County, Georgia",13,GA,0,2855,0.0,0,0,access_desert,83.5,1
13063,"Clayton County, Georgia",13,GA,54,296312,18.224,6,3,adequate,36.0,2013
13065,"Clinch County, Georgia",13,GA,0,6713,0.0,0,0,access_desert,83.5,1
13067,"Cobb County, Georgia",13,GA,268,765813,34.9955,10,13,well_served,12.3,2758
13069,"Coffee County, Georgia",13,GA,9,43056,20.903,2,0,well_served,31.5,2154
13071,"Colquitt County, Georgia",13,GA,19,45813,41.4729,7,1,well_served,7.7,2902
13073,"Columbia County, Georgia",13,GA,8,156921,5.0981,3,0,underserved,61.8,1200
13075,"Cook County, Georgia",13,GA,0,17242,0.0,0,0,access_desert,83.5,1
13077,"Coweta County, Georgia",13,GA,33,147449,22.3806,6,1,well_served,29.0,2232
13079,"Crawford County, Georgia",13,GA,0,12156,0.0,0,0,access_desert,83.5,1
13081,"Crisp County, Georgia",13,GA,18,20255,88.8669,3,4,well_served,0.6,3126
13083,"Dade County, Georgia",13,GA,0,16239,0.0,0,0,access_desert,83.5,1
13085,"Dawson County, Georgia",13,GA,5,27355,18.2782,3,0,adequate,35.9,2014
13087,"Decatur County, Georgia",13,GA,6,29063,20.6448,2,0,well_served,31.9,2140
13089,"DeKalb County, Georgia",13,GA,235,761209,30.8719,9,15,well_served,16.6,2622
13091,"Dodge County, Georgia",13,GA,5,19977,25.0288,3,0,well_served,24.7,2366
13093,"Dooly County, Georgia",13,GA,0,11236,0.0,0,0,access_desert,83.5,1
13095,"Dougherty County, Georgia",13,GA,47,85038,55.2694,7,4,well_served,2.9,3052
13097,"Douglas County, Georgia",13,GA,34,144735,23.4912,7,0,well_served,27.1,2293
13099,"Early County, Georgia",13,GA,0,10753,0.0,0,0,access_desert,83.5,1
13101,"Echols County, Georgia",13,GA,1,3707,26.976,1,0,well_served,21.4,2470
13103,"Effingham County, Georgia",13,GA,7,65314,10.7175,4,0,adequate,50.4,1559
13105,"Elbert County, Georgia",13,GA,2,19570,10.2197,2,0,adequate,51.7,1517
13107,"Emanuel County, Georgia",13,GA,1,22907,4.3655,1,0,critical,63.3,1154
13109,"Evans County, Georgia",13,GA,4,10759,37.1782,1,0,well_served,10.6,2811
13111,"Fannin County, Georgia",13,GA,2,25436,7.8629,2,0,underserved,56.1,1381
13113,"Fayette County, Georgia",13,GA,77,119259,64.5654,7,4,well_served,1.6,3094
13115,"Floyd County, Georgia",13,GA,26,98541,26.385,2,0,well_served,22.5,2436
13117,"Forsyth County, Georgia",13,GA,29,253225,11.4523,5,2,adequate,49.0,1602
13119,"Franklin County, Georgia",13,GA,5,23480,21.2947,1,0,well_served,30.9,2173
13121,"Fulton County, Georgia",13,GA,798,1061944,75.1452,11,45,well_served,1.0,3114
13123,"Gilmer County, Georgia",13,GA,2,31519,6.3454,2,0,underserved,59.0,1288
13125,"Glascock County, Georgia",13,GA,0,2903,0.0,0,0,access_desert,83.5,1
13127,"Glynn County, Georgia",13,GA,20,84566,23.6502,4,2,well_served,26.9,2299
13129,"Gordon County, Georgia",13,GA,13,57785,22.4972,6,3,well_served,28.6,2244
13131,"Grady County, Georgia",13,GA,2,26075,7.6702,1,0,underserved,56.4,1370
13133,"Greene County, Georgia",13,GA,7,19020,36.8034,2,0,well_served,11.0,2798
13135,"Gwinnett County, Georgia",13,GA,249,957977,25.9923,11,19,well_served,23.3,2411
13137,"Habersham County, Georgia",13,GA,9,46326,19.4275,3,1,adequate,34.1,2071
13139,"Hall County, Georgia",13,GA,75,204953,36.5938,9,2,well_served,11.2,2793
13141,"Hancock County, Georgia",13,GA,0,8588,0.0,0,0,access_desert,83.5,1
13143,"Haralson County, Georgia",13,GA,0,30178,0.0,0,0,access_desert,83.5,1
13145,"Harris County, Georgia",13,GA,0,34914,0.0,0,0,access_desert,83.5,1
13147,"Hart County, Georgia",13,GA,0,26110,0.0,0,0,access_desert,83.5,1
13149,"Heard County, Georgia",13,GA,0,11489,0.0,0,0,access_desert,83.5,1
13151,"Henry County, Georgia",13,GA,60,240853,24.9115,7,4,well_served,24.8,2364
13153,"Houston County, Georgia",13,GA,45,164117,27.4195,5,5,well_served,20.8,2491
13155,"Irwin County, Georgia",13,GA,0,9487,0.0,0,0,access_desert,83.5,1
13157,"Jackson County, Georgia",13,GA,13,77033,16.8759,4,0,adequate,38.7,1928
13159,"Jasper County, Georgia",13,GA,0,14882,0.0,0,0,access_desert,83.5,1
13161,"Jeff Davis County, Georgia",13,GA,2,14791,13.5217,1,0,adequate,45.1,1726
13163,"Jefferson County, Georgia",13,GA,0,15591,0.0,0,0,access_desert,83.5,1
13165,"Jenkins County, Georgia",13,GA,0,8704,0.0,0,0,access_desert,83.5,1
13167,"Johnson County, Georgia",13,GA,0,9225,0.0,0,0,access_desert,83.5,1
13169,"Jones County, Georgia",13,GA,18,28382,63.4205,5,0,well_served,1.8,3087
13171,"Lamar County, Georgia",13,GA,2,18676,10.7089,1,0,adequate,50.4,1558
13173,"Lanier County, Georgia",13,GA,0,9964,0.0,0,0,access_desert,83.5,1
13175,"Laurens County, Georgia",13,GA,15,49407,30.3601,4,1,well_served,17.2,2602
13177,"Lee County, Georgia",13,GA,0,32968,0.0,0,0,access_desert,83.5,1
13179,"Liberty County, Georgia",13,GA,37,65550,56.4455,5,0,well_served,2.6,3062
13181,"Lincoln County, Georgia",13,GA,0,7726,0.0,0,0,access_desert,83.5,1
13183,"Long County, Georgia",13,GA,1,16804,5.951,1,0,underserved,59.9,1261
13185,"Lowndes County, Georgia",13,GA,31,118257,26.2141,6,2,well_served,22.9,2425
13187,"Lumpkin County, Georgia",13,GA,5,33405,14.9678,5,1,adequate,42.3,1814
13189,"McDuffie County, Georgia",13,GA,0,21715,0.0,0,0,access_desert,83.5,1
13191,"McIntosh County, Georgia",13,GA,2,11183,17.8843,2,0,adequate,36.7,1990
13193,"Macon County, Georgia",13,GA,1,12099,8.2651,1,1,underserved,55.3,1406
13195,"Madison County, Georgia",13,GA,1,30378,3.2919,1,0,critical,65.7,1079
13197,"Marion County, Georgia",13,GA,0,7508,0.0,0,0,access_desert,83.5,1
13199,"Meriwether County, Georgia",13,GA,0,20679,0.0,0,0,access_desert,83.5,1
13201,"Miller County, Georgia",13,GA,0,5923,0.0,0,0,access_desert,83.5,1
13205,"Mitchell County, Georgia",13,GA,0,21634,0.0,0,0,access_desert,83.5,1
13207,"Monroe County, Georgia",13,GA,1,28287,3.5352,1,0,critical,65.4,1088
13209,"Montgomery County, Georgia",13,GA,0,8687,0.0,0,0,access_desert,83.5,1
13211,"Morgan County, Georgia",13,GA,0,20171,0.0,0,0,access_desert,83.5,1
13213,"Murray County, Georgia",13,GA,2,40063,4.9921,2,0,critical,62.1,1192
13215,"Muscogee County, Georgia",13,GA,85,204572,41.5502,10,6,well_served,7.7,2903
13217,"Newton County, Georgia",13,GA,23,113298,20.3004,5,2,well_served,32.5,2122
13219,"Oconee County, Georgia",13,GA,16,41978,38.1152,5,2,well_served,10.0,2830
13221,"Oglethorpe County, Georgia",13,GA,0,14974,0.0,0,0,access_desert,83.5,1
13223,"Paulding County, Georgia",13,GA,7,169898,4.1201,4,0,critical,63.9,1135
13225,"Peach County, Georgia",13,GA,1,28054,3.5646,1,0,critical,65.3,1090
13227,"Pickens County, Georgia",13,GA,10,33439,29.9052,3,0,well_served,17.8,2584
13229,"Pierce County, Georgia",13,GA,0,19822,0.0,0,0,access_desert,83.5,1
13231,"Pike County, Georgia",13,GA,2,19145,10.4466,2,1,adequate,51.2,1534
13233,"Polk County, Georgia",13,GA,0,43019,0.0,0,0,access_desert,83.5,1
13235,"Pulaski County, Georgia",13,GA,4,9887,40.4572,3,0,well_served,8.5,2876
13237,"Putnam County, Georgia",13,GA,4,22206,18.0131,2,0,adequate,36.5,1998
13239,"Quitman County, Georgia",13,GA,0,2180,0.0,0,0,access_desert,83.5,1
13241,"Rabun County, Georgia",13,GA,3,16915,17.7357,2,0,adequate,37.0,1980
13243,"Randolph County, Georgia",13,GA,0,6365,0.0,0,0,access_desert,83.5,1
13245,"Richmond County, Georgia",13,GA,161,206153,78.0973,10,16,well_served,0.8,3118
13247,"Rockdale County, Georgia",13,GA,39,93641,41.6484,7,3,well_served,7.6,2905
13249,"Schley County, Georgia",13,GA,0,4565,0.0,0,0,access_desert,83.5,1
13251,"Screven County, Georgia",13,GA,0,14026,0.0,0,0,access_desert,83.5,1
13253,"Seminole County, Georgia",13,GA,3,9117,32.9056,1,0,well_served,14.3,2694
13255,"Spalding County, Georgia",13,GA,17,67415,25.2169,5,1,well_served,24.4,2376
13257,"Stephens County, Georgia",13,GA,8,26732,29.9267,5,0,well_served,17.8,2585
13259,"Stewart County, Georgia",13,GA,0,5121,0.0,0,0,access_desert,83.5,1
13261,"Sumter County, Georgia",13,GA,18,29378,61.2703,5,1,well_served,2.1,3079
13263,"Talbot County, Georgia",13,GA,0,5793,0.0,0,0,access_desert,83.5,1
13265,"Taliaferro County, Georgia",13,GA,0,1635,0.0,0,0,access_desert,83.5,1
13267,"Tattnall County, Georgia",13,GA,0,24309,0.0,0,0,access_desert,83.5,1
13269,"Taylor County, Georgia",13,GA,1,7799,12.8222,1,0,adequate,46.2,1691
13271,"Telfair County, Georgia",13,GA,0,12619,0.0,0,0,access_desert,83.5,1
13273,"Terrell County, Georgia",13,GA,0,9004,0.0,0,0,access_desert,83.5,1
13275,"Thomas County, Georgia",13,GA,16,45665,35.0378,6,1,well_served,12.2,2761
13277,"Tift County, Georgia",13,GA,20,41247,48.4884,2,0,well_served,4.9,2991
13279,"Toombs County, Georgia",13,GA,14,26946,51.9558,5,1,well_served,3.8,3024
13281,"Towns County, Georgia",13,GA,0,12546,0.0,0,0,access_desert,83.5,1
13283,"Treutlen County, Georgia",13,GA,0,6411,0.0,0,0,access_desert,83.5,1
13285,"Troup County, Georgia",13,GA,15,69527,21.5744,5,0,well_served,30.3,2191
13287,"Turner County, Georgia",13,GA,0,8894,0.0,0,0,access_desert,83.5,1
13289,"Twiggs County, Georgia",13,GA,0,7955,0.0,0,0,access_desert,83.5,1
13291,"Union County, Georgia",13,GA,7,24880,28.135,3,0,well_served,19.9,2518
13293,"Upson County, Georgia",13,GA,8,27638,28.9457,3,0,well_served,18.9,2550
13295,"Walker County, Georgia",13,GA,2,68065,2.9384,2,1,critical,66.0,1069
13297,"Walton County, Georgia",13,GA,14,97752,14.322,5,0,adequate,43.5,1775
13299,"Ware County, Georgia",13,GA,7,35917,19.4894,3,0,adequate,34.0,2074
13301,"Warren County, Georgia",13,GA,0,5197,0.0,0,0,access_desert,83.5,1
13303,"Washington County, Georgia",13,GA,3,19975,15.0188,2,0,adequate,42.2,1817
13305,"Wayne County, Georgia",13,GA,6,30277,19.817,1,0,adequate,33.4,2094
13307,"Webster County, Georgia",13,GA,0,2354,0.0,0,0,access_desert,83.5,1
13309,"Wheeler County, Georgia",13,GA,0,7550,0.0,0,0,access_desert,83.5,1
13311,"White County, Georgia",13,GA,2,28165,7.101,2,0,underserved,57.5,1336
13313,"Whitfield County, Georgia",13,GA,36,103033,34.9403,5,2,well_served,12.4,2754
13315,"Wilcox County, Georgia",13,GA,0,8839,0.0,0,0,access_desert,83.5,1
13317,"Wilkes County, Georgia",13,GA,0,9610,0.0,0,0,access_desert,83.5,1
13319,"Wilkinson County, Georgia",13,GA,0,8852,0.0,0,0,access_desert,83.5,1
13321,"Worth County, Georgia",13,GA,1,20706,4.8295,1,0,critical,62.4,1183
15001,"Hawaii County, Hawaii",15,HI,55,202163,27.2058,6,8,well_served,21.0,2483
15003,"Honolulu County, Hawaii",15,HI,373,1010100,36.927,10,27,well_served,10.8,2803
15005,"Kalawao County, Hawaii",15,HI,0,50,0.0,0,0,access_desert,83.5,1
15007,"Kauai County, Hawaii",15,HI,22,73511,29.9275,4,1,well_served,17.7,2586
15009,"Maui County, Hawaii",15,HI,50,164765,30.3463,5,2,well_served,17.3,2601
16001,"Ada County, Idaho",16,ID,223,497494,44.8247,10,18,well_served,6.1,2951
16003,"Adams County, Idaho",16,ID,0,4464,0.0,0,0,access_desert,83.5,1
16005,"Bannock County, Idaho",16,ID,22,87434,25.1618,5,0,well_served,24.5,2373
16007,"Bear Lake County, Idaho",16,ID,1,6436,15.5376,1,0,adequate,41.0,1854
16009,"Benewah County, Idaho",16,ID,3,9731,30.8293,2,0,well_served,16.8,2617
16011,"Bingham County, Idaho",16,ID,5,48253,10.3621,2,0,adequate,51.4,1527
16013,"Blaine County, Idaho",16,ID,3,24248,12.3722,3,0,adequate,47.0,1665
16015,"Boise County, Idaho",16,ID,0,7809,0.0,0,0,access_desert,83.5,1
16017,"Bonner County, Idaho",16,ID,14,47976,29.1813,4,0,well_served,18.6,2560
16019,"Bonneville County, Idaho",16,ID,51,124490,40.9671,6,1,well_served,8.1,2889
16021,"Boundary County, Idaho",16,ID,5,12335,40.5351,1,1,well_served,8.4,2879
16023,"Butte County, Idaho",16,ID,0,2605,0.0,0,0,access_desert,83.5,1
16025,"Camas County, Idaho",16,ID,0,1133,0.0,0,0,access_desert,83.5,1
16027,"Canyon County, Idaho",16,ID,51,235006,21.7016,7,7,well_served,30.0,2202
16029,"Caribou County, Idaho",16,ID,0,7058,0.0,0,0,access_desert,83.5,1
16031,"Cassia County, Idaho",16,ID,7,24859,28.1588,4,0,well_served,19.9,2519
16033,"Clark County, Idaho",16,ID,0,756,0.0,0,0,access_desert,83.5,1
16035,"Clearwater County, Idaho",16,ID,0,8810,0.0,0,0,access_desert,83.5,1
16037,"Custer County, Idaho",16,ID,0,4344,0.0,0,0,access_desert,83.5,1
16039,"Elmore County, Idaho",16,ID,9,28752,31.3022,4,1,well_served,16.2,2636
16041,"Franklin County, Idaho",16,ID,0,14376,0.0,0,0,access_desert,83.5,1
16043,"Fremont County, Idaho",16,ID,1,13519,7.397,1,0,underserved,56.9,1354
16045,"Gem County, Idaho",16,ID,1,19250,5.1948,1,0,underserved,61.5,1210
16047,"Gooding County, Idaho",16,ID,0,15520,0.0,0,0,access_desert,83.5,1
16049,"Idaho County, Idaho",16,ID,4,16787,23.828,2,2,well_served,26.6,2307
16051,"Jefferson County, Idaho",16,ID,9,31383,28.6779,3,2,well_served,19.3,2538
16053,"Jerome County, Idaho",16,ID,1,24474,4.086,1,0,critical,64.0,1133
16055,"Kootenai County, Idaho",16,ID,53,173396,30.5659,8,10,well_served,17.1,2607
16057,"Latah County, Idaho",16,ID,3,39872,7.5241,2,1,underserved,56.7,1361
16059,"Lemhi County, Idaho",16,ID,1,8043,12.4332,1,0,adequate,46.8,1673
16061,"Lewis County, Idaho",16,ID,0,3630,0.0,0,0,access_desert,83.5,1
16063,"Lincoln County, Idaho",16,ID,0,5203,0.0,0,0,access_desert,83.5,1
16065,"Madison County, Idaho",16,ID,11,52487,20.9576,3,0,well_served,31.3,2160
16067,"Minidoka County, Idaho",16,ID,0,21626,0.0,0,0,access_desert,83.5,1
16069,"Nez Perce County, Idaho",16,ID,13,42200,30.8057,5,2,well_served,16.8,2615
16071,"Oneida County, Idaho",16,ID,1,4572,21.8723,1,1,well_served,29.6,2212
16073,"Owyhee County, Idaho",16,ID,0,12043,0.0,0,0,access_desert,83.5,1
16075,"Payette County, Idaho",16,ID,1,25571,3.9107,1,0,critical,64.5,1115
16077,"Power County, Idaho",16,ID,1,7918,12.6295,1,0,adequate,46.4,1684
16079,"Shoshone County, Idaho",16,ID,0,13399,0.0,0,0,access_desert,83.5,1
16081,"Teton County, Idaho",16,ID,0,11813,0.0,0,0,access_desert,83.5,1
16083,"Twin Falls County, Idaho",16,ID,17,90592,18.7655,3,0,adequate,35.2,2038
16085,"Valley County, Idaho",16,ID,2,11830,16.9062,2,0,adequate,38.6,1930
16087,"Washington County, Idaho",16,ID,0,10612,0.0,0,0,access_desert,83.5,1
17001,"Adams County, Illinois",17,IL,11,65583,16.7726,2,0,adequate,38.9,1920
17003,"Alexander County, Illinois",17,IL,1,5261,19.0078,1,0,adequate,34.8,2051
17005,"Bond County, Illinois",17,IL,4,16750,23.8806,2,0,well_served,26.5,2310
17007,"Boone County, Illinois",17,IL,4,53459,7.4824,2,0,underserved,56.8,1359
17009,"Brown County, Illinois",17,IL,0,6334,0.0,0,0,access_desert,83.5,1
17011,"Bureau County, Illinois",17,IL,6,33203,18.0707,2,0,adequate,36.4,2001
17013,"Calhoun County, Illinois",17,IL,0,4472,0.0,0,0,access_desert,83.5,1
17015,"Carroll County, Illinois",17,IL,0,15594,0.0,0,0,access_desert,83.5,1
17017,"Cass County, Illinois",17,IL,0,12955,0.0,0,0,access_desert,83.5,1
17019,"Champaign County, Illinois",17,IL,89,206525,43.0941,6,10,well_served,6.8,2929
17021,"Christian County, Illinois",17,IL,2,33893,5.9009,1,0,underserved,60.1,1256
17023,"Clark County, Illinois",17,IL,0,15467,0.0,0,0,access_desert,83.5,1
17025,"Clay County, Illinois",17,IL,1,13248,7.5483,1,0,underserved,56.7,1362
17027,"Clinton County, Illinois",17,IL,8,36998,21.6228,3,0,well_served,30.2,2195
17029,"Coles County, Illinois",17,IL,8,47076,16.9938,3,0,adequate,38.3,1940
17031,"Cook County, Illinois",17,IL,2059,5225367,39.4039,12,127,well_served,9.2,2855
17033,"Crawford County, Illinois",17,IL,7,18729,37.3752,3,2,well_served,10.5,2814
17035,"Cumberland County, Illinois",17,IL,0,10447,0.0,0,0,access_desert,83.5,1
17037,"DeKalb County, Illinois",17,IL,24,100686,23.8365,5,0,well_served,26.6,2308
17039,"De Witt County, Illinois",17,IL,0,15535,0.0,0,0,access_desert,83.5,1
17041,"Douglas County, Illinois",17,IL,0,19714,0.0,0,0,access_desert,83.5,1
17043,"DuPage County, Illinois",17,IL,372,930559,39.976,9,14,well_served,8.7,2869
17045,"Edgar County, Illinois",17,IL,2,16852,11.868,2,0,adequate,48.0,1636
17047,"Edwards County, Illinois",17,IL,0,6182,0.0,0,0,access_desert,83.5,1
17049,"Effingham County, Illinois",17,IL,10,34594,28.9067,3,0,well_served,19.0,2548
17051,"Fayette County, Illinois",17,IL,0,21464,0.0,0,0,access_desert,83.5,1
17053,"Ford County, Illinois",17,IL,4,13484,29.6648,3,1,well_served,18.0,2578
17055,"Franklin County, Illinois",17,IL,2,37810,5.2896,1,0,underserved,61.2,1221
17057,"Fulton County, Illinois",17,IL,4,33691,11.8726,2,0,adequate,47.9,1637
17059,"Gallatin County, Illinois",17,IL,0,4967,0.0,0,0,access_desert,83.5,1
17061,"Greene County, Illinois",17,IL,0,12015,0.0,0,0,access_desert,83.5,1
17063,"Grundy County, Illinois",17,IL,14,52624,26.6038,2,0,well_served,22.1,2450
17065,"Hamilton County, Illinois",17,IL,0,8008,0.0,0,0,access_desert,83.5,1
17067,"Hancock County, Illinois",17,IL,3,17582,17.0629,2,0,adequate,38.2,1942
17069,"Hardin County, Illinois",17,IL,0,3665,0.0,0,0,access_desert,83.5,1
17071,"Henderson County, Illinois",17,IL,0,6374,0.0,0,0,access_desert,83.5,1
17073,"Henry County, Illinois",17,IL,3,49157,6.1029,3,1,underserved,59.4,1277
17075,"Iroquois County, Illinois",17,IL,1,27043,3.6978,1,0,critical,65.0,1101
17077,"Jackson County, Illinois",17,IL,23,53176,43.2526,5,3,well_served,6.8,2930
17079,"Jasper County, Illinois",17,IL,1,9295,10.7585,1,0,adequate,50.2,1564
17081,"Jefferson County, Illinois",17,IL,10,37043,26.9957,4,0,well_served,21.4,2471
17083,"Jersey County, Illinois",17,IL,6,21462,27.9564,3,0,well_served,20.0,2514
17085,"Jo Daviess County, Illinois",17,IL,1,21942,4.5575,1,0,critical,62.9,1165
17087,"Johnson County, Illinois",17,IL,0,13313,0.0,0,0,access_desert,83.5,1
17089,"Kane County, Illinois",17,IL,97,517254,18.7529,8,2,adequate,35.2,2036
17091,"Kankakee County, Illinois",17,IL,19,107421,17.6874,3,0,adequate,37.2,1975
17093,"Kendall County, Illinois",17,IL,7,132795,5.2713,3,1,underserved,61.2,1220
17095,"Knox County, Illinois",17,IL,12,49751,24.1201,4,1,well_served,25.9,2330
17097,"Lake County, Illinois",17,IL,155,713159,21.7343,9,5,well_served,29.9,2204
17099,"LaSalle County, Illinois",17,IL,24,109495,21.9188,6,3,well_served,29.6,2214
17101,"Lawrence County, Illinois",17,IL,0,15302,0.0,0,0,access_desert,83.5,1
17103,"Lee County, Illinois",17,IL,6,34221,17.5331,2,0,adequate,37.5,1965
17105,"Livingston County, Illinois",17,IL,4,35771,11.1822,3,0,adequate,49.6,1585
17107,"Logan County, Illinois",17,IL,2,28027,7.136,1,0,underserved,57.4,1340
17109,"McDonough County, Illinois",17,IL,12,27370,43.8436,3,0,well_served,6.5,2939
17111,"McHenry County, Illinois",17,IL,36,311133,11.5706,5,1,adequate,48.7,1612
17113,"McLean County, Illinois",17,IL,62,171284,36.1972,5,6,well_served,11.4,2786
17115,"Macon County, Illinois",17,IL,32,103542,30.9053,6,1,well_served,16.5,2624
17117,"Macoupin County, Illinois",17,IL,0,44907,0.0,0,0,access_desert,83.5,1
17119,"Madison County, Illinois",17,IL,44,265512,16.5718,6,3,adequate,39.4,1906
17121,"Marion County, Illinois",17,IL,5,37543,13.3181,5,1,adequate,45.4,1718
17123,"Marshall County, Illinois",17,IL,0,11740,0.0,0,0,access_desert,83.5,1
17125,"Mason County, Illinois",17,IL,1,13074,7.6488,1,1,underserved,56.5,1369
17127,"Massac County, Illinois",17,IL,0,14135,0.0,0,0,access_desert,83.5,1
17129,"Menard County, Illinois",17,IL,0,12284,0.0,0,0,access_desert,83.5,1
17131,"Mercer County, Illinois",17,IL,0,15692,0.0,0,0,access_desert,83.5,1
17133,"Monroe County, Illinois",17,IL,4,34905,11.4597,2,0,adequate,49.0,1605
17135,"Montgomery County, Illinois",17,IL,2,28352,7.0542,2,0,underserved,57.7,1331
17137,"Morgan County, Illinois",17,IL,11,32882,33.453,2,0,well_served,13.9,2708
17139,"Moultrie County, Illinois",17,IL,0,14531,0.0,0,0,access_desert,83.5,1
17141,"Ogle County, Illinois",17,IL,2,51672,3.8706,2,1,critical,64.6,1113
17143,"Peoria County, Illinois",17,IL,89,181186,49.1208,9,4,well_served,4.6,2998
17145,"Perry County, Illinois",17,IL,2,20996,9.5256,1,0,underserved,53.1,1473
17147,"Piatt County, Illinois",17,IL,0,16698,0.0,0,0,access_desert,83.5,1
17149,"Pike County, Illinois",17,IL,0,14776,0.0,0,0,access_desert,83.5,1
17151,"Pope County, Illinois",17,IL,0,3799,0.0,0,0,access_desert,83.5,1
17153,"Pulaski County, Illinois",17,IL,0,5177,0.0,0,0,access_desert,83.5,1
17155,"Putnam County, Illinois",17,IL,0,5628,0.0,0,0,access_desert,83.5,1
17157,"Randolph County, Illinois",17,IL,3,30413,9.8642,2,0,underserved,52.4,1495
17159,"Richland County, Illinois",17,IL,4,15716,25.4518,1,0,well_served,24.2,2384
17161,"Rock Island County, Illinois",17,IL,26,143819,18.0783,5,0,adequate,36.3,2002
17163,"St. Clair County, Illinois",17,IL,65,256791,25.3124,7,6,well_served,24.3,2380
17165,"Saline County, Illinois",17,IL,2,23662,8.4524,1,0,underserved,54.9,1418
17167,"Sangamon County, Illinois",17,IL,97,196122,49.459,8,9,well_served,4.5,3004
17169,"Schuyler County, Illinois",17,IL,0,6879,0.0,0,0,access_desert,83.5,1
17171,"Scott County, Illinois",17,IL,0,4899,0.0,0,0,access_desert,83.5,1
17173,"Shelby County, Illinois",17,IL,0,21042,0.0,0,0,access_desert,83.5,1
17175,"Stark County, Illinois",17,IL,0,5395,0.0,0,0,access_desert,83.5,1
17177,"Stephenson County, Illinois",17,IL,9,44482,20.2329,5,1,well_served,32.7,2117
17179,"Tazewell County, Illinois",17,IL,8,131276,6.094,3,1,underserved,59.4,1276
17181,"Union County, Illinois",17,IL,0,17122,0.0,0,0,access_desert,83.5,1
17183,"Vermilion County, Illinois",17,IL,5,74113,6.7465,3,0,underserved,58.4,1308
17185,"Wabash County, Illinois",17,IL,0,11321,0.0,0,0,access_desert,83.5,1
17187,"Warren County, Illinois",17,IL,1,16760,5.9666,1,0,underserved,59.9,1262
17189,"Washington County, Illinois",17,IL,0,13781,0.0,0,0,access_desert,83.5,1
17191,"Wayne County, Illinois",17,IL,0,16127,0.0,0,0,access_desert,83.5,1
17193,"White County, Illinois",17,IL,0,13834,0.0,0,0,access_desert,83.5,1
17195,"Whiteside County, Illinois",17,IL,6,55569,10.7974,3,0,adequate,50.1,1568
17197,"Will County, Illinois",17,IL,87,696774,12.4861,9,10,adequate,46.7,1676
17199,"Williamson County, Illinois",17,IL,23,67120,34.267,5,2,well_served,13.0,2735
17201,"Winnebago County, Illinois",17,IL,101,284591,35.4895,8,6,well_served,11.8,2773
17203,"Woodford County, Illinois",17,IL,2,38414,5.2064,1,1,underserved,61.5,1212
18001,"Adams County, Indiana",18,IN,2,35827,5.5824,2,0,underserved,60.6,1240
18003,"Allen County, Indiana",18,IN,119,385456,30.8725,10,3,well_served,16.6,2623
18005,"Bartholomew County, Indiana",18,IN,27,82371,32.7785,5,5,well_served,14.3,2693
18007,"Benton County, Indiana",18,IN,0,8709,0.0,0,0,access_desert,83.5,1
18009,"Blackford County, Indiana",18,IN,1,12074,8.2823,1,0,underserved,55.2,1407
18011,"Boone County, Indiana",18,IN,11,71235,15.4418,3,0,adequate,41.3,1845
18013,"Brown County, Indiana",18,IN,1,15513,6.4462,1,0,underserved,58.9,1292
18015,"Carroll County, Indiana",18,IN,2,20397,9.8054,2,0,underserved,52.6,1491
18017,"Cass County, Indiana",18,IN,8,37820,21.1528,1,0,well_served,31.0,2169
18019,"Clark County, Indiana",18,IN,26,121484,21.402,6,4,well_served,30.5,2186
18021,"Clay County, Indiana",18,IN,3,26396,11.3654,2,0,adequate,49.2,1597
18023,"Clinton County, Indiana",18,IN,2,33020,6.0569,2,0,underserved,59.6,1271
18025,"Crawford County, Indiana",18,IN,0,10511,0.0,0,0,access_desert,83.5,1
18027,"Daviess County, Indiana",18,IN,7,33337,20.9977,3,1,well_served,31.2,2163
18029,"Dearborn County, Indiana",18,IN,6,50709,11.8322,3,0,adequate,48.1,1631
18031,"Decatur County, Indiana",18,IN,3,26432,11.3499,2,0,adequate,49.3,1594
18033,"DeKalb County, Indiana",18,IN,15,43312,34.6324,5,0,well_served,12.6,2747
18035,"Delaware County, Indiana",18,IN,27,112156,24.0736,4,0,well_served,26.0,2327
18037,"Dubois County, Indiana",18,IN,12,43584,27.533,4,0,well_served,20.6,2496
18039,"Elkhart County, Indiana",18,IN,66,206841,31.9086,8,4,well_served,15.3,2664
18041,"Fayette County, Indiana",18,IN,3,23391,12.8254,2,0,adequate,46.2,1693
18043,"Floyd County, Indiana",18,IN,16,80191,19.9524,3,1,adequate,33.2,2100
18045,"Fountain County, Indiana",18,IN,0,16468,0.0,0,0,access_desert,83.5,1
18047,"Franklin County, Indiana",18,IN,3,22850,13.1291,2,1,adequate,45.6,1709
18049,"Fulton County, Indiana",18,IN,0,20420,0.0,0,0,access_desert,83.5,1
18051,"Gibson County, Indiana",18,IN,0,33006,0.0,0,0,access_desert,83.5,1
18053,"Grant County, Indiana",18,IN,9,66560,13.5216,3,0,adequate,45.1,1725
18055,"Greene County, Indiana",18,IN,4,30900,12.945,1,0,adequate,45.9,1699
18057,"Hamilton County, Indiana",18,IN,147,349527,42.0568,10,6,well_served,7.3,2913
18059,"Hancock County, Indiana",18,IN,13,80170,16.2155,3,3,adequate,40.0,1886
18061,"Harrison County, Indiana",18,IN,5,39684,12.5995,3,0,adequate,46.5,1682
18063,"Hendricks County, Indiana",18,IN,41,175639,23.3433,7,3,well_served,27.2,2288
18065,"Henry County, Indiana",18,IN,6,48913,12.2667,3,0,adequate,47.3,1658
18067,"Howard County, Indiana",18,IN,23,83452,27.5608,4,2,well_served,20.5,2498
18069,"Huntington County, Indiana",18,IN,11,36699,29.9736,4,0,well_served,17.7,2587
18071,"Jackson County, Indiana",18,IN,10,46212,21.6394,4,1,well_served,30.1,2197
18073,"Jasper County, Indiana",18,IN,1,33045,3.0262,1,0,critical,65.9,1072
18075,"Jay County, Indiana",18,IN,0,20451,0.0,0,0,access_desert,83.5,1
18077,"Jefferson County, Indiana",18,IN,5,33057,15.1254,3,0,adequate,42.1,1821
18079,"Jennings County, Indiana",18,IN,1,27610,3.6219,1,0,critical,65.2,1094
18081,"Johnson County, Indiana",18,IN,17,161952,10.4969,5,1,adequate,51.0,1539
18083,"Knox County, Indiana",18,IN,4,36148,11.0656,2,0,adequate,49.9,1575
18085,"Kosciusko County, Indiana",18,IN,16,80442,19.8901,5,3,adequate,33.3,2098
18087,"LaGrange County, Indiana",18,IN,4,40364,9.9098,3,1,underserved,52.3,1499
18089,"Lake County, Indiana",18,IN,161,497682,32.35,9,14,well_served,14.7,2681
18091,"LaPorte County, Indiana",18,IN,30,112215,26.7344,5,2,well_served,21.9,2455
18093,"Lawrence County, Indiana",18,IN,7,45113,15.5166,4,1,adequate,41.1,1851
18095,"Madison County, Indiana",18,IN,31,130545,23.7466,4,1,well_served,26.8,2302
18097,"Marion County, Indiana",18,IN,401,971737,41.2663,11,19,well_served,7.9,2895
18099,"Marshall County, Indiana",18,IN,4,46208,8.6565,2,0,underserved,54.6,1428
18101,"Martin County, Indiana",18,IN,0,9863,0.0,0,0,access_desert,83.5,1
18103,"Miami County, Indiana",18,IN,0,35952,0.0,0,0,access_desert,83.5,1
18105,"Monroe County, Indiana",18,IN,57,140065,40.6954,6,2,well_served,8.3,2883
18107,"Montgomery County, Indiana",18,IN,6,38018,15.782,3,0,adequate,40.7,1864
18109,"Morgan County, Indiana",18,IN,23,71757,32.0526,5,0,well_served,15.1,2670
18111,"Newton County, Indiana",18,IN,0,13829,0.0,0,0,access_desert,83.5,1
18113,"Noble County, Indiana",18,IN,4,47431,8.4333,1,0,underserved,54.9,1417
18115,"Ohio County, Indiana",18,IN,0,5974,0.0,0,0,access_desert,83.5,1
18117,"Orange County, Indiana",18,IN,4,19768,20.2347,2,0,well_served,32.6,2118
18119,"Owen County, Indiana",18,IN,0,21361,0.0,0,0,access_desert,83.5,1
18121,"Parke County, Indiana",18,IN,1,16327,6.1248,1,0,underserved,59.4,1278
18123,"Perry County, Indiana",18,IN,2,19186,10.4243,1,0,adequate,51.3,1532
18125,"Pike County, Indiana",18,IN,0,12227,0.0,0,0,access_desert,83.5,1
18127,"Porter County, Indiana",18,IN,43,173355,24.8046,6,5,well_served,25.1,2356
18129,"Posey County, Indiana",18,IN,0,25226,0.0,0,0,access_desert,83.5,1
18131,"Pulaski County, Indiana",18,IN,1,12498,8.0013,1,0,underserved,55.8,1389
18133,"Putnam County, Indiana",18,IN,2,36942,5.4139,2,0,underserved,60.9,1228
18135,"Randolph County, Indiana",18,IN,7,24586,28.4715,2,0,well_served,19.4,2533
18137,"Ripley County, Indiana",18,IN,5,28990,17.2473,1,0,adequate,38.1,1947
18139,"Rush County, Indiana",18,IN,4,16716,23.9292,2,0,well_served,26.3,2318
18141,"St. Joseph County, Indiana",18,IN,89,272388,32.674,6,2,well_served,14.4,2690
18143,"Scott County, Indiana",18,IN,2,24403,8.1957,1,0,underserved,55.4,1401
18145,"Shelby County, Indiana",18,IN,6,44940,13.3511,3,0,adequate,45.3,1719
18147,"Spencer County, Indiana",18,IN,1,19935,5.0163,1,0,underserved,62.1,1193
18149,"Starke County, Indiana",18,IN,1,23308,4.2904,1,0,critical,63.5,1147
18151,"Steuben County, Indiana",18,IN,5,34507,14.4898,2,0,adequate,43.2,1785
18153,"Sullivan County, Indiana",18,IN,2,20791,9.6195,1,0,underserved,53.0,1478
18155,"Switzerland County, Indiana",18,IN,0,9896,0.0,0,0,access_desert,83.5,1
18157,"Tippecanoe County, Indiana",18,IN,49,186955,26.2095,5,3,well_served,22.9,2424
18159,"Tipton County, Indiana",18,IN,1,15328,6.524,1,0,underserved,58.7,1299
18161,"Union County, Indiana",18,IN,0,7041,0.0,0,0,access_desert,83.5,1
18163,"Vanderburgh County, Indiana",18,IN,33,179900,18.3435,5,1,adequate,35.9,2016
18165,"Vermillion County, Indiana",18,IN,0,15488,0.0,0,0,access_desert,83.5,1
18167,"Vigo County, Indiana",18,IN,24,106355,22.5659,7,0,well_served,28.4,2250
18169,"Wabash County, Indiana",18,IN,4,31032,12.8899,4,0,adequate,46.0,1697
18171,"Warren County, Indiana",18,IN,0,8454,0.0,0,0,access_desert,83.5,1
18173,"Warrick County, Indiana",18,IN,56,64065,87.4112,7,1,well_served,0.6,3125
18175,"Washington County, Indiana",18,IN,0,28133,0.0,0,0,access_desert,83.5,1
18177,"Wayne County, Indiana",18,IN,15,66522,22.5489,4,0,well_served,28.5,2249
18179,"Wells County, Indiana",18,IN,5,28167,17.7513,3,0,adequate,36.9,1983
18181,"White County, Indiana",18,IN,1,24630,4.0601,1,0,critical,64.0,1131
18183,"Whitley County, Indiana",18,IN,3,34259,8.7568,1,0,underserved,54.5,1431
19001,"Adair County, Iowa",19,IA,0,7479,0.0,0,0,access_desert,83.5,1
19003,"Adams County, Iowa",19,IA,0,3680,0.0,0,0,access_desert,83.5,1
19005,"Allamakee County, Iowa",19,IA,0,14046,0.0,0,0,access_desert,83.5,1
19007,"Appanoose County, Iowa",19,IA,2,12279,16.288,1,0,adequate,39.9,1890
19009,"Audubon County, Iowa",19,IA,0,5651,0.0,0,0,access_desert,83.5,1
19011,"Benton County, Iowa",19,IA,1,25652,3.8983,1,0,critical,64.6,1114
19013,"Black Hawk County, Iowa",19,IA,45,131041,34.3404,6,3,well_served,12.9,2739
19015,"Boone County, Iowa",19,IA,1,26700,3.7453,1,0,critical,64.9,1104
19017,"Bremer County, Iowa",19,IA,2,25012,7.9962,1,0,underserved,55.9,1388
19019,"Buchanan County, Iowa",19,IA,0,20631,0.0,0,0,access_desert,83.5,1
19021,"Buena Vista County, Iowa",19,IA,1,20687,4.834,1,0,critical,62.3,1184
19023,"Butler County, Iowa",19,IA,0,14376,0.0,0,0,access_desert,83.5,1
19025,"Calhoun County, Iowa",19,IA,0,9893,0.0,0,0,access_desert,83.5,1
19027,"Carroll County, Iowa",19,IA,2,20728,9.6488,2,0,underserved,53.0,1479
19029,"Cass County, Iowa",19,IA,2,13116,15.2486,2,0,adequate,41.7,1833
19031,"Cedar County, Iowa",19,IA,1,18479,5.4115,1,0,underserved,61.0,1226
19033,"Cerro Gordo County, Iowa",19,IA,17,42979,39.5542,5,2,well_served,9.1,2858
19035,"Cherokee County, Iowa",19,IA,0,11601,0.0,0,0,access_desert,83.5,1
19037,"Chickasaw County, Iowa",19,IA,1,11957,8.3633,1,0,underserved,55.1,1411
19039,"Clarke County, Iowa",19,IA,0,9737,0.0,0,0,access_desert,83.5,1
19041,"Clay County, Iowa",19,IA,4,16423,24.3561,3,0,well_served,25.5,2341
19043,"Clayton County, Iowa",19,IA,0,17123,0.0,0,0,access_desert,83.5,1
19045,"Clinton County, Iowa",19,IA,9,46488,19.3598,2,0,adequate,34.3,2065
19047,"Crawford County, Iowa",19,IA,1,16450,6.079,1,0,underserved,59.5,1274
19049,"Dallas County, Iowa",19,IA,30,100367,29.8903,5,2,well_served,17.8,2583
19051,"Davis County, Iowa",19,IA,0,9093,0.0,0,0,access_desert,83.5,1
19053,"Decatur County, Iowa",19,IA,0,7684,0.0,0,0,access_desert,83.5,1
19055,"Delaware County, Iowa",19,IA,1,17523,5.7068,1,0,underserved,60.3,1249
19057,"Des Moines County, Iowa",19,IA,13,38824,33.4844,4,0,well_served,13.8,2710
19059,"Dickinson County, Iowa",19,IA,1,17692,5.6523,1,1,underserved,60.4,1246
19061,"Dubuque County, Iowa",19,IA,22,98812,22.2645,4,1,well_served,29.2,2227
19063,"Emmet County, Iowa",19,IA,2,9349,21.3927,1,0,well_served,30.5,2184
19065,"Fayette County, Iowa",19,IA,2,19519,10.2464,2,0,adequate,51.6,1521
19067,"Floyd County, Iowa",19,IA,2,15601,12.8197,1,0,adequate,46.2,1690
19069,"Franklin County, Iowa",19,IA,1,10015,9.985,1,0,underserved,52.1,1505
19071,"Fremont County, Iowa",19,IA,0,6639,0.0,0,0,access_desert,83.5,1
19073,"Greene County, Iowa",19,IA,1,8801,11.3623,1,0,adequate,49.3,1595
19075,"Grundy County, Iowa",19,IA,0,12351,0.0,0,0,access_desert,83.5,1
19077,"Guthrie County, Iowa",19,IA,1,10619,9.4171,1,1,underserved,53.3,1467
19079,"Hamilton County, Iowa",19,IA,2,14979,13.352,2,0,adequate,45.3,1720
19081,"Hancock County, Iowa",19,IA,0,10790,0.0,0,0,access_desert,83.5,1
19083,"Hardin County, Iowa",19,IA,2,16861,11.8617,1,0,adequate,48.0,1635
19085,"Harrison County, Iowa",19,IA,0,14623,0.0,0,0,access_desert,83.5,1
19087,"Henry County, Iowa",19,IA,6,20436,29.36,5,0,well_served,18.4,2567
19089,"Howard County, Iowa",19,IA,3,9479,31.6489,2,1,well_served,15.6,2655
19091,"Humboldt County, Iowa",19,IA,0,9606,0.0,0,0,access_desert,83.5,1
19093,"Ida County, Iowa",19,IA,0,6969,0.0,0,0,access_desert,83.5,1
19095,"Iowa County, Iowa",19,IA,1,16575,6.0332,1,0,underserved,59.6,1269
19097,"Jackson County, Iowa",19,IA,0,19470,0.0,0,0,access_desert,83.5,1
19099,"Jasper County, Iowa",19,IA,1,37808,2.6449,1,0,critical,66.2,1063
19101,"Jefferson County, Iowa",19,IA,0,15785,0.0,0,0,access_desert,83.5,1
19103,"Johnson County, Iowa",19,IA,157,153360,102.3735,10,26,well_served,0.4,3131
19105,"Jones County, Iowa",19,IA,0,20733,0.0,0,0,access_desert,83.5,1
19107,"Keokuk County, Iowa",19,IA,0,10026,0.0,0,0,access_desert,83.5,1
19109,"Kossuth County, Iowa",19,IA,1,14718,6.7944,1,0,underserved,58.3,1312
19111,"Lee County, Iowa",19,IA,13,33442,38.8733,4,0,well_served,9.5,2845
19113,"Linn County, Iowa",19,IA,59,229308,25.7296,7,3,well_served,23.7,2400
19115,"Louisa County, Iowa",19,IA,0,10823,0.0,0,0,access_desert,83.5,1
19117,"Lucas County, Iowa",19,IA,1,8666,11.5393,1,0,adequate,48.8,1609
19119,"Lyon County, Iowa",19,IA,0,12023,0.0,0,0,access_desert,83.5,1
19121,"Madison County, Iowa",19,IA,0,16609,0.0,0,0,access_desert,83.5,1
19123,"Mahaska County, Iowa",19,IA,2,22059,9.0666,2,1,underserved,54.1,1443
19125,"Marion County, Iowa",19,IA,4,33487,11.9449,2,0,adequate,47.9,1639
19127,"Marshall County, Iowa",19,IA,10,40049,24.9694,3,0,well_served,24.8,2365
19129,"Mills County, Iowa",19,IA,0,14605,0.0,0,0,access_desert,83.5,1
19131,"Mitchell County, Iowa",19,IA,0,10537,0.0,0,0,access_desert,83.5,1
19133,"Monona County, Iowa",19,IA,1,8671,11.5327,1,0,adequate,48.9,1608
19135,"Monroe County, Iowa",19,IA,0,7574,0.0,0,0,access_desert,83.5,1
19137,"Montgomery County, Iowa",19,IA,5,10285,48.6145,2,0,well_served,4.8,2994
19139,"Muscatine County, Iowa",19,IA,5,42968,11.6366,3,0,adequate,48.6,1616
19141,"O'Brien County, Iowa",19,IA,0,14138,0.0,0,0,access_desert,83.5,1
19143,"Osceola County, Iowa",19,IA,0,6149,0.0,0,0,access_desert,83.5,1
19145,"Page County, Iowa",19,IA,4,15225,26.2726,2,0,well_served,22.8,2428
19147,"Palo Alto County, Iowa",19,IA,0,8938,0.0,0,0,access_desert,83.5,1
19149,"Plymouth County, Iowa",19,IA,0,25621,0.0,0,0,access_desert,83.5,1
19151,"Pocahontas County, Iowa",19,IA,0,7061,0.0,0,0,access_desert,83.5,1
19153,"Polk County, Iowa",19,IA,114,493378,23.106,10,5,well_served,27.7,2273
19155,"Pottawattamie County, Iowa",19,IA,22,93543,23.5186,3,0,well_served,27.0,2294
19157,"Poweshiek County, Iowa",19,IA,2,18608,10.7481,2,0,adequate,50.3,1562
19159,"Ringgold County, Iowa",19,IA,0,4690,0.0,0,0,access_desert,83.5,1
19161,"Sac County, Iowa",19,IA,0,9778,0.0,0,0,access_desert,83.5,1
19163,"Scott County, Iowa",19,IA,66,174315,37.8625,6,5,well_served,10.1,2826
19165,"Shelby County, Iowa",19,IA,1,11737,8.5201,1,0,underserved,54.8,1421
19167,"Sioux County, Iowa",19,IA,5,35815,13.9606,3,0,adequate,44.2,1755
19169,"Story County, Iowa",19,IA,31,98573,31.4488,6,2,well_served,15.9,2643
19171,"Tama County, Iowa",19,IA,1,17017,5.8765,1,0,underserved,60.1,1254
19173,"Taylor County, Iowa",19,IA,0,5916,0.0,0,0,access_desert,83.5,1
19175,"Union County, Iowa",19,IA,2,12107,16.5194,2,0,adequate,39.6,1899
19177,"Van Buren County, Iowa",19,IA,1,7207,13.8754,1,0,adequate,44.3,1750
19179,"Wapello County, Iowa",19,IA,10,35292,28.335,3,1,well_served,19.6,2529
19181,"Warren County, Iowa",19,IA,0,52709,0.0,0,0,access_desert,83.5,1
19183,"Washington County, Iowa",19,IA,1,22534,4.4377,1,0,critical,63.2,1156
19185,"Wayne County, Iowa",19,IA,4,6484,61.6903,2,0,well_served,2.0,3081
19187,"Webster County, Iowa",19,IA,7,36986,18.9261,3,1,adequate,34.9,2047
19189,"Winnebago County, Iowa",19,IA,0,10704,0.0,0,0,access_desert,83.5,1
19191,"Winneshiek County, Iowa",19,IA,3,20050,14.9626,3,0,adequate,42.4,1811
19193,"Woodbury County, Iowa",19,IA,23,105526,21.7956,5,0,well_served,29.8,2208
19195,"Worth County, Iowa",19,IA,0,7417,0.0,0,0,access_desert,83.5,1
19197,"Wright County, Iowa",19,IA,3,12897,23.2612,2,0,well_served,27.4,2282
20001,"Allen County, Kansas",20,KS,0,12554,0.0,0,0,access_desert,83.5,1
20003,"Anderson County, Kansas",20,KS,1,7799,12.8222,1,0,adequate,46.2,1691
20005,"Atchison County, Kansas",20,KS,0,16309,0.0,0,0,access_desert,83.5,1
20007,"Barber County, Kansas",20,KS,0,4081,0.0,0,0,access_desert,83.5,1
20009,"Barton County, Kansas",20,KS,5,25477,19.6255,1,0,adequate,33.8,2082
20011,"Bourbon County, Kansas",20,KS,2,14405,13.8841,2,1,adequate,44.3,1751
20013,"Brown County, Kansas",20,KS,0,9486,0.0,0,0,access_desert,83.5,1
20015,"Butler County, Kansas",20,KS,10,67618,14.789,3,1,adequate,42.7,1803
20017,"Chase County, Kansas",20,KS,0,2570,0.0,0,0,access_desert,83.5,1
20019,"Chautauqua County, Kansas",20,KS,0,3389,0.0,0,0,access_desert,83.5,1
20021,"Cherokee County, Kansas",20,KS,1,19380,5.16,1,0,underserved,61.6,1206
20023,"Cheyenne County, Kansas",20,KS,2,2619,76.365,2,0,well_served,0.9,3116
20025,"Clark County, Kansas",20,KS,0,1977,0.0,0,0,access_desert,83.5,1
20027,"Clay County, Kansas",20,KS,0,8088,0.0,0,0,access_desert,83.5,1
20029,"Cloud County, Kansas",20,KS,0,9008,0.0,0,0,access_desert,83.5,1
20031,"Coffey County, Kansas",20,KS,0,8334,0.0,0,0,access_desert,83.5,1
20033,"Comanche County, Kansas",20,KS,0,1825,0.0,0,0,access_desert,83.5,1
20035,"Cowley County, Kansas",20,KS,6,34661,17.3105,3,0,adequate,38.0,1950
20037,"Crawford County, Kansas",20,KS,9,39012,23.0698,3,0,well_served,27.8,2269
20039,"Decatur County, Kansas",20,KS,0,2771,0.0,0,0,access_desert,83.5,1
20041,"Dickinson County, Kansas",20,KS,2,18492,10.8155,2,0,adequate,50.1,1570
20043,"Doniphan County, Kansas",20,KS,0,7501,0.0,0,0,access_desert,83.5,1
20045,"Douglas County, Kansas",20,KS,32,119094,26.8695,6,3,well_served,21.6,2464
20047,"Edwards County, Kansas",20,KS,0,2849,0.0,0,0,access_desert,83.5,1
20049,"Elk County, Kansas",20,KS,0,2453,0.0,0,0,access_desert,83.5,1
20051,"Ellis County, Kansas",20,KS,6,28921,20.7462,2,0,well_served,31.8,2144
20053,"Ellsworth County, Kansas",20,KS,0,6374,0.0,0,0,access_desert,83.5,1
20055,"Finney County, Kansas",20,KS,14,38187,36.6617,2,2,well_served,11.1,2794
20057,"Ford County, Kansas",20,KS,9,34212,26.3066,4,2,well_served,22.7,2431
20059,"Franklin County, Kansas",20,KS,2,25968,7.7018,2,0,underserved,56.4,1372
20061,"Geary County, Kansas",20,KS,4,36247,11.0354,2,0,adequate,49.9,1574
20063,"Gove County, Kansas",20,KS,0,2758,0.0,0,0,access_desert,83.5,1
20065,"Graham County, Kansas",20,KS,0,2430,0.0,0,0,access_desert,83.5,1
20067,"Grant County, Kansas",20,KS,0,7336,0.0,0,0,access_desert,83.5,1
20069,"Gray County, Kansas",20,KS,0,5719,0.0,0,0,access_desert,83.5,1
20071,"Greeley County, Kansas",20,KS,0,1279,0.0,0,0,access_desert,83.5,1
20073,"Greenwood County, Kansas",20,KS,0,6001,0.0,0,0,access_desert,83.5,1
20075,"Hamilton County, Kansas",20,KS,0,2520,0.0,0,0,access_desert,83.5,1
20077,"Harper County, Kansas",20,KS,0,5457,0.0,0,0,access_desert,83.5,1
20079,"Harvey County, Kansas",20,KS,7,33959,20.6131,2,0,well_served,32.0,2137
20081,"Haskell County, Kansas",20,KS,0,3735,0.0,0,0,access_desert,83.5,1
20083,"Hodgeman County, Kansas",20,KS,0,1770,0.0,0,0,access_desert,83.5,1
20085,"Jackson County, Kansas",20,KS,0,13274,0.0,0,0,access_desert,83.5,1
20087,"Jefferson County, Kansas",20,KS,0,18387,0.0,0,0,access_desert,83.5,1
20089,"Jewell County, Kansas",20,KS,0,2929,0.0,0,0,access_desert,83.5,1
20091,"Johnson County, Kansas",20,KS,205,610742,33.5657,10,11,well_served,13.6,2715
20093,"Kearny County, Kansas",20,KS,0,3964,0.0,0,0,access_desert,83.5,1
20095,"Kingman County, Kansas",20,KS,0,7369,0.0,0,0,access_desert,83.5,1
20097,"Kiowa County, Kansas",20,KS,0,2445,0.0,0,0,access_desert,83.5,1
20099,"Labette County, Kansas",20,KS,7,20096,34.8328,3,0,well_served,12.5,2752
20101,"Lane County, Kansas",20,KS,0,1528,0.0,0,0,access_desert,83.5,1
20103,"Leavenworth County, Kansas",20,KS,8,82050,9.7502,5,1,underserved,52.8,1485
20105,"Lincoln County, Kansas",20,KS,0,2929,0.0,0,0,access_desert,83.5,1
20107,"Linn County, Kansas",20,KS,0,9696,0.0,0,0,access_desert,83.5,1
20109,"Logan County, Kansas",20,KS,0,2752,0.0,0,0,access_desert,83.5,1
20111,"Lyon County, Kansas",20,KS,7,32182,21.7513,3,1,well_served,29.8,2207
20113,"McPherson County, Kansas",20,KS,1,30085,3.3239,1,0,critical,65.6,1081
20115,"Marion County, Kansas",20,KS,0,11867,0.0,0,0,access_desert,83.5,1
20117,"Marshall County, Kansas",20,KS,0,10014,0.0,0,0,access_desert,83.5,1
20119,"Meade County, Kansas",20,KS,0,4019,0.0,0,0,access_desert,83.5,1
20121,"Miami County, Kansas",20,KS,1,34312,2.9144,1,0,critical,66.0,1068
20123,"Mitchell County, Kansas",20,KS,0,5829,0.0,0,0,access_desert,83.5,1
20125,"Montgomery County, Kansas",20,KS,5,31448,15.8993,2,0,adequate,40.5,1872
20127,"Morris County, Kansas",20,KS,1,5385,18.5701,1,0,adequate,35.6,2026
20129,"Morton County, Kansas",20,KS,0,2688,0.0,0,0,access_desert,83.5,1
20131,"Nemaha County, Kansas",20,KS,0,10219,0.0,0,0,access_desert,83.5,1
20133,"Neosho County, Kansas",20,KS,4,15826,25.2749,2,0,well_served,24.4,2377
20135,"Ness County, Kansas",20,KS,0,2677,0.0,0,0,access_desert,83.5,1
20137,"Norton County, Kansas",20,KS,0,5431,0.0,0,0,access_desert,83.5,1
20139,"Osage County, Kansas",20,KS,0,15787,0.0,0,0,access_desert,83.5,1
20141,"Osborne County, Kansas",20,KS,0,3493,0.0,0,0,access_desert,83.5,1
20143,"Ottawa County, Kansas",20,KS,0,5768,0.0,0,0,access_desert,83.5,1
20145,"Pawnee County, Kansas",20,KS,0,6288,0.0,0,0,access_desert,83.5,1
20147,"Phillips County, Kansas",20,KS,0,4960,0.0,0,0,access_desert,83.5,1
20149,"Pottawatomie County, Kansas",20,KS,0,25482,0.0,0,0,access_desert,83.5,1
20151,"Pratt County, Kansas",20,KS,0,9175,0.0,0,0,access_desert,83.5,1
20153,"Rawlins County, Kansas",20,KS,0,2544,0.0,0,0,access_desert,83.5,1
20155,"Reno County, Kansas",20,KS,19,61881,30.7041,3,1,well_served,16.9,2612
20157,"Republic County, Kansas",20,KS,0,4686,0.0,0,0,access_desert,83.5,1
20159,"Rice County, Kansas",20,KS,1,9441,10.5921,1,0,adequate,50.8,1548
20161,"Riley County, Kansas",20,KS,35,72105,48.5403,5,0,well_served,4.8,2993
20163,"Rooks County, Kansas",20,KS,0,4925,0.0,0,0,access_desert,83.5,1
20165,"Rush County, Kansas",20,KS,0,2939,0.0,0,0,access_desert,83.5,1
20167,"Russell County, Kansas",20,KS,0,6702,0.0,0,0,access_desert,83.5,1
20169,"Saline County, Kansas",20,KS,17,54160,31.3885,3,0,well_served,16.1,2639
20171,"Scott County, Kansas",20,KS,0,5128,0.0,0,0,access_desert,83.5,1
20173,"Sedgwick County, Kansas",20,KS,146,522700,27.9319,10,17,well_served,20.1,2512
20175,"Seward County, Kansas",20,KS,10,21942,45.5747,3,1,well_served,5.8,2961
20177,"Shawnee County, Kansas",20,KS,36,178625,20.154,7,1,well_served,32.9,2109
20179,"Sheridan County, Kansas",20,KS,0,2450,0.0,0,0,access_desert,83.5,1
20181,"Sherman County, Kansas",20,KS,1,5940,16.835,1,1,adequate,38.7,1926
20183,"Smith County, Kansas",20,KS,0,3561,0.0,0,0,access_desert,83.5,1
20185,"Stafford County, Kansas",20,KS,0,4054,0.0,0,0,access_desert,83.5,1
20187,"Stanton County, Kansas",20,KS,0,2060,0.0,0,0,access_desert,83.5,1
20189,"Stevens County, Kansas",20,KS,0,5275,0.0,0,0,access_desert,83.5,1
20191,"Sumner County, Kansas",20,KS,0,22517,0.0,0,0,access_desert,83.5,1
20193,"Thomas County, Kansas",20,KS,4,7907,50.5881,3,2,well_served,4.1,3014
20195,"Trego County, Kansas",20,KS,0,2798,0.0,0,0,access_desert,83.5,1
20197,"Wabaunsee County, Kansas",20,KS,0,6922,0.0,0,0,access_desert,83.5,1
20199,"Wallace County, Kansas",20,KS,0,1489,0.0,0,0,access_desert,83.5,1
20201,"Washington County, Kansas",20,KS,0,5529,0.0,0,0,access_desert,83.5,1
20203,"Wichita County, Kansas",20,KS,0,2131,0.0,0,0,access_desert,83.5,1
20205,"Wilson County, Kansas",20,KS,0,8667,0.0,0,0,access_desert,83.5,1
20207,"Woodson County, Kansas",20,KS,0,3134,0.0,0,0,access_desert,83.5,1
20209,"Wyandotte County, Kansas",20,KS,79,167989,47.0269,9,12,well_served,5.3,2976
21001,"Adair County, Kentucky",21,KY,2,18887,10.5893,2,0,adequate,50.8,1547
21003,"Allen County, Kentucky",21,KY,0,20773,0.0,0,0,access_desert,83.5,1
21005,"Anderson County, Kentucky",21,KY,0,23839,0.0,0,0,access_desert,83.5,1
21007,"Ballard County, Kentucky",21,KY,0,7742,0.0,0,0,access_desert,83.5,1
21009,"Barren County, Kentucky",21,KY,12,44511,26.9596,4,0,well_served,21.5,2469
21011,"Bath County, Kentucky",21,KY,0,12739,0.0,0,0,access_desert,83.5,1
21013,"Bell County, Kentucky",21,KY,4,24248,16.4962,2,0,adequate,39.6,1898
21015,"Boone County, Kentucky",21,KY,31,136150,22.769,6,1,well_served,28.1,2260
21017,"Bourbon County, Kentucky",21,KY,4,20228,19.7746,3,1,adequate,33.5,2091
21019,"Boyd County, Kentucky",21,KY,25,48242,51.8221,4,1,well_served,3.9,3020
21021,"Boyle County, Kentucky",21,KY,17,30613,55.532,4,4,well_served,2.8,3056
21023,"Bracken County, Kentucky",21,KY,1,8420,11.8765,1,0,adequate,47.9,1638
21025,"Breathitt County, Kentucky",21,KY,2,13580,14.7275,1,0,adequate,42.7,1801
21027,"Breckinridge County, Kentucky",21,KY,0,20528,0.0,0,0,access_desert,83.5,1
21029,"Bullitt County, Kentucky",21,KY,2,82482,2.4248,2,0,critical,66.3,1060
21031,"Butler County, Kentucky",21,KY,0,12365,0.0,0,0,access_desert,83.5,1
21033,"Caldwell County, Kentucky",21,KY,1,12635,7.9145,1,0,underserved,56.0,1383
21035,"Calloway County, Kentucky",21,KY,10,37345,26.7773,2,0,well_served,21.8,2458
21037,"Campbell County, Kentucky",21,KY,11,93122,11.8125,3,0,adequate,48.2,1630
21039,"Carlisle County, Kentucky",21,KY,0,4782,0.0,0,0,access_desert,83.5,1
21041,"Carroll County, Kentucky",21,KY,0,10842,0.0,0,0,access_desert,83.5,1
21043,"Carter County, Kentucky",21,KY,1,26671,3.7494,1,0,critical,64.9,1105
21045,"Casey County, Kentucky",21,KY,1,15942,6.2727,1,0,underserved,59.2,1284
21047,"Christian County, Kentucky",21,KY,15,72766,20.614,4,0,well_served,32.0,2138
21049,"Clark County, Kentucky",21,KY,10,36897,27.1025,2,0,well_served,21.2,2476
21051,"Clay County, Kentucky",21,KY,2,20322,9.8416,1,0,underserved,52.5,1493
21053,"Clinton County, Kentucky",21,KY,1,9295,10.7585,1,0,adequate,50.2,1564
21055,"Crittenden County, Kentucky",21,KY,0,8979,0.0,0,0,access_desert,83.5,1
21057,"Cumberland County, Kentucky",21,KY,1,5974,16.7392,1,0,adequate,39.0,1917
21059,"Daviess County, Kentucky",21,KY,29,102916,28.1783,6,4,well_served,19.8,2520
21061,"Edmonson County, Kentucky",21,KY,0,12179,0.0,0,0,access_desert,83.5,1
21063,"Elliott County, Kentucky",21,KY,0,7378,0.0,0,0,access_desert,83.5,1
21065,"Estill County, Kentucky",21,KY,1,14138,7.0731,1,0,underserved,57.6,1333
21067,"Fayette County, Kentucky",21,KY,163,321276,50.7352,9,3,well_served,4.1,3015
21069,"Fleming County, Kentucky",21,KY,0,15111,0.0,0,0,access_desert,83.5,1
21071,"Floyd County, Kentucky",21,KY,12,35780,33.5383,5,0,well_served,13.7,2713
21073,"Franklin County, Kentucky",21,KY,8,51475,15.5415,2,0,adequate,41.0,1856
21075,"Fulton County, Kentucky",21,KY,0,6480,0.0,0,0,access_desert,83.5,1
21077,"Gallatin County, Kentucky",21,KY,0,8720,0.0,0,0,access_desert,83.5,1
21079,"Garrard County, Kentucky",21,KY,1,17175,5.8224,1,0,underserved,60.1,1253
21081,"Grant County, Kentucky",21,KY,0,25085,0.0,0,0,access_desert,83.5,1
21083,"Graves County, Kentucky",21,KY,7,36701,19.073,4,0,adequate,34.6,2055
21085,"Grayson County, Kentucky",21,KY,8,26465,30.2286,2,0,well_served,17.5,2595
21087,"Green County, Kentucky",21,KY,3,11198,26.7905,2,0,well_served,21.8,2459
21089,"Greenup County, Kentucky",21,KY,1,35853,2.7892,1,0,critical,66.2,1064
21091,"Hancock County, Kentucky",21,KY,0,9058,0.0,0,0,access_desert,83.5,1
21093,"Hardin County, Kentucky",21,KY,31,111005,27.9267,5,0,well_served,20.1,2511
21095,"Harlan County, Kentucky",21,KY,3,26589,11.2829,2,0,adequate,49.4,1592
21097,"Harrison County, Kentucky",21,KY,10,18803,53.183,3,1,well_served,3.5,3035
21099,"Hart County, Kentucky",21,KY,1,19345,5.1693,1,1,underserved,61.6,1208
21101,"Henderson County, Kentucky",21,KY,8,44770,17.8691,3,0,adequate,36.8,1988
21103,"Henry County, Kentucky",21,KY,0,15731,0.0,0,0,access_desert,83.5,1
21105,"Hickman County, Kentucky",21,KY,0,4491,0.0,0,0,access_desert,83.5,1
21107,"Hopkins County, Kentucky",21,KY,10,45223,22.1126,3,0,well_served,29.4,2221
21109,"Jackson County, Kentucky",21,KY,0,13002,0.0,0,0,access_desert,83.5,1
21111,"Jefferson County, Kentucky",21,KY,307,779232,39.3978,10,11,well_served,9.2,2854
21113,"Jessamine County, Kentucky",21,KY,3,53381,5.62,2,0,underserved,60.4,1245
21115,"Johnson County, Kentucky",21,KY,3,22631,13.2562,1,0,adequate,45.4,1717
21117,"Kenton County, Kentucky",21,KY,52,169066,30.7572,6,4,well_served,16.9,2613
21119,"Knott County, Kentucky",21,KY,0,14282,0.0,0,0,access_desert,83.5,1
21121,"Knox County, Kentucky",21,KY,0,30207,0.0,0,0,access_desert,83.5,1
21123,"Larue County, Kentucky",21,KY,0,14902,0.0,0,0,access_desert,83.5,1
21125,"Laurel County, Kentucky",21,KY,14,62442,22.4208,4,1,well_served,28.8,2238
21127,"Lawrence County, Kentucky",21,KY,2,16228,12.3244,2,0,adequate,47.2,1660
21129,"Lee County, Kentucky",21,KY,0,7338,0.0,0,0,access_desert,83.5,1
21131,"Leslie County, Kentucky",21,KY,4,10468,38.2117,2,0,well_served,9.9,2832
21133,"Letcher County, Kentucky",21,KY,7,21490,32.5733,3,0,well_served,14.5,2687
21135,"Lewis County, Kentucky",21,KY,2,13063,15.3104,2,0,adequate,41.5,1838
21137,"Lincoln County, Kentucky",21,KY,6,24320,24.6711,4,0,well_served,25.3,2350
21139,"Livingston County, Kentucky",21,KY,0,8980,0.0,0,0,access_desert,83.5,1
21141,"Logan County, Kentucky",21,KY,4,27498,14.5465,2,0,adequate,43.1,1788
21143,"Lyon County, Kentucky",21,KY,0,8721,0.0,0,0,access_desert,83.5,1
21145,"McCracken County, Kentucky",21,KY,38,67573,56.2355,5,4,well_served,2.7,3059
21147,"McCreary County, Kentucky",21,KY,0,16892,0.0,0,0,access_desert,83.5,1
21149,"McLean County, Kentucky",21,KY,0,9173,0.0,0,0,access_desert,83.5,1
21151,"Madison County, Kentucky",21,KY,14,92955,15.0611,5,3,adequate,42.2,1818
21153,"Magoffin County, Kentucky",21,KY,0,11647,0.0,0,0,access_desert,83.5,1
21155,"Marion County, Kentucky",21,KY,6,19627,30.5701,3,0,well_served,17.0,2608
21157,"Marshall County, Kentucky",21,KY,1,31706,3.154,1,0,critical,65.8,1075
21159,"Martin County, Kentucky",21,KY,0,11298,0.0,0,0,access_desert,83.5,1
21161,"Mason County, Kentucky",21,KY,10,17068,58.5892,2,0,well_served,2.4,3070
21163,"Meade County, Kentucky",21,KY,0,29964,0.0,0,0,access_desert,83.5,1
21165,"Menifee County, Kentucky",21,KY,0,6174,0.0,0,0,access_desert,83.5,1
21167,"Mercer County, Kentucky",21,KY,0,22662,0.0,0,0,access_desert,83.5,1
21169,"Metcalfe County, Kentucky",21,KY,2,10313,19.393,1,0,adequate,34.3,2067
21171,"Monroe County, Kentucky",21,KY,0,11331,0.0,0,0,access_desert,83.5,1
21173,"Montgomery County, Kentucky",21,KY,5,28188,17.738,3,1,adequate,37.0,1981
21175,"Morgan County, Kentucky",21,KY,0,13840,0.0,0,0,access_desert,83.5,1
21177,"Muhlenberg County, Kentucky",21,KY,2,30735,6.5072,2,0,underserved,58.8,1295
21179,"Nelson County, Kentucky",21,KY,10,46779,21.3771,3,0,well_served,30.6,2181
21181,"Nicholas County, Kentucky",21,KY,0,7613,0.0,0,0,access_desert,83.5,1
21183,"Ohio County, Kentucky",21,KY,2,23782,8.4097,2,1,underserved,55.0,1415
21185,"Oldham County, Kentucky",21,KY,7,67997,10.2946,3,0,adequate,51.6,1523
21187,"Owen County, Kentucky",21,KY,0,11229,0.0,0,0,access_desert,83.5,1
21189,"Owsley County, Kentucky",21,KY,0,4054,0.0,0,0,access_desert,83.5,1
21191,"Pendleton County, Kentucky",21,KY,0,14638,0.0,0,0,access_desert,83.5,1
21193,"Perry County, Kentucky",21,KY,3,28136,10.6625,2,0,adequate,50.6,1552
21195,"Pike County, Kentucky",21,KY,14,58196,24.0566,3,0,well_served,26.0,2325
21197,"Powell County, Kentucky",21,KY,0,13089,0.0,0,0,access_desert,83.5,1
21199,"Pulaski County, Kentucky",21,KY,17,65145,26.0956,3,0,well_served,23.1,2417
21201,"Robertson County, Kentucky",21,KY,0,2207,0.0,0,0,access_desert,83.5,1
21203,"Rockcastle County, Kentucky",21,KY,0,16171,0.0,0,0,access_desert,83.5,1
21205,"Rowan County, Kentucky",21,KY,14,24551,57.0242,4,1,well_served,2.5,3064
21207,"Russell County, Kentucky",21,KY,1,18021,5.5491,1,1,underserved,60.6,1238
21209,"Scott County, Kentucky",21,KY,11,57286,19.2019,3,0,adequate,34.5,2060
21211,"Shelby County, Kentucky",21,KY,8,48105,16.6303,4,1,adequate,39.2,1910
21213,"Simpson County, Kentucky",21,KY,0,19574,0.0,0,0,access_desert,83.5,1
21215,"Spencer County, Kentucky",21,KY,0,19549,0.0,0,0,access_desert,83.5,1
21217,"Taylor County, Kentucky",21,KY,13,26056,49.8925,4,0,well_served,4.3,3008
21219,"Todd County, Kentucky",21,KY,0,12281,0.0,0,0,access_desert,83.5,1
21221,"Trigg County, Kentucky",21,KY,2,14154,14.1303,2,0,adequate,43.9,1764
21223,"Trimble County, Kentucky",21,KY,0,8510,0.0,0,0,access_desert,83.5,1
21225,"Union County, Kentucky",21,KY,0,13495,0.0,0,0,access_desert,83.5,1
21227,"Warren County, Kentucky",21,KY,37,135307,27.3452,7,0,well_served,20.9,2488
21229,"Washington County, Kentucky",21,KY,0,12025,0.0,0,0,access_desert,83.5,1
21231,"Wayne County, Kentucky",21,KY,0,19666,0.0,0,0,access_desert,83.5,1
21233,"Webster County, Kentucky",21,KY,1,12951,7.7214,1,0,underserved,56.3,1374
21235,"Whitley County, Kentucky",21,KY,10,36648,27.2866,4,0,well_served,20.9,2486
21237,"Wolfe County, Kentucky",21,KY,0,6573,0.0,0,0,access_desert,83.5,1
21239,"Woodford County, Kentucky",21,KY,9,26886,33.4747,3,7,well_served,13.8,2709
22001,"Acadia Parish, Louisiana",22,LA,16,57674,27.7421,3,0,well_served,20.4,2503
22003,"Allen Parish, Louisiana",22,LA,3,22798,13.159,3,1,adequate,45.6,1711
22005,"Ascension Parish, Louisiana",22,LA,3,126973,2.3627,3,0,critical,66.4,1056
22007,"Assumption Parish, Louisiana",22,LA,9,21067,42.7208,2,0,well_served,7.1,2921
22009,"Avoyelles Parish, Louisiana",22,LA,1,39529,2.5298,1,1,critical,66.2,1062
22011,"Beauregard Parish, Louisiana",22,LA,11,36553,30.0933,5,2,well_served,17.6,2590
22013,"Bienville Parish, Louisiana",22,LA,0,12958,0.0,0,0,access_desert,83.5,1
22015,"Bossier Parish, Louisiana",22,LA,30,128877,23.278,2,2,well_served,27.4,2283
22017,"Caddo Parish, Louisiana",22,LA,152,236259,64.3362,9,9,well_served,1.7,3091
22019,"Calcasieu Parish, Louisiana",22,LA,55,210770,26.0948,8,2,well_served,23.2,2416
22021,"Caldwell Parish, Louisiana",22,LA,0,9658,0.0,0,0,access_desert,83.5,1
22023,"Cameron Parish, Louisiana",22,LA,0,5447,0.0,0,0,access_desert,83.5,1
22025,"Catahoula Parish, Louisiana",22,LA,0,8895,0.0,0,0,access_desert,83.5,1
22027,"Claiborne Parish, Louisiana",22,LA,0,14203,0.0,0,0,access_desert,83.5,1
22029,"Concordia Parish, Louisiana",22,LA,2,18677,10.7084,1,0,adequate,50.5,1557
22031,"De Soto Parish, Louisiana",22,LA,0,26821,0.0,0,0,access_desert,83.5,1
22033,"East Baton Rouge Parish, Louisiana",22,LA,171,454369,37.6346,9,5,well_served,10.3,2819
22035,"East Carroll Parish, Louisiana",22,LA,0,7371,0.0,0,0,access_desert,83.5,1
22037,"East Feliciana Parish, Louisiana",22,LA,0,19452,0.0,0,0,access_desert,83.5,1
22039,"Evangeline Parish, Louisiana",22,LA,6,32335,18.5557,2,0,adequate,35.6,2025
22041,"Franklin Parish, Louisiana",22,LA,0,19752,0.0,0,0,access_desert,83.5,1
22043,"Grant Parish, Louisiana",22,LA,0,22185,0.0,0,0,access_desert,83.5,1
22045,"Iberia Parish, Louisiana",22,LA,13,69958,18.5826,3,1,adequate,35.5,2028
22047,"Iberville Parish, Louisiana",22,LA,5,30210,16.5508,3,0,adequate,39.5,1903
22049,"Jackson Parish, Louisiana",22,LA,1,15093,6.6256,1,0,underserved,58.5,1304
22051,"Jefferson Parish, Louisiana",22,LA,147,436171,33.7024,9,3,well_served,13.5,2720
22053,"Jefferson Davis Parish, Louisiana",22,LA,6,32277,18.5891,3,0,adequate,35.4,2030
22055,"Lafayette Parish, Louisiana",22,LA,104,243175,42.7676,10,9,well_served,7.0,2923
22057,"Lafourche Parish, Louisiana",22,LA,14,97220,14.4003,5,1,adequate,43.4,1781
22059,"LaSalle Parish, Louisiana",22,LA,1,14764,6.7732,1,0,underserved,58.3,1311
22061,"Lincoln Parish, Louisiana",22,LA,11,48323,22.7635,4,0,well_served,28.1,2259
22063,"Livingston Parish, Louisiana",22,LA,2,143425,1.3945,2,0,critical,66.9,1040
22065,"Madison Parish, Louisiana",22,LA,0,10028,0.0,0,0,access_desert,83.5,1
22067,"Morehouse Parish, Louisiana",22,LA,4,25438,15.7245,3,0,adequate,40.8,1860
22069,"Natchitoches Parish, Louisiana",22,LA,9,37478,24.0141,2,1,well_served,26.1,2323
22071,"Orleans Parish, Louisiana",22,LA,152,380408,39.9571,10,14,well_served,8.8,2866
22073,"Ouachita Parish, Louisiana",22,LA,51,159585,31.9579,5,4,well_served,15.2,2667
22075,"Plaquemines Parish, Louisiana",22,LA,0,23305,0.0,0,0,access_desert,83.5,1
22077,"Pointe Coupee Parish, Louisiana",22,LA,0,20652,0.0,0,0,access_desert,83.5,1
22079,"Rapides Parish, Louisiana",22,LA,43,129536,33.1954,5,1,well_served,14.1,2701
22081,"Red River Parish, Louisiana",22,LA,0,7631,0.0,0,0,access_desert,83.5,1
22083,"Richland Parish, Louisiana",22,LA,3,20028,14.979,3,0,adequate,42.2,1816
22085,"Sabine Parish, Louisiana",22,LA,0,22209,0.0,0,0,access_desert,83.5,1
22087,"St. Bernard Parish, Louisiana",22,LA,1,44038,2.2708,1,0,critical,66.5,1053
22089,"St. Charles Parish, Louisiana",22,LA,2,52191,3.8321,2,0,critical,64.7,1109
22091,"St. Helena Parish, Louisiana",22,LA,1,10872,9.1979,1,0,underserved,53.8,1454
22093,"St. James Parish, Louisiana",22,LA,0,20090,0.0,0,0,access_desert,83.5,1
22095,"St. John the Baptist Parish, Louisiana",22,LA,4,41986,9.527,1,0,underserved,53.1,1474
22097,"St. Landry Parish, Louisiana",22,LA,17,82574,20.5876,4,2,well_served,32.1,2135
22099,"St. Martin Parish, Louisiana",22,LA,2,51856,3.8568,1,0,critical,64.7,1110
22101,"St. Mary Parish, Louisiana",22,LA,2,49114,4.0722,1,0,critical,64.0,1132
22103,"St. Tammany Parish, Louisiana",22,LA,86,266168,32.3104,7,7,well_served,14.8,2680
22105,"Tangipahoa Parish, Louisiana",22,LA,34,133953,25.382,6,0,well_served,24.3,2381
22107,"Tensas Parish, Louisiana",22,LA,0,4127,0.0,0,0,access_desert,83.5,1
22109,"Terrebonne Parish, Louisiana",22,LA,27,108862,24.802,4,0,well_served,25.1,2355
22111,"Union Parish, Louisiana",22,LA,1,21049,4.7508,1,0,critical,62.5,1180
22113,"Vermilion Parish, Louisiana",22,LA,3,57202,5.2446,2,0,underserved,61.3,1217
22115,"Vernon Parish, Louisiana",22,LA,4,48452,8.2556,1,0,underserved,55.3,1405
22117,"Washington Parish, Louisiana",22,LA,6,45514,13.1828,3,1,adequate,45.5,1713
22119,"Webster Parish, Louisiana",22,LA,5,36761,13.6014,2,1,adequate,44.8,1734
22121,"West Baton Rouge Parish, Louisiana",22,LA,1,27377,3.6527,1,0,critical,65.0,1099
22123,"West Carroll Parish, Louisiana",22,LA,0,9800,0.0,0,0,access_desert,83.5,1
22125,"West Feliciana Parish, Louisiana",22,LA,0,15358,0.0,0,0,access_desert,83.5,1
22127,"Winn Parish, Louisiana",22,LA,0,13665,0.0,0,0,access_desert,83.5,1
23001,"Androscoggin County, Maine",23,ME,24,111532,21.5185,4,3,well_served,30.4,2189
23003,"Aroostook County, Maine",23,ME,27,67237,40.1565,6,2,well_served,8.7,2872
23005,"Cumberland County, Maine",23,ME,199,303357,65.5993,9,5,well_served,1.5,3098
23007,"Franklin County, Maine",23,ME,12,29839,40.2158,4,0,well_served,8.6,2874
23009,"Hancock County, Maine",23,ME,28,55851,50.1334,5,1,well_served,4.3,3010
23011,"Kennebec County, Maine",23,ME,39,124003,31.4509,5,4,well_served,15.9,2644
23013,"Knox County, Maine",23,ME,16,40729,39.284,4,1,well_served,9.3,2851
23015,"Lincoln County, Maine",23,ME,19,35466,53.5724,4,0,well_served,3.3,3041
23017,"Oxford County, Maine",23,ME,15,58276,25.7396,4,0,well_served,23.6,2401
23019,"Penobscot County, Maine",23,ME,56,152640,36.6876,6,3,well_served,11.1,2795
23021,"Piscataquis County, Maine",23,ME,2,16936,11.8092,2,0,adequate,48.2,1629
23023,"Sagadahoc County, Maine",23,ME,10,36868,27.1238,3,2,well_served,21.2,2477
23025,"Somerset County, Maine",23,ME,5,50656,9.8705,2,0,underserved,52.4,1496
23027,"Waldo County, Maine",23,ME,10,39772,25.1433,4,2,well_served,24.6,2371
23029,"Washington County, Maine",23,ME,7,31096,22.5109,4,1,well_served,28.6,2245
23031,"York County, Maine",23,ME,40,212691,18.8066,8,1,adequate,35.1,2042
24001,"Allegany County, Maryland",24,MD,18,68161,26.4081,4,0,well_served,22.4,2441
24003,"Anne Arundel County, Maryland",24,MD,225,588109,38.2582,12,26,well_served,9.9,2834
24005,"Baltimore County, Maryland",24,MD,330,850737,38.7899,10,34,well_served,9.6,2842
24009,"Calvert County, Maryland",24,MD,25,93244,26.8114,4,2,well_served,21.8,2460
24011,"Caroline County, Maryland",24,MD,2,33320,6.0024,2,2,underserved,59.7,1266
24013,"Carroll County, Maryland",24,MD,45,173225,25.9778,8,10,well_served,23.3,2410
24015,"Cecil County, Maryland",24,MD,24,103876,23.1045,3,1,well_served,27.7,2272
24017,"Charles County, Maryland",24,MD,33,167035,19.7563,5,2,adequate,33.5,2090
24019,"Dorchester County, Maryland",24,MD,6,32557,18.4292,4,0,adequate,35.8,2020
24021,"Frederick County, Maryland",24,MD,67,273829,24.4678,8,15,well_served,25.4,2344
24023,"Garrett County, Maryland",24,MD,6,28856,20.7929,3,1,well_served,31.7,2148
24025,"Harford County, Maryland",24,MD,48,261059,18.3866,7,13,adequate,35.8,2018
24027,"Howard County, Maryland",24,MD,135,332011,40.6613,9,18,well_served,8.3,2882
24029,"Kent County, Maryland",24,MD,4,19289,20.7372,2,0,well_served,31.8,2143
24031,"Montgomery County, Maryland",24,MD,564,1056910,53.3631,10,66,well_served,3.4,3036
24033,"Prince George's County, Maryland",24,MD,245,957189,25.5958,8,58,well_served,24.0,2391
24035,"Queen Anne's County, Maryland",24,MD,7,50316,13.9121,3,3,adequate,44.3,1752
24037,"St. Mary's County, Maryland",24,MD,23,113814,20.2084,5,1,well_served,32.7,2115
24039,"Somerset County, Maryland",24,MD,1,24672,4.0532,1,0,critical,64.1,1129
24041,"Talbot County, Maryland",24,MD,28,37663,74.3435,7,3,well_served,1.0,3113
24043,"Washington County, Maryland",24,MD,55,154645,35.5653,8,11,well_served,11.7,2775
24045,"Wicomico County, Maryland",24,MD,51,103815,49.1258,7,7,well_served,4.6,2999
24047,"Worcester County, Maryland",24,MD,8,52827,15.1438,4,2,adequate,42.0,1823
24510,"Baltimore city, Maryland",24,MD,398,584548,68.0868,10,28,well_served,1.3,3104
25001,"Barnstable County, Massachusetts",25,MA,57,229436,24.8435,5,5,well_served,25.0,2359
25003,"Berkshire County, Massachusetts",25,MA,35,128763,27.1817,4,1,well_served,21.2,2479
25005,"Bristol County, Massachusetts",25,MA,112,576699,19.4209,9,1,adequate,34.2,2069
25007,"Dukes County, Massachusetts",25,MA,11,20543,53.5462,5,0,well_served,3.3,3040
25009,"Essex County, Massachusetts",25,MA,172,806103,21.3372,9,10,well_served,30.8,2177
25011,"Franklin County, Massachusetts",25,MA,29,70980,40.8566,5,0,well_served,8.1,2888
25013,"Hampden County, Massachusetts",25,MA,180,464575,38.7451,11,8,well_served,9.6,2841
25015,"Hampshire County, Massachusetts",25,MA,53,153931,34.431,5,4,well_served,12.8,2741
25017,"Middlesex County, Massachusetts",25,MA,459,1623109,28.2791,11,24,well_served,19.6,2527
25019,"Nantucket County, Massachusetts",25,MA,0,14065,0.0,0,0,access_desert,83.5,1
25021,"Norfolk County, Massachusetts",25,MA,311,722112,43.0681,10,14,well_served,6.9,2928
25023,"Plymouth County, Massachusetts",25,MA,128,529548,24.1716,6,8,well_served,25.9,2331
25025,"Suffolk County, Massachusetts",25,MA,676,785443,86.0661,12,36,well_served,0.6,3124
25027,"Worcester County, Massachusetts",25,MA,255,858898,29.6892,11,4,well_served,18.0,2579
26001,"Alcona County, Michigan",26,MI,0,10238,0.0,0,0,access_desert,83.5,1
26003,"Alger County, Michigan",26,MI,1,8866,11.279,1,0,adequate,49.4,1591
26005,"Allegan County, Michigan",26,MI,27,120189,22.4646,4,2,well_served,28.7,2243
26007,"Alpena County, Michigan",26,MI,10,28911,34.5889,3,0,well_served,12.7,2746
26009,"Antrim County, Michigan",26,MI,1,23662,4.2262,1,0,critical,63.8,1138
26011,"Arenac County, Michigan",26,MI,0,15031,0.0,0,0,access_desert,83.5,1
26013,"Baraga County, Michigan",26,MI,0,8245,0.0,0,0,access_desert,83.5,1
26015,"Barry County, Michigan",26,MI,16,62581,25.5669,4,0,well_served,24.1,2386
26017,"Bay County, Michigan",26,MI,18,103752,17.3491,4,1,adequate,37.9,1953
26019,"Benzie County, Michigan",26,MI,3,18058,16.6131,2,0,adequate,39.3,1908
26021,"Berrien County, Michigan",26,MI,48,153938,31.1814,7,1,well_served,16.3,2633
26023,"Branch County, Michigan",26,MI,6,44795,13.3944,2,0,adequate,45.3,1721
26025,"Calhoun County, Michigan",26,MI,43,134011,32.0869,5,2,well_served,15.0,2671
26027,"Cass County, Michigan",26,MI,4,51604,7.7513,1,2,underserved,56.2,1378
26029,"Charlevoix County, Michigan",26,MI,9,26174,34.3853,4,0,well_served,12.8,2740
26031,"Cheboygan County, Michigan",26,MI,4,25709,15.5588,2,0,adequate,40.9,1857
26033,"Chippewa County, Michigan",26,MI,5,36670,13.6351,2,0,adequate,44.7,1738
26035,"Clare County, Michigan",26,MI,0,30998,0.0,0,0,access_desert,83.5,1
26037,"Clinton County, Michigan",26,MI,6,79249,7.5711,2,1,underserved,56.6,1364
26039,"Crawford County, Michigan",26,MI,5,13197,37.8874,3,2,well_served,10.1,2827
26041,"Delta County, Michigan",26,MI,7,36839,19.0016,2,0,adequate,34.8,2050
26043,"Dickinson County, Michigan",26,MI,9,25937,34.6995,3,1,well_served,12.6,2748
26045,"Eaton County, Michigan",26,MI,5,109072,4.5841,4,2,critical,62.8,1168
26047,"Emmet County, Michigan",26,MI,18,34072,52.8293,5,0,well_served,3.6,3031
26049,"Genesee County, Michigan",26,MI,127,405280,31.3364,9,14,well_served,16.1,2637
26051,"Gladwin County, Michigan",26,MI,0,25461,0.0,0,0,access_desert,83.5,1
26053,"Gogebic County, Michigan",26,MI,4,14597,27.4029,4,0,well_served,20.8,2489
26055,"Grand Traverse County, Michigan",26,MI,12,95315,12.5898,3,0,adequate,46.5,1681
26057,"Gratiot County, Michigan",26,MI,7,41534,16.8537,3,0,adequate,38.7,1927
26059,"Hillsdale County, Michigan",26,MI,6,45698,13.1297,4,2,adequate,45.6,1710
26061,"Houghton County, Michigan",26,MI,20,37414,53.4559,5,2,well_served,3.3,3039
26063,"Huron County, Michigan",26,MI,7,31461,22.2498,4,1,well_served,29.2,2225
26065,"Ingham County, Michigan",26,MI,112,282540,39.6404,9,12,well_served,9.0,2860
26067,"Ionia County, Michigan",26,MI,2,66663,3.0002,2,0,critical,66.0,1070
26069,"Iosco County, Michigan",26,MI,5,25319,19.748,3,0,adequate,33.6,2089
26071,"Iron County, Michigan",26,MI,1,11585,8.6319,1,0,underserved,54.6,1427
26073,"Isabella County, Michigan",26,MI,25,64938,38.4983,5,2,well_served,9.7,2839
26075,"Jackson County, Michigan",26,MI,33,160637,20.5432,6,5,well_served,32.2,2132
26077,"Kalamazoo County, Michigan",26,MI,97,261426,37.1042,8,6,well_served,10.7,2808
26079,"Kalkaska County, Michigan",26,MI,2,17934,11.152,2,0,adequate,49.7,1581
26081,"Kent County, Michigan",26,MI,299,657321,45.4877,11,23,well_served,5.9,2958
26083,"Keweenaw County, Michigan",26,MI,0,2088,0.0,0,0,access_desert,83.5,1
26085,"Lake County, Michigan",26,MI,0,12285,0.0,0,0,access_desert,83.5,1
26087,"Lapeer County, Michigan",26,MI,11,88687,12.4032,4,0,adequate,46.9,1668
26089,"Leelanau County, Michigan",26,MI,36,22426,160.528,8,4,well_served,0.2,3139
26091,"Lenawee County, Michigan",26,MI,9,99263,9.0668,3,1,underserved,54.1,1444
26093,"Livingston County, Michigan",26,MI,41,194302,21.1012,9,3,well_served,31.0,2168
26095,"Luce County, Michigan",26,MI,0,5442,0.0,0,0,access_desert,83.5,1
26097,"Mackinac County, Michigan",26,MI,1,10843,9.2225,1,0,underserved,53.7,1456
26099,"Macomb County, Michigan",26,MI,192,878453,21.8566,7,12,well_served,29.7,2211
26101,"Manistee County, Michigan",26,MI,8,25058,31.9259,3,0,well_served,15.2,2666
26103,"Marquette County, Michigan",26,MI,13,66376,19.5854,2,0,adequate,33.8,2081
26105,"Mason County, Michigan",26,MI,11,29178,37.6996,4,0,well_served,10.3,2820
26107,"Mecosta County, Michigan",26,MI,16,40128,39.8724,4,0,well_served,8.9,2863
26109,"Menominee County, Michigan",26,MI,0,23433,0.0,0,0,access_desert,83.5,1
26111,"Midland County, Michigan",26,MI,32,83503,38.322,6,3,well_served,9.8,2835
26113,"Missaukee County, Michigan",26,MI,0,15089,0.0,0,0,access_desert,83.5,1
26115,"Monroe County, Michigan",26,MI,21,154823,13.5639,6,1,adequate,44.9,1731
26117,"Montcalm County, Michigan",26,MI,18,66901,26.9054,3,1,well_served,21.6,2465
26119,"Montmorency County, Michigan",26,MI,1,9261,10.798,1,0,adequate,50.1,1569
26121,"Muskegon County, Michigan",26,MI,45,175947,25.5759,8,1,well_served,24.1,2387
26123,"Newaygo County, Michigan",26,MI,13,50130,25.9326,3,1,well_served,23.5,2406
26125,"Oakland County, Michigan",26,MI,701,1272264,55.0986,11,57,well_served,3.0,3051
26127,"Oceana County, Michigan",26,MI,2,26707,7.4887,1,0,underserved,56.7,1360
26129,"Ogemaw County, Michigan",26,MI,3,20820,14.4092,2,0,adequate,43.3,1783
26131,"Ontonagon County, Michigan",26,MI,0,5862,0.0,0,0,access_desert,83.5,1
26133,"Osceola County, Michigan",26,MI,3,23022,13.031,2,0,adequate,45.8,1704
26135,"Oscoda County, Michigan",26,MI,0,8264,0.0,0,0,access_desert,83.5,1
26137,"Otsego County, Michigan",26,MI,2,25221,7.9299,1,0,underserved,55.9,1386
26139,"Ottawa County, Michigan",26,MI,46,296183,15.5309,5,5,adequate,41.1,1853
26141,"Presque Isle County, Michigan",26,MI,1,13083,7.6435,1,1,underserved,56.5,1368
26143,"Roscommon County, Michigan",26,MI,1,23556,4.2452,1,0,critical,63.7,1140
26145,"Saginaw County, Michigan",26,MI,88,189821,46.3595,9,15,well_served,5.6,2968
26147,"St. Clair County, Michigan",26,MI,22,160257,13.7279,4,0,adequate,44.5,1745
26149,"St. Joseph County, Michigan",26,MI,16,60887,26.2782,5,1,well_served,22.7,2429
26151,"Sanilac County, Michigan",26,MI,3,40759,7.3603,1,0,underserved,57.0,1351
26153,"Schoolcraft County, Michigan",26,MI,0,8062,0.0,0,0,access_desert,83.5,1
26155,"Shiawassee County, Michigan",26,MI,11,68124,16.147,6,0,adequate,40.1,1882
26157,"Tuscola County, Michigan",26,MI,2,53218,3.7581,2,0,critical,64.8,1106
26159,"Van Buren County, Michigan",26,MI,11,75636,14.5433,3,1,adequate,43.2,1787
26161,"Washtenaw County, Michigan",26,MI,365,370231,98.5871,11,25,well_served,0.5,3129
26163,"Wayne County, Michigan",26,MI,611,1781641,34.2942,11,44,well_served,12.9,2737
26165,"Wexford County, Michigan",26,MI,12,33766,35.5387,4,2,well_served,11.8,2774
27001,"Aitkin County, Minnesota",27,MN,1,15859,6.3056,1,0,underserved,59.1,1287
27003,"Anoka County, Minnesota",27,MN,79,363985,21.7042,7,3,well_served,29.9,2203
27005,"Becker County, Minnesota",27,MN,8,35202,22.726,3,0,well_served,28.2,2257
27007,"Beltrami County, Minnesota",27,MN,11,46274,23.7714,4,1,well_served,26.7,2305
27009,"Benton County, Minnesota",27,MN,1,41300,2.4213,1,0,critical,66.3,1058
27011,"Big Stone County, Minnesota",27,MN,0,5161,0.0,0,0,access_desert,83.5,1
27013,"Blue Earth County, Minnesota",27,MN,27,69022,39.118,4,0,well_served,9.4,2848
27015,"Brown County, Minnesota",27,MN,6,25880,23.1839,1,0,well_served,27.5,2278
27017,"Carlton County, Minnesota",27,MN,4,36362,11.0005,2,0,adequate,50.0,1573
27019,"Carver County, Minnesota",27,MN,29,107216,27.0482,4,4,well_served,21.3,2474
27021,"Cass County, Minnesota",27,MN,1,30288,3.3016,1,0,critical,65.6,1080
27023,"Chippewa County, Minnesota",27,MN,3,12466,24.0655,3,0,well_served,26.0,2326
27025,"Chisago County, Minnesota",27,MN,1,56927,1.7566,1,1,critical,66.8,1045
27027,"Clay County, Minnesota",27,MN,7,65307,10.7186,3,0,adequate,50.3,1561
27029,"Clearwater County, Minnesota",27,MN,1,8541,11.7082,1,0,adequate,48.4,1622
27031,"Cook County, Minnesota",27,MN,1,5611,17.8221,1,0,adequate,36.8,1987
27033,"Cottonwood County, Minnesota",27,MN,1,11481,8.71,1,0,underserved,54.5,1430
27035,"Crow Wing County, Minnesota",27,MN,19,66558,28.5465,4,1,well_served,19.4,2534
27037,"Dakota County, Minnesota",27,MN,67,439179,15.2557,6,1,adequate,41.7,1834
27039,"Dodge County, Minnesota",27,MN,3,20893,14.3589,2,1,adequate,43.4,1778
27041,"Douglas County, Minnesota",27,MN,17,39081,43.4994,4,1,well_served,6.7,2933
27043,"Faribault County, Minnesota",27,MN,1,13931,7.1782,1,1,underserved,57.3,1344
27045,"Fillmore County, Minnesota",27,MN,2,21251,9.4113,1,1,underserved,53.4,1465
27047,"Freeborn County, Minnesota",27,MN,5,30857,16.2038,2,0,adequate,40.1,1884
27049,"Goodhue County, Minnesota",27,MN,8,47697,16.7725,3,0,adequate,39.0,1919
27051,"Grant County, Minnesota",27,MN,1,6091,16.4177,1,0,adequate,39.7,1897
27053,"Hennepin County, Minnesota",27,MN,683,1270787,53.7462,11,42,well_served,3.2,3042
27055,"Houston County, Minnesota",27,MN,0,18826,0.0,0,0,access_desert,83.5,1
27057,"Hubbard County, Minnesota",27,MN,1,21479,4.6557,1,0,critical,62.7,1173
27059,"Isanti County, Minnesota",27,MN,5,41257,12.1192,2,0,adequate,47.5,1650
27061,"Itasca County, Minnesota",27,MN,5,45054,11.0978,2,1,adequate,49.9,1576
27063,"Jackson County, Minnesota",27,MN,0,9990,0.0,0,0,access_desert,83.5,1
27065,"Kanabec County, Minnesota",27,MN,3,16145,18.5816,2,0,adequate,35.5,2027
27067,"Kandiyohi County, Minnesota",27,MN,4,43686,9.1563,1,0,underserved,53.8,1451
27069,"Kittson County, Minnesota",27,MN,0,4191,0.0,0,0,access_desert,83.5,1
27071,"Koochiching County, Minnesota",27,MN,1,12072,8.2836,1,0,underserved,55.2,1408
27073,"Lac qui Parle County, Minnesota",27,MN,0,6736,0.0,0,0,access_desert,83.5,1
27075,"Lake County, Minnesota",27,MN,1,10915,9.1617,1,0,underserved,53.8,1452
27077,"Lake of the Woods County, Minnesota",27,MN,0,3786,0.0,0,0,access_desert,83.5,1
27079,"Le Sueur County, Minnesota",27,MN,2,28795,6.9457,2,0,underserved,57.9,1323
27081,"Lincoln County, Minnesota",27,MN,0,5630,0.0,0,0,access_desert,83.5,1
27083,"Lyon County, Minnesota",27,MN,6,25352,23.6668,2,1,well_served,26.8,2300
27085,"McLeod County, Minnesota",27,MN,5,36727,13.614,2,0,adequate,44.8,1735
27087,"Mahnomen County, Minnesota",27,MN,0,5389,0.0,0,0,access_desert,83.5,1
27089,"Marshall County, Minnesota",27,MN,0,9017,0.0,0,0,access_desert,83.5,1
27091,"Martin County, Minnesota",27,MN,4,19960,20.0401,1,0,well_served,33.0,2105
27093,"Meeker County, Minnesota",27,MN,1,23352,4.2823,1,0,critical,63.5,1146
27095,"Mille Lacs County, Minnesota",27,MN,9,26680,33.7331,2,1,well_served,13.5,2721
27097,"Morrison County, Minnesota",27,MN,2,34023,5.8784,2,0,underserved,60.1,1255
27099,"Mower County, Minnesota",27,MN,7,40082,17.4642,2,1,adequate,37.7,1959
27101,"Murray County, Minnesota",27,MN,0,8170,0.0,0,0,access_desert,83.5,1
27103,"Nicollet County, Minnesota",27,MN,6,34380,17.452,2,0,adequate,37.7,1958
27105,"Nobles County, Minnesota",27,MN,11,22194,49.5629,4,0,well_served,4.4,3005
27107,"Norman County, Minnesota",27,MN,0,6457,0.0,0,0,access_desert,83.5,1
27109,"Olmsted County, Minnesota",27,MN,185,162307,113.9815,10,21,well_served,0.3,3135
27111,"Otter Tail County, Minnesota",27,MN,6,60072,9.988,3,0,underserved,52.1,1506
27113,"Pennington County, Minnesota",27,MN,5,13995,35.727,2,0,well_served,11.7,2777
27115,"Pine County, Minnesota",27,MN,0,29090,0.0,0,0,access_desert,83.5,1
27117,"Pipestone County, Minnesota",27,MN,2,9380,21.322,1,0,well_served,30.8,2176
27119,"Polk County, Minnesota",27,MN,5,31128,16.0627,3,1,adequate,40.2,1879
27121,"Pope County, Minnesota",27,MN,1,11312,8.8402,1,0,underserved,54.4,1434
27123,"Ramsey County, Minnesota",27,MN,251,547202,45.8697,9,19,well_served,5.8,2963
27125,"Red Lake County, Minnesota",27,MN,0,3912,0.0,0,0,access_desert,83.5,1
27127,"Redwood County, Minnesota",27,MN,1,15428,6.4817,1,0,underserved,58.9,1293
27129,"Renville County, Minnesota",27,MN,1,14707,6.7995,1,0,underserved,58.2,1314
27131,"Rice County, Minnesota",27,MN,24,67152,35.7398,4,2,well_served,11.6,2778
27133,"Rock County, Minnesota",27,MN,1,9659,10.353,1,0,adequate,51.5,1526
27135,"Roseau County, Minnesota",27,MN,0,15294,0.0,0,0,access_desert,83.5,1
27137,"St. Louis County, Minnesota",27,MN,68,200122,33.9793,6,8,well_served,13.2,2728
27139,"Scott County, Minnesota",27,MN,17,151347,11.2325,4,2,adequate,49.5,1589
27141,"Sherburne County, Minnesota",27,MN,14,97820,14.312,4,1,adequate,43.6,1773
27143,"Sibley County, Minnesota",27,MN,0,14950,0.0,0,0,access_desert,83.5,1
27145,"Stearns County, Minnesota",27,MN,33,158622,20.8042,5,0,well_served,31.6,2149
27147,"Steele County, Minnesota",27,MN,3,37396,8.0222,2,0,underserved,55.8,1391
27149,"Stevens County, Minnesota",27,MN,1,9682,10.3284,1,0,adequate,51.5,1524
27151,"Swift County, Minnesota",27,MN,1,9806,10.1978,1,0,adequate,51.8,1515
27153,"Todd County, Minnesota",27,MN,14,25277,55.3863,3,2,well_served,2.9,3054
27155,"Traverse County, Minnesota",27,MN,0,3345,0.0,0,0,access_desert,83.5,1
27157,"Wabasha County, Minnesota",27,MN,0,21460,0.0,0,0,access_desert,83.5,1
27159,"Wadena County, Minnesota",27,MN,5,14108,35.4409,2,0,well_served,11.9,2771
27161,"Waseca County, Minnesota",27,MN,0,18953,0.0,0,0,access_desert,83.5,1
27163,"Washington County, Minnesota",27,MN,71,268651,26.4283,7,6,well_served,22.3,2443
27165,"Watonwan County, Minnesota",27,MN,0,11205,0.0,0,0,access_desert,83.5,1
27167,"Wilkin County, Minnesota",27,MN,0,6454,0.0,0,0,access_desert,83.5,1
27169,"Winona County, Minnesota",27,MN,10,49792,20.0835,4,1,well_served,33.0,2107
27171,"Wright County, Minnesota",27,MN,12,142543,8.4185,3,1,underserved,55.0,1416
27173,"Yellow Medicine County, Minnesota",27,MN,2,9569,20.9008,1,0,well_served,31.5,2153
28001,"Adams County, Mississippi",28,MS,7,29425,23.7893,3,0,well_served,26.7,2306
28003,"Alcorn County, Mississippi",28,MS,7,34717,20.163,2,1,well_served,32.9,2111
28005,"Amite County, Mississippi",28,MS,0,12683,0.0,0,0,access_desert,83.5,1
28007,"Attala County, Mississippi",28,MS,1,17842,5.6048,1,0,underserved,60.5,1243
28009,"Benton County, Mississippi",28,MS,0,7637,0.0,0,0,access_desert,83.5,1
28011,"Bolivar County, Mississippi",28,MS,4,30688,13.0344,2,1,adequate,45.8,1705
28013,"Calhoun County, Mississippi",28,MS,0,13193,0.0,0,0,access_desert,83.5,1
28015,"Carroll County, Mississippi",28,MS,0,9930,0.0,0,0,access_desert,83.5,1
28017,"Chickasaw County, Mississippi",28,MS,0,17024,0.0,0,0,access_desert,83.5,1
28019,"Choctaw County, Mississippi",28,MS,0,8208,0.0,0,0,access_desert,83.5,1
28021,"Claiborne County, Mississippi",28,MS,0,9044,0.0,0,0,access_desert,83.5,1
28023,"Clarke County, Mississippi",28,MS,1,15553,6.4296,1,0,underserved,59.0,1289
28025,"Clay County, Mississippi",28,MS,9,18598,48.3923,1,0,well_served,4.9,2989
28027,"Coahoma County, Mississippi",28,MS,4,21264,18.8111,1,1,adequate,35.0,2043
28029,"Copiah County, Mississippi",28,MS,0,28210,0.0,0,0,access_desert,83.5,1
28031,"Covington County, Mississippi",28,MS,0,18323,0.0,0,0,access_desert,83.5,1
28033,"DeSoto County, Mississippi",28,MS,35,186214,18.7956,4,2,adequate,35.1,2041
28035,"Forrest County, Mississippi",28,MS,29,77917,37.2191,5,0,well_served,10.6,2812
28037,"Franklin County, Mississippi",28,MS,1,7690,13.0039,1,0,adequate,45.8,1703
28039,"George County, Mississippi",28,MS,4,24547,16.2953,2,0,adequate,39.9,1891
28041,"Greene County, Mississippi",28,MS,0,13672,0.0,0,0,access_desert,83.5,1
28043,"Grenada County, Mississippi",28,MS,5,21474,23.284,1,0,well_served,27.4,2284
28045,"Hancock County, Mississippi",28,MS,5,46010,10.8672,3,0,adequate,50.0,1571
28047,"Harrison County, Mississippi",28,MS,56,208748,26.8266,6,2,well_served,21.7,2462
28049,"Hinds County, Mississippi",28,MS,124,226541,54.7362,10,13,well_served,3.0,3049
28051,"Holmes County, Mississippi",28,MS,0,16848,0.0,0,0,access_desert,83.5,1
28053,"Humphreys County, Mississippi",28,MS,0,7744,0.0,0,0,access_desert,83.5,1
28055,"Issaquena County, Mississippi",28,MS,0,1206,0.0,0,0,access_desert,83.5,1
28057,"Itawamba County, Mississippi",28,MS,2,23888,8.3724,1,0,underserved,55.1,1412
28059,"Jackson County, Mississippi",28,MS,24,143721,16.699,5,1,adequate,39.1,1914
28061,"Jasper County, Mississippi",28,MS,0,16320,0.0,0,0,access_desert,83.5,1
28063,"Jefferson County, Mississippi",28,MS,0,7207,0.0,0,0,access_desert,83.5,1
28065,"Jefferson Davis County, Mississippi",28,MS,0,11291,0.0,0,0,access_desert,83.5,1
28067,"Jones County, Mississippi",28,MS,24,67152,35.7398,3,0,well_served,11.6,2778
28069,"Kemper County, Mississippi",28,MS,0,8980,0.0,0,0,access_desert,83.5,1
28071,"Lafayette County, Mississippi",28,MS,15,56172,26.7037,4,1,well_served,21.9,2454
28073,"Lamar County, Mississippi",28,MS,17,64425,26.3873,4,0,well_served,22.5,2437
28075,"Lauderdale County, Mississippi",28,MS,41,72741,56.3644,5,1,well_served,2.7,3060
28077,"Lawrence County, Mississippi",28,MS,0,11933,0.0,0,0,access_desert,83.5,1
28079,"Leake County, Mississippi",28,MS,3,21335,14.0614,3,0,adequate,44.1,1758
28081,"Lee County, Mississippi",28,MS,32,83343,38.3955,6,1,well_served,9.7,2838
28083,"Leflore County, Mississippi",28,MS,9,27920,32.235,4,0,well_served,14.9,2677
28085,"Lincoln County, Mississippi",28,MS,3,34855,8.6071,2,1,underserved,54.7,1425
28087,"Lowndes County, Mississippi",28,MS,4,58547,6.8321,1,0,underserved,58.2,1315
28089,"Madison County, Mississippi",28,MS,19,109257,17.3902,7,2,adequate,37.8,1955
28091,"Marion County, Mississippi",28,MS,2,24362,8.2095,2,0,underserved,55.4,1402
28093,"Marshall County, Mississippi",28,MS,0,33980,0.0,0,0,access_desert,83.5,1
28095,"Monroe County, Mississippi",28,MS,14,34168,40.974,4,0,well_served,8.1,2890
28097,"Montgomery County, Mississippi",28,MS,0,9803,0.0,0,0,access_desert,83.5,1
28099,"Neshoba County, Mississippi",28,MS,2,28970,6.9037,2,0,underserved,58.0,1319
28101,"Newton County, Mississippi",28,MS,1,21275,4.7004,1,0,critical,62.6,1177
28103,"Noxubee County, Mississippi",28,MS,1,10261,9.7456,1,0,underserved,52.8,1484
28105,"Oktibbeha County, Mississippi",28,MS,9,51388,17.5138,3,1,adequate,37.5,1964
28107,"Panola County, Mississippi",28,MS,6,33157,18.0957,3,0,adequate,36.3,2003
28109,"Pearl River County, Mississippi",28,MS,12,56351,21.2951,2,1,well_served,30.9,2174
28111,"Perry County, Mississippi",28,MS,0,11511,0.0,0,0,access_desert,83.5,1
28113,"Pike County, Mississippi",28,MS,14,40098,34.9145,4,1,well_served,12.4,2753
28115,"Pontotoc County, Mississippi",28,MS,0,31202,0.0,0,0,access_desert,83.5,1
28117,"Prentiss County, Mississippi",28,MS,0,24945,0.0,0,0,access_desert,83.5,1
28119,"Quitman County, Mississippi",28,MS,0,6113,0.0,0,0,access_desert,83.5,1
28121,"Rankin County, Mississippi",28,MS,68,157185,43.2611,8,3,well_served,6.8,2931
28123,"Scott County, Mississippi",28,MS,2,27943,7.1574,1,0,underserved,57.3,1341
28125,"Sharkey County, Mississippi",28,MS,0,3910,0.0,0,0,access_desert,83.5,1
28127,"Simpson County, Mississippi",28,MS,2,25889,7.7253,2,0,underserved,56.2,1376
28129,"Smith County, Mississippi",28,MS,0,14310,0.0,0,0,access_desert,83.5,1
28131,"Stone County, Mississippi",28,MS,0,18360,0.0,0,0,access_desert,83.5,1
28133,"Sunflower County, Mississippi",28,MS,2,25867,7.7319,2,2,underserved,56.2,1377
28135,"Tallahatchie County, Mississippi",28,MS,0,12621,0.0,0,0,access_desert,83.5,1
28137,"Tate County, Mississippi",28,MS,3,28094,10.6784,3,0,adequate,50.6,1554
28139,"Tippah County, Mississippi",28,MS,1,21769,4.5937,1,1,critical,62.8,1169
28141,"Tishomingo County, Mississippi",28,MS,0,18837,0.0,0,0,access_desert,83.5,1
28143,"Tunica County, Mississippi",28,MS,0,9787,0.0,0,0,access_desert,83.5,1
28145,"Union County, Mississippi",28,MS,6,27880,21.5208,2,1,well_served,30.3,2190
28147,"Walthall County, Mississippi",28,MS,0,13888,0.0,0,0,access_desert,83.5,1
28149,"Warren County, Mississippi",28,MS,7,44341,15.7867,3,1,adequate,40.7,1865
28151,"Washington County, Mississippi",28,MS,9,44604,20.1776,2,0,well_served,32.8,2113
28153,"Wayne County, Mississippi",28,MS,2,19760,10.1215,2,0,adequate,51.9,1512
28155,"Webster County, Mississippi",28,MS,0,9942,0.0,0,0,access_desert,83.5,1
28157,"Wilkinson County, Mississippi",28,MS,0,8531,0.0,0,0,access_desert,83.5,1
28159,"Winston County, Mississippi",28,MS,0,17741,0.0,0,0,access_desert,83.5,1
28161,"Yalobusha County, Mississippi",28,MS,0,12499,0.0,0,0,access_desert,83.5,1
28163,"Yazoo County, Mississippi",28,MS,0,27467,0.0,0,0,access_desert,83.5,1
29001,"Adair County, Missouri",29,MO,8,25299,31.6218,2,0,well_served,15.6,2652
29003,"Andrew County, Missouri",29,MO,0,18069,0.0,0,0,access_desert,83.5,1
29005,"Atchison County, Missouri",29,MO,0,5270,0.0,0,0,access_desert,83.5,1
29007,"Audrain County, Missouri",29,MO,3,24873,12.0613,2,0,adequate,47.6,1646
29009,"Barry County, Missouri",29,MO,5,34701,14.4088,3,0,adequate,43.3,1782
29011,"Barton County, Missouri",29,MO,0,11683,0.0,0,0,access_desert,83.5,1
29013,"Bates County, Missouri",29,MO,2,16101,12.4216,1,1,adequate,46.9,1671
29015,"Benton County, Missouri",29,MO,0,19616,0.0,0,0,access_desert,83.5,1
29017,"Bollinger County, Missouri",29,MO,0,10658,0.0,0,0,access_desert,83.5,1
29019,"Boone County, Missouri",29,MO,76,184043,41.2947,9,4,well_served,7.8,2898
29021,"Buchanan County, Missouri",29,MO,25,84544,29.5704,3,0,well_served,18.1,2575
29023,"Butler County, Missouri",29,MO,18,42280,42.5733,5,0,well_served,7.1,2920
29025,"Caldwell County, Missouri",29,MO,0,8876,0.0,0,0,access_desert,83.5,1
29027,"Callaway County, Missouri",29,MO,0,44517,0.0,0,0,access_desert,83.5,1
29029,"Camden County, Missouri",29,MO,16,43227,37.0139,3,1,well_served,10.8,2805
29031,"Cape Girardeau County, Missouri",29,MO,36,81703,44.062,8,1,well_served,6.4,2943
29033,"Carroll County, Missouri",29,MO,0,8513,0.0,0,0,access_desert,83.5,1
29035,"Carter County, Missouri",29,MO,0,5299,0.0,0,0,access_desert,83.5,1
29037,"Cass County, Missouri",29,MO,1,108205,0.9242,1,0,critical,67.0,1039
29039,"Cedar County, Missouri",29,MO,1,14314,6.9862,1,0,underserved,57.9,1325
29041,"Chariton County, Missouri",29,MO,0,7417,0.0,0,0,access_desert,83.5,1
29043,"Christian County, Missouri",29,MO,8,89568,8.9318,4,0,underserved,54.2,1439
29045,"Clark County, Missouri",29,MO,1,6693,14.941,1,1,adequate,42.4,1810
29047,"Clay County, Missouri",29,MO,65,253085,25.6831,7,8,well_served,23.8,2397
29049,"Clinton County, Missouri",29,MO,0,21155,0.0,0,0,access_desert,83.5,1
29051,"Cole County, Missouri",29,MO,20,76890,26.0112,3,1,well_served,23.3,2412
29053,"Cooper County, Missouri",29,MO,2,16893,11.8392,1,0,adequate,48.1,1632
29055,"Crawford County, Missouri",29,MO,1,23023,4.3435,1,0,critical,63.4,1150
29057,"Dade County, Missouri",29,MO,1,7598,13.1614,1,0,adequate,45.5,1712
29059,"Dallas County, Missouri",29,MO,0,17158,0.0,0,0,access_desert,83.5,1
29061,"Daviess County, Missouri",29,MO,0,8418,0.0,0,0,access_desert,83.5,1
29063,"DeKalb County, Missouri",29,MO,2,11838,16.8947,1,0,adequate,38.6,1929
29065,"Dent County, Missouri",29,MO,0,14509,0.0,0,0,access_desert,83.5,1
29067,"Douglas County, Missouri",29,MO,0,11803,0.0,0,0,access_desert,83.5,1
29069,"Dunklin County, Missouri",29,MO,5,28174,17.7469,1,0,adequate,37.0,1982
29071,"Franklin County, Missouri",29,MO,21,104858,20.0271,6,3,well_served,33.1,2104
29073,"Gasconade County, Missouri",29,MO,0,14801,0.0,0,0,access_desert,83.5,1
29075,"Gentry County, Missouri",29,MO,0,6219,0.0,0,0,access_desert,83.5,1
29077,"Greene County, Missouri",29,MO,104,299188,34.7608,8,5,well_served,12.5,2750
29079,"Grundy County, Missouri",29,MO,4,9878,40.494,3,0,well_served,8.5,2878
29081,"Harrison County, Missouri",29,MO,0,8190,0.0,0,0,access_desert,83.5,1
29083,"Henry County, Missouri",29,MO,4,22064,18.1291,1,0,adequate,36.2,2006
29085,"Hickory County, Missouri",29,MO,0,8452,0.0,0,0,access_desert,83.5,1
29087,"Holt County, Missouri",29,MO,0,4274,0.0,0,0,access_desert,83.5,1
29089,"Howard County, Missouri",29,MO,0,10142,0.0,0,0,access_desert,83.5,1
29091,"Howell County, Missouri",29,MO,9,39960,22.5225,3,0,well_served,28.5,2247
29093,"Iron County, Missouri",29,MO,0,9538,0.0,0,0,access_desert,83.5,1
29095,"Jackson County, Missouri",29,MO,234,715526,32.7032,10,11,well_served,14.4,2692
29097,"Jasper County, Missouri",29,MO,8,122788,6.5153,3,0,underserved,58.7,1297
29099,"Jefferson County, Missouri",29,MO,28,226984,12.3357,4,1,adequate,47.2,1661
29101,"Johnson County, Missouri",29,MO,16,54025,29.6159,4,2,well_served,18.0,2577
29103,"Knox County, Missouri",29,MO,3,3772,79.5334,1,1,well_served,0.8,3119
29105,"Laclede County, Missouri",29,MO,6,36060,16.6389,2,0,adequate,39.2,1911
29107,"Lafayette County, Missouri",29,MO,2,32858,6.0868,1,0,underserved,59.4,1275
29109,"Lawrence County, Missouri",29,MO,3,38231,7.847,3,0,underserved,56.1,1380
29111,"Lewis County, Missouri",29,MO,0,9987,0.0,0,0,access_desert,83.5,1
29113,"Lincoln County, Missouri",29,MO,3,60172,4.9857,3,0,critical,62.1,1191
29115,"Linn County, Missouri",29,MO,0,11892,0.0,0,0,access_desert,83.5,1
29117,"Livingston County, Missouri",29,MO,4,14402,27.7739,2,0,well_served,20.4,2504
29119,"McDonald County, Missouri",29,MO,0,23381,0.0,0,0,access_desert,83.5,1
29121,"Macon County, Missouri",29,MO,0,15173,0.0,0,0,access_desert,83.5,1
29123,"Madison County, Missouri",29,MO,1,12649,7.9058,1,0,underserved,56.0,1382
29125,"Maries County, Missouri",29,MO,0,8454,0.0,0,0,access_desert,83.5,1
29127,"Marion County, Missouri",29,MO,8,28525,28.0456,2,0,well_served,20.0,2515
29129,"Mercer County, Missouri",29,MO,0,3517,0.0,0,0,access_desert,83.5,1
29131,"Miller County, Missouri",29,MO,1,24855,4.0233,1,0,critical,64.2,1124
29133,"Mississippi County, Missouri",29,MO,0,12305,0.0,0,0,access_desert,83.5,1
29135,"Moniteau County, Missouri",29,MO,1,15401,6.4931,1,0,underserved,58.8,1294
29137,"Monroe County, Missouri",29,MO,0,8668,0.0,0,0,access_desert,83.5,1
29139,"Montgomery County, Missouri",29,MO,0,11421,0.0,0,0,access_desert,83.5,1
29141,"Morgan County, Missouri",29,MO,0,21169,0.0,0,0,access_desert,83.5,1
29143,"New Madrid County, Missouri",29,MO,0,16341,0.0,0,0,access_desert,83.5,1
29145,"Newton County, Missouri",29,MO,39,59019,66.0804,7,2,well_served,1.4,3100
29147,"Nodaway County, Missouri",29,MO,4,21140,18.9215,2,0,adequate,34.9,2046
29149,"Oregon County, Missouri",29,MO,0,8783,0.0,0,0,access_desert,83.5,1
29151,"Osage County, Missouri",29,MO,0,13374,0.0,0,0,access_desert,83.5,1
29153,"Ozark County, Missouri",29,MO,1,8688,11.5101,1,1,adequate,48.9,1607
29155,"Pemiscot County, Missouri",29,MO,4,15555,25.7152,2,0,well_served,23.7,2399
29157,"Perry County, Missouri",29,MO,3,18970,15.8144,2,0,adequate,40.6,1867
29159,"Pettis County, Missouri",29,MO,10,43059,23.2239,5,2,well_served,27.5,2280
29161,"Phelps County, Missouri",29,MO,21,44843,46.8301,5,2,well_served,5.4,2973
29163,"Pike County, Missouri",29,MO,0,17719,0.0,0,0,access_desert,83.5,1
29165,"Platte County, Missouri",29,MO,13,107033,12.1458,4,2,adequate,47.5,1652
29167,"Polk County, Missouri",29,MO,9,31877,28.2335,3,1,well_served,19.8,2523
29169,"Pulaski County, Missouri",29,MO,8,53726,14.8904,4,2,adequate,42.5,1808
29171,"Putnam County, Missouri",29,MO,2,4698,42.5713,1,0,well_served,7.2,2919
29173,"Ralls County, Missouri",29,MO,0,10356,0.0,0,0,access_desert,83.5,1
29175,"Randolph County, Missouri",29,MO,1,24652,4.0565,1,0,critical,64.1,1130
29177,"Ray County, Missouri",29,MO,0,23122,0.0,0,0,access_desert,83.5,1
29179,"Reynolds County, Missouri",29,MO,0,6102,0.0,0,0,access_desert,83.5,1
29181,"Ripley County, Missouri",29,MO,0,10839,0.0,0,0,access_desert,83.5,1
29183,"St. Charles County, Missouri",29,MO,80,406262,19.6917,5,3,adequate,33.6,2087
29185,"St. Clair County, Missouri",29,MO,1,9330,10.7181,1,0,adequate,50.4,1560
29186,"Ste. Genevieve County, Missouri",29,MO,5,18494,27.0358,3,0,well_served,21.3,2473
29187,"St. Francois County, Missouri",29,MO,15,66814,22.4504,3,1,well_served,28.7,2241
29189,"St. Louis County, Missouri",29,MO,568,999703,56.8169,10,30,well_served,2.6,3063
29195,"Saline County, Missouri",29,MO,7,23219,30.1477,4,0,well_served,17.5,2593
29197,"Schuyler County, Missouri",29,MO,0,4066,0.0,0,0,access_desert,83.5,1
29199,"Scotland County, Missouri",29,MO,3,4720,63.5593,2,0,well_served,1.8,3088
29201,"Scott County, Missouri",29,MO,9,38055,23.65,3,0,well_served,26.9,2298
29203,"Shannon County, Missouri",29,MO,0,7132,0.0,0,0,access_desert,83.5,1
29205,"Shelby County, Missouri",29,MO,0,6049,0.0,0,0,access_desert,83.5,1
29207,"Stoddard County, Missouri",29,MO,1,28656,3.4897,1,0,critical,65.4,1087
29209,"Stone County, Missouri",29,MO,0,31314,0.0,0,0,access_desert,83.5,1
29211,"Sullivan County, Missouri",29,MO,0,5983,0.0,0,0,access_desert,83.5,1
29213,"Taney County, Missouri",29,MO,11,56202,19.5723,4,0,adequate,33.8,2080
29215,"Texas County, Missouri",29,MO,1,24828,4.0277,1,0,critical,64.2,1126
29217,"Vernon County, Missouri",29,MO,5,19777,25.2819,3,0,well_served,24.4,2378
29219,"Warren County, Missouri",29,MO,1,35729,2.7988,1,0,critical,66.1,1065
29221,"Washington County, Missouri",29,MO,1,23580,4.2409,1,0,critical,63.8,1139
29223,"Wayne County, Missouri",29,MO,0,11081,0.0,0,0,access_desert,83.5,1
29225,"Webster County, Missouri",29,MO,0,39265,0.0,0,0,access_desert,83.5,1
29227,"Worth County, Missouri",29,MO,0,1982,0.0,0,0,access_desert,83.5,1
29229,"Wright County, Missouri",29,MO,1,18475,5.4127,1,0,underserved,61.0,1227
29510,"St. Louis city, Missouri",29,MO,218,298018,73.1499,10,27,well_served,1.1,3110
30001,"Beaverhead County, Montana",30,MT,5,9469,52.8039,3,0,well_served,3.6,3030
30003,"Big Horn County, Montana",30,MT,2,13090,15.2788,1,0,adequate,41.6,1837
30005,"Blaine County, Montana",30,MT,0,7030,0.0,0,0,access_desert,83.5,1
30007,"Broadwater County, Montana",30,MT,0,6977,0.0,0,0,access_desert,83.5,1
30009,"Carbon County, Montana",30,MT,0,10645,0.0,0,0,access_desert,83.5,1
30011,"Carter County, Montana",30,MT,0,1332,0.0,0,0,access_desert,83.5,1
30013,"Cascade County, Montana",30,MT,31,84423,36.7199,6,1,well_served,11.1,2796
30015,"Chouteau County, Montana",30,MT,0,5897,0.0,0,0,access_desert,83.5,1
30017,"Custer County, Montana",30,MT,5,11957,41.8165,3,0,well_served,7.5,2908
30019,"Daniels County, Montana",30,MT,0,1535,0.0,0,0,access_desert,83.5,1
30021,"Dawson County, Montana",30,MT,2,8915,22.4341,1,0,well_served,28.8,2240
30023,"Deer Lodge County, Montana",30,MT,3,9435,31.7965,2,0,well_served,15.3,2663
30025,"Fallon County, Montana",30,MT,0,2941,0.0,0,0,access_desert,83.5,1
30027,"Fergus County, Montana",30,MT,3,11496,26.096,3,0,well_served,23.1,2418
30029,"Flathead County, Montana",30,MT,63,105950,59.462,7,2,well_served,2.3,3072
30031,"Gallatin County, Montana",30,MT,57,119685,47.625,8,6,well_served,5.2,2981
30033,"Garfield County, Montana",30,MT,0,976,0.0,0,0,access_desert,83.5,1
30035,"Glacier County, Montana",30,MT,1,13781,7.2564,1,0,underserved,57.1,1348
30037,"Golden Valley County, Montana",30,MT,0,841,0.0,0,0,access_desert,83.5,1
30039,"Granite County, Montana",30,MT,0,3368,0.0,0,0,access_desert,83.5,1
30041,"Hill County, Montana",30,MT,1,16238,6.1584,1,0,underserved,59.3,1280
30043,"Jefferson County, Montana",30,MT,1,12273,8.148,1,0,underserved,55.5,1398
30045,"Judith Basin County, Montana",30,MT,0,2039,0.0,0,0,access_desert,83.5,1
30047,"Lake County, Montana",30,MT,4,31509,12.6948,3,0,adequate,46.3,1687
30049,"Lewis and Clark County, Montana",30,MT,25,71487,34.9714,7,3,well_served,12.3,2756
30051,"Liberty County, Montana",30,MT,0,1993,0.0,0,0,access_desert,83.5,1
30053,"Lincoln County, Montana",30,MT,4,20157,19.8442,2,0,adequate,33.3,2096
30055,"McCone County, Montana",30,MT,0,1746,0.0,0,0,access_desert,83.5,1
30057,"Madison County, Montana",30,MT,0,8742,0.0,0,0,access_desert,83.5,1
30059,"Meagher County, Montana",30,MT,0,1948,0.0,0,0,access_desert,83.5,1
30061,"Mineral County, Montana",30,MT,0,4652,0.0,0,0,access_desert,83.5,1
30063,"Missoula County, Montana",30,MT,58,118541,48.9282,8,3,well_served,4.7,2997
30065,"Musselshell County, Montana",30,MT,0,4924,0.0,0,0,access_desert,83.5,1
30067,"Park County, Montana",30,MT,4,17320,23.0947,3,0,well_served,27.8,2270
30069,"Petroleum County, Montana",30,MT,0,416,0.0,0,0,access_desert,83.5,1
30071,"Phillips County, Montana",30,MT,0,4233,0.0,0,0,access_desert,83.5,1
30073,"Pondera County, Montana",30,MT,0,5987,0.0,0,0,access_desert,83.5,1
30075,"Powder River County, Montana",30,MT,0,1773,0.0,0,0,access_desert,83.5,1
30077,"Powell County, Montana",30,MT,1,6998,14.2898,1,0,adequate,43.7,1771
30079,"Prairie County, Montana",30,MT,0,1283,0.0,0,0,access_desert,83.5,1
30081,"Ravalli County, Montana",30,MT,12,44876,26.7404,4,1,well_served,21.9,2456
30083,"Richland County, Montana",30,MT,5,11366,43.9908,2,0,well_served,6.5,2941
30085,"Roosevelt County, Montana",30,MT,1,10799,9.2601,1,0,underserved,53.6,1459
30087,"Rosebud County, Montana",30,MT,0,8310,0.0,0,0,access_desert,83.5,1
30089,"Sanders County, Montana",30,MT,4,12615,31.7083,2,0,well_served,15.4,2659
30091,"Sheridan County, Montana",30,MT,0,3700,0.0,0,0,access_desert,83.5,1
30093,"Silver Bow County, Montana",30,MT,13,35306,36.8209,5,0,well_served,11.0,2799
30095,"Stillwater County, Montana",30,MT,1,8978,11.1383,1,0,adequate,49.8,1579
30097,"Sweet Grass County, Montana",30,MT,0,3697,0.0,0,0,access_desert,83.5,1
30099,"Teton County, Montana",30,MT,0,6238,0.0,0,0,access_desert,83.5,1
30101,"Toole County, Montana",30,MT,1,5018,19.9283,1,0,adequate,33.2,2099
30103,"Treasure County, Montana",30,MT,0,680,0.0,0,0,access_desert,83.5,1
30105,"Valley County, Montana",30,MT,4,7552,52.9661,1,0,well_served,3.6,3032
30107,"Wheatland County, Montana",30,MT,0,2060,0.0,0,0,access_desert,83.5,1
30109,"Wibaux County, Montana",30,MT,0,1119,0.0,0,0,access_desert,83.5,1
30111,"Yellowstone County, Montana",30,MT,62,165524,37.4568,8,3,well_served,10.5,2815
31001,"Adams County, Nebraska",31,NE,11,31143,35.3209,3,1,well_served,11.9,2769
31003,"Antelope County, Nebraska",31,NE,0,6302,0.0,0,0,access_desert,83.5,1
31005,"Arthur County, Nebraska",31,NE,0,485,0.0,0,0,access_desert,83.5,1
31007,"Banner County, Nebraska",31,NE,0,670,0.0,0,0,access_desert,83.5,1
31009,"Blaine County, Nebraska",31,NE,0,384,0.0,0,0,access_desert,83.5,1
31011,"Boone County, Nebraska",31,NE,0,5397,0.0,0,0,access_desert,83.5,1
31013,"Box Butte County, Nebraska",31,NE,0,10778,0.0,0,0,access_desert,83.5,1
31015,"Boyd County, Nebraska",31,NE,0,1767,0.0,0,0,access_desert,83.5,1
31017,"Brown County, Nebraska",31,NE,0,2691,0.0,0,0,access_desert,83.5,1
31019,"Buffalo County, Nebraska",31,NE,13,50103,25.9466,3,1,well_served,23.4,2408
31021,"Burt County, Nebraska",31,NE,1,6717,14.8876,1,0,adequate,42.5,1807
31023,"Butler County, Nebraska",31,NE,0,8373,0.0,0,0,access_desert,83.5,1
31025,"Cass County, Nebraska",31,NE,0,26749,0.0,0,0,access_desert,83.5,1
31027,"Cedar County, Nebraska",31,NE,0,8375,0.0,0,0,access_desert,83.5,1
31029,"Chase County, Nebraska",31,NE,0,3704,0.0,0,0,access_desert,83.5,1
31031,"Cherry County, Nebraska",31,NE,0,5473,0.0,0,0,access_desert,83.5,1
31033,"Cheyenne County, Nebraska",31,NE,0,9489,0.0,0,0,access_desert,83.5,1
31035,"Clay County, Nebraska",31,NE,0,6088,0.0,0,0,access_desert,83.5,1
31037,"Colfax County, Nebraska",31,NE,0,10563,0.0,0,0,access_desert,83.5,1
31039,"Cuming County, Nebraska",31,NE,0,9000,0.0,0,0,access_desert,83.5,1
31041,"Custer County, Nebraska",31,NE,0,10566,0.0,0,0,access_desert,83.5,1
31043,"Dakota County, Nebraska",31,NE,0,21308,0.0,0,0,access_desert,83.5,1
31045,"Dawes County, Nebraska",31,NE,0,8279,0.0,0,0,access_desert,83.5,1
31047,"Dawson County, Nebraska",31,NE,3,24037,12.4808,3,0,adequate,46.7,1675
31049,"Deuel County, Nebraska",31,NE,0,1858,0.0,0,0,access_desert,83.5,1
31051,"Dixon County, Nebraska",31,NE,0,5579,0.0,0,0,access_desert,83.5,1
31053,"Dodge County, Nebraska",31,NE,5,37175,13.4499,1,0,adequate,45.2,1723
31055,"Douglas County, Nebraska",31,NE,230,582638,39.4756,11,25,well_served,9.2,2856
31057,"Dundy County, Nebraska",31,NE,0,1825,0.0,0,0,access_desert,83.5,1
31059,"Fillmore County, Nebraska",31,NE,0,5557,0.0,0,0,access_desert,83.5,1
31061,"Franklin County, Nebraska",31,NE,1,2901,34.4709,1,0,well_served,12.8,2743
31063,"Frontier County, Nebraska",31,NE,0,2491,0.0,0,0,access_desert,83.5,1
31065,"Furnas County, Nebraska",31,NE,0,4630,0.0,0,0,access_desert,83.5,1
31067,"Gage County, Nebraska",31,NE,4,21654,18.4723,2,0,adequate,35.7,2023
31069,"Garden County, Nebraska",31,NE,0,1778,0.0,0,0,access_desert,83.5,1
31071,"Garfield County, Nebraska",31,NE,0,1833,0.0,0,0,access_desert,83.5,1
31073,"Gosper County, Nebraska",31,NE,0,1873,0.0,0,0,access_desert,83.5,1
31075,"Grant County, Nebraska",31,NE,0,649,0.0,0,0,access_desert,83.5,1
31077,"Greeley County, Nebraska",31,NE,0,2212,0.0,0,0,access_desert,83.5,1
31079,"Hall County, Nebraska",31,NE,12,62575,19.177,2,1,adequate,34.5,2059
31081,"Hamilton County, Nebraska",31,NE,0,9400,0.0,0,0,access_desert,83.5,1
31083,"Harlan County, Nebraska",31,NE,0,3094,0.0,0,0,access_desert,83.5,1
31085,"Hayes County, Nebraska",31,NE,0,919,0.0,0,0,access_desert,83.5,1
31087,"Hitchcock County, Nebraska",31,NE,0,2620,0.0,0,0,access_desert,83.5,1
31089,"Holt County, Nebraska",31,NE,0,10149,0.0,0,0,access_desert,83.5,1
31091,"Hooker County, Nebraska",31,NE,0,659,0.0,0,0,access_desert,83.5,1
31093,"Howard County, Nebraska",31,NE,0,6476,0.0,0,0,access_desert,83.5,1
31095,"Jefferson County, Nebraska",31,NE,1,7185,13.9179,1,0,adequate,44.2,1753
31097,"Johnson County, Nebraska",31,NE,0,5294,0.0,0,0,access_desert,83.5,1
31099,"Kearney County, Nebraska",31,NE,0,6655,0.0,0,0,access_desert,83.5,1
31101,"Keith County, Nebraska",31,NE,0,8303,0.0,0,0,access_desert,83.5,1
31103,"Keya Paha County, Nebraska",31,NE,0,987,0.0,0,0,access_desert,83.5,1
31105,"Kimball County, Nebraska",31,NE,0,3395,0.0,0,0,access_desert,83.5,1
31107,"Knox County, Nebraska",31,NE,0,8415,0.0,0,0,access_desert,83.5,1
31109,"Lancaster County, Nebraska",31,NE,91,322063,28.2553,7,4,well_served,19.7,2525
31111,"Lincoln County, Nebraska",31,NE,10,34532,28.9586,3,1,well_served,18.8,2552
31113,"Logan County, Nebraska",31,NE,0,839,0.0,0,0,access_desert,83.5,1
31115,"Loup County, Nebraska",31,NE,0,629,0.0,0,0,access_desert,83.5,1
31117,"McPherson County, Nebraska",31,NE,0,456,0.0,0,0,access_desert,83.5,1
31119,"Madison County, Nebraska",31,NE,12,35538,33.7667,4,0,well_served,13.4,2722
31121,"Merrick County, Nebraska",31,NE,0,7675,0.0,0,0,access_desert,83.5,1
31123,"Morrill County, Nebraska",31,NE,0,4562,0.0,0,0,access_desert,83.5,1
31125,"Nance County, Nebraska",31,NE,0,3366,0.0,0,0,access_desert,83.5,1
31127,"Nemaha County, Nebraska",31,NE,0,7019,0.0,0,0,access_desert,83.5,1
31129,"Nuckolls County, Nebraska",31,NE,0,4092,0.0,0,0,access_desert,83.5,1
31131,"Otoe County, Nebraska",31,NE,0,15995,0.0,0,0,access_desert,83.5,1
31133,"Pawnee County, Nebraska",31,NE,0,2553,0.0,0,0,access_desert,83.5,1
31135,"Perkins County, Nebraska",31,NE,0,2860,0.0,0,0,access_desert,83.5,1
31137,"Phelps County, Nebraska",31,NE,1,8966,11.1532,1,0,adequate,49.7,1582
31139,"Pierce County, Nebraska",31,NE,0,7301,0.0,0,0,access_desert,83.5,1
31141,"Platte County, Nebraska",31,NE,10,34219,29.2235,4,1,well_served,18.5,2563
31143,"Polk County, Nebraska",31,NE,0,5182,0.0,0,0,access_desert,83.5,1
31145,"Red Willow County, Nebraska",31,NE,0,10690,0.0,0,0,access_desert,83.5,1
31147,"Richardson County, Nebraska",31,NE,2,7850,25.4777,1,0,well_served,24.1,2385
31149,"Rock County, Nebraska",31,NE,0,1312,0.0,0,0,access_desert,83.5,1
31151,"Saline County, Nebraska",31,NE,1,14275,7.0053,1,0,underserved,57.8,1326
31153,"Sarpy County, Nebraska",31,NE,40,191272,20.9126,7,1,well_served,31.5,2155
31155,"Saunders County, Nebraska",31,NE,0,22374,0.0,0,0,access_desert,83.5,1
31157,"Scotts Bluff County, Nebraska",31,NE,0,36048,0.0,0,0,access_desert,83.5,1
31159,"Seward County, Nebraska",31,NE,0,17644,0.0,0,0,access_desert,83.5,1
31161,"Sheridan County, Nebraska",31,NE,0,5102,0.0,0,0,access_desert,83.5,1
31163,"Sherman County, Nebraska",31,NE,0,2970,0.0,0,0,access_desert,83.5,1
31165,"Sioux County, Nebraska",31,NE,15,1162,1290.8778,4,1,well_served,0.0,3144
31167,"Stanton County, Nebraska",31,NE,0,5828,0.0,0,0,access_desert,83.5,1
31169,"Thayer County, Nebraska",31,NE,0,5006,0.0,0,0,access_desert,83.5,1
31171,"Thomas County, Nebraska",31,NE,0,592,0.0,0,0,access_desert,83.5,1
31173,"Thurston County, Nebraska",31,NE,0,6716,0.0,0,0,access_desert,83.5,1
31175,"Valley County, Nebraska",31,NE,0,4053,0.0,0,0,access_desert,83.5,1
31177,"Washington County, Nebraska",31,NE,0,20884,0.0,0,0,access_desert,83.5,1
31179,"Wayne County, Nebraska",31,NE,0,9701,0.0,0,0,access_desert,83.5,1
31181,"Webster County, Nebraska",31,NE,0,3410,0.0,0,0,access_desert,83.5,1
31183,"Wheeler County, Nebraska",31,NE,0,771,0.0,0,0,access_desert,83.5,1
31185,"York County, Nebraska",31,NE,0,14212,0.0,0,0,access_desert,83.5,1
32001,"Churchill County, Nevada",32,NV,5,25409,19.6781,2,0,adequate,33.7,2084
32003,"Clark County, Nevada",32,NV,508,2265926,22.4191,10,28,well_served,28.8,2237
32005,"Douglas County, Nevada",32,NV,5,49476,10.1059,4,0,adequate,52.0,1508
32007,"Elko County, Nevada",32,NV,9,53600,16.791,3,0,adequate,38.8,1923
32009,"Esmeralda County, Nevada",32,NV,0,980,0.0,0,0,access_desert,83.5,1
32011,"Eureka County, Nevada",32,NV,0,1622,0.0,0,0,access_desert,83.5,1
32013,"Humboldt County, Nevada",32,NV,2,17266,11.5835,2,0,adequate,48.6,1615
32015,"Lander County, Nevada",32,NV,0,5728,0.0,0,0,access_desert,83.5,1
32017,"Lincoln County, Nevada",32,NV,0,4507,0.0,0,0,access_desert,83.5,1
32019,"Lyon County, Nevada",32,NV,1,59435,1.6825,1,0,critical,66.8,1043
32021,"Mineral County, Nevada",32,NV,0,4568,0.0,0,0,access_desert,83.5,1
32023,"Nye County, Nevada",32,NV,2,51698,3.8686,2,0,critical,64.7,1111
32027,"Pershing County, Nevada",32,NV,0,6587,0.0,0,0,access_desert,83.5,1
32029,"Storey County, Nevada",32,NV,2,4095,48.84,2,0,well_served,4.7,2996
32031,"Washoe County, Nevada",32,NV,148,486674,30.4105,10,7,well_served,17.2,2603
32033,"White Pine County, Nevada",32,NV,0,8997,0.0,0,0,access_desert,83.5,1
32510,"Carson City, Nevada",32,NV,19,58249,32.6186,3,0,well_served,14.5,2689
33001,"Belknap County, New Hampshire",33,NH,8,63914,12.5168,2,0,adequate,46.6,1678
33003,"Carroll County, New Hampshire",33,NH,16,50679,31.5713,3,0,well_served,15.7,2649
33005,"Cheshire County, New Hampshire",33,NH,30,76610,39.1594,4,0,well_served,9.4,2850
33007,"Coos County, New Hampshire",33,NH,9,31430,28.6351,3,1,well_served,19.4,2535
33009,"Grafton County, New Hampshire",33,NH,20,90836,22.0177,5,0,well_served,29.5,2218
33011,"Hillsborough County, New Hampshire",33,NH,197,422733,46.6015,9,10,well_served,5.5,2970
33013,"Merrimack County, New Hampshire",33,NH,50,153918,32.4848,5,1,well_served,14.6,2685
33015,"Rockingham County, New Hampshire",33,NH,89,315169,28.2388,7,8,well_served,19.7,2524
33017,"Strafford County, New Hampshire",33,NH,59,130965,45.0502,5,2,well_served,6.0,2955
33019,"Sullivan County, New Hampshire",33,NH,2,43356,4.613,2,0,critical,62.8,1171
34001,"Atlantic County, New Jersey",34,NJ,92,274339,33.5352,6,5,well_served,13.7,2712
34003,"Bergen County, New Jersey",34,NJ,362,953243,37.9756,11,20,well_served,10.1,2828
34005,"Burlington County, New Jersey",34,NJ,136,461853,29.4466,8,5,well_served,18.3,2570
34007,"Camden County, New Jersey",34,NJ,311,522581,59.5123,10,18,well_served,2.3,3073
34009,"Cape May County, New Jersey",34,NJ,14,95456,14.6664,6,0,adequate,42.8,1797
34011,"Cumberland County, New Jersey",34,NJ,36,153588,23.4393,9,1,well_served,27.1,2291
34013,"Essex County, New Jersey",34,NJ,321,853374,37.6154,9,18,well_served,10.4,2817
34015,"Gloucester County, New Jersey",34,NJ,66,302621,21.8095,7,4,well_served,29.7,2209
34017,"Hudson County, New Jersey",34,NJ,136,712029,19.1003,10,11,adequate,34.5,2058
34019,"Hunterdon County, New Jersey",34,NJ,31,129099,24.0126,6,0,well_served,26.1,2322
34021,"Mercer County, New Jersey",34,NJ,209,383732,54.4651,10,12,well_served,3.1,3046
34023,"Middlesex County, New Jersey",34,NJ,253,860147,29.4136,11,10,well_served,18.3,2569
34025,"Monmouth County, New Jersey",34,NJ,265,643064,41.209,11,13,well_served,8.0,2892
34027,"Morris County, New Jersey",34,NJ,178,508816,34.9832,11,12,well_served,12.3,2757
34029,"Ocean County, New Jersey",34,NJ,109,638691,17.0662,8,9,adequate,38.2,1943
34031,"Passaic County, New Jersey",34,NJ,185,519986,35.5779,9,6,well_served,11.7,2776
34033,"Salem County, New Jersey",34,NJ,11,64840,16.9648,5,3,adequate,38.5,1935
34035,"Somerset County, New Jersey",34,NJ,114,344978,33.0456,10,5,well_served,14.2,2698
34037,"Sussex County, New Jersey",34,NJ,19,144808,13.1208,6,0,adequate,45.7,1708
34039,"Union County, New Jersey",34,NJ,147,572079,25.6958,9,10,well_served,23.7,2398
34041,"Warren County, New Jersey",34,NJ,32,109739,29.1601,9,1,well_served,18.6,2559
35001,"Bernalillo County, New Mexico",35,NM,356,674692,52.7648,10,23,well_served,3.7,3029
35003,"Catron County, New Mexico",35,NM,0,3635,0.0,0,0,access_desert,83.5,1
35005,"Chaves County, New Mexico",35,NM,20,64701,30.9114,4,1,well_served,16.5,2625
35006,"Cibola County, New Mexico",35,NM,5,27211,18.3749,3,0,adequate,35.8,2017
35007,"Colfax County, New Mexico",35,NM,6,12370,48.5044,2,0,well_served,4.8,2992
35009,"Curry County, New Mexico",35,NM,12,48327,24.8308,4,2,well_served,25.0,2357
35011,"De Baca County, New Mexico",35,NM,0,1695,0.0,0,0,access_desert,83.5,1
35013,"Doña Ana County, New Mexico",35,NM,84,219870,38.2044,7,2,well_served,10.0,2831
35015,"Eddy County, New Mexico",35,NM,10,61264,16.3228,5,0,adequate,39.8,1892
35017,"Grant County, New Mexico",35,NM,12,28006,42.848,5,1,well_served,7.0,2925
35019,"Guadalupe County, New Mexico",35,NM,0,4413,0.0,0,0,access_desert,83.5,1
35021,"Harding County, New Mexico",35,NM,0,671,0.0,0,0,access_desert,83.5,1
35023,"Hidalgo County, New Mexico",35,NM,1,4160,24.0385,1,0,well_served,26.1,2324
35025,"Lea County, New Mexico",35,NM,12,73103,16.4152,3,1,adequate,39.7,1896
35027,"Lincoln County, New Mexico",35,NM,2,20222,9.8902,2,0,underserved,52.4,1497
35028,"Los Alamos County, New Mexico",35,NM,0,19253,0.0,0,0,access_desert,83.5,1
35029,"Luna County, New Mexico",35,NM,6,25393,23.6286,5,0,well_served,27.0,2296
35031,"McKinley County, New Mexico",35,NM,23,72073,31.9121,4,1,well_served,15.2,2665
35033,"Mora County, New Mexico",35,NM,1,4208,23.7643,1,0,well_served,26.7,2303
35035,"Otero County, New Mexico",35,NM,17,67850,25.0553,5,0,well_served,24.7,2367
35037,"Quay County, New Mexico",35,NM,1,8641,11.5727,1,0,adequate,48.7,1614
35039,"Rio Arriba County, New Mexico",35,NM,11,40285,27.3054,5,1,well_served,20.9,2487
35041,"Roosevelt County, New Mexico",35,NM,2,19142,10.4482,2,0,adequate,51.2,1535
35043,"Sandoval County, New Mexico",35,NM,26,149460,17.396,6,2,adequate,37.8,1956
35045,"San Juan County, New Mexico",35,NM,39,121798,32.0202,4,3,well_served,15.1,2668
35047,"San Miguel County, New Mexico",35,NM,10,27215,36.7444,5,0,well_served,11.0,2797
35049,"Santa Fe County, New Mexico",35,NM,63,154481,40.7817,6,5,well_served,8.2,2887
35051,"Sierra County, New Mexico",35,NM,0,11506,0.0,0,0,access_desert,83.5,1
35053,"Socorro County, New Mexico",35,NM,1,16453,6.0779,1,0,underserved,59.5,1273
35055,"Taos County, New Mexico",35,NM,18,34475,52.2117,4,0,well_served,3.8,3026
35057,"Torrance County, New Mexico",35,NM,0,15203,0.0,0,0,access_desert,83.5,1
35059,"Union County, New Mexico",35,NM,0,4074,0.0,0,0,access_desert,83.5,1
35061,"Valencia County, New Mexico",35,NM,3,76613,3.9158,2,1,critical,64.5,1116
36001,"Albany County, New York",36,NY,162,315041,51.4219,11,10,well_served,4.0,3019
36003,"Allegany County, New York",36,NY,8,47222,16.9413,5,0,adequate,38.5,1933
36005,"Bronx County, New York",36,NY,386,1443229,26.7456,10,27,well_served,21.9,2457
36007,"Broome County, New York",36,NY,57,198365,28.7349,5,1,well_served,19.2,2541
36009,"Cattaraugus County, New York",36,NY,16,77000,20.7792,6,0,well_served,31.7,2146
36011,"Cayuga County, New York",36,NY,22,76171,28.8824,5,0,well_served,19.0,2547
36013,"Chautauqua County, New York",36,NY,35,127440,27.4639,5,0,well_served,20.7,2492
36015,"Chemung County, New York",36,NY,27,83584,32.3028,5,0,well_served,14.8,2679
36017,"Chenango County, New York",36,NY,7,47096,14.8633,2,0,adequate,42.6,1805
36019,"Clinton County, New York",36,NY,31,79839,38.8281,5,0,well_served,9.5,2844
36021,"Columbia County, New York",36,NY,16,61469,26.0294,5,0,well_served,23.3,2413
36023,"Cortland County, New York",36,NY,12,46755,25.6657,4,0,well_served,23.8,2395
36025,"Delaware County, New York",36,NY,3,44637,6.7209,2,0,underserved,58.4,1307
36027,"Dutchess County, New York",36,NY,116,296467,39.1275,10,6,well_served,9.4,2849
36029,"Erie County, New York",36,NY,328,951232,34.4816,10,4,well_served,12.7,2744
36031,"Essex County, New York",36,NY,2,37314,5.3599,2,0,underserved,61.1,1222
36033,"Franklin County, New York",36,NY,14,47459,29.4991,5,1,well_served,18.2,2573
36035,"Fulton County, New York",36,NY,5,53280,9.3844,3,0,underserved,53.4,1464
36037,"Genesee County, New York",36,NY,16,58204,27.4895,6,0,well_served,20.7,2494
36039,"Greene County, New York",36,NY,3,48067,6.2413,3,0,underserved,59.2,1282
36041,"Hamilton County, New York",36,NY,0,5090,0.0,0,0,access_desert,83.5,1
36043,"Herkimer County, New York",36,NY,3,60293,4.9757,2,0,critical,62.2,1190
36045,"Jefferson County, New York",36,NY,34,117445,28.9497,5,1,well_served,18.9,2551
36047,"Kings County, New York",36,NY,852,2679620,31.7956,12,56,well_served,15.3,2662
36049,"Lewis County, New York",36,NY,11,26690,41.2139,2,1,well_served,8.0,2894
36051,"Livingston County, New York",36,NY,13,61980,20.9745,2,0,well_served,31.2,2162
36053,"Madison County, New York",36,NY,14,68020,20.5822,3,0,well_served,32.2,2133
36055,"Monroe County, New York",36,NY,340,756406,44.9494,10,7,well_served,6.0,2954
36057,"Montgomery County, New York",36,NY,12,49624,24.1818,4,0,well_served,25.8,2332
36059,"Nassau County, New York",36,NY,615,1389160,44.2714,12,25,well_served,6.2,2948
36061,"New York County, New York",36,NY,1666,1645867,101.2232,12,79,well_served,0.4,3130
36063,"Niagara County, New York",36,NY,34,212230,16.0204,4,0,adequate,40.3,1877
36065,"Oneida County, New York",36,NY,47,231055,20.3415,5,1,well_served,32.3,2127
36067,"Onondaga County, New York",36,NY,189,472637,39.9884,11,3,well_served,8.7,2870
36069,"Ontario County, New York",36,NY,21,112288,18.7019,5,0,adequate,35.3,2034
36071,"Orange County, New York",36,NY,101,401237,25.1722,7,2,well_served,24.5,2374
36073,"Orleans County, New York",36,NY,3,40148,7.4724,2,0,underserved,56.8,1358
36075,"Oswego County, New York",36,NY,7,118037,5.9303,3,0,underserved,60.0,1259
36077,"Otsego County, New York",36,NY,44,59678,73.729,6,0,well_served,1.0,3111
36079,"Putnam County, New York",36,NY,19,97942,19.3992,5,0,adequate,34.2,2068
36081,"Queens County, New York",36,NY,481,2360826,20.3742,10,22,well_served,32.3,2128
36083,"Rensselaer County, New York",36,NY,39,160943,24.2322,6,2,well_served,25.8,2333
36085,"Richmond County, New York",36,NY,130,492925,26.3732,9,7,well_served,22.6,2435
36087,"Rockland County, New York",36,NY,111,337326,32.9059,9,8,well_served,14.3,2695
36089,"St. Lawrence County, New York",36,NY,39,108670,35.8885,4,1,well_served,11.5,2783
36091,"Saratoga County, New York",36,NY,45,236328,19.0413,5,3,adequate,34.7,2054
36093,"Schenectady County, New York",36,NY,35,159447,21.9509,6,0,well_served,29.5,2216
36095,"Schoharie County, New York",36,NY,1,29970,3.3367,1,0,critical,65.6,1082
36097,"Schuyler County, New York",36,NY,4,17855,22.4027,3,0,well_served,28.9,2236
36099,"Seneca County, New York",36,NY,0,33651,0.0,0,0,access_desert,83.5,1
36101,"Steuben County, New York",36,NY,9,93584,9.617,2,1,underserved,53.0,1477
36103,"Suffolk County, New York",36,NY,415,1524486,27.2223,11,17,well_served,21.0,2484
36105,"Sullivan County, New York",36,NY,12,78725,15.2429,5,1,adequate,41.7,1832
36107,"Tioga County, New York",36,NY,3,48344,6.2055,3,1,underserved,59.3,1281
36109,"Tompkins County, New York",36,NY,34,102555,33.1529,5,2,well_served,14.1,2700
36111,"Ulster County, New York",36,NY,37,182153,20.3126,6,2,well_served,32.4,2125
36113,"Warren County, New York",36,NY,46,65684,70.0323,6,3,well_served,1.2,3106
36115,"Washington County, New York",36,NY,3,61310,4.8932,2,0,critical,62.3,1186
36117,"Wayne County, New York",36,NY,9,91324,9.855,3,0,underserved,52.5,1494
36119,"Westchester County, New York",36,NY,402,997904,40.2844,10,17,well_served,8.6,2875
36121,"Wyoming County, New York",36,NY,12,40338,29.7486,3,0,well_served,17.9,2581
36123,"Yates County, New York",36,NY,3,24713,12.1394,2,1,adequate,47.5,1651
37001,"Alamance County, North Carolina",37,NC,38,171779,22.1214,7,3,well_served,29.3,2223
37003,"Alexander County, North Carolina",37,NC,2,36505,5.4787,2,0,underserved,60.8,1231
37005,"Alleghany County, North Carolina",37,NC,0,10989,0.0,0,0,access_desert,83.5,1
37007,"Anson County, North Carolina",37,NC,1,22200,4.5045,1,0,critical,63.1,1161
37009,"Ashe County, North Carolina",37,NC,6,26759,22.4224,4,0,well_served,28.8,2239
37011,"Avery County, North Carolina",37,NC,3,17679,16.9693,3,0,adequate,38.4,1937
37013,"Beaufort County, North Carolina",37,NC,10,44711,22.3659,4,1,well_served,29.0,2231
37015,"Bertie County, North Carolina",37,NC,0,17818,0.0,0,0,access_desert,83.5,1
37017,"Bladen County, North Carolina",37,NC,5,29807,16.7746,2,0,adequate,38.9,1921
37019,"Brunswick County, North Carolina",37,NC,34,139721,24.3342,6,4,well_served,25.6,2340
37021,"Buncombe County, North Carolina",37,NC,152,269449,56.4114,9,8,well_served,2.6,3061
37023,"Burke County, North Carolina",37,NC,22,87799,25.0572,5,0,well_served,24.7,2368
37025,"Cabarrus County, North Carolina",37,NC,56,226396,24.7354,7,0,well_served,25.2,2353
37027,"Caldwell County, North Carolina",37,NC,9,80716,11.1502,3,0,adequate,49.7,1580
37029,"Camden County, North Carolina",37,NC,1,10547,9.4814,1,0,underserved,53.2,1470
37031,"Carteret County, North Carolina",37,NC,23,68353,33.6489,5,2,well_served,13.5,2718
37033,"Caswell County, North Carolina",37,NC,0,22747,0.0,0,0,access_desert,83.5,1
37035,"Catawba County, North Carolina",37,NC,64,161011,39.7488,7,5,well_served,9.0,2861
37037,"Chatham County, North Carolina",37,NC,5,76754,6.5143,3,0,underserved,58.8,1296
37039,"Cherokee County, North Carolina",37,NC,5,28868,17.3202,2,1,adequate,37.9,1951
37041,"Chowan County, North Carolina",37,NC,5,13835,36.1402,2,0,well_served,11.4,2785
37043,"Clay County, North Carolina",37,NC,0,11186,0.0,0,0,access_desert,83.5,1
37045,"Cleveland County, North Carolina",37,NC,31,99527,31.1473,3,0,well_served,16.3,2630
37047,"Columbus County, North Carolina",37,NC,9,50827,17.7071,3,0,adequate,37.1,1977
37049,"Craven County, North Carolina",37,NC,29,101098,28.685,5,4,well_served,19.2,2539
37051,"Cumberland County, North Carolina",37,NC,132,335207,39.3787,11,9,well_served,9.3,2853
37053,"Currituck County, North Carolina",37,NC,0,28616,0.0,0,0,access_desert,83.5,1
37055,"Dare County, North Carolina",37,NC,7,37160,18.8375,5,1,adequate,35.0,2044
37057,"Davidson County, North Carolina",37,NC,25,169498,14.7494,3,1,adequate,42.7,1802
37059,"Davie County, North Carolina",37,NC,0,43030,0.0,0,0,access_desert,83.5,1
37061,"Duplin County, North Carolina",37,NC,7,49312,14.1953,2,0,adequate,43.8,1767
37063,"Durham County, North Carolina",37,NC,120,325101,36.9116,9,8,well_served,10.9,2801
37065,"Edgecombe County, North Carolina",37,NC,4,49067,8.1521,2,0,underserved,55.5,1399
37067,"Forsyth County, North Carolina",37,NC,151,383739,39.3497,11,16,well_served,9.3,2852
37069,"Franklin County, North Carolina",37,NC,2,69680,2.8703,2,1,critical,66.1,1066
37071,"Gaston County, North Carolina",37,NC,63,228972,27.5143,8,6,well_served,20.6,2495
37073,"Gates County, North Carolina",37,NC,0,10509,0.0,0,0,access_desert,83.5,1
37075,"Graham County, North Carolina",37,NC,1,8047,12.427,1,0,adequate,46.8,1672
37077,"Granville County, North Carolina",37,NC,17,61161,27.7955,4,0,well_served,20.3,2507
37079,"Greene County, North Carolina",37,NC,1,20407,4.9003,1,0,critical,62.2,1187
37081,"Guilford County, North Carolina",37,NC,181,539557,33.546,10,10,well_served,13.7,2714
37083,"Halifax County, North Carolina",37,NC,8,48772,16.4029,3,0,adequate,39.7,1895
37085,"Harnett County, North Carolina",37,NC,7,134718,5.196,3,3,underserved,61.5,1211
37087,"Haywood County, North Carolina",37,NC,10,62152,16.0896,2,0,adequate,40.2,1880
37089,"Henderson County, North Carolina",37,NC,34,116469,29.1923,6,1,well_served,18.5,2562
37091,"Hertford County, North Carolina",37,NC,6,21633,27.7354,3,0,well_served,20.4,2502
37093,"Hoke County, North Carolina",37,NC,5,52612,9.5035,1,0,underserved,53.2,1472
37095,"Hyde County, North Carolina",37,NC,0,4636,0.0,0,0,access_desert,83.5,1
37097,"Iredell County, North Carolina",37,NC,59,187839,31.4099,6,4,well_served,16.0,2641
37099,"Jackson County, North Carolina",37,NC,23,42388,54.2606,6,2,well_served,3.2,3044
37101,"Johnston County, North Carolina",37,NC,23,219042,10.5003,5,3,adequate,51.0,1540
37103,"Jones County, North Carolina",37,NC,1,9263,10.7956,1,0,adequate,50.2,1567
37105,"Lee County, North Carolina",37,NC,20,63560,31.4663,4,1,well_served,15.9,2645
37107,"Lenoir County, North Carolina",37,NC,22,55071,39.9484,4,1,well_served,8.9,2865
37109,"Lincoln County, North Carolina",37,NC,25,87933,28.4307,4,0,well_served,19.5,2532
37111,"McDowell County, North Carolina",37,NC,9,44629,20.1663,4,0,well_served,32.8,2112
37113,"Macon County, North Carolina",37,NC,9,37088,24.2666,4,0,well_served,25.7,2335
37115,"Madison County, North Carolina",37,NC,2,21414,9.3397,2,0,underserved,53.5,1463
37117,"Martin County, North Carolina",37,NC,2,21992,9.0942,1,0,underserved,53.9,1448
37119,"Mecklenburg County, North Carolina",37,NC,573,1115403,51.3716,10,35,well_served,4.0,3018
37121,"Mitchell County, North Carolina",37,NC,5,14989,33.3578,3,0,well_served,13.9,2706
37123,"Montgomery County, North Carolina",37,NC,1,25839,3.8701,1,0,critical,64.6,1112
37125,"Moore County, North Carolina",37,NC,35,100759,34.7364,7,7,well_served,12.6,2749
37127,"Nash County, North Carolina",37,NC,20,95015,21.0493,4,2,well_served,31.2,2164
37129,"New Hanover County, North Carolina",37,NC,124,228134,54.354,9,7,well_served,3.1,3045
37131,"Northampton County, North Carolina",37,NC,0,17528,0.0,0,0,access_desert,83.5,1
37133,"Onslow County, North Carolina",37,NC,63,203686,30.93,6,2,well_served,16.5,2626
37135,"Orange County, North Carolina",37,NC,163,145919,111.7058,9,5,well_served,0.3,3133
37137,"Pamlico County, North Carolina",37,NC,0,12317,0.0,0,0,access_desert,83.5,1
37139,"Pasquotank County, North Carolina",37,NC,21,40454,51.9108,4,1,well_served,3.9,3022
37141,"Pender County, North Carolina",37,NC,3,61592,4.8708,3,0,critical,62.3,1185
37143,"Perquimans County, North Carolina",37,NC,0,13053,0.0,0,0,access_desert,83.5,1
37145,"Person County, North Carolina",37,NC,6,39131,15.3331,2,0,adequate,41.5,1840
37147,"Pitt County, North Carolina",37,NC,83,171196,48.4824,10,7,well_served,4.9,2990
37149,"Polk County, North Carolina",37,NC,1,19538,5.1182,1,0,underserved,61.7,1203
37151,"Randolph County, North Carolina",37,NC,13,144403,9.0026,2,0,underserved,54.2,1440
37153,"Richmond County, North Carolina",37,NC,10,43149,23.1755,3,0,well_served,27.6,2277
37155,"Robeson County, North Carolina",37,NC,37,117573,31.4698,6,2,well_served,15.8,2646
37157,"Rockingham County, North Carolina",37,NC,13,91209,14.253,4,0,adequate,43.7,1769
37159,"Rowan County, North Carolina",37,NC,18,147067,12.2393,6,1,adequate,47.4,1655
37161,"Rutherford County, North Carolina",37,NC,8,64680,12.3686,5,1,adequate,47.1,1664
37163,"Sampson County, North Carolina",37,NC,18,59317,30.3454,4,2,well_served,17.3,2600
37165,"Scotland County, North Carolina",37,NC,11,34222,32.1431,3,0,well_served,14.9,2675
37167,"Stanly County, North Carolina",37,NC,14,62723,22.3204,4,0,well_served,29.1,2229
37169,"Stokes County, North Carolina",37,NC,1,44696,2.2373,1,0,critical,66.6,1051
37171,"Surry County, North Carolina",37,NC,21,71429,29.3998,4,1,well_served,18.3,2568
37173,"Swain County, North Carolina",37,NC,1,14130,7.0771,1,0,underserved,57.6,1334
37175,"Transylvania County, North Carolina",37,NC,4,33131,12.0733,3,0,adequate,47.6,1647
37177,"Tyrrell County, North Carolina",37,NC,0,3389,0.0,0,0,access_desert,83.5,1
37179,"Union County, North Carolina",37,NC,35,240109,14.5767,3,1,adequate,43.0,1791
37181,"Vance County, North Carolina",37,NC,6,42492,14.1203,2,0,adequate,44.0,1761
37183,"Wake County, North Carolina",37,NC,394,1132103,34.8025,10,29,well_served,12.5,2751
37185,"Warren County, North Carolina",37,NC,0,18803,0.0,0,0,access_desert,83.5,1
37187,"Washington County, North Carolina",37,NC,3,11051,27.1469,2,0,well_served,21.2,2478
37189,"Watauga County, North Carolina",37,NC,17,54540,31.1698,6,0,well_served,16.3,2631
37191,"Wayne County, North Carolina",37,NC,31,117480,26.3875,4,2,well_served,22.5,2438
37193,"Wilkes County, North Carolina",37,NC,6,66125,9.0737,1,0,underserved,54.0,1445
37195,"Wilson County, North Carolina",37,NC,14,78667,17.7965,3,3,adequate,36.9,1984
37197,"Yadkin County, North Carolina",37,NC,0,37280,0.0,0,0,access_desert,83.5,1
37199,"Yancey County, North Carolina",37,NC,2,18538,10.7887,1,0,adequate,50.2,1566
38001,"Adams County, North Dakota",38,ND,0,2190,0.0,0,0,access_desert,83.5,1
38003,"Barnes County, North Dakota",38,ND,0,10826,0.0,0,0,access_desert,83.5,1
38005,"Benson County, North Dakota",38,ND,1,5960,16.7785,1,0,adequate,38.9,1922
38007,"Billings County, North Dakota",38,ND,0,839,0.0,0,0,access_desert,83.5,1
38009,"Bottineau County, North Dakota",38,ND,0,6411,0.0,0,0,access_desert,83.5,1
38011,"Bowman County, North Dakota",38,ND,0,2975,0.0,0,0,access_desert,83.5,1
38013,"Burke County, North Dakota",38,ND,0,2184,0.0,0,0,access_desert,83.5,1
38015,"Burleigh County, North Dakota",38,ND,26,98443,26.4112,4,0,well_served,22.3,2442
38017,"Cass County, North Dakota",38,ND,69,186328,37.0315,6,2,well_served,10.7,2807
38019,"Cavalier County, North Dakota",38,ND,0,3691,0.0,0,0,access_desert,83.5,1
38021,"Dickey County, North Dakota",38,ND,0,5003,0.0,0,0,access_desert,83.5,1
38023,"Divide County, North Dakota",38,ND,0,2195,0.0,0,0,access_desert,83.5,1
38025,"Dunn County, North Dakota",38,ND,0,4049,0.0,0,0,access_desert,83.5,1
38027,"Eddy County, North Dakota",38,ND,0,2345,0.0,0,0,access_desert,83.5,1
38029,"Emmons County, North Dakota",38,ND,0,3297,0.0,0,0,access_desert,83.5,1
38031,"Foster County, North Dakota",38,ND,0,3388,0.0,0,0,access_desert,83.5,1
38033,"Golden Valley County, North Dakota",38,ND,0,1734,0.0,0,0,access_desert,83.5,1
38035,"Grand Forks County, North Dakota",38,ND,17,72927,23.311,4,0,well_served,27.3,2286
38037,"Grant County, North Dakota",38,ND,0,2320,0.0,0,0,access_desert,83.5,1
38039,"Griggs County, North Dakota",38,ND,0,2309,0.0,0,0,access_desert,83.5,1
38041,"Hettinger County, North Dakota",38,ND,0,2477,0.0,0,0,access_desert,83.5,1
38043,"Kidder County, North Dakota",38,ND,0,2391,0.0,0,0,access_desert,83.5,1
38045,"LaMoure County, North Dakota",38,ND,0,4135,0.0,0,0,access_desert,83.5,1
38047,"Logan County, North Dakota",38,ND,0,1849,0.0,0,0,access_desert,83.5,1
38049,"McHenry County, North Dakota",38,ND,0,5326,0.0,0,0,access_desert,83.5,1
38051,"McIntosh County, North Dakota",38,ND,0,2529,0.0,0,0,access_desert,83.5,1
38053,"McKenzie County, North Dakota",38,ND,0,14081,0.0,0,0,access_desert,83.5,1
38055,"McLean County, North Dakota",38,ND,1,9781,10.2239,1,1,adequate,51.7,1518
38057,"Mercer County, North Dakota",38,ND,0,8366,0.0,0,0,access_desert,83.5,1
38059,"Morton County, North Dakota",38,ND,0,33192,0.0,0,0,access_desert,83.5,1
38061,"Mountrail County, North Dakota",38,ND,0,9648,0.0,0,0,access_desert,83.5,1
38063,"Nelson County, North Dakota",38,ND,0,3025,0.0,0,0,access_desert,83.5,1
38065,"Oliver County, North Dakota",38,ND,0,1832,0.0,0,0,access_desert,83.5,1
38067,"Pembina County, North Dakota",38,ND,0,6853,0.0,0,0,access_desert,83.5,1
38069,"Pierce County, North Dakota",38,ND,0,3999,0.0,0,0,access_desert,83.5,1
38071,"Ramsey County, North Dakota",38,ND,1,11613,8.611,1,0,underserved,54.6,1426
38073,"Ransom County, North Dakota",38,ND,0,5663,0.0,0,0,access_desert,83.5,1
38075,"Renville County, North Dakota",38,ND,0,2282,0.0,0,0,access_desert,83.5,1
38077,"Richland County, North Dakota",38,ND,2,16548,12.0861,2,0,adequate,47.6,1648
38079,"Rolette County, North Dakota",38,ND,3,12292,24.4061,2,1,well_served,25.5,2342
38081,"Sargent County, North Dakota",38,ND,0,3828,0.0,0,0,access_desert,83.5,1
38083,"Sheridan County, North Dakota",38,ND,0,1338,0.0,0,0,access_desert,83.5,1
38085,"Sioux County, North Dakota",38,ND,1,3896,25.6674,1,0,well_served,23.8,2396
38087,"Slope County, North Dakota",38,ND,0,837,0.0,0,0,access_desert,83.5,1
38089,"Stark County, North Dakota",38,ND,7,32989,21.2192,1,0,well_served,30.9,2172
38091,"Steele County, North Dakota",38,ND,0,1774,0.0,0,0,access_desert,83.5,1
38093,"Stutsman County, North Dakota",38,ND,2,21609,9.2554,1,0,underserved,53.6,1458
38095,"Towner County, North Dakota",38,ND,0,2152,0.0,0,0,access_desert,83.5,1
38097,"Traill County, North Dakota",38,ND,0,8004,0.0,0,0,access_desert,83.5,1
38099,"Walsh County, North Dakota",38,ND,0,10553,0.0,0,0,access_desert,83.5,1
38101,"Ward County, North Dakota",38,ND,16,69532,23.011,4,1,well_served,28.0,2265
38103,"Wells County, North Dakota",38,ND,1,3990,25.0627,1,0,well_served,24.7,2369
38105,"Williams County, North Dakota",38,ND,13,39076,33.2685,4,0,well_served,14.0,2704
39001,"Adams County, Ohio",39,OH,0,27509,0.0,0,0,access_desert,83.5,1
39003,"Allen County, Ohio",39,OH,42,102087,41.1414,5,0,well_served,8.0,2891
39005,"Ashland County, Ohio",39,OH,8,52522,15.2317,3,2,adequate,41.8,1830
39007,"Ashtabula County, Ohio",39,OH,10,97666,10.239,4,3,adequate,51.7,1519
39009,"Athens County, Ohio",39,OH,21,61276,34.2712,4,0,well_served,13.0,2736
39011,"Auglaize County, Ohio",39,OH,10,46263,21.6155,4,0,well_served,30.2,2194
39013,"Belmont County, Ohio",39,OH,9,66554,13.5229,1,0,adequate,45.1,1727
39015,"Brown County, Ohio",39,OH,5,43715,11.4377,2,0,adequate,49.1,1601
39017,"Butler County, Ohio",39,OH,85,388327,21.8888,8,6,well_served,29.6,2213
39019,"Carroll County, Ohio",39,OH,1,26761,3.7368,1,0,critical,64.9,1103
39021,"Champaign County, Ohio",39,OH,2,38715,5.166,1,0,underserved,61.6,1207
39023,"Clark County, Ohio",39,OH,35,135877,25.7586,6,2,well_served,23.6,2402
39025,"Clermont County, Ohio",39,OH,25,208851,11.9703,5,0,adequate,47.8,1640
39027,"Clinton County, Ohio",39,OH,11,42077,26.1425,3,1,well_served,23.0,2422
39029,"Columbiana County, Ohio",39,OH,12,101723,11.7967,4,0,adequate,48.2,1628
39031,"Coshocton County, Ohio",39,OH,5,36629,13.6504,3,1,adequate,44.7,1740
39033,"Crawford County, Ohio",39,OH,3,41861,7.1666,2,1,underserved,57.3,1342
39035,"Cuyahoga County, Ohio",39,OH,418,1256620,33.2638,11,17,well_served,14.0,2703
39037,"Darke County, Ohio",39,OH,8,51751,15.4586,3,0,adequate,41.3,1846
39039,"Defiance County, Ohio",39,OH,10,38300,26.1097,3,0,well_served,23.1,2419
39041,"Delaware County, Ohio",39,OH,33,216074,15.2725,6,3,adequate,41.6,1836
39043,"Erie County, Ohio",39,OH,14,75299,18.5925,5,1,adequate,35.4,2031
39045,"Fairfield County, Ohio",39,OH,32,159371,20.0789,5,6,well_served,33.0,2106
39047,"Fayette County, Ohio",39,OH,3,28901,10.3803,2,0,adequate,51.3,1530
39049,"Franklin County, Ohio",39,OH,551,1318149,41.801,11,31,well_served,7.6,2906
39051,"Fulton County, Ohio",39,OH,2,42602,4.6946,2,0,critical,62.6,1176
39053,"Gallia County, Ohio",39,OH,11,29276,37.5734,3,1,well_served,10.4,2816
39055,"Geauga County, Ohio",39,OH,16,95455,16.7618,5,0,adequate,39.0,1918
39057,"Greene County, Ohio",39,OH,51,167567,30.4356,7,2,well_served,17.2,2604
39059,"Guernsey County, Ohio",39,OH,11,38409,28.6391,3,1,well_served,19.3,2536
39061,"Hamilton County, Ohio",39,OH,415,827671,50.1407,11,21,well_served,4.2,3011
39063,"Hancock County, Ohio",39,OH,31,75072,41.2937,6,1,well_served,7.9,2897
39065,"Hardin County, Ohio",39,OH,0,30622,0.0,0,0,access_desert,83.5,1
39067,"Harrison County, Ohio",39,OH,1,14528,6.8833,1,0,underserved,58.1,1317
39069,"Henry County, Ohio",39,OH,6,27601,21.7383,3,0,well_served,29.9,2205
39071,"Highland County, Ohio",39,OH,5,43285,11.5513,1,0,adequate,48.8,1611
39073,"Hocking County, Ohio",39,OH,2,28104,7.1164,1,0,underserved,57.4,1338
39075,"Holmes County, Ohio",39,OH,11,44273,24.8458,3,2,well_served,24.9,2360
39077,"Huron County, Ohio",39,OH,8,58518,13.671,3,0,adequate,44.6,1741
39079,"Jackson County, Ohio",39,OH,1,32563,3.071,1,0,critical,65.8,1074
39081,"Jefferson County, Ohio",39,OH,19,65280,29.1054,5,0,well_served,18.7,2555
39083,"Knox County, Ohio",39,OH,7,62657,11.1719,5,1,adequate,49.7,1583
39085,"Lake County, Ohio",39,OH,39,232236,16.7933,4,2,adequate,38.8,1924
39087,"Lawrence County, Ohio",39,OH,4,57994,6.8973,2,0,underserved,58.1,1318
39089,"Licking County, Ohio",39,OH,29,178844,16.2152,7,1,adequate,40.0,1885
39091,"Logan County, Ohio",39,OH,10,46098,21.6929,5,0,well_served,30.0,2200
39093,"Lorain County, Ohio",39,OH,52,313101,16.6081,5,2,adequate,39.3,1907
39095,"Lucas County, Ohio",39,OH,179,430014,41.6266,10,9,well_served,7.6,2904
39097,"Madison County, Ohio",39,OH,1,43961,2.2747,1,0,critical,66.5,1054
39099,"Mahoning County, Ohio",39,OH,73,227979,32.0205,10,3,well_served,15.1,2669
39101,"Marion County, Ohio",39,OH,11,65366,16.8283,3,0,adequate,38.8,1925
39103,"Medina County, Ohio",39,OH,29,182347,15.9037,5,0,adequate,40.4,1873
39105,"Meigs County, Ohio",39,OH,1,22242,4.496,1,0,critical,63.1,1159
39107,"Mercer County, Ohio",39,OH,7,42321,16.5403,2,0,adequate,39.6,1900
39109,"Miami County, Ohio",39,OH,17,108818,15.6224,3,0,adequate,40.9,1858
39111,"Monroe County, Ohio",39,OH,0,13401,0.0,0,0,access_desert,83.5,1
39113,"Montgomery County, Ohio",39,OH,222,536121,41.4086,10,4,well_served,7.8,2900
39115,"Morgan County, Ohio",39,OH,0,13851,0.0,0,0,access_desert,83.5,1
39117,"Morrow County, Ohio",39,OH,4,35049,11.4126,1,0,adequate,49.2,1598
39119,"Muskingum County, Ohio",39,OH,20,86393,23.15,3,2,well_served,27.6,2276
39121,"Noble County, Ohio",39,OH,0,14216,0.0,0,0,access_desert,83.5,1
39123,"Ottawa County, Ohio",39,OH,1,40367,2.4773,1,0,critical,66.3,1061
39125,"Paulding County, Ohio",39,OH,0,18827,0.0,0,0,access_desert,83.5,1
39127,"Perry County, Ohio",39,OH,0,35451,0.0,0,0,access_desert,83.5,1
39129,"Pickaway County, Ohio",39,OH,6,58809,10.2025,2,0,adequate,51.8,1516
39131,"Pike County, Ohio",39,OH,1,27151,3.6831,1,0,critical,65.0,1100
39133,"Portage County, Ohio",39,OH,13,161217,8.0637,5,0,underserved,55.7,1392
39135,"Preble County, Ohio",39,OH,0,40929,0.0,0,0,access_desert,83.5,1
39137,"Putnam County, Ohio",39,OH,0,34400,0.0,0,0,access_desert,83.5,1
39139,"Richland County, Ohio",39,OH,28,125008,22.3986,5,1,well_served,28.9,2234
39141,"Ross County, Ohio",39,OH,19,76957,24.6891,3,0,well_served,25.2,2351
39143,"Sandusky County, Ohio",39,OH,13,58885,22.0769,5,0,well_served,29.4,2220
39145,"Scioto County, Ohio",39,OH,17,73716,23.0615,4,0,well_served,27.9,2268
39147,"Seneca County, Ohio",39,OH,10,55062,18.1613,4,0,adequate,36.1,2008
39149,"Shelby County, Ohio",39,OH,16,48145,33.2329,4,2,well_served,14.1,2702
39151,"Stark County, Ohio",39,OH,87,374199,23.2497,9,7,well_served,27.4,2281
39153,"Summit County, Ohio",39,OH,197,539361,36.5247,11,7,well_served,11.2,2791
39155,"Trumbull County, Ohio",39,OH,26,201749,12.8873,7,0,adequate,46.1,1696
39157,"Tuscarawas County, Ohio",39,OH,11,92840,11.8483,5,2,adequate,48.1,1633
39159,"Union County, Ohio",39,OH,8,63411,12.6161,5,0,adequate,46.5,1683
39161,"Van Wert County, Ohio",39,OH,0,28833,0.0,0,0,access_desert,83.5,1
39163,"Vinton County, Ohio",39,OH,0,12790,0.0,0,0,access_desert,83.5,1
39165,"Warren County, Ohio",39,OH,33,243189,13.5697,5,4,adequate,44.9,1732
39167,"Washington County, Ohio",39,OH,12,59639,20.1211,3,0,well_served,33.0,2108
39169,"Wayne County, Ohio",39,OH,36,116680,30.8536,5,2,well_served,16.7,2620
39171,"Williams County, Ohio",39,OH,13,36973,35.1608,4,1,well_served,12.1,2763
39173,"Wood County, Ohio",39,OH,19,131564,14.4416,6,0,adequate,43.3,1784
39175,"Wyandot County, Ohio",39,OH,2,21818,9.1667,2,0,underserved,53.8,1453
40001,"Adair County, Oklahoma",40,OK,0,19726,0.0,0,0,access_desert,83.5,1
40003,"Alfalfa County, Oklahoma",40,OK,0,5683,0.0,0,0,access_desert,83.5,1
40005,"Atoka County, Oklahoma",40,OK,1,14117,7.0837,1,0,underserved,57.5,1335
40007,"Beaver County, Oklahoma",40,OK,0,5071,0.0,0,0,access_desert,83.5,1
40009,"Beckham County, Oklahoma",40,OK,4,22295,17.9412,2,0,adequate,36.6,1993
40011,"Blaine County, Oklahoma",40,OK,0,8661,0.0,0,0,access_desert,83.5,1
40013,"Bryan County, Oklahoma",40,OK,9,46528,19.3432,1,0,adequate,34.4,2064
40015,"Caddo County, Oklahoma",40,OK,0,26910,0.0,0,0,access_desert,83.5,1
40017,"Canadian County, Oklahoma",40,OK,11,156681,7.0206,3,1,underserved,57.8,1327
40019,"Carter County, Oklahoma",40,OK,12,48202,24.8952,3,0,well_served,24.8,2363
40021,"Cherokee County, Oklahoma",40,OK,29,47412,61.1659,5,0,well_served,2.1,3078
40023,"Choctaw County, Oklahoma",40,OK,0,14285,0.0,0,0,access_desert,83.5,1
40025,"Cimarron County, Oklahoma",40,OK,1,2272,44.0141,1,0,well_served,6.4,2942
40027,"Cleveland County, Oklahoma",40,OK,57,295060,19.3181,6,2,adequate,34.4,2063
40029,"Coal County, Oklahoma",40,OK,0,5287,0.0,0,0,access_desert,83.5,1
40031,"Comanche County, Oklahoma",40,OK,26,121777,21.3505,3,0,well_served,30.7,2180
40033,"Cotton County, Oklahoma",40,OK,0,5537,0.0,0,0,access_desert,83.5,1
40035,"Craig County, Oklahoma",40,OK,1,14144,7.0701,1,0,underserved,57.6,1332
40037,"Creek County, Oklahoma",40,OK,3,72076,4.1623,2,0,critical,63.9,1136
40039,"Custer County, Oklahoma",40,OK,5,28391,17.6112,2,0,adequate,37.3,1971
40041,"Delaware County, Oklahoma",40,OK,5,40791,12.2576,4,0,adequate,47.3,1657
40043,"Dewey County, Oklahoma",40,OK,0,4504,0.0,0,0,access_desert,83.5,1
40045,"Ellis County, Oklahoma",40,OK,1,3755,26.6312,1,0,well_served,22.0,2452
40047,"Garfield County, Oklahoma",40,OK,16,62456,25.618,3,0,well_served,23.9,2392
40049,"Garvin County, Oklahoma",40,OK,0,25806,0.0,0,0,access_desert,83.5,1
40051,"Grady County, Oklahoma",40,OK,1,55314,1.8079,1,0,critical,66.7,1046
40053,"Grant County, Oklahoma",40,OK,0,4152,0.0,0,0,access_desert,83.5,1
40055,"Greer County, Oklahoma",40,OK,0,5531,0.0,0,0,access_desert,83.5,1
40057,"Harmon County, Oklahoma",40,OK,0,2499,0.0,0,0,access_desert,83.5,1
40059,"Harper County, Oklahoma",40,OK,0,3272,0.0,0,0,access_desert,83.5,1
40061,"Haskell County, Oklahoma",40,OK,1,11651,8.583,1,0,underserved,54.8,1422
40063,"Hughes County, Oklahoma",40,OK,1,13409,7.4577,1,0,underserved,56.8,1357
40065,"Jackson County, Oklahoma",40,OK,8,24776,32.2893,3,0,well_served,14.8,2678
40067,"Jefferson County, Oklahoma",40,OK,0,5420,0.0,0,0,access_desert,83.5,1
40069,"Johnston County, Oklahoma",40,OK,2,10410,19.2123,1,0,adequate,34.4,2061
40071,"Kay County, Oklahoma",40,OK,10,43859,22.8003,3,1,well_served,28.1,2261
40073,"Kingfisher County, Oklahoma",40,OK,1,15290,6.5402,1,0,underserved,58.7,1300
40075,"Kiowa County, Oklahoma",40,OK,0,8446,0.0,0,0,access_desert,83.5,1
40077,"Latimer County, Oklahoma",40,OK,6,9537,62.9129,4,1,well_served,1.9,3085
40079,"Le Flore County, Oklahoma",40,OK,1,48525,2.0608,1,0,critical,66.6,1049
40081,"Lincoln County, Oklahoma",40,OK,0,33734,0.0,0,0,access_desert,83.5,1
40083,"Logan County, Oklahoma",40,OK,3,49919,6.0097,3,0,underserved,59.7,1267
40085,"Love County, Oklahoma",40,OK,0,10158,0.0,0,0,access_desert,83.5,1
40087,"McClain County, Oklahoma",40,OK,0,42393,0.0,0,0,access_desert,83.5,1
40089,"McCurtain County, Oklahoma",40,OK,3,31003,9.6765,1,0,underserved,52.9,1480
40091,"McIntosh County, Oklahoma",40,OK,1,19159,5.2195,1,0,underserved,61.4,1214
40093,"Major County, Oklahoma",40,OK,0,7678,0.0,0,0,access_desert,83.5,1
40095,"Marshall County, Oklahoma",40,OK,0,15494,0.0,0,0,access_desert,83.5,1
40097,"Mayes County, Oklahoma",40,OK,6,39324,15.2579,3,0,adequate,41.6,1835
40099,"Murray County, Oklahoma",40,OK,0,13837,0.0,0,0,access_desert,83.5,1
40101,"Muskogee County, Oklahoma",40,OK,12,66606,18.0164,3,0,adequate,36.4,1999
40103,"Noble County, Oklahoma",40,OK,0,10981,0.0,0,0,access_desert,83.5,1
40105,"Nowata County, Oklahoma",40,OK,0,9460,0.0,0,0,access_desert,83.5,1
40107,"Okfuskee County, Oklahoma",40,OK,0,11349,0.0,0,0,access_desert,83.5,1
40109,"Oklahoma County, Oklahoma",40,OK,340,795822,42.7231,10,27,well_served,7.1,2922
40111,"Okmulgee County, Oklahoma",40,OK,2,36900,5.4201,2,0,underserved,60.9,1229
40113,"Osage County, Oklahoma",40,OK,11,46004,23.911,3,0,well_served,26.4,2314
40115,"Ottawa County, Oklahoma",40,OK,6,30472,19.6902,2,0,adequate,33.7,2086
40117,"Pawnee County, Oklahoma",40,OK,0,15682,0.0,0,0,access_desert,83.5,1
40119,"Payne County, Oklahoma",40,OK,13,82058,15.8425,5,1,adequate,40.6,1868
40121,"Pittsburg County, Oklahoma",40,OK,6,43758,13.7118,2,0,adequate,44.6,1743
40123,"Pontotoc County, Oklahoma",40,OK,25,38116,65.5893,4,3,well_served,1.5,3097
40125,"Pottawatomie County, Oklahoma",40,OK,9,72734,12.3739,2,0,adequate,47.0,1667
40127,"Pushmataha County, Oklahoma",40,OK,0,10845,0.0,0,0,access_desert,83.5,1
40129,"Roger Mills County, Oklahoma",40,OK,0,3423,0.0,0,0,access_desert,83.5,1
40131,"Rogers County, Oklahoma",40,OK,17,95870,17.7323,5,0,adequate,37.1,1979
40133,"Seminole County, Oklahoma",40,OK,2,23592,8.4774,2,0,underserved,54.8,1420
40135,"Sequoyah County, Oklahoma",40,OK,0,39538,0.0,0,0,access_desert,83.5,1
40137,"Stephens County, Oklahoma",40,OK,9,43140,20.8623,2,0,well_served,31.6,2151
40139,"Texas County, Oklahoma",40,OK,5,21144,23.6474,4,0,well_served,26.9,2297
40141,"Tillman County, Oklahoma",40,OK,1,7013,14.2592,1,0,adequate,43.7,1770
40143,"Tulsa County, Oklahoma",40,OK,226,668923,33.7857,11,7,well_served,13.4,2723
40145,"Wagoner County, Oklahoma",40,OK,3,82269,3.6466,2,1,critical,65.1,1097
40147,"Washington County, Oklahoma",40,OK,8,52579,15.2152,2,0,adequate,41.9,1828
40149,"Washita County, Oklahoma",40,OK,0,10930,0.0,0,0,access_desert,83.5,1
40151,"Woods County, Oklahoma",40,OK,0,8661,0.0,0,0,access_desert,83.5,1
40153,"Woodward County, Oklahoma",40,OK,2,20411,9.7986,2,0,underserved,52.7,1488
41001,"Baker County, Oregon",41,OR,0,16685,0.0,0,0,access_desert,83.5,1
41003,"Benton County, Oregon",41,OR,47,95615,49.1555,8,4,well_served,4.6,3000
41005,"Clackamas County, Oregon",41,OR,102,420925,24.2323,8,5,well_served,25.8,2334
41007,"Clatsop County, Oregon",41,OR,17,41190,41.2722,3,2,well_served,7.9,2896
41009,"Columbia County, Oregon",41,OR,3,52865,5.6748,2,1,underserved,60.3,1248
41011,"Coos County, Oregon",41,OR,17,64908,26.1909,5,2,well_served,22.9,2423
41013,"Crook County, Oregon",41,OR,3,24987,12.0062,2,0,adequate,47.8,1641
41015,"Curry County, Oregon",41,OR,6,23404,25.6366,4,1,well_served,23.9,2394
41017,"Deschutes County, Oregon",41,OR,87,199352,43.6414,6,3,well_served,6.6,2935
41019,"Douglas County, Oregon",41,OR,26,111322,23.3557,5,0,well_served,27.2,2289
41021,"Gilliam County, Oregon",41,OR,0,1983,0.0,0,0,access_desert,83.5,1
41023,"Grant County, Oregon",41,OR,0,7237,0.0,0,0,access_desert,83.5,1
41025,"Harney County, Oregon",41,OR,2,7496,26.6809,2,0,well_served,22.0,2453
41027,"Hood River County, Oregon",41,OR,15,23965,62.5913,4,0,well_served,1.9,3084
41029,"Jackson County, Oregon",41,OR,103,222604,46.2705,7,9,well_served,5.6,2967
41031,"Jefferson County, Oregon",41,OR,2,24659,8.1106,2,0,underserved,55.6,1395
41033,"Josephine County, Oregon",41,OR,27,87994,30.6839,5,1,well_served,17.0,2610
41035,"Klamath County, Oregon",41,OR,18,69506,25.897,4,0,well_served,23.5,2405
41037,"Lake County, Oregon",41,OR,0,8201,0.0,0,0,access_desert,83.5,1
41039,"Lane County, Oregon",41,OR,120,382218,31.3957,9,7,well_served,16.0,2640
41041,"Lincoln County, Oregon",41,OR,22,50334,43.708,5,0,well_served,6.6,2937
41043,"Linn County, Oregon",41,OR,23,128598,17.8852,3,0,adequate,36.7,1991
41045,"Malheur County, Oregon",41,OR,10,31538,31.7078,3,0,well_served,15.5,2658
41047,"Marion County, Oregon",41,OR,102,345815,29.4955,6,4,well_served,18.2,2572
41049,"Morrow County, Oregon",41,OR,0,12140,0.0,0,0,access_desert,83.5,1
41051,"Multnomah County, Oregon",41,OR,520,808098,64.3486,10,20,well_served,1.7,3092
41053,"Polk County, Oregon",41,OR,10,87600,11.4155,3,3,adequate,49.1,1599
41055,"Sherman County, Oregon",41,OR,0,1900,0.0,0,0,access_desert,83.5,1
41057,"Tillamook County, Oregon",41,OR,4,27345,14.6279,2,0,adequate,42.9,1794
41059,"Umatilla County, Oregon",41,OR,16,79904,20.024,3,0,well_served,33.1,2103
41061,"Union County, Oregon",41,OR,7,26286,26.6301,2,0,well_served,22.0,2451
41063,"Wallowa County, Oregon",41,OR,0,7439,0.0,0,0,access_desert,83.5,1
41065,"Wasco County, Oregon",41,OR,8,26639,30.0312,3,0,well_served,17.7,2589
41067,"Washington County, Oregon",41,OR,268,599541,44.7009,11,8,well_served,6.2,2950
41069,"Wheeler County, Oregon",41,OR,0,1407,0.0,0,0,access_desert,83.5,1
41071,"Yamhill County, Oregon",41,OR,36,107674,33.4343,4,3,well_served,13.9,2707
42001,"Adams County, Pennsylvania",42,PA,15,104604,14.3398,4,2,adequate,43.5,1776
42003,"Allegheny County, Pennsylvania",42,PA,478,1245310,38.384,12,19,well_served,9.8,2836
42005,"Armstrong County, Pennsylvania",42,PA,7,65538,10.6808,1,0,adequate,50.5,1555
42007,"Beaver County, Pennsylvania",42,PA,24,167629,14.3173,3,1,adequate,43.6,1774
42009,"Bedford County, Pennsylvania",42,PA,5,47613,10.5013,2,0,adequate,51.0,1541
42011,"Berks County, Pennsylvania",42,PA,129,428483,30.1062,9,8,well_served,17.6,2591
42013,"Blair County, Pennsylvania",42,PA,33,122640,26.908,5,1,well_served,21.6,2466
42015,"Bradford County, Pennsylvania",42,PA,22,60159,36.5698,5,1,well_served,11.2,2792
42017,"Bucks County, Pennsylvania",42,PA,132,645163,20.4599,9,6,well_served,32.3,2130
42019,"Butler County, Pennsylvania",42,PA,29,194562,14.9053,7,3,adequate,42.5,1809
42021,"Cambria County, Pennsylvania",42,PA,27,133263,20.2607,5,1,well_served,32.6,2119
42023,"Cameron County, Pennsylvania",42,PA,0,4536,0.0,0,0,access_desert,83.5,1
42025,"Carbon County, Pennsylvania",42,PA,6,65018,9.2282,2,0,underserved,53.7,1457
42027,"Centre County, Pennsylvania",42,PA,38,158665,23.9498,7,1,well_served,26.2,2319
42029,"Chester County, Pennsylvania",42,PA,145,536474,27.0283,10,7,well_served,21.4,2472
42031,"Clarion County, Pennsylvania",42,PA,8,37489,21.3396,2,0,well_served,30.7,2178
42033,"Clearfield County, Pennsylvania",42,PA,19,79707,23.8373,5,1,well_served,26.6,2309
42035,"Clinton County, Pennsylvania",42,PA,5,37860,13.2066,3,0,adequate,45.5,1714
42037,"Columbia County, Pennsylvania",42,PA,16,64924,24.6442,3,1,well_served,25.3,2347
42039,"Crawford County, Pennsylvania",42,PA,12,83876,14.3068,3,0,adequate,43.6,1772
42041,"Cumberland County, Pennsylvania",42,PA,111,261269,42.4849,10,7,well_served,7.2,2918
42043,"Dauphin County, Pennsylvania",42,PA,146,286108,51.0297,10,2,well_served,4.1,3016
42045,"Delaware County, Pennsylvania",42,PA,213,575312,37.0234,10,8,well_served,10.8,2806
42047,"Elk County, Pennsylvania",42,PA,6,30886,19.4263,4,0,adequate,34.2,2070
42049,"Erie County, Pennsylvania",42,PA,71,270495,26.2482,9,4,well_served,22.8,2427
42051,"Fayette County, Pennsylvania",42,PA,23,128417,17.9104,5,2,adequate,36.6,1992
42053,"Forest County, Pennsylvania",42,PA,0,6959,0.0,0,0,access_desert,83.5,1
42055,"Franklin County, Pennsylvania",42,PA,40,156084,25.6272,6,5,well_served,23.9,2393
42057,"Fulton County, Pennsylvania",42,PA,0,14545,0.0,0,0,access_desert,83.5,1
42059,"Greene County, Pennsylvania",42,PA,3,35781,8.3843,2,0,underserved,55.0,1414
42061,"Huntingdon County, Pennsylvania",42,PA,4,44123,9.0656,1,0,underserved,54.1,1442
42063,"Indiana County, Pennsylvania",42,PA,8,83394,9.593,3,0,underserved,53.1,1476
42065,"Jefferson County, Pennsylvania",42,PA,6,44326,13.5361,3,0,adequate,45.0,1728
42067,"Juniata County, Pennsylvania",42,PA,1,23535,4.249,1,0,critical,63.7,1141
42069,"Lackawanna County, Pennsylvania",42,PA,52,215672,24.1107,7,3,well_served,25.9,2329
42071,"Lancaster County, Pennsylvania",42,PA,166,553202,30.0071,9,12,well_served,17.7,2588
42073,"Lawrence County, Pennsylvania",42,PA,9,85907,10.4764,2,0,adequate,51.1,1537
42075,"Lebanon County, Pennsylvania",42,PA,31,143258,21.6393,4,3,well_served,30.2,2196
42077,"Lehigh County, Pennsylvania",42,PA,209,374110,55.8659,10,17,well_served,2.8,3057
42079,"Luzerne County, Pennsylvania",42,PA,69,325396,21.2049,7,1,well_served,31.0,2170
42081,"Lycoming County, Pennsylvania",42,PA,39,114022,34.2039,5,4,well_served,13.1,2732
42083,"McKean County, Pennsylvania",42,PA,11,40459,27.188,3,0,well_served,21.1,2480
42085,"Mercer County, Pennsylvania",42,PA,39,110600,35.2622,6,7,well_served,12.0,2766
42087,"Mifflin County, Pennsylvania",42,PA,14,46146,30.3385,4,0,well_served,17.3,2599
42089,"Monroe County, Pennsylvania",42,PA,25,168128,14.8696,6,0,adequate,42.6,1806
42091,"Montgomery County, Pennsylvania",42,PA,360,856399,42.0365,10,25,well_served,7.4,2912
42093,"Montour County, Pennsylvania",42,PA,53,18165,291.7699,8,2,well_served,0.1,3142
42095,"Northampton County, Pennsylvania",42,PA,136,314299,43.2709,9,16,well_served,6.7,2932
42097,"Northumberland County, Pennsylvania",42,PA,3,91340,3.2844,1,0,critical,65.7,1078
42099,"Perry County, Pennsylvania",42,PA,2,45941,4.3534,1,0,critical,63.3,1153
42101,"Philadelphia County, Pennsylvania",42,PA,793,1593208,49.7738,12,57,well_served,4.4,3007
42103,"Pike County, Pennsylvania",42,PA,5,58996,8.4752,3,0,underserved,54.9,1419
42105,"Potter County, Pennsylvania",42,PA,8,16390,48.8103,4,0,well_served,4.7,2995
42107,"Schuylkill County, Pennsylvania",42,PA,16,143201,11.1731,5,1,adequate,49.6,1584
42109,"Snyder County, Pennsylvania",42,PA,0,39797,0.0,0,0,access_desert,83.5,1
42111,"Somerset County, Pennsylvania",42,PA,12,73802,16.2597,6,0,adequate,39.9,1888
42113,"Sullivan County, Pennsylvania",42,PA,0,5880,0.0,0,0,access_desert,83.5,1
42115,"Susquehanna County, Pennsylvania",42,PA,2,38540,5.1894,1,0,underserved,61.5,1209
42117,"Tioga County, Pennsylvania",42,PA,6,41186,14.5681,2,0,adequate,43.1,1789
42119,"Union County, Pennsylvania",42,PA,22,42908,51.2725,4,1,well_served,4.0,3017
42121,"Venango County, Pennsylvania",42,PA,10,50475,19.8118,1,0,adequate,33.4,2093
42123,"Warren County, Pennsylvania",42,PA,9,38492,23.3815,3,0,well_served,27.2,2290
42125,"Washington County, Pennsylvania",42,PA,40,209631,19.0811,6,1,adequate,34.6,2056
42127,"Wayne County, Pennsylvania",42,PA,16,51227,31.2335,3,1,well_served,16.2,2635
42129,"Westmoreland County, Pennsylvania",42,PA,55,354414,15.5186,7,4,adequate,41.1,1852
42131,"Wyoming County, Pennsylvania",42,PA,1,26219,3.814,1,0,critical,64.8,1107
42133,"York County, Pennsylvania",42,PA,183,457051,40.0393,10,25,well_served,8.7,2871
44001,"Bristol County, Rhode Island",44,RI,2,50658,3.948,2,2,critical,64.4,1120
44003,"Kent County, Rhode Island",44,RI,37,170168,21.7432,5,0,well_served,29.8,2206
44005,"Newport County, Rhode Island",44,RI,18,85442,21.0669,3,1,well_served,31.1,2166
44007,"Providence County, Rhode Island",44,RI,347,657984,52.7368,11,16,well_served,3.7,3028
44009,"Washington County, Rhode Island",44,RI,27,129998,20.7696,5,1,well_served,31.8,2145
45001,"Abbeville County, South Carolina",45,SC,0,24368,0.0,0,0,access_desert,83.5,1
45003,"Aiken County, South Carolina",45,SC,16,169865,9.4192,4,1,underserved,53.3,1468
45005,"Allendale County, South Carolina",45,SC,3,8073,37.1609,1,0,well_served,10.6,2810
45007,"Anderson County, South Carolina",45,SC,32,204592,15.6409,5,1,adequate,40.9,1859
45009,"Bamberg County, South Carolina",45,SC,0,13311,0.0,0,0,access_desert,83.5,1
45011,"Barnwell County, South Carolina",45,SC,2,20653,9.6838,1,0,underserved,52.9,1482
45013,"Beaufort County, South Carolina",45,SC,64,189071,33.8497,8,9,well_served,13.4,2724
45015,"Berkeley County, South Carolina",45,SC,21,231419,9.0744,7,7,underserved,54.0,1446
45017,"Calhoun County, South Carolina",45,SC,2,14145,14.1393,1,0,adequate,43.8,1766
45019,"Charleston County, South Carolina",45,SC,278,409840,67.8313,10,29,well_served,1.3,3103
45021,"Cherokee County, South Carolina",45,SC,9,56200,16.0142,4,0,adequate,40.3,1876
45023,"Chester County, South Carolina",45,SC,3,32171,9.3252,2,0,underserved,53.5,1462
45025,"Chesterfield County, South Carolina",45,SC,5,43536,11.4847,2,0,adequate,48.9,1606
45027,"Clarendon County, South Carolina",45,SC,14,31163,44.9251,3,0,well_served,6.1,2953
45029,"Colleton County, South Carolina",45,SC,7,38561,18.1531,2,0,adequate,36.2,2007
45031,"Darlington County, South Carolina",45,SC,8,63025,12.6934,1,1,adequate,46.4,1686
45033,"Dillon County, South Carolina",45,SC,3,28255,10.6176,1,0,adequate,50.7,1549
45035,"Dorchester County, South Carolina",45,SC,25,162139,15.4189,5,1,adequate,41.4,1842
45037,"Edgefield County, South Carolina",45,SC,1,26181,3.8196,1,0,critical,64.8,1108
45039,"Fairfield County, South Carolina",45,SC,0,20942,0.0,0,0,access_desert,83.5,1
45041,"Florence County, South Carolina",45,SC,49,137015,35.7625,5,1,well_served,11.6,2780
45043,"Georgetown County, South Carolina",45,SC,16,63594,25.1596,3,0,well_served,24.6,2372
45045,"Greenville County, South Carolina",45,SC,285,528251,53.9516,11,28,well_served,3.2,3043
45047,"Greenwood County, South Carolina",45,SC,22,69309,31.7419,4,2,well_served,15.4,2661
45049,"Hampton County, South Carolina",45,SC,0,18890,0.0,0,0,access_desert,83.5,1
45051,"Horry County, South Carolina",45,SC,94,356578,26.3617,9,13,well_served,22.6,2434
45053,"Jasper County, South Carolina",45,SC,1,29444,3.3963,1,0,critical,65.5,1084
45055,"Kershaw County, South Carolina",45,SC,10,65779,15.2024,2,0,adequate,41.9,1827
45057,"Lancaster County, South Carolina",45,SC,11,97611,11.2692,2,1,adequate,49.4,1590
45059,"Laurens County, South Carolina",45,SC,7,67456,10.3771,3,0,adequate,51.4,1529
45061,"Lee County, South Carolina",45,SC,0,16557,0.0,0,0,access_desert,83.5,1
45063,"Lexington County, South Carolina",45,SC,108,295934,36.4946,8,3,well_served,11.3,2789
45065,"McCormick County, South Carolina",45,SC,0,9612,0.0,0,0,access_desert,83.5,1
45067,"Marion County, South Carolina",45,SC,7,29212,23.9628,1,0,well_served,26.2,2320
45069,"Marlboro County, South Carolina",45,SC,6,26585,22.5691,2,0,well_served,28.4,2252
45071,"Newberry County, South Carolina",45,SC,4,37918,10.5491,2,0,adequate,51.0,1542
45073,"Oconee County, South Carolina",45,SC,16,78775,20.311,5,1,well_served,32.4,2124
45075,"Orangeburg County, South Carolina",45,SC,19,84159,22.5763,4,1,well_served,28.3,2254
45077,"Pickens County, South Carolina",45,SC,13,131106,9.9156,6,0,underserved,52.3,1500
45079,"Richland County, South Carolina",45,SC,154,416161,37.0049,9,16,well_served,10.8,2804
45081,"Saluda County, South Carolina",45,SC,0,18952,0.0,0,0,access_desert,83.5,1
45083,"Spartanburg County, South Carolina",45,SC,76,330119,23.022,10,5,well_served,27.9,2266
45085,"Sumter County, South Carolina",45,SC,25,105199,23.7645,4,0,well_served,26.7,2304
45087,"Union County, South Carolina",45,SC,10,27158,36.8216,2,0,well_served,10.9,2800
45089,"Williamsburg County, South Carolina",45,SC,4,30879,12.9538,4,1,adequate,45.9,1701
45091,"York County, South Carolina",45,SC,48,282987,16.9619,4,6,adequate,38.5,1934
46003,"Aurora County, South Dakota",46,SD,0,2590,0.0,0,0,access_desert,83.5,1
46005,"Beadle County, South Dakota",46,SD,1,19089,5.2386,1,0,underserved,61.3,1216
46007,"Bennett County, South Dakota",46,SD,0,3391,0.0,0,0,access_desert,83.5,1
46009,"Bon Homme County, South Dakota",46,SD,0,7018,0.0,0,0,access_desert,83.5,1
46011,"Brookings County, South Dakota",46,SD,7,34631,20.2131,2,0,well_served,32.7,2116
46013,"Brown County, South Dakota",46,SD,13,38278,33.9621,3,1,well_served,13.3,2727
46015,"Brule County, South Dakota",46,SD,4,5247,76.234,1,0,well_served,0.9,3115
46017,"Buffalo County, South Dakota",46,SD,0,1859,0.0,0,0,access_desert,83.5,1
46019,"Butte County, South Dakota",46,SD,0,10369,0.0,0,0,access_desert,83.5,1
46021,"Campbell County, South Dakota",46,SD,0,1534,0.0,0,0,access_desert,83.5,1
46023,"Charles Mix County, South Dakota",46,SD,1,9302,10.7504,1,0,adequate,50.3,1563
46025,"Clark County, South Dakota",46,SD,0,3837,0.0,0,0,access_desert,83.5,1
46027,"Clay County, South Dakota",46,SD,0,14953,0.0,0,0,access_desert,83.5,1
46029,"Codington County, South Dakota",46,SD,3,28402,10.5626,1,0,adequate,50.9,1543
46031,"Corson County, South Dakota",46,SD,0,3906,0.0,0,0,access_desert,83.5,1
46033,"Custer County, South Dakota",46,SD,1,8515,11.744,1,0,adequate,48.3,1625
46035,"Davison County, South Dakota",46,SD,12,19966,60.1022,1,0,well_served,2.2,3075
46037,"Day County, South Dakota",46,SD,0,5485,0.0,0,0,access_desert,83.5,1
46039,"Deuel County, South Dakota",46,SD,0,4298,0.0,0,0,access_desert,83.5,1
46041,"Dewey County, South Dakota",46,SD,0,5275,0.0,0,0,access_desert,83.5,1
46043,"Douglas County, South Dakota",46,SD,0,2823,0.0,0,0,access_desert,83.5,1
46045,"Edmunds County, South Dakota",46,SD,0,4014,0.0,0,0,access_desert,83.5,1
46047,"Fall River County, South Dakota",46,SD,1,7079,14.1263,1,0,adequate,43.9,1763
46049,"Faulk County, South Dakota",46,SD,0,2140,0.0,0,0,access_desert,83.5,1
46051,"Grant County, South Dakota",46,SD,0,7533,0.0,0,0,access_desert,83.5,1
46053,"Gregory County, South Dakota",46,SD,0,3983,0.0,0,0,access_desert,83.5,1
46055,"Haakon County, South Dakota",46,SD,0,1755,0.0,0,0,access_desert,83.5,1
46057,"Hamlin County, South Dakota",46,SD,0,6196,0.0,0,0,access_desert,83.5,1
46059,"Hand County, South Dakota",46,SD,0,3075,0.0,0,0,access_desert,83.5,1
46061,"Hanson County, South Dakota",46,SD,0,3443,0.0,0,0,access_desert,83.5,1
46063,"Harding County, South Dakota",46,SD,0,1176,0.0,0,0,access_desert,83.5,1
46065,"Hughes County, South Dakota",46,SD,5,17812,28.071,2,1,well_served,19.9,2517
46067,"Hutchinson County, South Dakota",46,SD,0,7401,0.0,0,0,access_desert,83.5,1
46069,"Hyde County, South Dakota",46,SD,0,1319,0.0,0,0,access_desert,83.5,1
46071,"Jackson County, South Dakota",46,SD,0,2838,0.0,0,0,access_desert,83.5,1
46073,"Jerauld County, South Dakota",46,SD,1,1836,54.4662,1,0,well_served,3.1,3047
46075,"Jones County, South Dakota",46,SD,0,1006,0.0,0,0,access_desert,83.5,1
46077,"Kingsbury County, South Dakota",46,SD,0,5172,0.0,0,0,access_desert,83.5,1
46079,"Lake County, South Dakota",46,SD,0,11207,0.0,0,0,access_desert,83.5,1
46081,"Lawrence County, South Dakota",46,SD,4,26047,15.3569,2,0,adequate,41.4,1841
46083,"Lincoln County, South Dakota",46,SD,11,65801,16.7171,3,1,adequate,39.1,1915
46085,"Lyman County, South Dakota",46,SD,0,3719,0.0,0,0,access_desert,83.5,1
46087,"McCook County, South Dakota",46,SD,0,5714,0.0,0,0,access_desert,83.5,1
46089,"McPherson County, South Dakota",46,SD,0,2251,0.0,0,0,access_desert,83.5,1
46091,"Marshall County, South Dakota",46,SD,0,4363,0.0,0,0,access_desert,83.5,1
46093,"Meade County, South Dakota",46,SD,1,29970,3.3367,1,0,critical,65.6,1082
46095,"Mellette County, South Dakota",46,SD,0,1989,0.0,0,0,access_desert,83.5,1
46097,"Miner County, South Dakota",46,SD,0,2312,0.0,0,0,access_desert,83.5,1
46099,"Minnehaha County, South Dakota",46,SD,90,197742,45.5139,10,5,well_served,5.9,2959
46101,"Moody County, South Dakota",46,SD,1,6346,15.758,1,0,adequate,40.8,1862
46102,"Oglala Lakota County, South Dakota",46,SD,6,13695,43.8116,2,0,well_served,6.6,2938
46103,"Pennington County, South Dakota",46,SD,35,110386,31.7069,4,0,well_served,15.5,2657
46105,"Perkins County, South Dakota",46,SD,0,2970,0.0,0,0,access_desert,83.5,1
46107,"Potter County, South Dakota",46,SD,0,2587,0.0,0,0,access_desert,83.5,1
46109,"Roberts County, South Dakota",46,SD,2,10242,19.5274,1,0,adequate,33.9,2077
46111,"Sanborn County, South Dakota",46,SD,0,2373,0.0,0,0,access_desert,83.5,1
46115,"Spink County, South Dakota",46,SD,1,6355,15.7356,1,0,adequate,40.8,1861
46117,"Stanley County, South Dakota",46,SD,0,2979,0.0,0,0,access_desert,83.5,1
46119,"Sully County, South Dakota",46,SD,0,1318,0.0,0,0,access_desert,83.5,1
46121,"Todd County, South Dakota",46,SD,1,9353,10.6918,1,0,adequate,50.5,1556
46123,"Tripp County, South Dakota",46,SD,0,5607,0.0,0,0,access_desert,83.5,1
46125,"Turner County, South Dakota",46,SD,0,8687,0.0,0,0,access_desert,83.5,1
46127,"Union County, South Dakota",46,SD,0,16700,0.0,0,0,access_desert,83.5,1
46129,"Walworth County, South Dakota",46,SD,0,5317,0.0,0,0,access_desert,83.5,1
46135,"Yankton County, South Dakota",46,SD,8,23311,34.3186,2,0,well_served,12.9,2738
46137,"Ziebach County, South Dakota",46,SD,0,2455,0.0,0,0,access_desert,83.5,1
47001,"Anderson County, Tennessee",47,TN,14,77337,18.1026,3,0,adequate,36.3,2004
47003,"Bedford County, Tennessee",47,TN,4,50533,7.9156,2,1,underserved,55.9,1385
47005,"Benton County, Tennessee",47,TN,0,15933,0.0,0,0,access_desert,83.5,1
47007,"Bledsoe County, Tennessee",47,TN,0,14816,0.0,0,0,access_desert,83.5,1
47009,"Blount County, Tennessee",47,TN,23,135951,16.9179,4,0,adequate,38.6,1931
47011,"Bradley County, Tennessee",47,TN,16,108859,14.6979,4,2,adequate,42.8,1798
47013,"Campbell County, Tennessee",47,TN,3,39397,7.6148,2,0,underserved,56.5,1367
47015,"Cannon County, Tennessee",47,TN,1,14481,6.9056,1,1,underserved,58.0,1320
47017,"Carroll County, Tennessee",47,TN,3,28381,10.5705,2,0,adequate,50.9,1544
47019,"Carter County, Tennessee",47,TN,11,56315,19.533,5,0,adequate,33.9,2078
47021,"Cheatham County, Tennessee",47,TN,3,41184,7.2844,2,1,underserved,57.1,1349
47023,"Chester County, Tennessee",47,TN,1,17392,5.7498,1,0,underserved,60.2,1251
47025,"Claiborne County, Tennessee",47,TN,4,32092,12.4642,2,1,adequate,46.8,1674
47027,"Clay County, Tennessee",47,TN,0,7592,0.0,0,0,access_desert,83.5,1
47029,"Cocke County, Tennessee",47,TN,2,36186,5.527,1,0,underserved,60.8,1234
47031,"Coffee County, Tennessee",47,TN,14,58080,24.1047,5,2,well_served,26.0,2328
47033,"Crockett County, Tennessee",47,TN,0,13955,0.0,0,0,access_desert,83.5,1
47035,"Cumberland County, Tennessee",47,TN,14,61552,22.745,3,0,well_served,28.2,2258
47037,"Davidson County, Tennessee",47,TN,546,709786,76.9246,10,45,well_served,0.9,3117
47039,"Decatur County, Tennessee",47,TN,0,11483,0.0,0,0,access_desert,83.5,1
47041,"DeKalb County, Tennessee",47,TN,0,20209,0.0,0,0,access_desert,83.5,1
47043,"Dickson County, Tennessee",47,TN,6,54563,10.9965,3,1,adequate,50.0,1572
47045,"Dyer County, Tennessee",47,TN,5,36818,13.5803,2,0,adequate,44.9,1733
47047,"Fayette County, Tennessee",47,TN,1,42228,2.3681,1,0,critical,66.4,1057
47049,"Fentress County, Tennessee",47,TN,1,18642,5.3642,1,0,underserved,61.1,1223
47051,"Franklin County, Tennessee",47,TN,11,42980,25.5933,1,0,well_served,24.0,2390
47053,"Gibson County, Tennessee",47,TN,0,50455,0.0,0,0,access_desert,83.5,1
47055,"Giles County, Tennessee",47,TN,8,30317,26.3878,2,2,well_served,22.4,2439
47057,"Grainger County, Tennessee",47,TN,0,23648,0.0,0,0,access_desert,83.5,1
47059,"Greene County, Tennessee",47,TN,3,70399,4.2614,2,0,critical,63.7,1142
47061,"Grundy County, Tennessee",47,TN,1,13550,7.3801,1,0,underserved,57.0,1353
47063,"Hamblen County, Tennessee",47,TN,17,64531,26.3439,4,3,well_served,22.6,2433
47065,"Hamilton County, Tennessee",47,TN,175,367193,47.6589,10,8,well_served,5.2,2982
47067,"Hancock County, Tennessee",47,TN,0,6726,0.0,0,0,access_desert,83.5,1
47069,"Hardeman County, Tennessee",47,TN,1,25519,3.9186,1,0,critical,64.4,1118
47071,"Hardin County, Tennessee",47,TN,2,26824,7.456,1,0,underserved,56.9,1356
47073,"Hawkins County, Tennessee",47,TN,3,57107,5.2533,3,0,underserved,61.2,1219
47075,"Haywood County, Tennessee",47,TN,1,17806,5.6161,1,0,underserved,60.4,1244
47077,"Henderson County, Tennessee",47,TN,0,27845,0.0,0,0,access_desert,83.5,1
47079,"Henry County, Tennessee",47,TN,5,32305,15.4775,3,0,adequate,41.2,1849
47081,"Hickman County, Tennessee",47,TN,4,24996,16.0026,2,1,adequate,40.4,1875
47083,"Houston County, Tennessee",47,TN,0,8253,0.0,0,0,access_desert,83.5,1
47085,"Humphreys County, Tennessee",47,TN,0,19032,0.0,0,0,access_desert,83.5,1
47087,"Jackson County, Tennessee",47,TN,0,11730,0.0,0,0,access_desert,83.5,1
47089,"Jefferson County, Tennessee",47,TN,5,55017,9.0881,4,1,underserved,54.0,1447
47091,"Johnson County, Tennessee",47,TN,1,17982,5.5611,1,0,underserved,60.6,1239
47093,"Knox County, Tennessee",47,TN,216,481406,44.8686,10,20,well_served,6.1,2952
47095,"Lake County, Tennessee",47,TN,0,6898,0.0,0,0,access_desert,83.5,1
47097,"Lauderdale County, Tennessee",47,TN,0,25171,0.0,0,0,access_desert,83.5,1
47099,"Lawrence County, Tennessee",47,TN,21,44377,47.3218,4,3,well_served,5.3,2977
47101,"Lewis County, Tennessee",47,TN,3,12637,23.7398,3,1,well_served,26.8,2301
47103,"Lincoln County, Tennessee",47,TN,5,35365,14.1383,3,0,adequate,43.9,1765
47105,"Loudon County, Tennessee",47,TN,2,55507,3.6031,2,0,critical,65.3,1092
47107,"McMinn County, Tennessee",47,TN,7,53532,13.0763,3,1,adequate,45.7,1706
47109,"McNairy County, Tennessee",47,TN,2,25895,7.7235,2,0,underserved,56.3,1375
47111,"Macon County, Tennessee",47,TN,1,25365,3.9424,1,0,critical,64.4,1119
47113,"Madison County, Tennessee",47,TN,46,98644,46.6323,6,1,well_served,5.5,2971
47115,"Marion County, Tennessee",47,TN,3,28852,10.3979,1,0,adequate,51.3,1531
47117,"Marshall County, Tennessee",47,TN,1,34567,2.8929,1,0,critical,66.1,1067
47119,"Maury County, Tennessee",47,TN,14,102002,13.7252,5,0,adequate,44.5,1744
47121,"Meigs County, Tennessee",47,TN,0,12839,0.0,0,0,access_desert,83.5,1
47123,"Monroe County, Tennessee",47,TN,10,46489,21.5105,4,0,well_served,30.4,2188
47125,"Montgomery County, Tennessee",47,TN,64,222305,28.7893,7,4,well_served,19.1,2543
47127,"Moore County, Tennessee",47,TN,0,6558,0.0,0,0,access_desert,83.5,1
47129,"Morgan County, Tennessee",47,TN,1,21124,4.734,1,0,critical,62.5,1179
47131,"Obion County, Tennessee",47,TN,6,30670,19.5631,2,0,adequate,33.9,2079
47133,"Overton County, Tennessee",47,TN,6,22576,26.5769,4,0,well_served,22.1,2449
47135,"Perry County, Tennessee",47,TN,0,8432,0.0,0,0,access_desert,83.5,1
47137,"Pickett County, Tennessee",47,TN,0,5042,0.0,0,0,access_desert,83.5,1
47139,"Polk County, Tennessee",47,TN,0,17620,0.0,0,0,access_desert,83.5,1
47141,"Putnam County, Tennessee",47,TN,32,80157,39.9217,6,3,well_served,8.9,2864
47143,"Rhea County, Tennessee",47,TN,1,33031,3.0275,1,0,critical,65.9,1073
47145,"Roane County, Tennessee",47,TN,1,53777,1.8595,1,0,critical,66.7,1047
47147,"Robertson County, Tennessee",47,TN,10,73297,13.6431,3,2,adequate,44.7,1739
47149,"Rutherford County, Tennessee",47,TN,77,343727,22.4015,8,10,well_served,28.9,2235
47151,"Scott County, Tennessee",47,TN,2,21917,9.1253,2,0,underserved,53.9,1450
47153,"Sequatchie County, Tennessee",47,TN,0,16065,0.0,0,0,access_desert,83.5,1
47155,"Sevier County, Tennessee",47,TN,10,98455,10.1569,3,0,adequate,51.9,1513
47157,"Shelby County, Tennessee",47,TN,271,926440,29.2518,10,13,well_served,18.4,2565
47159,"Smith County, Tennessee",47,TN,3,20034,14.9745,3,0,adequate,42.3,1815
47161,"Stewart County, Tennessee",47,TN,2,13724,14.573,1,0,adequate,43.1,1790
47163,"Sullivan County, Tennessee",47,TN,51,158722,32.1317,5,2,well_served,15.0,2673
47165,"Sumner County, Tennessee",47,TN,40,196845,20.3206,4,5,well_served,32.4,2126
47167,"Tipton County, Tennessee",47,TN,7,61116,11.4536,3,1,adequate,49.0,1603
47169,"Trousdale County, Tennessee",47,TN,2,11596,17.2473,1,0,adequate,38.1,1947
47171,"Unicoi County, Tennessee",47,TN,1,17845,5.6038,1,1,underserved,60.5,1242
47173,"Union County, Tennessee",47,TN,1,19860,5.0352,1,0,underserved,62.0,1194
47175,"Van Buren County, Tennessee",47,TN,2,6182,32.352,1,1,well_served,14.7,2682
47177,"Warren County, Tennessee",47,TN,8,41163,19.4349,5,1,adequate,34.1,2072
47179,"Washington County, Tennessee",47,TN,59,133282,44.267,10,2,well_served,6.3,2947
47181,"Wayne County, Tennessee",47,TN,2,16325,12.2511,2,0,adequate,47.3,1656
47183,"Weakley County, Tennessee",47,TN,6,32946,18.2116,3,1,adequate,36.0,2011
47185,"White County, Tennessee",47,TN,1,27420,3.647,1,0,critical,65.1,1098
47187,"Williamson County, Tennessee",47,TN,66,248897,26.517,9,2,well_served,22.2,2447
47189,"Wilson County, Tennessee",47,TN,8,149096,5.3657,5,2,underserved,61.1,1224
48001,"Anderson County, Texas",48,TX,16,58077,27.5496,4,0,well_served,20.6,2497
48003,"Andrews County, Texas",48,TX,5,18362,27.2301,2,0,well_served,21.0,2485
48005,"Angelina County, Texas",48,TX,18,86608,20.7833,2,0,well_served,31.7,2147
48007,"Aransas County, Texas",48,TX,0,24048,0.0,0,0,access_desert,83.5,1
48009,"Archer County, Texas",48,TX,13,8649,150.3064,3,1,well_served,0.2,3138
48011,"Armstrong County, Texas",48,TX,0,1912,0.0,0,0,access_desert,83.5,1
48013,"Atascosa County, Texas",48,TX,3,49403,6.0725,2,0,underserved,59.5,1272
48015,"Austin County, Texas",48,TX,0,30406,0.0,0,0,access_desert,83.5,1
48017,"Bailey County, Texas",48,TX,0,6902,0.0,0,0,access_desert,83.5,1
48019,"Bandera County, Texas",48,TX,2,21182,9.442,1,0,underserved,53.3,1469
48021,"Bastrop County, Texas",48,TX,10,98435,10.159,6,1,adequate,51.8,1514
48023,"Baylor County, Texas",48,TX,1,3475,28.777,1,1,well_served,19.1,2542
48025,"Bee County, Texas",48,TX,4,30977,12.9128,3,0,adequate,46.0,1698
48027,"Bell County, Texas",48,TX,46,372821,12.3384,5,5,adequate,47.1,1662
48029,"Bexar County, Texas",48,TX,624,2014059,30.9822,10,29,well_served,16.4,2627
48031,"Blanco County, Texas",48,TX,0,11608,0.0,0,0,access_desert,83.5,1
48033,"Borden County, Texas",48,TX,0,686,0.0,0,0,access_desert,83.5,1
48035,"Bosque County, Texas",48,TX,0,18404,0.0,0,0,access_desert,83.5,1
48037,"Bowie County, Texas",48,TX,28,92747,30.1897,5,1,well_served,17.5,2594
48039,"Brazoria County, Texas",48,TX,40,374600,10.6781,6,3,adequate,50.6,1553
48041,"Brazos County, Texas",48,TX,74,234548,31.55,5,7,well_served,15.8,2648
48043,"Brewster County, Texas",48,TX,1,9454,10.5775,1,0,adequate,50.8,1546
48045,"Briscoe County, Texas",48,TX,0,1290,0.0,0,0,access_desert,83.5,1
48047,"Brooks County, Texas",48,TX,0,7059,0.0,0,0,access_desert,83.5,1
48049,"Brown County, Texas",48,TX,8,38159,20.9649,4,0,well_served,31.3,2161
48051,"Burleson County, Texas",48,TX,0,17958,0.0,0,0,access_desert,83.5,1
48053,"Burnet County, Texas",48,TX,16,49684,32.2035,4,2,well_served,14.9,2676
48055,"Caldwell County, Texas",48,TX,2,46141,4.3345,2,0,critical,63.5,1149
48057,"Calhoun County, Texas",48,TX,5,20127,24.8423,1,0,well_served,25.0,2358
48059,"Callahan County, Texas",48,TX,1,13869,7.2103,1,0,underserved,57.2,1346
48061,"Cameron County, Texas",48,TX,74,421854,17.5416,6,1,adequate,37.5,1966
48063,"Camp County, Texas",48,TX,3,12543,23.9177,2,0,well_served,26.4,2315
48065,"Carson County, Texas",48,TX,1,5801,17.2384,1,1,adequate,38.1,1946
48067,"Cass County, Texas",48,TX,0,28637,0.0,0,0,access_desert,83.5,1
48069,"Castro County, Texas",48,TX,0,7381,0.0,0,0,access_desert,83.5,1
48071,"Chambers County, Texas",48,TX,1,47037,2.126,1,0,critical,66.6,1050
48073,"Cherokee County, Texas",48,TX,9,50824,17.7082,3,0,adequate,37.1,1978
48075,"Childress County, Texas",48,TX,0,6781,0.0,0,0,access_desert,83.5,1
48077,"Clay County, Texas",48,TX,0,10290,0.0,0,0,access_desert,83.5,1
48079,"Cochran County, Texas",48,TX,0,2529,0.0,0,0,access_desert,83.5,1
48081,"Coke County, Texas",48,TX,0,3305,0.0,0,0,access_desert,83.5,1
48083,"Coleman County, Texas",48,TX,0,7808,0.0,0,0,access_desert,83.5,1
48085,"Collin County, Texas",48,TX,386,1079153,35.7688,11,28,well_served,11.5,2781
48087,"Collingsworth County, Texas",48,TX,0,2865,0.0,0,0,access_desert,83.5,1
48089,"Colorado County, Texas",48,TX,2,20582,9.7172,1,0,underserved,52.8,1483
48091,"Comal County, Texas",48,TX,6,165201,3.6319,3,2,critical,65.2,1095
48093,"Comanche County, Texas",48,TX,2,13651,14.6509,2,0,adequate,42.9,1795
48095,"Concho County, Texas",48,TX,0,3235,0.0,0,0,access_desert,83.5,1
48097,"Cooke County, Texas",48,TX,10,41860,23.8892,4,2,well_served,26.5,2311
48099,"Coryell County, Texas",48,TX,29,82927,34.9705,4,0,well_served,12.4,2755
48101,"Cottle County, Texas",48,TX,0,1647,0.0,0,0,access_desert,83.5,1
48103,"Crane County, Texas",48,TX,0,4636,0.0,0,0,access_desert,83.5,1
48105,"Crockett County, Texas",48,TX,0,2949,0.0,0,0,access_desert,83.5,1
48107,"Crosby County, Texas",48,TX,0,5157,0.0,0,0,access_desert,83.5,1
48109,"Culberson County, Texas",48,TX,0,2181,0.0,0,0,access_desert,83.5,1
48111,"Dallam County, Texas",48,TX,1,7165,13.9567,1,1,adequate,44.2,1754
48113,"Dallas County, Texas",48,TX,1060,2604053,40.7058,11,44,well_served,8.3,2884
48115,"Dawson County, Texas",48,TX,1,12342,8.1024,1,0,underserved,55.7,1393
48117,"Deaf Smith County, Texas",48,TX,3,18585,16.1421,1,0,adequate,40.2,1881
48119,"Delta County, Texas",48,TX,0,5278,0.0,0,0,access_desert,83.5,1
48121,"Denton County, Texas",48,TX,160,914870,17.4888,10,9,adequate,37.6,1961
48123,"DeWitt County, Texas",48,TX,1,19826,5.0439,1,0,underserved,62.0,1195
48125,"Dickens County, Texas",48,TX,0,1570,0.0,0,0,access_desert,83.5,1
48127,"Dimmit County, Texas",48,TX,6,8672,69.1882,3,0,well_served,1.2,3105
48129,"Donley County, Texas",48,TX,0,3298,0.0,0,0,access_desert,83.5,1
48131,"Duval County, Texas",48,TX,0,9960,0.0,0,0,access_desert,83.5,1
48133,"Eastland County, Texas",48,TX,0,17812,0.0,0,0,access_desert,83.5,1
48135,"Ector County, Texas",48,TX,63,162300,38.817,8,4,well_served,9.6,2843
48137,"Edwards County, Texas",48,TX,0,1380,0.0,0,0,access_desert,83.5,1
48139,"Ellis County, Texas",48,TX,32,195509,16.3675,7,2,adequate,39.8,1894
48141,"El Paso County, Texas",48,TX,234,863832,27.0886,11,15,well_served,21.3,2475
48143,"Erath County, Texas",48,TX,6,42788,14.0226,4,0,adequate,44.1,1756
48145,"Falls County, Texas",48,TX,0,17013,0.0,0,0,access_desert,83.5,1
48147,"Fannin County, Texas",48,TX,3,36052,8.3213,3,0,underserved,55.2,1410
48149,"Fayette County, Texas",48,TX,2,24564,8.142,1,0,underserved,55.6,1396
48151,"Fisher County, Texas",48,TX,0,3680,0.0,0,0,access_desert,83.5,1
48153,"Floyd County, Texas",48,TX,0,5386,0.0,0,0,access_desert,83.5,1
48155,"Foard County, Texas",48,TX,0,1075,0.0,0,0,access_desert,83.5,1
48157,"Fort Bend County, Texas",48,TX,141,832607,16.9348,10,9,adequate,38.5,1932
48159,"Franklin County, Texas",48,TX,0,10445,0.0,0,0,access_desert,83.5,1
48161,"Freestone County, Texas",48,TX,1,19599,5.1023,1,0,underserved,61.8,1201
48163,"Frio County, Texas",48,TX,1,18151,5.5093,1,0,underserved,60.8,1233
48165,"Gaines County, Texas",48,TX,9,21523,41.8157,5,2,well_served,7.5,2907
48167,"Galveston County, Texas",48,TX,132,350801,37.6282,8,25,well_served,10.4,2818
48169,"Garza County, Texas",48,TX,0,5735,0.0,0,0,access_desert,83.5,1
48171,"Gillespie County, Texas",48,TX,6,26953,22.261,3,0,well_served,29.2,2226
48173,"Glasscock County, Texas",48,TX,0,1068,0.0,0,0,access_desert,83.5,1
48175,"Goliad County, Texas",48,TX,0,7092,0.0,0,0,access_desert,83.5,1
48177,"Gonzales County, Texas",48,TX,1,19736,5.0669,1,0,underserved,61.9,1198
48179,"Gray County, Texas",48,TX,7,21272,32.9071,3,0,well_served,14.2,2696
48181,"Grayson County, Texas",48,TX,22,137008,16.0575,5,0,adequate,40.3,1878
48183,"Gregg County, Texas",48,TX,48,124245,38.6333,5,1,well_served,9.7,2840
48185,"Grimes County, Texas",48,TX,0,29442,0.0,0,0,access_desert,83.5,1
48187,"Guadalupe County, Texas",48,TX,49,173828,28.1888,6,5,well_served,19.8,2521
48189,"Hale County, Texas",48,TX,4,32525,12.2982,1,0,adequate,47.2,1659
48191,"Hall County, Texas",48,TX,0,2847,0.0,0,0,access_desert,83.5,1
48193,"Hamilton County, Texas",48,TX,0,8244,0.0,0,0,access_desert,83.5,1
48195,"Hansford County, Texas",48,TX,0,5270,0.0,0,0,access_desert,83.5,1
48197,"Hardeman County, Texas",48,TX,0,3541,0.0,0,0,access_desert,83.5,1
48199,"Hardin County, Texas",48,TX,0,56576,0.0,0,0,access_desert,83.5,1
48201,"Harris County, Texas",48,TX,1517,4726177,32.0978,12,59,well_served,15.0,2672
48203,"Harrison County, Texas",48,TX,5,69098,7.2361,2,0,underserved,57.2,1347
48205,"Hartley County, Texas",48,TX,0,5369,0.0,0,0,access_desert,83.5,1
48207,"Haskell County, Texas",48,TX,0,5408,0.0,0,0,access_desert,83.5,1
48209,"Hays County, Texas",48,TX,56,245351,22.8244,5,6,well_served,28.1,2262
48211,"Hemphill County, Texas",48,TX,0,3371,0.0,0,0,access_desert,83.5,1
48213,"Henderson County, Texas",48,TX,16,82627,19.3641,4,1,adequate,34.3,2066
48215,"Hidalgo County, Texas",48,TX,178,873167,20.3856,9,5,well_served,32.3,2129
48217,"Hill County, Texas",48,TX,2,36138,5.5343,2,1,underserved,60.7,1236
48219,"Hockley County, Texas",48,TX,4,21495,18.609,2,0,adequate,35.4,2032
48221,"Hood County, Texas",48,TX,18,62459,28.8189,2,0,well_served,19.1,2545
48223,"Hopkins County, Texas",48,TX,11,37008,29.7233,5,0,well_served,17.9,2580
48225,"Houston County, Texas",48,TX,1,22107,4.5235,1,0,critical,63.0,1163
48227,"Howard County, Texas",48,TX,6,34488,17.3974,2,0,adequate,37.8,1957
48229,"Hudspeth County, Texas",48,TX,0,3329,0.0,0,0,access_desert,83.5,1
48231,"Hunt County, Texas",48,TX,20,101596,19.6858,5,1,adequate,33.7,2085
48233,"Hutchinson County, Texas",48,TX,5,20595,24.2777,2,0,well_served,25.7,2336
48235,"Irion County, Texas",48,TX,0,1561,0.0,0,0,access_desert,83.5,1
48237,"Jack County, Texas",48,TX,0,8588,0.0,0,0,access_desert,83.5,1
48239,"Jackson County, Texas",48,TX,0,15010,0.0,0,0,access_desert,83.5,1
48241,"Jasper County, Texas",48,TX,5,33032,15.1368,4,1,adequate,42.0,1822
48243,"Jeff Davis County, Texas",48,TX,0,1992,0.0,0,0,access_desert,83.5,1
48245,"Jefferson County, Texas",48,TX,61,254942,23.927,5,3,well_served,26.3,2317
48247,"Jim Hogg County, Texas",48,TX,0,4830,0.0,0,0,access_desert,83.5,1
48249,"Jim Wells County, Texas",48,TX,8,39060,20.4813,2,0,well_served,32.2,2131
48251,"Johnson County, Texas",48,TX,33,182690,18.0634,6,1,adequate,36.4,2000
48253,"Jones County, Texas",48,TX,18,19758,91.1023,6,1,well_served,0.5,3127
48255,"Karnes County, Texas",48,TX,1,14805,6.7545,1,0,underserved,58.3,1310
48257,"Kaufman County, Texas",48,TX,12,149773,8.0121,5,1,underserved,55.8,1390
48259,"Kendall County, Texas",48,TX,14,45376,30.8533,5,3,well_served,16.7,2619
48261,"Kenedy County, Texas",48,TX,0,116,0.0,0,0,access_desert,83.5,1
48263,"Kent County, Texas",48,TX,0,635,0.0,0,0,access_desert,83.5,1
48265,"Kerr County, Texas",48,TX,24,52810,45.4459,5,4,well_served,5.9,2957
48267,"Kimble County, Texas",48,TX,0,4316,0.0,0,0,access_desert,83.5,1
48269,"King County, Texas",48,TX,0,216,0.0,0,0,access_desert,83.5,1
48271,"Kinney County, Texas",48,TX,1,3157,31.6756,1,0,well_served,15.5,2656
48273,"Kleberg County, Texas",48,TX,10,30860,32.4044,3,0,well_served,14.7,2683
48275,"Knox County, Texas",48,TX,0,3333,0.0,0,0,access_desert,83.5,1
48277,"Lamar County, Texas",48,TX,17,50149,33.899,3,2,well_served,13.3,2726
48279,"Lamb County, Texas",48,TX,0,13024,0.0,0,0,access_desert,83.5,1
48281,"Lampasas County, Texas",48,TX,1,21829,4.5811,1,0,critical,62.9,1167
48283,"La Salle County, Texas",48,TX,0,6965,0.0,0,0,access_desert,83.5,1
48285,"Lavaca County, Texas",48,TX,0,20379,0.0,0,0,access_desert,83.5,1
48287,"Lee County, Texas",48,TX,0,17543,0.0,0,0,access_desert,83.5,1
48289,"Leon County, Texas",48,TX,1,15928,6.2783,1,0,underserved,59.1,1285
48291,"Liberty County, Texas",48,TX,4,93523,4.277,2,0,critical,63.6,1145
48293,"Limestone County, Texas",48,TX,1,22222,4.5,1,0,critical,63.1,1160
48295,"Lipscomb County, Texas",48,TX,0,3038,0.0,0,0,access_desert,83.5,1
48297,"Live Oak County, Texas",48,TX,0,11374,0.0,0,0,access_desert,83.5,1
48299,"Llano County, Texas",48,TX,1,21637,4.6217,1,0,critical,62.7,1172
48301,"Loving County, Texas",48,TX,0,96,0.0,0,0,access_desert,83.5,1
48303,"Lubbock County, Texas",48,TX,69,311509,22.1502,8,11,well_served,29.3,2224
48305,"Lynn County, Texas",48,TX,1,5619,17.7968,1,0,adequate,36.9,1985
48307,"McCulloch County, Texas",48,TX,0,7638,0.0,0,0,access_desert,83.5,1
48309,"McLennan County, Texas",48,TX,71,261090,27.1937,6,4,well_served,21.1,2482
48311,"McMullen County, Texas",48,TX,0,670,0.0,0,0,access_desert,83.5,1
48313,"Madison County, Texas",48,TX,0,13556,0.0,0,0,access_desert,83.5,1
48315,"Marion County, Texas",48,TX,1,9668,10.3434,1,1,adequate,51.5,1525
48317,"Martin County, Texas",48,TX,2,5228,38.2555,2,1,well_served,9.9,2833
48319,"Mason County, Texas",48,TX,0,3959,0.0,0,0,access_desert,83.5,1
48321,"Matagorda County, Texas",48,TX,6,36251,16.5513,3,0,adequate,39.4,1904
48323,"Maverick County, Texas",48,TX,11,57806,19.0292,3,3,adequate,34.7,2053
48325,"Medina County, Texas",48,TX,0,51432,0.0,0,0,access_desert,83.5,1
48327,"Menard County, Texas",48,TX,0,1964,0.0,0,0,access_desert,83.5,1
48329,"Midland County, Texas",48,TX,39,169393,23.0234,7,2,well_served,27.9,2267
48331,"Milam County, Texas",48,TX,0,25080,0.0,0,0,access_desert,83.5,1
48333,"Mills County, Texas",48,TX,0,4501,0.0,0,0,access_desert,83.5,1
48335,"Mitchell County, Texas",48,TX,0,8947,0.0,0,0,access_desert,83.5,1
48337,"Montague County, Texas",48,TX,2,20197,9.9025,1,1,underserved,52.4,1498
48339,"Montgomery County, Texas",48,TX,141,629989,22.3813,9,11,well_served,29.0,2233
48341,"Moore County, Texas",48,TX,4,21284,18.7935,2,0,adequate,35.1,2040
48343,"Morris County, Texas",48,TX,0,11993,0.0,0,0,access_desert,83.5,1
48345,"Motley County, Texas",48,TX,0,1223,0.0,0,0,access_desert,83.5,1
48347,"Nacogdoches County, Texas",48,TX,31,64768,47.8631,4,1,well_served,5.1,2985
48349,"Navarro County, Texas",48,TX,4,52834,7.5709,2,0,underserved,56.6,1363
48351,"Newton County, Texas",48,TX,0,12333,0.0,0,0,access_desert,83.5,1
48353,"Nolan County, Texas",48,TX,8,14657,54.5814,3,1,well_served,3.1,3048
48355,"Nueces County, Texas",48,TX,74,353245,20.9486,7,3,well_served,31.3,2159
48357,"Ochiltree County, Texas",48,TX,0,9924,0.0,0,0,access_desert,83.5,1
48359,"Oldham County, Texas",48,TX,0,2171,0.0,0,0,access_desert,83.5,1
48361,"Orange County, Texas",48,TX,2,84761,2.3596,1,0,critical,66.4,1055
48363,"Palo Pinto County, Texas",48,TX,5,28569,17.5015,1,0,adequate,37.6,1963
48365,"Panola County, Texas",48,TX,0,22540,0.0,0,0,access_desert,83.5,1
48367,"Parker County, Texas",48,TX,13,151188,8.5986,3,1,underserved,54.7,1424
48369,"Parmer County, Texas",48,TX,0,9809,0.0,0,0,access_desert,83.5,1
48371,"Pecos County, Texas",48,TX,1,15114,6.6164,1,0,underserved,58.6,1303
48373,"Polk County, Texas",48,TX,4,50536,7.9151,2,0,underserved,56.0,1384
48375,"Potter County, Texas",48,TX,58,117905,49.1921,8,1,well_served,4.5,3001
48377,"Presidio County, Texas",48,TX,0,6168,0.0,0,0,access_desert,83.5,1
48379,"Rains County, Texas",48,TX,0,12257,0.0,0,0,access_desert,83.5,1
48381,"Randall County, Texas",48,TX,7,141489,4.9474,3,0,critical,62.2,1189
48383,"Reagan County, Texas",48,TX,0,3308,0.0,0,0,access_desert,83.5,1
48385,"Real County, Texas",48,TX,0,2830,0.0,0,0,access_desert,83.5,1
48387,"Red River County, Texas",48,TX,3,11627,25.802,2,0,well_served,23.6,2403
48389,"Reeves County, Texas",48,TX,3,14022,21.395,2,0,well_served,30.5,2185
48391,"Refugio County, Texas",48,TX,0,6718,0.0,0,0,access_desert,83.5,1
48393,"Roberts County, Texas",48,TX,0,764,0.0,0,0,access_desert,83.5,1
48395,"Robertson County, Texas",48,TX,0,16912,0.0,0,0,access_desert,83.5,1
48397,"Rockwall County, Texas",48,TX,35,110631,31.6367,6,1,well_served,15.6,2653
48399,"Runnels County, Texas",48,TX,0,9858,0.0,0,0,access_desert,83.5,1
48401,"Rusk County, Texas",48,TX,4,52755,7.5822,2,1,underserved,56.6,1365
48403,"Sabine County, Texas",48,TX,0,9980,0.0,0,0,access_desert,83.5,1
48405,"San Augustine County, Texas",48,TX,0,7920,0.0,0,0,access_desert,83.5,1
48407,"San Jacinto County, Texas",48,TX,1,27666,3.6145,1,0,critical,65.2,1093
48409,"San Patricio County, Texas",48,TX,4,68942,5.802,3,2,underserved,60.2,1252
48411,"San Saba County, Texas",48,TX,0,5779,0.0,0,0,access_desert,83.5,1
48413,"Schleicher County, Texas",48,TX,0,2474,0.0,0,0,access_desert,83.5,1
48415,"Scurry County, Texas",48,TX,5,16883,29.6156,1,0,well_served,18.1,2576
48417,"Shackelford County, Texas",48,TX,0,3134,0.0,0,0,access_desert,83.5,1
48419,"Shelby County, Texas",48,TX,3,24157,12.4188,2,0,adequate,46.9,1670
48421,"Sherman County, Texas",48,TX,0,2414,0.0,0,0,access_desert,83.5,1
48423,"Smith County, Texas",48,TX,83,234667,35.3693,8,1,well_served,11.9,2770
48425,"Somervell County, Texas",48,TX,0,9337,0.0,0,0,access_desert,83.5,1
48427,"Starr County, Texas",48,TX,1,65716,1.5217,1,0,critical,66.9,1041
48429,"Stephens County, Texas",48,TX,0,9260,0.0,0,0,access_desert,83.5,1
48431,"Sterling County, Texas",48,TX,0,1392,0.0,0,0,access_desert,83.5,1
48433,"Stonewall County, Texas",48,TX,0,1331,0.0,0,0,access_desert,83.5,1
48435,"Sutton County, Texas",48,TX,0,3345,0.0,0,0,access_desert,83.5,1
48437,"Swisher County, Texas",48,TX,0,6989,0.0,0,0,access_desert,83.5,1
48439,"Tarrant County, Texas",48,TX,606,2113854,28.668,11,34,well_served,19.3,2537
48441,"Taylor County, Texas",48,TX,16,143029,11.1865,6,1,adequate,49.6,1586
48443,"Terrell County, Texas",48,TX,0,862,0.0,0,0,access_desert,83.5,1
48445,"Terry County, Texas",48,TX,3,11816,25.3893,2,0,well_served,24.2,2382
48447,"Throckmorton County, Texas",48,TX,0,1439,0.0,0,0,access_desert,83.5,1
48449,"Titus County, Texas",48,TX,15,31301,47.9218,5,2,well_served,5.0,2987
48451,"Tom Green County, Texas",48,TX,29,119276,24.3134,5,1,well_served,25.6,2338
48453,"Travis County, Texas",48,TX,525,1289054,40.7275,10,43,well_served,8.2,2885
48455,"Trinity County, Texas",48,TX,0,13735,0.0,0,0,access_desert,83.5,1
48457,"Tyler County, Texas",48,TX,0,19962,0.0,0,0,access_desert,83.5,1
48459,"Upshur County, Texas",48,TX,1,41261,2.4236,1,0,critical,66.3,1059
48461,"Upton County, Texas",48,TX,0,3284,0.0,0,0,access_desert,83.5,1
48463,"Uvalde County, Texas",48,TX,1,24833,4.0269,1,0,critical,64.2,1125
48465,"Val Verde County, Texas",48,TX,5,47693,10.4837,2,0,adequate,51.1,1538
48467,"Van Zandt County, Texas",48,TX,4,60053,6.6608,2,0,underserved,58.5,1306
48469,"Victoria County, Texas",48,TX,16,91209,17.5421,6,0,adequate,37.4,1967
48471,"Walker County, Texas",48,TX,9,77182,11.6607,3,0,adequate,48.5,1618
48473,"Waller County, Texas",48,TX,1,57463,1.7403,1,0,critical,66.8,1044
48475,"Ward County, Texas",48,TX,0,11347,0.0,0,0,access_desert,83.5,1
48477,"Washington County, Texas",48,TX,8,35807,22.342,3,1,well_served,29.1,2230
48479,"Webb County, Texas",48,TX,40,267282,14.9655,4,2,adequate,42.4,1812
48481,"Wharton County, Texas",48,TX,5,41614,12.0152,2,0,adequate,47.8,1642
48483,"Wheeler County, Texas",48,TX,0,4980,0.0,0,0,access_desert,83.5,1
48485,"Wichita County, Texas",48,TX,22,129584,16.9774,6,0,adequate,38.3,1939
48487,"Wilbarger County, Texas",48,TX,0,12795,0.0,0,0,access_desert,83.5,1
48489,"Willacy County, Texas",48,TX,0,20308,0.0,0,0,access_desert,83.5,1
48491,"Williamson County, Texas",48,TX,128,617396,20.7322,9,7,well_served,31.9,2142
48493,"Wilson County, Texas",48,TX,5,50381,9.9244,2,0,underserved,52.3,1501
48495,"Winkler County, Texas",48,TX,0,7582,0.0,0,0,access_desert,83.5,1
48497,"Wise County, Texas",48,TX,12,70062,17.1277,3,1,adequate,38.2,1944
48499,"Wood County, Texas",48,TX,0,45341,0.0,0,0,access_desert,83.5,1
48501,"Yoakum County, Texas",48,TX,0,7630,0.0,0,0,access_desert,83.5,1
48503,"Young County, Texas",48,TX,1,17903,5.5857,1,0,underserved,60.5,1241
48505,"Zapata County, Texas",48,TX,0,13896,0.0,0,0,access_desert,83.5,1
48507,"Zavala County, Texas",48,TX,2,9700,20.6186,2,0,well_served,32.0,2139
49001,"Beaver County, Utah",49,UT,0,7102,0.0,0,0,access_desert,83.5,1
49003,"Box Elder County, Utah",49,UT,12,58291,20.5864,3,0,well_served,32.1,2134
49005,"Cache County, Utah",49,UT,38,134428,28.2679,5,4,well_served,19.7,2526
49007,"Carbon County, Utah",49,UT,9,20338,44.2521,2,0,well_served,6.3,2945
49009,"Daggett County, Utah",49,UT,0,638,0.0,0,0,access_desert,83.5,1
49011,"Davis County, Utah",49,UT,75,363032,20.6593,6,7,well_served,31.9,2141
49013,"Duchesne County, Utah",49,UT,2,19779,10.1117,1,0,adequate,51.9,1511
49015,"Emery County, Utah",49,UT,2,9898,20.2061,2,2,well_served,32.8,2114
49017,"Garfield County, Utah",49,UT,0,5121,0.0,0,0,access_desert,83.5,1
49019,"Grand County, Utah",49,UT,3,9680,30.9917,2,0,well_served,16.4,2628
49021,"Iron County, Utah",49,UT,11,58068,18.9433,3,2,adequate,34.9,2048
49023,"Juab County, Utah",49,UT,1,11943,8.3731,1,0,underserved,55.1,1413
49025,"Kane County, Utah",49,UT,3,7814,38.3926,3,2,well_served,9.8,2837
49027,"Millard County, Utah",49,UT,1,13027,7.6764,1,0,underserved,56.4,1371
49029,"Morgan County, Utah",49,UT,0,12367,0.0,0,0,access_desert,83.5,1
49031,"Piute County, Utah",49,UT,0,1764,0.0,0,0,access_desert,83.5,1
49033,"Rich County, Utah",49,UT,0,2543,0.0,0,0,access_desert,83.5,1
49035,"Salt Lake County, Utah",49,UT,373,1180643,31.593,9,27,well_served,15.7,2651
49037,"San Juan County, Utah",49,UT,2,14524,13.7703,2,0,adequate,44.5,1746
49039,"Sanpete County, Utah",49,UT,5,28816,17.3515,2,0,adequate,37.8,1954
49041,"Sevier County, Utah",49,UT,8,21667,36.9225,3,2,well_served,10.9,2802
49043,"Summit County, Utah",49,UT,21,42524,49.3839,7,2,well_served,4.5,3003
49045,"Tooele County, Utah",49,UT,13,74032,17.56,3,4,adequate,37.4,1968
49047,"Uintah County, Utah",49,UT,10,35951,27.8156,5,2,well_served,20.2,2508
49049,"Utah County, Utah",49,UT,174,666021,26.1253,9,19,well_served,23.0,2420
49051,"Wasatch County, Utah",49,UT,11,35009,31.4205,4,0,well_served,16.0,2642
49053,"Washington County, Utah",49,UT,58,183297,31.6426,8,3,well_served,15.6,2654
49055,"Wayne County, Utah",49,UT,0,2532,0.0,0,0,access_desert,83.5,1
49057,"Weber County, Utah",49,UT,69,262960,26.2397,7,4,well_served,22.8,2426
50001,"Addison County, Vermont",50,VT,20,37434,53.4274,4,0,well_served,3.4,3038
50003,"Bennington County, Vermont",50,VT,17,37326,45.5447,4,0,well_served,5.9,2960
50005,"Caledonia County, Vermont",50,VT,15,30418,49.3129,5,0,well_served,4.5,3002
50007,"Chittenden County, Vermont",50,VT,123,168309,73.0799,10,5,well_served,1.1,3109
50009,"Essex County, Vermont",50,VT,0,5976,0.0,0,0,access_desert,83.5,1
50011,"Franklin County, Vermont",50,VT,11,50101,21.9556,4,1,well_served,29.5,2217
50013,"Grand Isle County, Vermont",50,VT,0,7335,0.0,0,0,access_desert,83.5,1
50015,"Lamoille County, Vermont",50,VT,12,25977,46.1947,5,1,well_served,5.7,2965
50017,"Orange County, Vermont",50,VT,14,29439,47.556,3,1,well_served,5.2,2979
50019,"Orleans County, Vermont",50,VT,8,27459,29.1343,3,0,well_served,18.7,2556
50021,"Rutland County, Vermont",50,VT,19,60585,31.3609,4,1,well_served,16.1,2638
50023,"Washington County, Vermont",50,VT,35,59768,58.5598,5,1,well_served,2.4,3069
50025,"Windham County, Vermont",50,VT,22,45857,47.9752,4,1,well_served,5.0,2988
50027,"Windsor County, Vermont",50,VT,15,57832,25.9372,5,3,well_served,23.4,2407
51001,"Accomack County, Virginia",51,VA,8,33367,23.9758,3,1,well_served,26.2,2321
51003,"Albemarle County, Virginia",51,VA,95,112513,84.4347,8,7,well_served,0.7,3121
51005,"Alleghany County, Virginia",51,VA,1,15159,6.5967,1,0,underserved,58.6,1302
51007,"Amelia County, Virginia",51,VA,0,13309,0.0,0,0,access_desert,83.5,1
51009,"Amherst County, Virginia",51,VA,1,31426,3.1821,1,1,critical,65.8,1076
51011,"Appomattox County, Virginia",51,VA,1,16253,6.1527,1,0,underserved,59.3,1279
51013,"Arlington County, Virginia",51,VA,101,235845,42.8247,11,5,well_served,7.0,2924
51015,"Augusta County, Virginia",51,VA,43,77433,55.5319,5,3,well_served,2.8,3055
51017,"Bath County, Virginia",51,VA,0,4177,0.0,0,0,access_desert,83.5,1
51019,"Bedford County, Virginia",51,VA,27,79761,33.8511,7,7,well_served,13.3,2725
51021,"Bland County, Virginia",51,VA,0,6241,0.0,0,0,access_desert,83.5,1
51023,"Botetourt County, Virginia",51,VA,3,33734,8.8931,2,0,underserved,54.3,1437
51025,"Brunswick County, Virginia",51,VA,1,15965,6.2637,1,0,underserved,59.2,1283
51027,"Buchanan County, Virginia",51,VA,0,20246,0.0,0,0,access_desert,83.5,1
51029,"Buckingham County, Virginia",51,VA,2,16869,11.8561,1,1,adequate,48.0,1634
51031,"Campbell County, Virginia",51,VA,16,55518,28.8195,5,3,well_served,19.0,2546
51033,"Caroline County, Virginia",51,VA,0,31181,0.0,0,0,access_desert,83.5,1
51035,"Carroll County, Virginia",51,VA,1,29126,3.4334,1,1,critical,65.5,1086
51036,"Charles City County, Virginia",51,VA,0,6760,0.0,0,0,access_desert,83.5,1
51037,"Charlotte County, Virginia",51,VA,0,11563,0.0,0,0,access_desert,83.5,1
51041,"Chesterfield County, Virginia",51,VA,123,366019,33.6048,10,5,well_served,13.6,2716
51043,"Clarke County, Virginia",51,VA,3,14882,20.1586,2,0,well_served,32.9,2110
51045,"Craig County, Virginia",51,VA,0,4898,0.0,0,0,access_desert,83.5,1
51047,"Culpeper County, Virginia",51,VA,9,52822,17.0384,2,0,adequate,38.3,1941
51049,"Cumberland County, Virginia",51,VA,13,9697,134.0621,7,0,well_served,0.2,3137
51051,"Dickenson County, Virginia",51,VA,0,14089,0.0,0,0,access_desert,83.5,1
51053,"Dinwiddie County, Virginia",51,VA,6,28057,21.385,3,0,well_served,30.6,2183
51057,"Essex County, Virginia",51,VA,3,10602,28.2965,2,0,well_served,19.6,2528
51059,"Fairfax County, Virginia",51,VA,475,1145354,41.4719,11,55,well_served,7.7,2901
51061,"Fauquier County, Virginia",51,VA,18,73290,24.56,5,1,well_served,25.4,2346
51063,"Floyd County, Virginia",51,VA,1,15532,6.4383,1,0,underserved,59.0,1290
51065,"Fluvanna County, Virginia",51,VA,1,27442,3.644,1,0,critical,65.1,1096
51067,"Franklin County, Virginia",51,VA,8,54838,14.5884,2,0,adequate,43.0,1792
51069,"Frederick County, Virginia",51,VA,4,92007,4.3475,3,1,critical,63.4,1151
51071,"Giles County, Virginia",51,VA,0,16711,0.0,0,0,access_desert,83.5,1
51073,"Gloucester County, Virginia",51,VA,7,38875,18.0064,3,0,adequate,36.5,1997
51075,"Goochland County, Virginia",51,VA,0,24906,0.0,0,0,access_desert,83.5,1
51077,"Grayson County, Virginia",51,VA,4,15356,26.0485,2,0,well_served,23.2,2414
51079,"Greene County, Virginia",51,VA,0,20631,0.0,0,0,access_desert,83.5,1
51081,"Greensville County, Virginia",51,VA,4,11373,35.171,3,1,well_served,12.1,2764
51083,"Halifax County, Virginia",51,VA,6,34013,17.6403,2,1,adequate,37.2,1973
51085,"Hanover County, Virginia",51,VA,34,110513,30.7656,6,3,well_served,16.9,2614
51087,"Henrico County, Virginia",51,VA,94,333120,28.2181,10,1,well_served,19.8,2522
51089,"Henry County, Virginia",51,VA,8,50760,15.7604,1,0,adequate,40.7,1863
51091,"Highland County, Virginia",51,VA,0,2247,0.0,0,0,access_desert,83.5,1
51093,"Isle of Wight County, Virginia",51,VA,3,38898,7.7125,2,1,underserved,56.3,1373
51095,"James City County, Virginia",51,VA,27,78818,34.2561,6,3,well_served,13.1,2733
51097,"King and Queen County, Virginia",51,VA,0,6681,0.0,0,0,access_desert,83.5,1
51099,"King George County, Virginia",51,VA,1,26985,3.7058,1,1,critical,64.9,1102
51101,"King William County, Virginia",51,VA,0,17845,0.0,0,0,access_desert,83.5,1
51103,"Lancaster County, Virginia",51,VA,0,10866,0.0,0,0,access_desert,83.5,1
51105,"Lee County, Virginia",51,VA,1,22287,4.4869,1,1,critical,63.2,1157
51107,"Loudoun County, Virginia",51,VA,122,420773,28.9943,8,16,well_served,18.8,2553
51109,"Louisa County, Virginia",51,VA,2,38106,5.2485,1,0,underserved,61.3,1218
51111,"Lunenburg County, Virginia",51,VA,0,11988,0.0,0,0,access_desert,83.5,1
51113,"Madison County, Virginia",51,VA,3,13828,21.6951,1,1,well_served,30.0,2201
51115,"Mathews County, Virginia",51,VA,1,8537,11.7137,1,0,adequate,48.4,1623
51117,"Mecklenburg County, Virginia",51,VA,10,30367,32.9305,4,0,well_served,14.2,2697
51119,"Middlesex County, Virginia",51,VA,2,10738,18.6254,2,0,adequate,35.3,2033
51121,"Montgomery County, Virginia",51,VA,29,99373,29.183,6,2,well_served,18.5,2561
51125,"Nelson County, Virginia",51,VA,0,14773,0.0,0,0,access_desert,83.5,1
51127,"New Kent County, Virginia",51,VA,0,23296,0.0,0,0,access_desert,83.5,1
51131,"Northampton County, Virginia",51,VA,5,12132,41.2133,3,0,well_served,8.0,2893
51133,"Northumberland County, Virginia",51,VA,7,12007,58.2993,4,0,well_served,2.5,3066
51135,"Nottoway County, Virginia",51,VA,0,15638,0.0,0,0,access_desert,83.5,1
51137,"Orange County, Virginia",51,VA,2,36593,5.4655,2,1,underserved,60.9,1230
51139,"Page County, Virginia",51,VA,0,23753,0.0,0,0,access_desert,83.5,1
51141,"Patrick County, Virginia",51,VA,1,17660,5.6625,1,1,underserved,60.3,1247
51143,"Pittsylvania County, Virginia",51,VA,14,60541,23.1248,5,5,well_served,27.7,2274
51145,"Powhatan County, Virginia",51,VA,1,30503,3.2784,1,0,critical,65.7,1077
51147,"Prince Edward County, Virginia",51,VA,0,21922,0.0,0,0,access_desert,83.5,1
51149,"Prince George County, Virginia",51,VA,8,42634,18.7644,4,0,adequate,35.2,2037
51153,"Prince William County, Virginia",51,VA,69,481114,14.3417,7,9,adequate,43.5,1777
51155,"Pulaski County, Virginia",51,VA,2,33841,5.91,2,0,underserved,60.0,1257
51157,"Rappahannock County, Virginia",51,VA,0,7422,0.0,0,0,access_desert,83.5,1
51159,"Richmond County, Virginia",51,VA,0,8968,0.0,0,0,access_desert,83.5,1
51161,"Roanoke County, Virginia",51,VA,40,96653,41.3852,8,4,well_served,7.8,2899
51163,"Rockbridge County, Virginia",51,VA,6,22673,26.4632,4,0,well_served,22.2,2445
51165,"Rockingham County, Virginia",51,VA,42,83905,50.0566,6,3,well_served,4.3,3009
51167,"Russell County, Virginia",51,VA,2,25763,7.7631,1,0,underserved,56.1,1379
51169,"Scott County, Virginia",51,VA,0,21536,0.0,0,0,access_desert,83.5,1
51171,"Shenandoah County, Virginia",51,VA,9,44337,20.2991,2,2,well_served,32.5,2121
51173,"Smyth County, Virginia",51,VA,13,29799,43.6256,3,0,well_served,6.7,2934
51175,"Southampton County, Virginia",51,VA,2,18003,11.1093,1,0,adequate,49.8,1577
51177,"Spotsylvania County, Virginia",51,VA,15,141097,10.631,5,1,adequate,50.7,1551
51179,"Stafford County, Virginia",51,VA,20,157606,12.6899,6,4,adequate,46.4,1685
51181,"Surry County, Virginia",51,VA,0,6546,0.0,0,0,access_desert,83.5,1
51183,"Sussex County, Virginia",51,VA,1,10866,9.203,1,0,underserved,53.7,1455
51185,"Tazewell County, Virginia",51,VA,8,40392,19.8059,3,1,adequate,33.5,2092
51187,"Warren County, Virginia",51,VA,6,40800,14.7059,2,1,adequate,42.8,1799
51191,"Washington County, Virginia",51,VA,15,53985,27.7855,3,0,well_served,20.3,2506
51193,"Westmoreland County, Virginia",51,VA,0,18480,0.0,0,0,access_desert,83.5,1
51195,"Wise County, Virginia",51,VA,10,36105,27.697,2,1,well_served,20.5,2501
51197,"Wythe County, Virginia",51,VA,7,28275,24.7569,3,0,well_served,25.1,2354
51199,"York County, Virginia",51,VA,3,70238,4.2712,2,0,critical,63.6,1143
51510,"Alexandria city, Virginia",51,VA,92,157594,58.3779,8,7,well_served,2.4,3067
51520,"Bristol city, Virginia",51,VA,0,17036,0.0,0,0,access_desert,83.5,1
51530,"Buena Vista city, Virginia",51,VA,0,6639,0.0,0,0,access_desert,83.5,1
51540,"Charlottesville city, Virginia",51,VA,45,46289,97.2153,7,2,well_served,0.5,3128
51550,"Chesapeake city, Virginia",51,VA,76,249377,30.4759,8,10,well_served,17.1,2605
51570,"Colonial Heights city, Virginia",51,VA,0,18158,0.0,0,0,access_desert,83.5,1
51580,"Covington city, Virginia",51,VA,0,5722,0.0,0,0,access_desert,83.5,1
51590,"Danville city, Virginia",51,VA,0,42507,0.0,0,0,access_desert,83.5,1
51595,"Emporia city, Virginia",51,VA,0,5680,0.0,0,0,access_desert,83.5,1
51600,"Fairfax city, Virginia",51,VA,0,24242,0.0,0,0,access_desert,83.5,1
51610,"Falls Church city, Virginia",51,VA,17,14576,116.6301,4,0,well_served,0.3,3136
51620,"Franklin city, Virginia",51,VA,0,8194,0.0,0,0,access_desert,83.5,1
51630,"Fredericksburg city, Virginia",51,VA,70,28258,247.7175,7,4,well_served,0.1,3141
51640,"Galax city, Virginia",51,VA,0,6687,0.0,0,0,access_desert,83.5,1
51650,"Hampton city, Virginia",51,VA,39,137217,28.4221,5,2,well_served,19.5,2531
51660,"Harrisonburg city, Virginia",51,VA,1,51784,1.9311,1,0,critical,66.7,1048
51670,"Hopewell city, Virginia",51,VA,0,23046,0.0,0,0,access_desert,83.5,1
51678,"Lexington city, Virginia",51,VA,0,7346,0.0,0,0,access_desert,83.5,1
51680,"Lynchburg city, Virginia",51,VA,25,79166,31.5792,5,3,well_served,15.7,2650
51683,"Manassas city, Virginia",51,VA,36,42620,84.4674,7,0,well_served,0.7,3122
51685,"Manassas Park city, Virginia",51,VA,0,17123,0.0,0,0,access_desert,83.5,1
51690,"Martinsville city, Virginia",51,VA,0,13539,0.0,0,0,access_desert,83.5,1
51700,"Newport News city, Virginia",51,VA,96,185118,51.8588,9,3,well_served,3.9,3021
51710,"Norfolk city, Virginia",51,VA,110,236973,46.4188,10,6,well_served,5.6,2969
51720,"Norton city, Virginia",51,VA,0,3668,0.0,0,0,access_desert,83.5,1
51730,"Petersburg city, Virginia",51,VA,0,33261,0.0,0,0,access_desert,83.5,1
51735,"Poquoson city, Virginia",51,VA,0,12479,0.0,0,0,access_desert,83.5,1
51740,"Portsmouth city, Virginia",51,VA,45,97384,46.2088,8,1,well_served,5.7,2966
51750,"Radford city, Virginia",51,VA,0,16379,0.0,0,0,access_desert,83.5,1
51760,"Richmond city, Virginia",51,VA,133,227171,58.5462,9,12,well_served,2.4,3068
51770,"Roanoke city, Virginia",51,VA,64,99213,64.5077,8,7,well_served,1.6,3093
51775,"Salem city, Virginia",51,VA,0,25372,0.0,0,0,access_desert,83.5,1
51790,"Staunton city, Virginia",51,VA,0,25581,0.0,0,0,access_desert,83.5,1
51800,"Suffolk city, Virginia",51,VA,31,94856,32.6811,6,4,well_served,14.4,2691
51810,"Virginia Beach city, Virginia",51,VA,100,457900,21.8388,6,6,well_served,29.7,2210
51820,"Waynesboro city, Virginia",51,VA,0,22341,0.0,0,0,access_desert,83.5,1
51830,"Williamsburg city, Virginia",51,VA,0,15486,0.0,0,0,access_desert,83.5,1
51840,"Winchester city, Virginia",51,VA,54,28103,192.1503,9,5,well_served,0.1,3140
53001,"Adams County, Washington",53,WA,3,20557,14.5936,1,0,adequate,43.0,1793
53003,"Asotin County, Washington",53,WA,6,22370,26.8216,4,1,well_served,21.7,2461
53005,"Benton County, Washington",53,WA,84,207560,40.4702,8,9,well_served,8.5,2877
53007,"Chelan County, Washington",53,WA,35,79076,44.2612,5,0,well_served,6.3,2946
53009,"Clallam County, Washington",53,WA,26,77333,33.6208,5,1,well_served,13.6,2717
53011,"Clark County, Washington",53,WA,172,504091,34.1208,10,7,well_served,13.2,2730
53013,"Columbia County, Washington",53,WA,0,3980,0.0,0,0,access_desert,83.5,1
53015,"Cowlitz County, Washington",53,WA,13,110621,11.7518,3,0,adequate,48.3,1626
53017,"Douglas County, Washington",53,WA,3,43189,6.9462,3,0,underserved,57.9,1324
53019,"Ferry County, Washington",53,WA,0,7260,0.0,0,0,access_desert,83.5,1
53021,"Franklin County, Washington",53,WA,30,96692,31.0264,6,1,well_served,16.4,2629
53023,"Garfield County, Washington",53,WA,0,2310,0.0,0,0,access_desert,83.5,1
53025,"Grant County, Washington",53,WA,14,99145,14.1207,5,1,adequate,44.0,1762
53027,"Grays Harbor County, Washington",53,WA,8,75672,10.5719,2,0,adequate,50.9,1545
53029,"Island County, Washington",53,WA,17,86510,19.6509,4,1,adequate,33.7,2083
53031,"Jefferson County, Washington",53,WA,14,33006,42.4165,5,0,well_served,7.2,2917
53033,"King County, Washington",53,WA,985,2254371,43.6929,10,42,well_served,6.6,2936
53035,"Kitsap County, Washington",53,WA,58,275411,21.0594,6,2,well_served,31.1,2165
53037,"Kittitas County, Washington",53,WA,3,44424,6.7531,2,0,underserved,58.4,1309
53039,"Klickitat County, Washington",53,WA,5,22798,21.9317,3,1,well_served,29.5,2215
53041,"Lewis County, Washington",53,WA,10,82663,12.0973,3,0,adequate,47.6,1649
53043,"Lincoln County, Washington",53,WA,1,11036,9.0613,1,1,underserved,54.2,1441
53045,"Mason County, Washington",53,WA,9,66053,13.6254,3,0,adequate,44.8,1737
53047,"Okanogan County, Washington",53,WA,12,42336,28.3447,4,2,well_served,19.5,2530
53049,"Pacific County, Washington",53,WA,1,23396,4.2742,1,0,critical,63.6,1144
53051,"Pend Oreille County, Washington",53,WA,1,13570,7.3692,1,0,underserved,57.0,1352
53053,"Pierce County, Washington",53,WA,243,918993,26.442,9,16,well_served,22.3,2444
53055,"San Juan County, Washington",53,WA,3,18001,16.6657,3,0,adequate,39.2,1912
53057,"Skagit County, Washington",53,WA,44,129480,33.9821,5,6,well_served,13.2,2729
53059,"Skamania County, Washington",53,WA,1,12118,8.2522,1,0,underserved,55.3,1404
53061,"Snohomish County, Washington",53,WA,153,828337,18.4707,9,5,adequate,35.7,2022
53063,"Spokane County, Washington",53,WA,165,538711,30.6287,10,10,well_served,17.0,2609
53065,"Stevens County, Washington",53,WA,7,46774,14.9656,4,2,adequate,42.3,1813
53067,"Thurston County, Washington",53,WA,86,294272,29.2247,8,5,well_served,18.4,2564
53069,"Wahkiakum County, Washington",53,WA,0,4476,0.0,0,0,access_desert,83.5,1
53071,"Walla Walla County, Washington",53,WA,14,62150,22.5261,5,0,well_served,28.5,2248
53073,"Whatcom County, Washington",53,WA,80,226523,35.3165,7,4,well_served,12.0,2768
53075,"Whitman County, Washington",53,WA,13,47141,27.5768,6,0,well_served,20.5,2499
53077,"Yakima County, Washington",53,WA,54,256143,21.082,7,4,well_served,31.1,2167
54001,"Barbour County, West Virginia",54,WV,1,15527,6.4404,1,0,underserved,58.9,1291
54003,"Berkeley County, West Virginia",54,WV,40,123283,32.4457,6,5,well_served,14.6,2684
54005,"Boone County, West Virginia",54,WV,1,21705,4.6072,1,0,critical,62.8,1170
54007,"Braxton County, West Virginia",54,WV,0,12505,0.0,0,0,access_desert,83.5,1
54009,"Brooke County, West Virginia",54,WV,0,22349,0.0,0,0,access_desert,83.5,1
54011,"Cabell County, West Virginia",54,WV,52,93965,55.3398,8,0,well_served,2.9,3053
54013,"Calhoun County, West Virginia",54,WV,0,6279,0.0,0,0,access_desert,83.5,1
54015,"Clay County, West Virginia",54,WV,0,8049,0.0,0,0,access_desert,83.5,1
54017,"Doddridge County, West Virginia",54,WV,0,7847,0.0,0,0,access_desert,83.5,1
54019,"Fayette County, West Virginia",54,WV,2,40545,4.9328,1,0,critical,62.2,1188
54021,"Gilmer County, West Virginia",54,WV,2,7444,26.8673,2,0,well_served,21.7,2463
54023,"Grant County, West Virginia",54,WV,3,11034,27.1887,1,0,well_served,21.1,2481
54025,"Greenbrier County, West Virginia",54,WV,7,32995,21.2153,3,0,well_served,30.9,2171
54027,"Hampshire County, West Virginia",54,WV,2,23275,8.5929,2,1,underserved,54.7,1423
54029,"Hancock County, West Virginia",54,WV,11,28907,38.0531,3,1,well_served,10.0,2829
54031,"Hardy County, West Virginia",54,WV,2,14249,14.0361,2,0,adequate,44.1,1757
54033,"Harrison County, West Virginia",54,WV,12,65862,18.2199,1,0,adequate,36.0,2012
54035,"Jackson County, West Virginia",54,WV,2,27868,7.1767,2,1,underserved,57.3,1343
54037,"Jefferson County, West Virginia",54,WV,7,58043,12.06,3,1,adequate,47.7,1645
54039,"Kanawha County, West Virginia",54,WV,68,179895,37.7998,10,1,well_served,10.1,2825
54041,"Lewis County, West Virginia",54,WV,5,16920,29.5508,2,0,well_served,18.1,2574
54043,"Lincoln County, West Virginia",54,WV,2,20410,9.7991,2,0,underserved,52.6,1489
54045,"Logan County, West Virginia",54,WV,4,32350,12.3648,2,0,adequate,47.1,1663
54047,"McDowell County, West Virginia",54,WV,0,18911,0.0,0,0,access_desert,83.5,1
54049,"Marion County, West Virginia",54,WV,5,56194,8.8977,2,0,underserved,54.3,1438
54051,"Marshall County, West Virginia",54,WV,2,30509,6.5554,1,0,underserved,58.6,1301
54053,"Mason County, West Virginia",54,WV,7,25488,27.4639,3,0,well_served,20.7,2492
54055,"Mercer County, West Virginia",54,WV,15,59530,25.1974,2,0,well_served,24.5,2375
54057,"Mineral County, West Virginia",54,WV,3,26957,11.1288,2,0,adequate,49.8,1578
54059,"Mingo County, West Virginia",54,WV,0,23466,0.0,0,0,access_desert,83.5,1
54061,"Monongalia County, West Virginia",54,WV,75,105988,70.7627,7,9,well_served,1.2,3107
54063,"Monroe County, West Virginia",54,WV,0,12438,0.0,0,0,access_desert,83.5,1
54065,"Morgan County, West Virginia",54,WV,0,17237,0.0,0,0,access_desert,83.5,1
54067,"Nicholas County, West Virginia",54,WV,4,24624,16.2443,1,0,adequate,40.0,1887
54069,"Ohio County, West Virginia",54,WV,20,42224,47.3664,4,1,well_served,5.3,2978
54071,"Pendleton County, West Virginia",54,WV,2,6156,32.4886,1,0,well_served,14.6,2686
54073,"Pleasants County, West Virginia",54,WV,0,7622,0.0,0,0,access_desert,83.5,1
54075,"Pocahontas County, West Virginia",54,WV,0,7940,0.0,0,0,access_desert,83.5,1
54077,"Preston County, West Virginia",54,WV,9,34206,26.3112,5,1,well_served,22.6,2432
54079,"Putnam County, West Virginia",54,WV,12,57347,20.9252,4,1,well_served,31.4,2157
54081,"Raleigh County, West Virginia",54,WV,20,74303,26.9168,5,1,well_served,21.5,2467
54083,"Randolph County, West Virginia",54,WV,9,28005,32.1371,4,0,well_served,14.9,2674
54085,"Ritchie County, West Virginia",54,WV,0,8507,0.0,0,0,access_desert,83.5,1
54087,"Roane County, West Virginia",54,WV,1,14027,7.1291,1,0,underserved,57.4,1339
54089,"Summers County, West Virginia",54,WV,0,11985,0.0,0,0,access_desert,83.5,1
54091,"Taylor County, West Virginia",54,WV,1,16602,6.0234,1,0,underserved,59.7,1268
54093,"Tucker County, West Virginia",54,WV,0,6747,0.0,0,0,access_desert,83.5,1
54095,"Tyler County, West Virginia",54,WV,0,8336,0.0,0,0,access_desert,83.5,1
54097,"Upshur County, West Virginia",54,WV,12,23875,50.2618,3,1,well_served,4.2,3012
54099,"Wayne County, West Virginia",54,WV,2,38933,5.137,1,0,underserved,61.7,1205
54101,"Webster County, West Virginia",54,WV,0,8362,0.0,0,0,access_desert,83.5,1
54103,"Wetzel County, West Virginia",54,WV,0,14431,0.0,0,0,access_desert,83.5,1
54105,"Wirt County, West Virginia",54,WV,0,5202,0.0,0,0,access_desert,83.5,1
54107,"Wood County, West Virginia",54,WV,13,84272,15.4262,4,2,adequate,41.4,1843
54109,"Wyoming County, West Virginia",54,WV,1,21237,4.7088,1,0,critical,62.5,1178
55001,"Adams County, Wisconsin",55,WI,0,20730,0.0,0,0,access_desert,83.5,1
55003,"Ashland County, Wisconsin",55,WI,5,16041,31.1701,3,1,well_served,16.3,2632
55005,"Barron County, Wisconsin",55,WI,6,46683,12.8526,2,0,adequate,46.1,1694
55007,"Bayfield County, Wisconsin",55,WI,4,16214,24.67,2,0,well_served,25.3,2348
55009,"Brown County, Wisconsin",55,WI,90,268393,33.5329,10,1,well_served,13.8,2711
55011,"Buffalo County, Wisconsin",55,WI,0,13329,0.0,0,0,access_desert,83.5,1
55013,"Burnett County, Wisconsin",55,WI,3,16561,18.1148,3,0,adequate,36.2,2005
55015,"Calumet County, Wisconsin",55,WI,23,52361,43.9258,4,2,well_served,6.5,2940
55017,"Chippewa County, Wisconsin",55,WI,3,66254,4.528,1,0,critical,63.0,1164
55019,"Clark County, Wisconsin",55,WI,0,34703,0.0,0,0,access_desert,83.5,1
55021,"Columbia County, Wisconsin",55,WI,4,58272,6.8644,3,1,underserved,58.1,1316
55023,"Crawford County, Wisconsin",55,WI,2,16123,12.4046,2,0,adequate,46.9,1669
55025,"Dane County, Wisconsin",55,WI,236,559891,42.1511,10,26,well_served,7.3,2915
55027,"Dodge County, Wisconsin",55,WI,9,89032,10.1087,4,0,adequate,52.0,1509
55029,"Door County, Wisconsin",55,WI,7,30038,23.3038,2,0,well_served,27.3,2285
55031,"Douglas County, Wisconsin",55,WI,1,44092,2.268,1,0,critical,66.5,1052
55033,"Dunn County, Wisconsin",55,WI,11,45221,24.325,3,1,well_served,25.6,2339
55035,"Eau Claire County, Wisconsin",55,WI,62,105697,58.6582,4,5,well_served,2.3,3071
55037,"Florence County, Wisconsin",55,WI,0,4574,0.0,0,0,access_desert,83.5,1
55039,"Fond du Lac County, Wisconsin",55,WI,17,104027,16.3419,5,0,adequate,39.8,1893
55041,"Forest County, Wisconsin",55,WI,0,9239,0.0,0,0,access_desert,83.5,1
55043,"Grant County, Wisconsin",55,WI,12,51842,23.1473,5,3,well_served,27.6,2275
55045,"Green County, Wisconsin",55,WI,8,37066,21.5831,3,0,well_served,30.2,2193
55047,"Green Lake County, Wisconsin",55,WI,1,19093,5.2375,1,0,underserved,61.4,1215
55049,"Iowa County, Wisconsin",55,WI,12,23766,50.4923,2,0,well_served,4.2,3013
55051,"Iron County, Wisconsin",55,WI,0,6136,0.0,0,0,access_desert,83.5,1
55053,"Jackson County, Wisconsin",55,WI,1,20958,4.7714,1,0,critical,62.4,1181
55055,"Jefferson County, Wisconsin",55,WI,8,85932,9.3097,2,0,underserved,53.5,1461
55057,"Juneau County, Wisconsin",55,WI,5,26695,18.7301,3,2,adequate,35.3,2035
55059,"Kenosha County, Wisconsin",55,WI,36,168693,21.3405,6,1,well_served,30.7,2179
55061,"Kewaunee County, Wisconsin",55,WI,0,20570,0.0,0,0,access_desert,83.5,1
55063,"La Crosse County, Wisconsin",55,WI,69,120216,57.3967,6,2,well_served,2.5,3065
55065,"Lafayette County, Wisconsin",55,WI,1,16716,5.9823,1,0,underserved,59.8,1264
55067,"Langlade County, Wisconsin",55,WI,2,19512,10.2501,1,0,adequate,51.6,1522
55069,"Lincoln County, Wisconsin",55,WI,2,28402,7.0418,1,1,underserved,57.7,1329
55071,"Manitowoc County, Wisconsin",55,WI,15,81242,18.4634,2,0,adequate,35.7,2021
55073,"Marathon County, Wisconsin",55,WI,19,137820,13.7861,6,2,adequate,44.4,1748
55075,"Marinette County, Wisconsin",55,WI,10,41827,23.908,2,1,well_served,26.4,2313
55077,"Marquette County, Wisconsin",55,WI,2,15619,12.8049,1,0,adequate,46.3,1689
55078,"Menominee County, Wisconsin",55,WI,0,4279,0.0,0,0,access_desert,83.5,1
55079,"Milwaukee County, Wisconsin",55,WI,373,933063,39.9759,10,21,well_served,8.8,2868
55081,"Monroe County, Wisconsin",55,WI,7,46208,15.1489,4,1,adequate,42.0,1825
55083,"Oconto County, Wisconsin",55,WI,4,39048,10.2438,1,0,adequate,51.7,1520
55085,"Oneida County, Wisconsin",55,WI,18,37799,47.6203,4,1,well_served,5.2,2980
55087,"Outagamie County, Wisconsin",55,WI,31,190611,16.2635,7,2,adequate,39.9,1889
55089,"Ozaukee County, Wisconsin",55,WI,9,91745,9.8098,4,0,underserved,52.5,1492
55091,"Pepin County, Wisconsin",55,WI,0,7363,0.0,0,0,access_desert,83.5,1
55093,"Pierce County, Wisconsin",55,WI,4,42187,9.4816,4,1,underserved,53.2,1471
55095,"Polk County, Wisconsin",55,WI,4,45128,8.8637,3,0,underserved,54.3,1436
55097,"Portage County, Wisconsin",55,WI,7,70281,9.96,2,1,underserved,52.2,1502
55099,"Price County, Wisconsin",55,WI,1,14066,7.1093,1,1,underserved,57.5,1337
55101,"Racine County, Wisconsin",55,WI,29,197068,14.7157,6,2,adequate,42.7,1800
55103,"Richland County, Wisconsin",55,WI,7,17256,40.5656,4,2,well_served,8.4,2880
55105,"Rock County, Wisconsin",55,WI,29,163817,17.7027,5,2,adequate,37.2,1976
55107,"Rusk County, Wisconsin",55,WI,1,14179,7.0527,1,0,underserved,57.7,1330
55109,"St. Croix County, Wisconsin",55,WI,23,93752,24.5328,4,1,well_served,25.4,2345
55111,"Sauk County, Wisconsin",55,WI,10,65664,15.229,3,2,adequate,41.8,1829
55113,"Sawyer County, Wisconsin",55,WI,0,18057,0.0,0,0,access_desert,83.5,1
55115,"Shawano County, Wisconsin",55,WI,3,40848,7.3443,2,0,underserved,57.1,1350
55117,"Sheboygan County, Wisconsin",55,WI,15,117741,12.7398,5,2,adequate,46.3,1688
55119,"Taylor County, Wisconsin",55,WI,4,19979,20.021,3,2,well_served,33.1,2102
55121,"Trempealeau County, Wisconsin",55,WI,2,30679,6.5191,1,1,underserved,58.7,1298
55123,"Vernon County, Wisconsin",55,WI,7,30811,22.7192,2,1,well_served,28.2,2256
55125,"Vilas County, Wisconsin",55,WI,1,23146,4.3204,1,0,critical,63.5,1148
55127,"Walworth County, Wisconsin",55,WI,11,105127,10.4635,4,3,adequate,51.1,1536
55129,"Washburn County, Wisconsin",55,WI,3,16685,17.9802,2,0,adequate,36.6,1994
55131,"Washington County, Wisconsin",55,WI,27,136842,19.7308,5,1,adequate,33.6,2088
55133,"Waukesha County, Wisconsin",55,WI,99,407290,24.307,8,4,well_served,25.7,2337
55135,"Waupaca County, Wisconsin",55,WI,8,51822,15.4375,3,1,adequate,41.3,1844
55137,"Waushara County, Wisconsin",55,WI,2,24672,8.1064,2,0,underserved,55.7,1394
55139,"Winnebago County, Wisconsin",55,WI,33,171197,19.276,4,3,adequate,34.4,2062
55141,"Wood County, Wisconsin",55,WI,28,74138,37.7674,7,1,well_served,10.2,2823
56001,"Albany County, Wyoming",56,WY,14,37525,37.3085,5,1,well_served,10.5,2813
56003,"Big Horn County, Wyoming",56,WY,0,11690,0.0,0,0,access_desert,83.5,1
56005,"Campbell County, Wyoming",56,WY,17,46857,36.2806,5,1,well_served,11.4,2787
56007,"Carbon County, Wyoming",56,WY,2,14609,13.6902,2,0,adequate,44.6,1742
56009,"Converse County, Wyoming",56,WY,4,13729,29.1354,2,0,well_served,18.7,2557
56011,"Crook County, Wyoming",56,WY,0,7258,0.0,0,0,access_desert,83.5,1
56013,"Fremont County, Wyoming",56,WY,16,39402,40.6071,5,0,well_served,8.4,2881
56015,"Goshen County, Wyoming",56,WY,0,12592,0.0,0,0,access_desert,83.5,1
56017,"Hot Springs County, Wyoming",56,WY,1,4616,21.6638,1,0,well_served,30.1,2198
56019,"Johnson County, Wyoming",56,WY,1,8536,11.7151,1,0,adequate,48.3,1624
56021,"Laramie County, Wyoming",56,WY,21,100316,20.9338,5,2,well_served,31.4,2158
56023,"Lincoln County, Wyoming",56,WY,1,19794,5.052,1,0,underserved,61.9,1197
56025,"Natrona County, Wyoming",56,WY,23,79506,28.9286,6,1,well_served,18.9,2549
56027,"Niobrara County, Wyoming",56,WY,0,2460,0.0,0,0,access_desert,83.5,1
56029,"Park County, Wyoming",56,WY,12,29878,40.1633,5,1,well_served,8.6,2873
56031,"Platte County, Wyoming",56,WY,2,8618,23.2072,2,0,well_served,27.5,2279
56033,"Sheridan County, Wyoming",56,WY,11,31176,35.2836,5,0,well_served,12.0,2767
56035,"Sublette County, Wyoming",56,WY,1,8801,11.3623,1,0,adequate,49.3,1595
56037,"Sweetwater County, Wyoming",56,WY,8,42079,19.0119,2,0,adequate,34.7,2052
56039,"Teton County, Wyoming",56,WY,15,23346,64.2508,4,0,well_served,1.7,3090
56041,"Uinta County, Wyoming",56,WY,0,20546,0.0,0,0,access_desert,83.5,1
56043,"Washakie County, Wyoming",56,WY,1,7725,12.945,1,0,adequate,45.9,1699
56045,"Weston County, Wyoming",56,WY,0,6870,0.0,0,0,access_desert,83.5,1
