"NPI","Provider Other Organization Name","Provider Other Organization Name Type Code"
"1225983778","Fai High Performance","3"
"1417774381","LowToxin","3"
"1669327102","Delos Longevity","3"
"1831296144","Danville Pediatrics","3"
"1831296144","Hendricks Pediatrics of Danville","3"
"1972604320","Hendricks Pediatrics","3"
"1972604320","Hendricks Pediatrics of Avon","3"
"1982559423","GentlePath Home Healthcare","3"
"1043376643","Freeport Fire Department","3"
"1043663206","ACTIVE LIFE PT","3"
"1043663206","WP-PT LLC","3"
"1164997102","Kohll's RX","3"
"1184579658","AHF Pharmacy","3"
"1265515712","Odyssey HealthCare","3"
"1407916018","Wellspan Rheumatology","3"
"1518595727","Lavender","3"
"1538014006","Azul Health Megan Hart Fernandez","3"
"1598406431","Aaron healthcare systems Inc","4"
"1649089285","Healthy Minds Family and Psychiatric Medicine LLC","3"
"1710830484","RADIOLOGIA UTUADO HEALTH HOSPITAL","3"
"1801695234","HANGER CLINIC","3"
"1821418922","Liberty EMS","3"
"1821879842","Giant Pharmacy","3"
"1831712868","Kohlls Rx LTC","3"
"1881698439","Liberator Medical Supply, Inc.","3"
"1912954090","MedNorth Health Center","3"
"1932643939","Reliance Treatment Center","3"
"1952866790","Cornerstone OCD & Anxiety Group","3"
"1982356671","Active Life PT","3"
"1043209877","Acelis Connected Health Supplies","3"
"1073349254","American Physiatry","3"
"1093602492","Glen Lehman Endoscopy Suite","3"
"1104826858","Casa de Amigos Clinic Pharmacy","3"
"1114927837","Settegast Health Center Pharmacy","3"
"1114927852","Aldine Pharmacy","3"
"1124237227","Phelps Health Medical Group Rolla","3"
"1154462026","Acelis Connected health Supplies","3"
"1184623084","Baytown Clinic Pharmacy","3"
"1194265389","MidMichigan Medical Center-Mt Pleasant","5"
"1205835774","Northwest Health Center Pharmacy","3"
"1205928967","WellSpan Behavioral Health","3"
"1205928967","WellSpan Endocrinology","3"
"1205928967","WellSpan Heart & Vascular Center","3"
"1205928967","WellSpan Hospitalists","3"
"1205928967","WellSpan Nephrology","3"
"1205928967","WellSpan OB/GYN","3"
"1205928967","WellSpan Orthopedics","3"
"1205928967","WellSpan Pain Management","3"
"1205928967","WellSpan Palliative and Supportive Care","3"
"1205928967","WellSpan Rheumatology","3"
"1205928967","WellSpan Surgical Specialists","3"
"1205928967","WellSpan Urology","3"
"1205928967","WellSpan Wound Care Center","3"
"1235139981","Strawberry Health Center Pharmacy","3"
"1255168894","American Physiatry","3"
"1275532509","Lyndon Baines Johnson General Hospital Pharmacy","3"
"1285277608","Saint Joseph's Mercy Care CHRIS 180","3"
"1346136777","CNMRI 2.0 P.A.","3"
"1366682049","Fondren Foundation Pharmacy at Smith","3"
"1396984290","El Franco Lee Community Health Center Pharmacy","3"
"1457717787","MidMichigan Medical Center-Gratiot","3"
"1487541876","IU Health Endoscopy Center - Spring Mill","3"
"1528841020","Empatia Palliative Care","3"
"1538168877","E.A. Squatty Lyons Pharmacy","3"
"1538187026","WALMART PHARMACY 10-0044","3"
"1588663025","Ben Taub General Hospital Pharmacy","3"
"1598764987","Gulfgate Community Health Center Pharmacy","3"
"1629087796","Human Touch (Allentown)","3"
"1629543665","Kohll's RX","3"
"1649594094","Martin Luther King Jr Community Health Center Pharmacy","3"
"1679573513","Acres Home Neighborhood Pharmacy","3"
"1710979976","CITY DRUGS","3"
"1740018951","American Physiatry","3"
"1740177146","Fishers Surgery Center","3"
"1740882059","Plainfield Nutrition Studio","3"
"1841187143","IU Health Surgery Center - Harcourt","3"
"1851390033","Vallbona Pharmacy","3"
"1871568790","Bothwell Medical Equipment","3"
"1871592204","Quentin Mease Health Center Pharmacy","3"
"1902793375","Eagle Highlands Surgery Center","3"
"1912745613","American Physiatry","3"
"1942197348","East Washington Surgery Center","3"
"1952961138","PAM Health Rehabilitation Hospital of Houston Heights","3"
"1952961138","PAM Health Rehabilitation Hospital of Katy","3"
"1962230177","American Physiatry","3"
"1992121149","Harris Health Central Fill","3"
"1073839296","Wolf River Dialysis","3"
"1114142486","TheraWest Physical Therapy","3"
"1154035236","BHG Medical Services - Kansas","3"
"1205152618","Minnesota Eye Laser & Surgery Centers","3"
"1215129770","Montgomery Integrative Health","3"
"1245005669","Nissi Wellness Clinic","3"
"1245359751","Human Touch","3"
"1275177271","NIEMEIER MD APC","3"
"1316379647","Minnesota Eye Laser & Surgery Centers","3"
"1356454482","USA Home Health Services","3"
"1366157059","BHG Medical Services - Kansas","3"
"1447258769","USA Home Health Services","3"
"1467307850","Bethel Pharmacy LTC","3"
"1649203639","DLV Vision Management LLC","3"
"1679857742","Leeds Dialysis","3"
"1689692626","BRITT PHARMACY","3"
"1689692626","Edwin E Britt","4"
"1699321406","BHG Medical Services-North Little Rock","3"
"1700087079","TheraWest Physical Therapy","3"
"1700087079","TheraWest Rehabilitation Center","3"
"1720059421","Minnesota Eye Laser & Surgery Centers","3"
"1720813959","Azura Surgery Center Henderson","3"
"1851001846","BHG Medical Services - Kansa","3"
"1851340350","Delaware Hospital for the Chronically Ill","5"
"1871736082","Ochsner Extended Care Hospital of Kenner","3"
"1922535830","Excel Foot and Ankle Specialist","3"
"1932901071","American Physiatry","3"
"1942509450","UNCH Dept. of Prosthetics & Orthotics","3"
"1952086993","Belle Grove Birth Center","3"
"1952086993","Morning Star Birth Center","3"
"1972266732","Midi Health PC","3"
"1972268670","Elysian Therapy","3"
"1003821729","Parkview Huntington Hospital","3"
"1023310901","Cornerstone Pediatric Therapy","3"
"1043294358","AccentCare Home Health and Personal Care of Texas","3"
"1063304467","VeriGenix Labs","3"
"1093034159","Trinity Holy Rosary Medical Center","4"
"1093140600","FMOL Health  Our Lady of the Angels","3"
"1093140600","Our Lady of the Angels Hospital","3"
"1144275629","Parkview Southwest Surgery Center","3"
"1154205623","ROI Center for Experiential Healing","3"
"1154205623","Roiya Center for Experiential Healing","3"
"1205296340","FMOL Health  Our Lady of the Angels","3"
"1205844495","Parkview Whitley Hospital","3"
"1245259878","Parkview Wabash Hospital","3"
"1275236374","none","4"
"1275552812","WCH Swing Bed","3"
"1326191958","Surgery Center of San BuenaVentura","3"
"1326191958","Ventura Orthopedics Surgery Center","3"
"1326993726","Southwest Medical Medication Services","3"
"1346304649","New Hope Home Health","3"
"1366407603","Parkview Regional Medical Center","3"
"1366735862","Metro Medical Group","3"
"1386101368","BrightStar Care Brevard & Osceola","3"
"1386101368","BrightStar Care Kissimmee/Osceola","3"
"1386101368","BrightStar Care of Brevard & Osceola","3"
"1386101368","BrightStar Care of Melbourne","3"
"1386101368","BrightStar Care of Saint Lucie & Indian River Counties","3"
"1407964091","MED-CARE INFUSION SERVICES","3"
"1457366189","Parkview Noble Hospital","3"
"1457967770","Pearl Dentistry of Butler PLLC","3"
"1467604694","South Coast Therapy, Inc.","4"
"1518812924","Kenansville Pharmacy (LTC)","3"
"1568637718","Katy Medical & Wellness","3"
"1568652436","Gillespie Family Practice Center","3"
"1629891676","Wound Docs","3"
"1649344516","Hanger Clinic","3"
"1669671541","Mercy GYN Oncology","4"
"1679279046","Nansemond Indian Nation","3"
"1679674956","Parkview LaGrange Hospital","3"
"1689281222","Unified Medical Equipment Solutions Newport","3"
"1710993761","Parkview Rehabilitation","5"
"1720126295","DeKalb Health PharmaCare","3"
"1760823397","Saint Alphonsus Medical Group Fruitland Health Plaza","3"
"1780273474","Healthcare ExtraOrdinare, LLC","3"
"1780457853","Unified Medical Equipment Solutions Jonesboro","3"
"1780539577","Urgent Recovery Center","3"
"1780680942","Parkview Home Infusion Services","3"
"1811731482","Hermitage Primary Care, a division of Summit Medical Group","3"
"1881726206","Saint Alphonsus Medical Group Baker City","3"
"1902897937","Parkview Dekalb Hospital","3"
"1912008772","Parkview LaGrange Hospital","3"
"1922004183","Parkview Home Health and Hospice","3"
"1922515907","North Manchester RHC","3"
"1922733559","Optumcare Cancer Care","3"
"1972383677","Unified Medical Equipment Solutions Bentonville","3"
"1972547610","North Basin Medical Clinics","3"
"1972547610","North Basin Medical Clinics--Wilbur Clinic","3"
"1972547610","Wilbur Clinic","5"
"1982008355","Irish Dialysis","3"
"1982103511","Parkview Wabash Rural Health Clinic","3"
"1033806245","Rehabilitative Health Services","3"
"1063098945","Richmond Hill Pediatric Associates","3"
"1184410854","Rainier occupational and family medical center","3"
"1245607993","Allison J. Spinneweber, LCSW","3"
"1285069617","TidalHealth Community Pharmacy","3"
"1285069617","TIdalHealth Home Scripts","5"
"1336467166","Consumer Direct Care Network Texas","3"
"1407957434","Ponce De Leon Diagnostic Services Ltd","3"
"1508603028","Unified Medical Equipment Solutions Jacksonville","3"
"1528736949","Nurse Next Door Home Care Services","3"
"1629896980","Medical Professionals of Miami","3"
"1649607268","FMOL Health  Our Lady of the Angels","3"
"1649607268","Our Lady of the Angels Hopsital - Psych","3"
"1659744035","Guiding Change Therapy LLC","4"
"1669327151","BrainDocs","3"
"1740617364","FMOL Health  Our Lady of the Angels","3"
"1740617364","Our Lady of the Angels Hospital","3"
"1750091948","Hildale Dental","3"
"1750091948","Hildale Dental","4"
"1851795017","TidalHealth Community Pharmacy","3"
"1851795017","TidalHealth Home Scripts","5"
"1912334533","FMOL Health  Our Lady of the Angels","3"
"1912334533","Our Lady of the Angels Hospital","3"
"1912759226","Drexzell Primary Care","5"
"1922959956","QSP Southwest Healthcare Services","5"
"1992567275","WENDO HOME HEALTH AGENCY LLC","3"
"1073915294","Community Medical Center","3"
"1073915294","Rehabilitation Institute of Montana","3"
"1134179427","Heartland Vision","3"
"1184199515","Tarr Family Eyecare","3"
"1255016747","Antelope Valley Home Training","3"
"1336178060","Age to Age Counseling","3"
"1366584948","Antelope Valley Cancer Center","3"
"1417953571","Tampa Community Health Centers, Inc.","4"
"1487764916","Sock Doc","3"
"1487764916","SockDoc","3"
"1558215616","C&C Home Care","3"
"1588522668","Children's Brooklyn Park Clinic","3"
"1639135379","Kayenta Dialysis","3"
"1669327003","Refuge Counseling Center","3"
"1720977705","Daniel Lightell Jr. LCSW LLC","3"
"1750961231","Sixty & Above Transportation LLC","3"
"1831167246","Jewish Family Service Of Greater Miami","4"
"1851240642","Sincere Practice","3"
"1851851117","Discovery Home Training","3"
"1902622137","GEORGIA ACUTE MEDICAL SERVICES","3"
"1952589855","Javurek Chiropractic Clinic","3"
"1962351957","JBT Care Consulting","3"
"1003506700","Doze PLLC","3"
"1003506700","Herring Family Dental","3"
"1215742614","Winton Pharmacy","3"
"1215882675","Avita Pharmacy 1087","3"
"1235084609","Maternal Fetal Medicine Davis","3"
"1255007233","KJ HOMECARE LLC","3"
"1316892789","Periodontal Associates","3"
"1356476477","FERRY COUNTY EMS DISTRICT 1","3"
"1396176426","MedStar Health Physical Therapy","3"
"1396176426","MedStar Physical Therapy at Lorton","3"
"1417020579","River Bend Medical Associates, Inc.","3"
"1639368079","River Bend Medical Associates, Inc.","3"
"1639998453","HEALTHY HORIZONS PSYCHIATRY","3"
"1639998453","Healthy Horizons Psychiatry PC","3"
"1700731189","Penrose Pulmonology","3"
"1720788318","Baldwin Pharmacy LLC LTC","3"
"1730034109","Maternal Fetal Medicine Jordan Valley","3"
"1770002446","Kagman Community Health Center","3"
"1770002446","Kagman Isla Community Health","3"
"1821728916","Hera High Risk Pregnancy Specialists","3"
"1861129702","In Home Personal Services","3"
"1962993451","Dental Care at Quail Hollow","3"
"1982558912","Chicago Family Pharmacy","3"
"1053188326","The Lactation Network of Pennsylvania","5"
"1083773436","Dee Physical Therapy Services LLC","4"
"1114872496","TERRELL CENTER FOR YOUTH","3"
"1124112404","HILLS DRUG STORE","3"
"1154270692","Holyoke Medical Center Specialty Pharmacy","3"
"1174673651","STANWOOD AMBULANCE SERVICE","3"
"1285401414","The Lactation Network of Arkansas","5"
"1346650124","WellSpan Orthopedics","3"
"1396749917","Heartland CARES, Inc.","4"
"1396749917","LivWell Community Health Services, Inc.","5"
"1396857421","EVERGREENS DRUGS","3"
"1396857421","EVERGREENS DRUGS INC","3"
"1417802893","Healthcare Network","3"
"1447283072","DMH @ Harbor-UCLA Medical Center","3"
"1447283072","DMH at Harbor UCLA Medical Ctr","3"
"1447978366","DEVOTED HEALTHCARE  STAFFING LLC","3"
"1447978366","DEVOTED STAFFING LLC","4"
"1457731242","Las Vegas, Neurology Center","3"
"1609272111","Annapolis Professional Pharmacy","3"
"1730034026","Amada Senior Care McAllen TX","3"
"1750381281","Merrimack Health Lawrence Hospital","3"
"1841145125","Dr. Josh Wound Group","3"
"1861714677","Arnold Professional Pharmacy","3"
"1871477877","Ben Cramer Therapy","3"
"1922970458","Port Gamble S'Klallam Pharmacy","3"
"1982559456","Pediatric Urgent Care of Rochester","3"
"1053920108","Kappa Dental Group","5"
"1114241437","Alive Palliative Care","5"
"1215602073","TLC Costa Brava","3"
"1215602073","TLC Memory Care","3"
"1275113011","Eye Surgery Center of Homewood","3"
"1285184218","Capital Children's General Anesthesia Dentistry","3"
"1306563275","Transcendence Recovery","3"
"1336094630","Colorado Tongue Tie Center","3"
"1346076155","New Cadence Healthcare","3"
"1346195641","Doula Sol","3"
"1346195641","Well Being Transitions Counseling and Consulting Services (WBTCS)","3"
"1356296651","Brevard Orthopaedic Specialists","3"
"1396630620","Heartland Vascular","3"
"1497567234","Advent Caregivers","3"
"1497810097","Earlham Medical Clinic","3"
"1558589960","Curry Health Center","3"
"1588399745","Local Infusion","3"
"1669265898","Gateway Motion Physical Therapy","3"
"1699407148","Family Care Behavioral Center, LLC","3"
"1699657650","ALIGNED CARE BEHAVIORAL SERVICES","3"
"1730043118","Audrey Healthcare LLC","4"
"1023963485","Choice Health at Home","3"
"1174478499","Dynamic Chiros of Yelm","3"
"1205881232","Prescott Dialysis","3"
"1255415378","HAWTHORNE RX PHARMACY","3"
"1255415378","RAPID CARE PHARMACY","3"
"1265500060","NORTHFIELD PHARMACY","3"
"1295393791","alphatelemed.com","3"
"1306791629","Wild Wonder 2e","3"
"1306798335","First Day Homecare #029","3"
"1346813797","Onsite Lab Corp","4"
"1396837605","IGENEX, INC. REFERENCE LABORATORY","3"
"1407941719","FPA Women's Health","3"
"1437000940","Enloe Health and Wellness Specialty Care-Oroville","3"
"1437624871","Gower Family Pharmacy","3"
"1497600720","Wesley Health Centers Skid Row Residential Care Facility","3"
"1568268464","Roses Paradise Home Health Care","3"
"1598610826","UPTICK DENTAL","3"
"1679227276","Chillicothe Pharmacy Services","3"
"1699247080","North End Family Pharmacy","3"
"1700286580","CARE OPTIONS FOR KIDS","3"
"1700682143","AVision for Our Youth","3"
"1710832126","Choice Hospice","3"
"1730845884","Roaring Voices Counseling Services","3"
"1790178689","Eversmile dental","3"
"1801741129","Southern Utah Hospice and Home Care LLC","3"
"1831044155","Haven Center of Oregon","3"
"1851137723","ACTI-KARE RESPONSIVE IN-HOME CARE","3"
"1851927289","Northgate Pharmacy","3"
"1891990206","Advanced Physical Therapy & Rehab","3"
"1912067612","Northwest Pharmacy Services","3"
"1922960186","Blue Wolf Industry Assist","3"
"1922960186","Blue Wolf Industry Surround","3"
"1932670965","Family Medicine Pharmacy","3"
"1952158156","DISANKA CARE SOLUTIONS","3"
"1952440786","FPA Women's Health","3"
"1962205013","NuMe Health Services","3"
"1962683359","Fairview Ogden Medical Group","3"
"1962847335","Alabama Orthopedic, Spine & Sports Medicine Associates","3"
"1972330215","Calming Minds","3"
"1073198768","EverCarePlus Pharmacy","3"
"1104379304","Grow the Vine Speech & Wellness Gym","3"
"1164377420","Reston Town Center Dental","3"
"1184579427","Dr. Thomas J. Grass, DMD","3"
"1215522248","Elders Come First","4"
"1265255889","Virtue In Solace Home Health","3"
"1265255889","Harmony & Hope Foundation Corp","4"
"1295688927","Heaven Sent Homes","3"
"1356148852","LSI Care Services","3"
"1386596146","Mpact Psychiatry","3"
"1386599629","Senior Helpers of Central Mississippi","3"
"1437193570","Columbia Valley Community Health Pharmacy","3"
"1437450889","Christian Senior Care Services","3"
"1457617235","Mount Carmel Health System Physicians","3"
"1477383263","BLESSED BEHAVIORAL & HEALTH SERVICES LLC","5"
"1588286876","Pill Plus Pharmacy","3"
"1669411377","Columbia River Associates","3"
"1801482161","Griffith Centers for Children, Inc.","4"
"1821746421","Sunrise Family Practice Weight loss and Pain Management","3"
"1902751258","Align Psychiatry","3"
"1912786708","Salt and Light","3"
"1922558709","Columbia River Associates","3"
"1982283644","Lauve's Pediatric","3"
"1982283644","VIVA Pediatric Healthcare Lubbock","3"
"1992578835","Pearl Care Dental","3"
"1992578835","Cristina D Bender DDS PLLC","4"
"1063387116","Baptist Orthopaedics","3"
"1093293656","Circadius Health","3"
"1124973391","Unity Eye Centers Tulsa 31st Street","3"
"1154816908","Lauve's Pediatric Extended Care","3"
"1154816908","VIVA Pediatric Healthcare Longview","3"
"1164466397","Hospice Plus","3"
"1235084500","Timber Dental Lombard","3"
"1245546704","Liberty County Health Department","3"
"1336094606","Thryva Wellness","3"
"1376498642","Wild and Wonderful Behavioral Health","3"
"1386598993","Lactation Solutions of Princeton","3"
"1386599652","Timber Dental Sherwood","3"
"1467406074","Saint Joseph Medical Group","3"
"1518609429","Indiana Retina Center","3"
"1659226926","Timber Dental NE Portland","3"
"1699620963","Timber Dental Downtown","3"
"1780457945","Behavioral Pathways","3"
"1891929451","Northern Berkshire Early Intervention","3"
"1902500630","Ozark Nephrology","3"
"1902500630","Ozark Rheumatology","3"
"1912536384","Boiling Springs Dialysis","3"
"1922953298","Timber Dental East Burnside","3"
"1972458248","Timber Dental Bethany","3"
"1063431492","Substance Abuse Services","3"
"1083846091","Lakes Skin Centre","3"
"1104384924","HENDERSON WOMEN'S CARE","3"
"1114995784","West Retail Pharmacy","3"
"1184579369","CLAYTON D WILSON FAMILY Medicine","3"
"1194670372","Unity Eye Centers Bixby","3"
"1225082878","Saint Joseph Medical Group","3"
"1245185420","Foothills Easley Pharmacy","3"
"1306791587","Simmonds, Martin, & Helmbrecht","3"
"1306875950","Dermatology Associates of the Lowcountry","4"
"1326311465","Baptist Heart Specialists","3"
"1336103985","Barlite Dialysis","3"
"1336103985","Southwest San Antonio Dialysis Center","3"
"1346998200","Kids Life Academy","3"
"1427087089","Dermatology Associates of the Lowcountry","4"
"1518074640","Colonial Family Practice","3"
"1619582004","Sterling #4","3"
"1659163400","Baptist Heart Specialists Inc","5"
"1689529869","South Tulsa Surgery Center","3"
"1720933906","Unity Eye Centers Okmulgee","3"
"1730627316","Miracle Ear","3"
"1730950411","Novant Health Southern Surgery Specialists","3"
"1750142121","North Walton Doctors Hospital","3"
"1922464874","GREAT NORTH SURGERY CENTER","3"
"1942155122","Susquehanna OB/GYN and Nurse Midwifery","3"
"1982630125","Dermatology Associates of the Lowcountry","4"
"1013997691","Lynn Community Health Center","4"
"1023777232","Cynergy Physical Therapy Cobble Hill","3"
"1154276368","Luxe Rehab","3"
"1154356244","Fairfax-Falls Church Community Services Board","3"
"1174478374","JHU - 400 BROADWAY - PROVIDER TYPE: 20 - PHYSICIAN","3"
"1194344150","REHAB CAROLINA","3"
"1265263743","Eldon Family Hearing","3"
"1407385388","Kudo Care","3"
"1477032183","Baptist MD Anderson Cancer Physicians","3"
"1508711714","JHU-4924 CAMPBELL BLVD STE 205 -PROVIDER TYPE: 19 - AUDIOLOGIST","3"
"1558840264","Baptist MD Anderson Cancer Physicians","3"
"1629041157","Westlake Eye Surgery Center","3"
"1710905245","AeroCare","3"
"1730034935","Meritus Anesthesia Services","3"
"1730034943","JHU - 45 THOMAS JOHNSON DR STE 109 - PROVIDER TYPE: 20 - PHYSICIAN","3"
"1750236964","Signature Healthcare Pharmacy","3"
"1750249363","Novant Health Heart & Vascular","3"
"1770315418","Novant Health Inpatient Care Specialists","3"
"1770315418","Novant Health Inpatient Care Specialists - Coastal Carolina","3"
"1770438988","CommonSpirit Medical Oncology Fort Morgan","3"
"1770438988","Medical Oncology Fort Morgan","3"
"1821943028","JHU-6565 N CHARLES ST STE 315 - PROVIDER TYPE: 19-AUDIOLOGIST","3"
"1831044049","JHU-5255 LOUGHBORO RD NW - PROVIDER TYPE: 19 - AUDIOLOGIST","3"
"1851264261","Novant Health Gastroenterology","3"
"1861418220","Clearway Pain Solutions","3"
"1861469561","Drs Weber Palmer and Macy Chartered","4"
"1881465557","Novant Health New River Urology","3"
"1912852112","JHU - 1821B PORTAL ST - PROVIDER TYPE: 20 - PHYSICIAN","3"
"1942155148","JHU-1800 ORLEANS ST-PROVIDER TYPE: 14-DENTAL","3"
"1982409959","COLORADO PHYSICIAN PARTNERS","3"
"1003684911","Nushama","3"
"1023141611","CPFS","3"
"1023141611","Center for Psychological & Family Services","5"
"1043463045","Delaware Orthopaedic Specialists","3"
"1053204677","Luminary Hospice","3"
"1063067726","Delaware Orthopaedic Specialists","3"
"1063224467","Mid-MS Medical","3"
"1073069043","Delaware Orthopaedic Specialists","3"
"1073664926","Delaware Orthopaedic Specialists","3"
"1093429821","Maple Ridge Pharmacy","3"
"1093678542","Halifax Drug","3"
"1124633870","Aspirus Clinic - Marshfield","3"
"1134259179","Grossnickle Eye Surgery Center","3"
"1134265440","VILLAGE OF JUNCTION CITY EMS","5"
"1164857892","Sunray Family Counseling","3"
"1174478382","Christian Counseling Associates of Kentucky","3"
"1194735779","Delaware Orthopaedic Specialists","3"
"1225840135","BHPG M 3540 CAR","3"
"1225840135","BHPG M 3540 PCP","3"
"1235084468","BAY PHARMACY","3"
"1235094509","Halifax Drug LTC","3"
"1245450295","Spine Institute of New England","3"
"1245450295","Surgery Center of New England","3"
"1255472841","LYNN EYE SURGERY CENTER","3"
"1285246413","Delaware Orthopaedic Specialists","3"
"1285888602","Aspirus Merrill Clinic","3"
"1285888602","Merrill Clinic","3"
"1295930592","opm","3"
"1346832359","N/A","3"
"1396601696","Hopewell In-Home Senior Care","3"
"1407359060","Shenandoah Health Center","5"
"1407701634","JHU - 1800 ORLEANS ST - PROVIDER TYPE: 27 - MENTAL HEALTH","3"
"1447324306","Hanger Clinic","3"
"1457424491","MC Pharmacy (on Central)","3"
"1457424491","Marshfield Clinic Pharmacy","3"
"1467156695","CARROLLTON CARE PHARMACY","3"
"1467156695","Carenow Pharmacy","3"
"1497148274","Cumberland Memorial Hospital Inc","5"
"1518465533","MISSOURI MED, LLC","3"
"1518750611","Fine Tune Psych","3"
"1568259596","ContinuHome Health Connections","3"
"1568259596","Right At Home Healthcare Services","3"
"1568733053","Galaxy pharmacy","3"
"1588925457","Southwoods Physician Services","3"
"1598610727","Amada Senior Care Cleveland","3"
"1609721828","JHU-11085 LITTLE PATUXENT PKWY STE 210-PROVIDER TYPE: 27 - MENTAL HEALTH","3"
"1619822822","Vista Optical in Select Military Exchanges","3"
"1679837785","Cardiac & Vascular Interventional Group","3"
"1689214249","Hopewell In-Home Senior Care","3"
"1699711556","Eye Surgery Center of Northern California","3"
"1700458874","Delaware Orthopaedic Specialists","3"
"1700731924","JHU - 405 N CAROLINE ST - PROVIDER TYPE: 20-PHYSICIAN","3"
"1700985397","Outpatient Surgery of Del Mar","3"
"1790043099","Turtle Lake Rehab Center","5"
"1801741012","JHU - 4924 CAMPBELL BLVD, STE 210 - PROVIDER TYPE: 19 - AUDIOLOGIST","3"
"1821948357","Delaware Orthopaedic Specialists","3"
"1841145067","JHU-11085 LITTLE PATUXENT PKWY STE 201 - PROVIDER TYPE: 20 - PHYSICIAN","3"
"1861736472","Cumberland Healthcare","3"
"1891678876","Novant Health Orthopedics and Sports Medicine","3"
"1922454214","IHA Medicine Float Providers","3"
"1922818814","Kairos","3"
"1922818814","Kairos Pain Relief","3"
"1922818814","Kairos Relief","3"
"1922818814","Krysus LLC","4"
"1922869064","Novant Health Riverside Women's Care","3"
"1922869064","Riverside Women's Care","3"
"1932051935","Superior Primary Care","3"
"1942175336","RPHC ADULT","3"
"1942175336","RPHC OBGYN","3"
"1942948906","BHPG CS 2901 CAR","3"
"1942948906","BHPG CS 2901 NEU","3"
"1942948906","BHPG CS 2901 ONC","3"
"1952737264","Cumberland Healthcare Turtle Lake Clinic","3"
"1972458198","Tuolumne County Probation Dept.","5"
"1972663995","DELAWARE ORTHOPAEDIC SPECIALISTS","3"
"1285142885","VytlOne Pharmacy","3"
"1295689677","Monroe Pharmacy","3"
"1316899933","Mindful Wellness","3"
"1326404195","RIS & LRH Imaging, LLC","3"
"1326993569","Arise Therapy Clinic","3"
"1477600450","LVPG Transplant Surgery - 1250 Cedar Crest","3"
"1477600450","LVPG Transplant Surgery - Mountain Top","3"
"1477600450","LVPG Transplant Surgery - Steamtown","3"
"1477900710","BJOSC at Plover","3"
"1487441804","Hand to Shoulder Wellness","3"
"1497540728","Something to Say ABA","3"
"1497938542","WINNEBAGO TRIBAL HEALTH DEPARTMENT","3"
"1649543992","CENTRAL IMAGING CENTER","3"
"1679149595","Bilingual Speech-Language and Swallowing Therapy","3"
"1710536321","Bone & Joint Clinic S.C. @ Medford","3"
"1720933955","JHU-6410 ROCKLEDGE DR STE 150 PROVIDER TYPE: 20-PHYSICIAN","3"
"1760003594","PHI Air Medical","3"
"1801577648","Global Health Care","5"
"1801577648","Global Health Care Services LLC","5"
"1821943069","Pawnie's Home Care","3"
"1841145083","Mind Body Spirit - DPC, PLLC","3"
"1912399395","Dynamic Foot and Ankle Center","4"
"1912448374","Mequon Road Dialysis","3"
"1942335971","Centerpoint Surgical","3"
"1992212286","Estabrook Park Dialysis","3"
"1023172921","Binghamton Psychiatric Center","5"
"1033064795","RUSH Physical Therapy","3"
"1053481473","Eye Wear Associates","3"
"1053585125","Bone & Joint Surgery Center","3"
"1063367712","RUSH Physical Therapy","3"
"1063468072","USA Health University Hospital","3"
"1063468072","USA Medical Center","4"
"1063586949","Hanger Clinic","3"
"1104259449","Friends Assisting Seniors and Families","3"
"1104771864","RUSH Physical Therapy","3"
"1124973896","RUSH Physical Therapy","3"
"1184273799","Bone & Joint Clinic S.C. @ Merrill","3"
"1205781978","RUSH Physical Therapy","3"
"1225983497","RUSH Physical Therapy","3"
"1225990203","Kindred Speech and Language","3"
"1235160326","Kramer CPAP Supplies","3"
"1245185404","Valley View Transportation","3"
"1245185990","RUSH Physical Therapy","3"
"1255286902","RUSH Physical Therapy","3"
"1285589945","RUSH Physical Therapy","3"
"1306406236","Eyes on Hayden","3"
"1316932726","JEAN SISTERS FAMILY MEDICINE & GERIATRICS","5"
"1356469662","Friends Assisting Seniors and Families","3"
"1366091977","Bone & Joint Clinic S.C. @ Plover","3"
"1366646010","North Henry Dialysis","3"
"1417529231","LABORATORIO CLINICO TERESITA","3"
"1447916259","BJOSC, LLC @ Westwood","3"
"1457206120","RUSH Physical Therapy","3"
"1467550707","LEE COUNTY EMS","3"
"1487724803","Eye Wear Associates","3"
"1497218713","CSI Staffing","3"
"1528913225","RUSH Physical Therapy","3"
"1619822384","RUSH Physical Therapy","3"
"1629923891","RUSH Physical Therapy","3"
"1669744801","Plant City Imaging","3"
"1699620864","RUSH Physical Therapy","3"
"1710832423","RUSH Physical Therapy","3"
"1730826363","Forth Space","3"
"1750236428","RUSH Physical Therapy","3"
"1750630273","JONATHAN'S PHARMACY","3"
"1750630273","Jonathan's Pharmacy","3"
"1750654000","Women's Imaging Center","3"
"1801351614","Mid Valley Nursing & Rehabilitation","3"
"1821168253","Eye Wear Associates","3"
"1851724199","Friends Assisting Seniors and Families","3"
"1912883067","Clear Recovery Residential","3"
"1922891035","WITHWELLBEING LLC","3"
"1942011218","Novant Health Orthopedics and Sports Medicine","3"
"1942071618","Riverside Women's Care","5"
"1952162091","Novant Health Heart & Vascular","3"
"1962273623","Novant Health Heart & Vascular","3"
"1962273623","Hilton Head Heart","5"
"1962357137","RUSH Physical Therapy","3"
"1962357632","RUSH Physical Therapy","3"
"1972564722","NF Joint Fire District","5"
"1003761719","RUSH Physical Therapy","3"
"1023055191","USA Health Children's & Women's Hospital","3"
"1023055191","USA Children's and Women's Hospital","4"
"1043165210","Rush Kids Pediatric Therapy","3"
"1104791243","Moody Pharmacy","3"
"1144175852","RUSH Physical Therapy","3"
"1184579880","RUSH Physical Therapy","3"
"1205063294","Pathline","3"
"1205063294","Pathline LLC","4"
"1215882386","CHI Saint Joseph Health Primary Care","3"
"1225826951","Pathline","3"
"1316892029","RUSH Physical Therapy","3"
"1326455106","Limb Lab","3"
"1326606161","Limb Lab","3"
"1326881632","Trellis Health","3"
"1336748250","Limb Lab","3"
"1366251720","Aeros Pharmacy","3"
"1366251720","Webster Pharmacy & Wellness","3"
"1366397432","Heritage Square Dental Care","3"
"1396690004","RUSH Physical Therapy","3"
"1417802109","RUSH Physical Therapy","3"
"1427328459","Highland Pharmacy","3"
"1457166605","Clark","4"
"1457206625","RUSH Physical Therapy","3"
"1477408540","Limb Lab","3"
"1508645680","ORA Orthopedics Physical Therapy","3"
"1548115710","RUSH Physical Therapy","3"
"1548878309","Attune Dentistry","3"
"1558135350","Cascara Counseling, PLLC","3"
"1558135350","Ficus Counseling, PLLC","3"
"1558199612","Compassionate Nursing Services","3"
"1629923800","RUSH Physical Therapy","3"
"1679428361","RUSH Physical Therapy","3"
"1689529760","About You Senior Care","3"
"1689529760","Abby Senior Care LLC","4"
"1699961771","Dragonfly Health","3"
"1699961771","StateServ Medical LLC","5"
"1750661948","DOLPHIN REHAB CENTER","4"
"1760365563","Canton Healthy Smiles","3"
"1770438467","RUSH Physical Therapy","3"
"1780247288","Ely Extended Care","3"
"1780634808","Rogue Valley Manor Clinic","5"
"1801741509","RUSH Physical Therapy","3"
"1821782616","Tracey Hull, MS, RD","3"
"1831865328","DOLPHIN REHAB CENTER","4"
"1871218214","Larwin Square Dentistry","3"
"1871448944","Limb Lab","3"
"1912565136","Limb Lab","3"
"1922513720","Anthem Home Care Services","3"
"1922513720","Anthem Senior Care Services LLC","4"
"1932054012","MediLabs of Conway","3"
"1932054012","MediLabs of Loris","3"
"1942155627","RUSH Physical Therapy","3"
"1962357640","RUSH Physical Therapy","3"
"1962412031","Ely Home Medical","3"
"1003245317","Clarient Diagonostic Services, Inc","4"
"1023963204","RUSH Physical Therapy","3"
"1033936810","Merrimack Health Methuen Hospital","3"
"1033936810","Holy Family Hospital Psychiatric Unit","5"
"1073066239","UT Health Austin","3"
"1073066239","UT Medicine","3"
"1114408952","Inspired Care Home Health","3"
"1114408952","Inspired Home Care","3"
"1114408952","Inspire Care Home Health LLC","4"
"1114408952","Inspired Care Home Health LLC","4"
"1144770546","Aurora Pharmacy #1710","3"
"1144770546","Aurora Prescription Dispensing Center","3"
"1154276236","800 Wayne ST STE 100","5"
"1154914299","MyOwnDoctor Medical Group","3"
"1174478887","TRUSTED CARE CLINIC","3"
"1184579898","RUSH Physical Therapy","3"
"1205781390","JHU-10755 FALLS RD PVL I STE 200-PROVIDER TYPE: 20 - PHYSICIAN","3"
"1205781812","RUSH Physical Therapy","3"
"1215882485","Rush Kids Pediatric Therapy","3"
"1265267991","Merrimack Health Methuen Hospital","3"
"1265387435","RUSH Physical Therapy","3"
"1366725673","Revolutionary Homecare","3"
"1457573628","Love 'N Care","3"
"1467171991","DME PLUS","3"
"1477408656","Rush Kids Pediatric Therapy","3"
"1518679331","MyOwnDoctor Medical Group","3"
"1518812601","Hearts At Home LLC","3"
"1538014709","RUSH Physical Therapy","3"
"1548495138","Lake Hills Medical Associates","3"
"1598795122","Inpatient Psych Exempt Unit","5"
"1619859147","DizzyCare Physical Therapy","3"
"1639194368","Aurora Pharmacy #1230","3"
"1639194368","Aurora Prescription Dispensing Center","3"
"1659625580","Masonic Village Pharmacy","3"
"1689896953","Gulick Elder Center","5"
"1700731411","RUSH Physical Therapy","3"
"1720933435","RUSH Physical Therapy","3"
"1821438987","Rumi Medical Clinic II","3"
"1891646063","Sage Counseling Meridian","3"
"1932054111","RUSH Physical Therapy","3"
"1992650089","JHU-401 N BROADWAY ST WEINBERG BLDG-PROVIDER TYPE: 14 DENTAL","3"
"1013862119","JHU-401 N BROADWAY ST WEINBERG BLDG - PROVIDER TYPE: 11-PODIATRY","3"
"1013862713","RUSH Physical Therapy","3"
"1023963717","RUSH Physical Therapy","3"
"1043165756","RUSH Physical Therapy","3"
"1093660276","Rush Kids Pediatric Therapy","3"
"1114629227","TidalHealth Community Pharmacy","3"
"1114629227","TidalHealth Home Scripts Nanticoke","3"
"1144184359","AT&T Bothell","3"
"1205781481","Rush Kids Pediatric Therapy","3"
"1235084948","RUSH Physical Therapy","3"
"1235554783","One More Child","3"
"1235554783","One More Child Services","3"
"1245185347","RUSH Physical Therapy","3"
"1245199785","LUMINA EYE CENTER","3"
"1275600967","Lakeland Community Hospital","3"
"1306718937","WENDY BRANDEBERRY","3"
"1316174998","Acelity Health Center","3"
"1316510753","Adams County - Brighton","3"
"1326587643","American Gastro Health","3"
"1356560718","VCBH - Fillmore Youth & Family Mental Health","3"
"1356560718","VCBH- Fillmore Behavioral Health","3"
"1366899866","Premise Health Clinic","3"
"1386099562","Premise Health Clinic","3"
"1386599488","FYZICAL Ellsworth","3"
"1386599488","FYZICAL Therapy & Balance Center","5"
"1396293338","Associate Medical Clinic","3"
"1417802521","Family Medical & Urgent Care of Pine Hall","3"
"1427903699","RUSH Physical Therapy","3"
"1538579032","Northlake Surgical Associates at St. Tammany Parish Hospital","3"
"1568317261","RUSH Physical Therapy","3"
"1609721703","JHU-401 N BROADWAY ST WEINBERG BLDG - PROVIDER TYPE: 27 MENTAL HEALTH","3"
"1619822723","JHU-5215 LOUGHBORO RD NW STE 400 - PROVIDER TYPE: 20-PHYSICIAN","3"
"1629172689","HAYDELS DRUG STORE","3"
"1639024730","Pediatric Clinic of Danbury","3"
"1639024805","RUSH Physical Therapy","3"
"1649125337","RUSH Physical Therapy","3"
"1669327375","RUSH Physical Therapy","3"
"1689529794","East Iberville Elementary High SBHC","3"
"1710832324","Rush Kids Pediatric Therapy","3"
"1730034349","RUSH Physical Therapy","3"
"1730317553","Tesoro Health & Wellness Center","3"
"1730471509","AFG Wellness Center","3"
"1770069338","FeldCare Connects","3"
"1770438947","Rush Kids Pediatric Therapy","3"
"1780435628","Orange Coast Psychiatry","3"
"1780435628","Orange Coast Psychiatry, Medical Corporation","3"
"1780435628","BJE Esterman PC","4"
"1821943523","RUSH Physical Therapy","3"
"1821943937","JHU-6420 ROCKLEDGE DR STE 4920 - PROVIDER TYPE: 20-PHYSICIAN","3"
"1831044940","Aspirus Eye Care - Weston","3"
"1851246037","Rush Kids Pediatric Therapy","3"
"1871448977","Bell Pharmacy 008","3"
"1902751001","Bell Pharmacy 009","3"
"1912567330","Fairburn Palmetto Dialysis","3"
"1952974396","Adams County - Westminster","3"
"1972458677","RUSH Physical Therapy","3"
"1003770207","AT&T Alpharetta","3"
"1013871227","AT&T San Antonio","3"
"1063364263","SHIFT Healing Center","3"
"1144175266","Bloom Health & Metabolic Care","3"
"1184708836","IV and RESPIRATORY CARE","3"
"1255295457","AT&T Middleton","3"
"1285649715","HOPE, Inc.","3"
"1295699585","AT&T Atlanta","3"
"1306791421","Roots and Roads Wellness","3"
"1326569682","Providence Medical Group Southeast Washington","5"
"1326727579","HOPE, inc.","3"
"1336303882","LifePath Systems","3"
"1336418847","Fasulo Chiropractic","3"
"1396284295","Houston Osteopathic Physical Therapy","3"
"1396284295","Houston Osteopractic Physical Therapy","3"
"1396284295","Statera Physical Therapy","3"
"1407262512","HOPE, Inc","3"
"1417346701","HOPE, Inc","3"
"1427776533","HOPE, Inc.","3"
"1528913795","RUSH Physical Therapy","3"
"1598993719","AT & T Health Center","3"
"1619131166","LifePath Systmes","3"
"1689096133","ALPHA MEDICAL PHARMACY III","3"
"1689096133","Alpha Medical Pharmacy 3","3"
"1740135862","Lunoxy Medical","3"
"1780218305","UT Health Austin Ambulatory Surgery Center","3"
"1780218305","UT Medicine - Ambulatory Surgery Center","3"
"1801741905","MSA Academy East SBHC","3"
"1801750013","AT&T Mesa","3"
"1831584291","HOPE, Inc.","3"
"1871364414","Quality Of Life Home Care Llc","3"
"1871457093","AT&T Chantilly","3"
"1871576835","LifePath Systems","3"
"1871576835","Collin County MHMR Center","4"
"1952256075","Alternative Health","3"
"1952500209","Providence Centralia Hospital - Physiatry","5"
"1992659395","Athens Pharmacy LTC","3"
"1073139903","Edify Therapy","3"
"1083310106","Chicago Integrative Psychotherapy","3"
"1184007171","SABH Consultants, LLC","3"
"1205575677","FYZICAL Therapy & Balance Centers","3"
"1205781341","Vista Hill Achieve","3"
"1235232372","UTHCT PHARMACY","3"
"1235671629","Parklane West Healthcare Center","3"
"1306304399","Lakeland Primary Care","3"
"1316892458","Vista Hill PROMOTE","3"
"1346375268","U.T. HOME CARE SOLUTION","3"
"1437379039","Vista Sub","5"
"1487509436","Star Rise Counseling","3"
"1568176345","Elder Care Homecare","3"
"1609552173","Elevate Medical Aesthetics and Wellness","3"
"1649125691","American Family Care","3"
"1689632374","Orthopaedic Institute for Children","3"
"1689744492","Behavioral Health & Recovery Services","5"
"1710348685","Legend Oaks Healthcare and Rehabilitation Center - San Antonio","3"
"1710966171","MAXIMUM CARE","3"
"1780628099","UTHSCT HOPE TYLER","3"
"1801257779","Sonterra Health Center","3"
"1811357155","Legend Oaks Healthcare and Rehabilitation - West San Antonio","3"
"1922857630","Burien Dental","3"
"1962657544","Core Healthcare Group","3"
"1972556892","Miramar Eye Institute","3"
"1992799886","San Pedro Manor","3"
"1104455120","WISH RECOVERY","3"
"1265997829","Quality Sleep Northwest","3"
"1265997829","Vantus Dental Sleep","3"
"1265997829","Vantus Sleep & Wellness","3"
"1265997829","Vantus Sleep and Wellness","3"
"1316272685","Doctors Express","3"
"1396690467","NurtureMind Psychiatry","3"
"1487106456","SERENGETI CARE","3"
"1699469759","OneImaging","3"
"1700731767","The Hangout","3"
"1740096916","Quality Sleep Northwest","3"
"1740096916","Vantus Dental Sleep","3"
"1740096916","Vantus Sleep & Wellness","3"
"1740096916","Vantus Sleep and Wellness","3"
"1770177461","Therapy Services of East Lansing","3"
"1770177461","Therapy Services of East Lansing, LLC","4"
"1871326579","Vernon Medical Urgent Care","3"
"1902826464","PriMMed Pain Institute","3"
"1902826464","Primmed","3"
"1073011417","Centennial, CO Office","5"
"1104195098","Hendricks County Wellness Clinic","3"
"1164021952","ZOELIFE PSYCHIATRIC SERVICES","3"
"1184579179","JHU - 1717 E MONUMENT ST, PARK BLDG GROUND LVL - PROVIDER TYPE: 27 - MENTAL HEALTH","3"
"1205629144","Zoelife Recovery Services","3"
"1235081118","Community Family Medical Clinic","3"
"1255286241","JHU - 1800 ORLEANS ST - PROVIDER TYPE: 12 - VISION","3"
"1275488496","JHU -1800 ORLEANS ST - PROVIDER TYPE: 11 - PODIATRY","3"
"1306791173","NEXT STEP INTERNATIONAL CARE RESOURCES LLC","5"
"1326993320","PAYLESS FAMILY PHARMACY","3"
"1356296347","JHU - 601 N CAROLINE ST - PROVIDER TYPE: 27 - MENTAL HEALTH","3"
"1366397358","JHU - 4924 CAMPBELL BLVD, STE 100 - PROVIDER TYPE: 12 - VISION CARE","3"
"1386364925","Ace Primary Care","3"
"1407701402","JHU-4924 CAMPBELL BLVD STE 200-PROVIDER TYPE: 20-PHYSICIAN","3"
"1437004421","JHU - 601 N CAROLINE ST - PROVIDER TYPE: 12 - VISION","3"
"1447105432","JHU - 5755 CEDAR LN - PROVIDER TYPE: 27 - MENTAL HEALTH","3"
"1457023921","Volterra Dental","3"
"1457206435","Golden Dynasty Bridge Haven","3"
"1457206443","JHU - 6430 ROCKLEDGE DR, FL 6 - PROVIDER TYPE: 12 - VISION","3"
"1497600902","ComfortBridge Home Care","3"
"1508711615","JHU-10803 FALLS RD STE 1300 - PROVIDER TYPE: 20-PHYSICIAN","3"
"1518583905","PITTSYLVANIA COUNTY EMERGENCY SERVICES","5"
"1548115538","JHU - 4924 CAMPBELL BLVD, STE130 - PROVIDER TYPE: 11 - PODIATRY","3"
"1629923610","JHU - 5300 ALPHA COMMONS DR, FL 4 - PROVIDER TYPE: 27 - MENTAL HEALTH","3"
"1669201869","Brandywine Foot and Ankle Associates","4"
"1699620690","JHU-6410 ROCKLEDGE DR STE 200-PROVIDER TYPE: 20-PHYSICIAN","3"
"1700731791","JHU - 6350 STEVENS FOREST RD, STE 102/107 - PROVIDER TYPE: 27 - MENTAL HEALTH","3"
"1801741897","JHU - 4940 EASTERN AVE - PROVIDER TYPE: 27 - MENTAL HEALTH","3"
"1902368871","City of Mercedes Fire Department EMS","5"
"1922081561","Carevide","3"
"1942155056","JHU-1132 ANNAPOLIS RD STE 101 - PROVIDER TYPE: 20-PHYSICIAN","3"
"1942155940","JHU-4924 CAMPBELL BLVD STE 130A-PROVIDER TYPE: 20-PHYSICIAN","3"
"1952090938","Restored Counseling & Wellness Center","3"
"1962595454","St Mary's of Michigan-Standish Skilled","5"
"1982559977","JHU - 620 BOULTON ST - PROVIDER TYPE: 20 - PHYSICIAN","3"
"1992650980","JHU - 200 N WOLFE ST - PROVIDER TYPE: 27 - MENTAL HEALTH","3"
"1013191808","Tompkinsville Elementary School","3"
"1053879395","Dr. Mikiko Murakami","3"
"1063483972","Mercy Health VNS","3"
"1063483972","Trinity Health At Home - Muskegon","3"
"1073774881","Gamaliel Elementary School","5"
"1184275711","Carevide","3"
"1235469875","Empowerment Resource Center, Inc.","3"
"1265693071","Jo Harrison Carter Elementary","5"
"1285589283","JHU-2112 DUNDALK AVE - PROVIDER TYPE: 20-PHYSICIAN","3"
"1306720529","Sandusky Rapid Care","3"
"1417574112","Mercy Home Health - Mom-Baby","5"
"1467206490","St. Mary Home Care and Hospice","3"
"1467206490","St. Mary Hospice","3"
"1477429389","Coalfield Health Center","3"
"1477429389","Coalfield Health Center - Holden Road","5"
"1518953272","Hospice Of North Ottawa Community","3"
"1518953272","North Ottawa Community Hospice","3"
"1518953272","THAH - Grand Haven","3"
"1528041191","Carevide","3"
"1548087356","Legacy Comprehensive Health Management","3"
"1588519599","Helix Lab","3"
"1609146372","Thrive Wellness Center","3"
"1639811128","CYPRESS CARE CENTER AND REHAB","3"
"1659226652","JHU-1501 S CLINTON ST STE 200-PROVIDER TYPE: 20-PHYSICIAN","3"
"1669455101","Carevide","3"
"1679660617","Sylvester Comprehensive Cancer Center","3"
"1750761813","Homeless Clinic","5"
"1770554677","Mercy Health Home Care, Grand Rapids","3"
"1770554677","Trinty Health at Home - Grand Rapids","3"
"1790482834","Geode Health 2","3"
"1821475575","Carevide","3"
"1821475575","Pediatric Center of Greenville","3"
"1841201407","FAYETTE PHARMACY","3"
"1871448886","JHU-4940 EASTERN AVE - PROVIDER TYPE: 11-PODIATRY","3"
"1922486505","Carevide","3"
"1952275976","CCBHC Network 180","3"
"1033980222","Living Proof Chiropractic","3"
"1043079015","Mountain View Mental Health and Primary care","3"
"1083569008","Routina","3"
"1093516841","EHHS - PMG Joint Venture","5"
"1104318864","Sterling Group Internal Medicine","3"
"1104485374","Carevide","3"
"1164377198","Pickerington Family Urgent Care","3"
"1245185263","JHU - 600 N WOLF ST - PROVIDER TYPE: 14 - DENTAL","3"
"1295004455","MaxServe Hospice","3"
"1295794485","Sycamore Dialysis","3"
"1295823508","ThedaCare At Home","3"
"1295823508","ThedaCare At Home DME-College","3"
"1316892334","JHU - 10710 CHARTER DR STE 310 - PROVIDER TYPE: 12 - VISION CARE","3"
"1366397390","Legent Orthopedic and Spine Hospital","3"
"1417930207","Mercy VNS and Hospice Services","3"
"1447105465","JHU - 4940 EASTERN AVE- PROVIDER TYPE: 14 - DENTAL","3"
"1457170813","Juvenile Hall","5"
"1457721698","HOOD VIEW CHIROPRACTIC","3"
"1477939833","Sterling Group Ear, Nose & Throat","3"
"1497600415","JHU - 10710 CHARTER DR STE 150 - PROVIDER TYPE: 12 - VISION CARE","3"
"1548520612","Alpha Peoples Drugs","3"
"1578418596","JHU - 10710 CHARTER DR STE 100 - PROVIDER TYPE: 20 - PHYSICIAN","3"
"1609447911","The Homestead at Anoka","3"
"1609923283","Loveland Community Health Pharmacy","3"
"1629757356","Health Plus Clinic","3"
"1649125642","POD Health","3"
"1649125667","JHU - 600 N WOLFE ST - PROVIDER TYPE: 11- PODIATRY","3"
"1700067253","Carevide","3"
"1700731734","JHU - 600 N WOLFE ST - PROVIDER TYPE: 19 - AUDIOLOGY","3"
"1720846728","The Center for Conscious Community","3"
"1740202738","Van Alstyne EMS","3"
"1740359108","INSCRIPTION HOUSE HEALTH CENTER","3"
"1760569248","Surgical Institute","3"
"1790271476","MAXSERVE HOSPICE","3"
"1841733946","Archway Hospice","3"
"1841907839","Lifeline Physician LLC","3"
"1861190225","My Buoyant Health","3"
"1871844167","CHSA Dental Clinic","3"
"1871844167","Carevide","3"
"1932140969","MercyOne Waterloo Medical Center","3"
"1982496295","Edgerton Hospital Whitewater Urgent Care","5"
"1982496295","Whitewater Urgent Care","5"
"1982559902","Senior Helpers of Southern IN","3"
"1003919101","Loyola Medicine Home Care","3"
"1013089879","Mary Washington Cardiology","3"
"1013089879","Mary Washington Cardiology Professional Services","3"
"1013089879","Mary Washington Family Medicine Residency Clinic","3"
"1013089879","Mary Washington Internal Medicine Residency Clinic","3"
"1033726435","Sterling 29","3"
"1104710102","Garza Internal Medicine and Wound Services","3"
"1134074164","JHRP - 600 N WOLFE ST - PROVIDER TYPE: 20 - PHYSICIAN","3"
"1164302444","Counseling & Care Center","3"
"1184231573","Sterling 26","3"
"1194330456","Sterling #34","3"
"1205781143","Anchor Bay Pocasset","3"
"1255434304","ST LUKE PHARMACY","3"
"1255751343","GRAND HEALTH INSTITUTE","3"
"1255751343","Comprehensive Sleep Center","5"
"1295688182","Be Transformed Clinical Services LLC","3"
"1306223912","Roper St. Francis Physician Partners OB/GYN","3"
"1316288236","GRAND HEALTH INSTITUTE","3"
"1336559483","GRAND HEALTH INSTITUTE ENT","5"
"1346281334","MercyOne Oelwein Medical Center","3"
"1366397309","JHRP - 10755 FALLS RD STE 360 - PROVIDER TYPE: 20 - PHYSICIAN","3"
"1376498311","JHRP - 11085 LITTLE PATUXENT PKWY STE 103 - PROVIDER TYPE: 20 - PHYSICIAN","3"
"1386982791","Ephraim McDowell Behavioral Health","3"
"1396352605","Sterling 5","3"
"1447242623","St Mary's Hospice Services","3"
"1457735805","Pallitus Health Partners","3"
"1457968760","Sterling 8","3"
"1467069849","Smart Pharmacy","3"
"1467496133","Western Wisconsin Health","3"
"1467649111","Cornerhouse Dialysis Center","3"
"1548877921","Sterling 20","3"
"1558460535","Capitol Pain Institute","3"
"1598354813","Cognitive Connect Counseling","3"
"1639784994","Sterling #38/ Kennedy Drug","3"
"1669327698","JHRP - 11085 LITTLE PATUXENT PKWY STE 201 - PROVIDER TYPE: 20 - PHYSICIAN","3"
"1699620633","Bella Sonrisa Dental","3"
"1710044078","KAISER ONCOLOGY PHARMACY #854","3"
"1760108138","WVCORR","3"
"1811052194","Trinity Health of New England At Home","3"
"1811842859","Mesa Dental Group","3"
"1831044874","JHRP - 11085 LITTLE PATUXENT PKWY STE 210 - PROVIDER TYPE: 20 - PHYSICIAN","3"
"1841299187","St. Mary's Home Health Care Services","3"
"1871190033","Sterling 24","3"
"1871476515","Salud Medical Research LLC","4"
"1881317675","Helping Hands Family VA","3"
"1891105946","GRAND HEALTH INSTITUTE PEDIATRICS","5"
"1891110177","Omni Mental Health Inc","3"
"1902226087","GRAND HEALTH INSTITUTE PEDIATRIC PULMONOLOGY","5"
"1922428960","GRAND HEALTH INSTITUTE PEDIATRIC PSYCHIATRY","5"
"1932716339","Corner Drug","3"
"1942155981","Western Wisconsin Health-Healthshop Pharmacy","3"
"1962189993","St. Mary's Palliative Care","3"
"1962812016","GRAND HEALTH INSTITUTE PEDIATRIC DENTISTRY","5"
"1982716973","ST LUKE PHARMACY INC","3"
"1982993317","MercyOne Des Moines Home Care","3"
"1992702757","Trinity Health of New England At Home","3"
"1013199405","Williamsville Psychiatry PLLC","3"
"1013437417","Torres Family Pharmacy","3"
"1013437417","Torres Family Pharmacy LLC","3"
"1053266908","Ephraim McDowell Advanced Women's Care","3"
"1083031793","HOPE SPRINGS BEHAVIORAL HEALTH INC","3"
"1104707991","Spinal Health Group","3"
"1104863927","Mount Carmel Home Care","3"
"1144703182","Anne Tyson, LMSW LLC","3"
"1295697878","Transforming Physical Therapy & Wellness","3"
"1316369895","AFC Urgent care","3"
"1316892417","Owensboro Health Medical Group Coag Clinic","3"
"1326005596","St. Joseph Mercy Hospice","3"
"1326005596","Trinity Health at Home - Southeast Michigan","3"
"1336423086","Serenity","5"
"1376498220","Flex Urgent Care","3"
"1427903376","410 NEMT","3"
"1437955077","Serotonic Wellness","3"
"1508256256","ST. LUKE PHARMACY #4","3"
"1508512393","smile success","3"
"1508711441","CLB Homecare and Behavioral Health Services","5"
"1508711458","AFC Urgent Care","3"
"1508823774","St. Joseph Mercy Home Care","3"
"1508823774","Trinity Health at Home - Southeast Michigan","3"
"1568293496","1st Health Inc.","3"
"1568771236","Exodus Recovery, Inc - Eastside","5"
"1649279100","Above & Beyond Home Health","3"
"1649279100","Above & Beyond Hospice Care","5"
"1649279100","MercyOne Dubuque","5"
"1649781915","Oaks Surgical Center","3"
"1649781915","West Chase Houston Hospital","3"
"1649781915","Woodlands Oaks Hospital","3"
"1699761452","Laredo HME","3"
"1699761452","LaredoHME","3"
"1730142514","Holy Cross Home Care and Hospice","3"
"1881576429","Metroplex Oral and Facial Surgery","3"
"1891661245","Mount Carmel Home Care & Hospice","3"
"1891661245","Mount Carmel Home Care and Hospice","3"
"1891661245","Mount Carmel Hospice","3"
"1952256893","Contentnea Health","3"
"1003500307","Global Neuro and Spine Institute","3"
"1003500307","All Partners Network PLLC","4"
"1023071289","Holy Cross Home Care and Hospice","3"
"1053593715","Pinnacle Eye Group","3"
"1083569941","Aspire House","3"
"1093746562","Saint Joseph VNA Home Care","3"
"1134813439","Global Neuro and Spine Institute","3"
"1134813439","All Partners Network PLLC","4"
"1144367509","Laboratorio Clinico Villa Ana Aguas Buenas","3"
"1164116455","Global Neuro and Spine Institute","3"
"1164116455","All Partners Network PLLC","4"
"1205104841","St Josephs Wayne Dialysis","3"
"1205780798","Therapy Unboxed","5"
"1306790506","Veteran Six","3"
"1326732637","Global Neuro and Spine Institute","3"
"1326732637","All Partners Network PLLC","4"
"1346860095","Stark Prescription Shoppe","3"
"1376156810","Whitford Chiropractic Clinic","3"
"1437122009","Med360","3"
"1437122009","Monument Health John T. Vucurevich Cancer Care Institute","3"
"1437122009","Monument Health Orthopedic and Specialty Hospital","3"
"1437122009","Monument Health Rapid City Hospital , Inc.","3"
"1437122009","Monument Health Sleep Center","3"
"1437843745","Global Neuro and Spine Institute","3"
"1437843745","All Partners Network PLLC","4"
"1548242571","Clay County Fire Rescue","3"
"1598209645","Laboratorio Clinico Villa Ana Humacao","3"
"1609006303","Rosemore Eye Care","3"
"1609029651","Laboratorio Clinico Villa Ana Naguabo","3"
"1619108669","Advanced Endoscopy Center, PLLC","4"
"1619108669","Kaiser Permanente Salmon Creek Surgery Center","5"
"1629890702","New Horizon Wellness LLC.","4"
"1639285091","Laboratorio Clinico Villa Ana Aguas Buenas lll","3"
"1699774364","St. Francis Home Care","3"
"1770023186","Cognitive Care Medical Group","3"
"1790772127","John Knox Village Health Center","5"
"1790873149","Saint Agnes Home Health and Hospice, LLC.","3"
"1811200462","Global Neuro and Spine Institute","3"
"1811200462","All Partners Network PLLC","4"
"1851246722","Neurology, Headache & Pain Institute LLC,","3"
"1851246722","Neurology, Headache & Pain Institute LLC, Privia Medical Group, LLC","5"
"1851463087","Walgreens Specialty Pharmacy #15443","3"
"1861938151","Laboratorio Clinico Villa Ana Juncos III","3"
"1891179396","LABORATORIO CLINICO VILLA ANA 2","3"
"1902297955","Cohen's Fashion Opical","3"
"1902590201","Global Neuro and Spine Institute","3"
"1902590201","All Partners Network PLLC","4"
"1922102599","Laredo Home Medical Equipment","3"
"1922102599","dba Laredo Home Medical Equipment","4"
"1952923039","TRANSFORMATIVE VISION","3"
"1952923039","TRANSFORMATIVE VISION THERAPY COLLECTIVE","3"
"1952923039","TRANSFORMATIVE VISION WELLNESS CENTER","3"
"1023570488","Northwest Eye Surgeons","3"
"1033706825","MercyOne Des Moines Home Care & Hospice","3"
"1033706825","MercyOne Des Moines Home Care","5"
"1073468955","Costco Optical #1741","3"
"1174920748","Donahue Eyecare","3"
"1174920748","Great Lakes Vision Care","3"
"1205900677","SULLIVAN DRUGS INC","3"
"1265722979","MercyOne Hospice","3"
"1265722979","MercyOne Des Moines Hospice","5"
"1275596397","North Jackson Dialysis","3"
"1295258200","Noble Pharmacy","3"
"1346354834","PGHC Anesthesia Associates","3"
"1346354834","UNIVERSITY OF MARYLAND CAPITAL REGION","3"
"1386491462","Elan Dental","3"
"1427730613","Summit Spine & Joint Centers","3"
"1437276524","Above & Beyond Hospice Care","3"
"1437276524","Above & Beyond Home Health","5"
"1447846076","MercyOne Des Moines Home Infusion","3"
"1528143492","Ballad Health Medical Equipment","3"
"1538836655","Elan Dental","3"
"1558216671","WELLCARE PHARMACY","3"
"1588954556","MercyOne Des Moines Home Infusion","3"
"1598597726","Ramsey Medical Group","3"
"1649244401","Mercy Home Care, Sioux City","3"
"1649244401","MercyOne Siouxland Home Care","3"
"1649320789","Loyola Medicine Hospice","3"
"1659226546","Costco Hearing Aid #1796","3"
"1700124849","Fresno Sleep Wake Center Inc.","3"
"1750478293","Saint Agnes Home Health and Hospice, LLC","3"
"1780259291","UC HEALTH DISCHARGE PHARMACY","3"
"1780259291","UC MEDICAL CENTER - DISCHARGE PHARMACY","3"
"1841145737","Costco Optical #1796","3"
"1861418360","SUPRX PHARMACY","3"
"1881345171","Alex Y Hernandez, MD Inc","3"
"1972458842","Better Life Pharmacy","3"
"1982559878","Costco Hearing Aid #1741","3"
"1992717722","Intermountain Health District Clinic-Hematology Oncology","3"
"1992717722","Healthcare Partners Medical Group","5"
"1992717722","Intermountain Healthcare","5"
"1003056532","BCBSNC Employee Health Center madison Park","3"
"1003635509","JHCP - 3501 John Simmons St A201","3"
"1003635509","JHCP-3501 JOHN SIMMONS ST # A201-PROVIDER TYPE: 20 PHYSICIAN","3"
"1003770215","AT&T Tulsa","3"
"1033694732","AT & T Health Center","3"
"1043105224","On-site US Employee Health & Wellness Center - Frederick","3"
"1053266957","Kaiser Permanente Fischer Crossings Pharmacy","3"
"1083596571","On-site US Employee Health & Wellness Center - Newark","3"
"1144070673","Blue Skies Anesthesia","3"
"1184421729","TRIPLE ACE HOME HEALTH AGENCY","3"
"1194484998","Community Action Department","3"
"1215328547","Mind Mood Pain","3"
"1275488165","Helix Healthcare","3"
"1275488165","Helix Rheumatology","3"
"1356296248","Luxeye Optical","3"
"1356942411","BlackRock Center for Health & Well-Being","3"
"1366687816","First Choice Physical Therapy","3"
"1396226700","Bell Grand Prairie Health Services Clinic","3"
"1437004330","CVS Pharmacy #17944","3"
"1437778883","Georgia-Lina EMS","3"
"1447105341","North Cotner Dental","3"
"1477391514","Lake Mary Onsite Health Center","3"
"1497619605","AT&T San Ramon","3"
"1508113598","BMW Health Center","3"
"1518116110","Family Education and Counseling Center, Inc.","4"
"1568901718","Be Well Health Center- Chesapeake","3"
"1578454740","AstraZeneca Gaithersburg","3"
"1629842372","WAIANAE ELEMENTARY SCHOOL","3"
"1629842372","Waianae Elementary School School-Based Health Center","3"
"1629923529","COMMUNITY HEALTH COUNSELING","3"
"1649020496","Brightful Therapy","3"
"1659016715","MercyOne North Iowa Perioperative Care","3"
"1659226553","Stillwater Community Charitable Pharmacy","3"
"1659511186","BCBSNC Employee Health Center RDC","3"
"1710709365","WAIANAE ELEMENTARY SCHOOL","3"
"1710709365","Waianae Elementary School School-Based Health Care","3"
"1710709365","Waianae Elementary School School-Based Health Center","3"
"1730034638","Making Awesome Smiles of Boca Raton","3"
"1750323440","NADA, ONO, KA'ANEHE & SOLOMON, LLP","4"
"1861229650","MAHEC Health Center at Cullowhee","3"
"1902424914","Summit Sine & Joint Centers","3"
"1902751811","Arlington ER","3"
"1023096922","Fairview Hand Centers","3"
"1023096922","M Health Fairview Hand Therapy","3"
"1033586136","Memorial Hermann Surgery Center Park Ten","3"
"1053478024","Okeene Hospital Medical Clinic","3"
"1053727065","Mountain Laurel Medical Center","3"
"1063470763","Belton Regional Medical Center","3"
"1073092169","Canoochee EMC Health & Wellness Center","3"
"1104818863","Plain Township Fire Department","3"
"1114872033","Vascular- Urology LehighAcres","3"
"1124312624","Physical Therapy Services of Lubbock","3"
"1134160989","Tobacco Root Mountains Care Center","3"
"1174214696","Premier Medical Associates","5"
"1174477913","Eliza's Village","5"
"1215730189","BridgingLife at St Paul RD Hampstead","5"
"1235102344","Valley Endoscopy Center","3"
"1235608373","AngeL's Adult Daycare Center LLC","3"
"1285114793","Premise Health - Weldon Williams and Lick","3"
"1295680114","Lee Pain Management Cape","3"
"1295834984","WellSpan Family Medicine","3"
"1306649173","BridgingLife at Obrecht RD","5"
"1306857347","MercyOne North Iowa Obstetrics & Gynecology","3"
"1336142033","Okeene Municipal Hospital","3"
"1346034170","BridgingLife at Liberty Heights","5"
"1386319358","City of Marietta","3"
"1386447159","BridgingLife at Collison DR","5"
"1386954956","Clinic Dermatology","3"
"1396832804","Okeene Municipal Hospital","3"
"1417750399","BridgingLife at High Acre","5"
"1447105366","Kula no na Po'e Hawaii o Papakolea, Kewalo, Kalawahine","4"
"1447118245","BridgingLife at 1920 Rosemont Ave Frederick","5"
"1447808654","City County","3"
"1467815993","Children's Employee Health Hughes Spalding","3"
"1487190658","Havasu Regional Medical Center Home Health","3"
"1497558258","BridgingLife at Evergreen Dr","5"
"1497614630","Marlborough Hills Rehabilitation & Health Care Center","3"
"1508642471","Breeze Hospice","3"
"1518515733","Safety Building","3"
"1568329274","Franciscan Specialty Pharmacy","3"
"1568595098","The Health Connection","3"
"1588458152","BridgingLife at Old Westminster Pike","5"
"1609721364","WCHC-Garden City Health Center","3"
"1609767383","Premise Health Wellness Center - Santa Rosa","3"
"1619440567","EYEcenter Optometric","3"
"1639184278","Mason City Pharmacy","3"
"1649073495","BridgingLife at Baker RD","5"
"1669658068","Behavioral Health Services by Gladney","3"
"1669658068","Gladney Counseling Services","3"
"1699578583","BridgingLife at Buckhorn RD","5"
"1710771399","BridgingLife at 297 Stoner Ave","5"
"1730197492","MercyOne North Iowa Behavioral Services Center","3"
"1730846627","Blaizin Transportation LLC","3"
"1740074319","BridgingLife at 1305 Uniontown RD","5"
"1740951094","Toledo Health Center Operated by Premise Health","3"
"1750184628","BridgingLife at Main St Manchester","5"
"1760337687","CalmSity","5"
"1770436743","Franciscan Specialty Pharmacy","3"
"1801316179","Holly A. Dickson, MD","3"
"1801316179","Womens Wellness PLLC","3"
"1801699798","BridgingLife at Second Ave Sykesville","5"
"1811790710","BridgingLife at Wilhelm LN","5"
"1821943739","THRIVE WOUND SOLUTIONS","3"
"1831044759","Children's Nebraska","3"
"1851194765","BridgingLife at Bert Koontz RD","5"
"1871691485","Vision Source Studio 20/20","3"
"1881298578","Amazon Pharmacy #005","3"
"1881548626","Mickey Zane Place","5"
"1942211982","MercyOne North Iowa Family Medicine Residency","3"
"1942974092","City of Oviedo","3"
"1972351716","Hollywood Detox","3"
"1982009932","Camden Eye Care Center","3"
"1982009932","Eye Concepts","3"
"1982009932","Northeast Eye Care Center","3"
"1992650816","Vascular Surgery Creekside","3"
"1003635418","Northern Path Recovery Center","3"
"1104329689","THE PINK PENNY PRIVATE HOMECARE, LLC","3"
"1104329689","The Pink Penny Private Homecare, LLC","4"
"1134913700","BridgingLife at Bird View RD","5"
"1144105768","Crown Coast Pharmacy","3"
"1154315307","Baylor Scott & White Medical Center - Brenham","3"
"1285463844","ComForCare Homecare - Northwest Cook County","3"
"1295624385","Addus HomeCare","3"
"1336094234","Theodora Soublis, PHD","4"
"1336942101","BridgingLife at Antrim BLVD","5"
"1376337956","BridgingLife at W Belvedere Ave","5"
"1427847821","BridgingLife at 5401 Old Court Palliative Care","5"
"1578357158","BridgingLife at 4204 Old Milford Mill RD","5"
"1578418406","theRUBY Postnatal","3"
"1619761285","BridgingLife at Campfield RD","5"
"1629862297","BridgingLife at West RD","5"
"1679684682","Share Medical Center","3"
"1730387010","General Surgey Solutions","3"
"1730387010","Las Vegas Bariatrics","3"
"1730824814","Summit Spine & Joint Centers","3"
"1750055828","City of South Charleston","3"
"1790370732","Cheiron Chiropractic","3"
"1831045764","NovoKind Wellness","3"
"1841084639","BridgingLife at 2434 W Belvedere Ave","5"
"1841084662","BridgingLife at Atruim CT","5"
"1871072983","City of Statesboro/Briggs & Stratton Employee Health & Wellness Center","3"
"1871448704","Signature Healthcare Pharmacy","3"
"1932993508","BridgingLife at Reisterstown RD","5"
"1942274493","Sierra Vista Dialysis","3"
"1972306850","BridgingLife at Albert Rill RD","5"
"1053484998","Lassen Indian Health Center Pharmacy","3"
"1053484998","Lassen Indian Health Center Pharmacy","5"
"1063923753","Rolla Home Training","3"
"1154618742","Valley Baptist Medical Center","3"
"1295681153","ZapZzz","3"
"1508324013","Center for Digestive Disease","3"
"1508739020","Connected Brain Counseling","3"
"1508739020","Men's Mental Wellness Center","3"
"1518813450","Heartfelt Harmonies","3"
"1548609498","Vitruvian Health","3"
"1558060327","Mize Convenient Care, PLC","3"
"1558579862","ARIEL HOME HEALTHCARE","3"
"1639931157","AH PHARMACY","3"
"1740931468","Tytan Health","3"
"1750499570","Total Respiratory","3"
"1851423560","Bakersfield Recovery Services, Administration","3"
"1043177280","NBHPT","3"
"1043177280","New Braunfels Hand Associates","3"
"1043728439","Blue Ridge Well Being","3"
"1043728439","Hallmark Rehab & Alignment","3"
"1073469946","Valley Health Center at San Jose Main Pharmacy","3"
"1184308116","Orange County Endodontics","3"
"1285261891","Sterling Residences","3"
"1346806072","Park Place Residences","3"
"1407596240","Inner Beacon Therapy","3"
"1598476798","Grace Care","3"
"1659500726","Desert Eyeworks Optometry","3"
"1740092170","Sandia Senior Suites","3"
"1740092170","Sandia Senior Management, LLC","4"
"1790631679","Breastfeeding Advocates of Ottawa County","4"
"1912216219","LHC Aquisitions, LLC","3"
"1922954809","Total Sports Therapy","3"
"1932808276","Pine Grove Acupuncture","3"
"1952962607","Prestige Recovery Retreat","3"
"1962393124","Hope & Healing Outpatient","3"
"1043004971","BridgingLife at W Belvedere Ave","5"
"1073104535","BridgingLife, Inc Palliative Care Group","5"
"1073104535","Carroll Hospice, Inc.","5"
"1083075345","Parkwood Pharmacy #1000","3"
"1093509812","BridgingLife at 5412 Old Court RD","5"
"1093509929","BridgingLife at 1234 Washington RD","5"
"1124820121","BridgingLife at N Charles ST","5"
"1134913049","BridgingLife at 3816 Ridge RD","5"
"1235923152","BridgingLife at Uniontown RD","5"
"1326479585","Memorial Division of Cardiac Services","3"
"1346034238","BridgingLife at Old Milford Mill","5"
"1366236275","BridgingLife at Midway Ave","5"
"1437943347","BridgingLife at Old National Pike","5"
"1558155424","BridgingLife @ 5743 Edmondson Ave","5"
"1558155424","BridgingLife at 5743 Edmondson Ave","5"
"1578419461","Synergy HomeCare of CA60","3"
"1619779634","BridgingLife at Sykesville RD","5"
"1629705728","Maddie Sivo Counseling LLC","3"
"1649072695","BridgingLife at 1010 E 33rd St Baltimore","5"
"1689468498","BridgingLife at Roundwood RD","5"
"1699569574","BridgingLife at St Luke Circle","5"
"1750756466","Memorial Division of General Endocrinology","3"
"1790631695","JHCP - 7929 Westpark Dr - Provider Type: 20 - Physician","3"
"1801305578","Mental Health Solutions","3"
"1801305578","Mental Health Solutions, LLC","3"
"1801505854","BridgingLife Mental Health","5"
"1801680616","BridgingLife at N Rolling RD","5"
"1801698865","BridgingLife at Stevenson LN","5"
"1811413768","Super Kids Development Center","3"
"1811781735","BridgingLife at Terrapin DR","5"
"1821066820","Lynn County Hospital District","5"
"1831983428","BridgingLife at Nelson RD","5"
"1831983717","BridgingLife at 45 Washington RD","5"
"1851240758","STELLAR HEALTH RX PHARMACY","3"
"1962991562","Memorial Division of Advanced Heart Failure","3"
"1003447384","Hanger Clinic","3"
"1013452408","TMJ Sleep Therapy Centre of Kansas","5"
"1013734888","Guilford Clinic","3"
"1043321102","MercyOne North Iowa Wound Care","3"
"1043775232","Ancuram Family Medicine","3"
"1053172619","Tanglewood Drugstore","3"
"1124060843","Laboratorio Clinico Villa Ana","3"
"1124692165","MYNDPATH PSYCHIATRY AND MEDICAL ASSOCIATES LLC","3"
"1144176058","Blue Valley Pediatric Dentistry","3"
"1164479192","MHMR Services for the Concho Valley","3"
"1164721577","Maxor Pharmacies","3"
"1164721577","VytlOne Pharmacy","3"
"1194962829","Recovery 4 Life","3"
"1194962829","Trivium Life Services","3"
"1194962829","JX2","4"
"1295612364","OIC Inspired Pharmacy","3"
"1356336903","Prestera Health Services","5"
"1376240028","On-Site Wounds","3"
"1396750998","TANGLEWOOD DRUG STORE","3"
"1447120662","Happy Days Pediatrics","3"
"1467959783","FuzeRx Miami","3"
"1467959783","NMB PHARMACY INC","3"
"1497718340","Island Dialysis","3"
"1538013271","Exigency Community Care Services","3"
"1538671847","Summit Spine & Joint Centers","3"
"1538748470","Myndpath Psychiatry and Medical Associates LLC","3"
"1568471597","MercyOne North Iowa Emergency Care","3"
"1588258107","Neuroscience Institute","3"
"1588258107","Neuroscience Research Institute of Florida, LLC","4"
"1598872210","Maxor Specialty Pharmacy","3"
"1598872210","VytlOne Specialty Pharmacy","3"
"1639021132","JHU - 10751 FALLS RD STE 303 - PROVIDER TYPE: 27 - MENTAL HEALTH","3"
"1649126558","Traumatrack LLC","4"
"1750909339","SaeRem Healthcare LLC","4"
"1801937495","MHMR Services for the Concho Valley","3"
"1821016536","Faith Lutheran Home","3"
"1821016536","Poplar Community Hospital","3"
"1821016536","Trinity Hospital","3"
"1942195615","Helios Home Care","3"
"1942195615","Helios Home Health","3"
"1972285161","Summit Spine & Joint Centers","3"
"1972610376","MercyOne North Iowa Cancer Center","3"
"1992502421","On-Site Wounds","3"
"1003082736","MercyOne North Iowa Kidney Care","3"
"1073154266","Seasons Medical By Madison Memorial","3"
"1134747033","Holland Center for Rehabilitation and Nursing","3"
"1174479091","Next Season Wellbeing","3"
"1194526780","Musally Healthcare, LLC","3"
"1205694908","Buy Rite Drugs #6 LTC","3"
"1275198913","Renew Family Dermatology","3"
"1306792122","Ardenwoods Retirement Community","5"
"1316482284","US Neurological, PLLC","4"
"1326047234","Buy Rite Drugs","3"
"1336398825","Mercy Bariatrics Center","3"
"1336398825","MercyOne Weight Loss Center","3"
"1386845303","The Hamilton Baptist Home","3"
"1396340436","Crafted Home Care","3"
"1427935006","Gulf Gate Hearing Aid Center","3"
"1467337964","Smart Dental","3"
"1588510408","GetWell Rx of Edmond LTC","3"
"1609806371","MercyOne North Iowa Specialty Care","3"
"1700874880","Western North Carolina Baptist Home","5"
"1730602756","Madison Memorial Orthopedics","3"
"1730800897","Madison Foot and Ankle","3"
"1770389306","Banyan Tampa","3"
"1841146669","CareDiem Home Care of Gurnee","3"
"1881797124","MercyOne Physical Medicine and Rehabilitation","3"
"1922274653","MercyOne Diabetes Care","3"
"1942247044","Centerpoint Medical Center","3"
"1962674598","MERCY DERMATOLOGY CENTER","3"
"1962674598","MercyOne North Iowa Dermatology Care","3"
"1093720708","MercyOne Clear Lake Pediatric & Adolescent Clinic","3"
"1104830850","AMR","3"
"1104830850","American Medical Response","3"
"1104830850","EagleMed","3"
"1124296843","HOPE Community Medicine","3"
"1124296843","Hope Project","3"
"1144686346","TLC The Littleton Clinic","3"
"1184992380","MercyOne Obstetrics & Gynecology Clinic, ARNP","3"
"1356461032","HOPE Community Medicine","3"
"1356461032","The HOPE Project","3"
"1366460297","Health Care Institute of North Florida","3"
"1427333194","MercyOne Weight Loss Center ARNP","3"
"1427333194","Mercy Bariatric Center - ARNP","5"
"1427404912","Nemours Children's Health Urgent Care, Glen Mills","5"
"1427404912","Nemours DuPont Pediatrics Urgent Care, Glen Mills","5"
"1447923420","City of Westminster","3"
"1477910149","Brevard Regional Hyperbaric Center","3"
"1497763841","MercyOne Greene Family Medicine","3"
"1528581725","HealthFirst Clinic, Operated by Premise Health","3"
"1558478420","MERCY FAMILY CLINIC-LAKE MILLS","3"
"1558478420","MercyOne Lake Mills Family Medicine","3"
"1558872176","Bristol Virginia Fire Department","3"
"1588093652","Potomac Professionals","5"
"1609730282","Heart Vascular and Sports Cardiology Clinic of Houston","3"
"1750100889","Comcast - Universal Studios South","3"
"1790895654","MercyOne Clear Lake Family Medicine","3"
"1811003015","MERCY FAMILY CLINIC-FOREST CITY","3"
"1811003015","MercyOne Forest City Family Medicine","3"
"1821983867","Bonham Family Drug","3"
"1861381410","Bells Family Drug LTC","3"
"1912853748","SIHF Healthcare - Smithton","3"
"1922114792","MercyOne Forest Park Family Medicine","3"
"1922118918","MercyOne Regency Family Medicine","3"
"1932217825","MERCY FAMILY CLINIC-NORTHWOOD","3"
"1932217825","MercyOne Northwood Family Medicine","3"
"1003804188","The Gardens of Taylor Glen","5"
"1013089895","Division of Public Health","5"
"1023964871","Best Rx & DME - 4","3"
"1053929208","Edgefield Medical Center","3"
"1083560833","Premier Urgent Care","3"
"1164962197","Discovery Wellness Center Miami","3"
"1184573412","RESTORATION MIND AND MEDICAL","3"
"1215148598","The Taylor House","3"
"1225100092","Bureau of Oral Health and Dental Services","3"
"1225100092","Special Dental","5"
"1245186089","Interim Healthcare Of North San Antonio TX","3"
"1245906528","Dougherty Co - Albany","3"
"1265216550","Global MH Services","3"
"1265216550","NUBIA LLUBERES PLLC","4"
"1295344372","Yellow Chair Collective","3"
"1295723377","Brookridge Retirement Community","5"
"1295973006","Galena Surgical Center","3"
"1295973006","Summit Surgery Center at St. Marys Galena","3"
"1316427602","Cummins Health Center - Memphis","3"
"1316893167","The Self Centre","3"
"1376658658","Morris Hospital & Healthcare Centers","3"
"1376862151","Trinity Health Medical Group","3"
"1386246221","Laguna Community Health Center Pharmacy","3"
"1407725336","NORTHFIELD HOSPITAL & Clinics -Jefferson Road Clinic","3"
"1417227083","Discovery Wellness Center Sterling","3"
"1518031665","Hanger Clinic","3"
"1538763743","GOODDAY DENTAL CARE","3"
"1609881457","MERCY FAMILY CLINIC-ROCKFORD","3"
"1609881457","MercyOne Rockford Family Medicine","3"
"1649750985","Premise Health - Fort Smith Central","3"
"1659227569","Better Life Care","3"
"1679329502","Restorative Resilience Counseling","3"
"1679329502","Restorative Resilience Counseling PLLC","4"
"1689288938","FlexCare Infusion Centers","3"
"1700215977","County of Wayne","5"
"1720017882","American Medical Group","3"
"1720017882","Bay, Foot, and Ankle Center","3"
"1730193020","MercyOne North Iowa Palliative Care","3"
"1740917111","Axis Spine Center","3"
"1770439531","The Crown Restoration Center","3"
"1770893992","Well at Dell Health Center Austin","3"
"1770936650","Progressive Pharmacy Care","3"
"1801226220","Family Wellness Center","3"
"1811091986","NovaCare Rehabilitation","3"
"1831045681","Shenango Valley Outpatient Services","5"
"1831417674","CADEP","4"
"1851288054","TMJ Physical Therapy","3"
"1871397505","Ebony Moss","3"
"1912916941","MercyOne North Iowa Pediatric Hospitalists","3"
"1912916941","NORTH IOWA MERCY CLINIC-PEDIATRIC HOSPITALIST","3"
"1972513026","MercyOne Sheffield Family Medicine","3"
"1023056744","Mercy General Physician Network","4"
"1033118716","PLAINS MEMORIAL HOSPITAL","3"
"1063145019","Carino Home Visiting Program","5"
"1063391639","PCHS Medical Respite & Housing Center","5"
"1093847881","Farmacia Rey # 25","3"
"1114873973","Anchor Bay East Providence","3"
"1124042700","Trinity Health Medical Group","3"
"1124042700","Mercy Heart Center","4"
"1144766635","Healthy Minors","3"
"1174545115","Norristown Regional Health Center","3"
"1184715328","RBHA","5"
"1194767186","Hackley Behavioral Health Services","3"
"1194767186","Trinity Health Behavioral Health Muskegon","3"
"1215031380","CUYAHOGA COUNTY DIVISION OF SENIOR & ADULT SERVICES","3"
"1215031380","Home Care Skilled Services","3"
"1215255799","Trinity Health Medical Group Obstetrics & Gynecology - Hackley","3"
"1285580043","The Villages of Windcrest","3"
"1306792171","Amada Senior Care Fremont CA","3"
"1336573393","Trinity Health Medical Group","3"
"1366730228","FARMACIA REY #10","3"
"1396429684","CARNEGIE HILL INSTITUTE","4"
"1407894314","Life Care Center of Las Vegas","3"
"1467476143","Trinity Health Medical Group Obstetrics and Gynecology Hackley","3"
"1467476143","Mercy General Women's Health Services","4"
"1548570062","Trinity Health Medical Group Obstetrics & Gynecology - Lake Village","3"
"1588780464","Infudyne","3"
"1588780464","OR Dynamics","3"
"1588780464","LUCENT Surgical Support Systems, Inc.","4"
"1598776296","BALANCE POINT PHYSICAL THERAPY","3"
"1629010384","Trinity Health Medical Group","3"
"1629010384","Mercy General Specialty Services","4"
"1629742465","Illinois COVID 19","3"
"1629742465","Move To Help Foundation","3"
"1659012839","The Center For Child and Family Psychiatry, PC","4"
"1699055962","BetterNight","3"
"1699055962","Sleep Data","3"
"1720182439","MercyOne North Iowa Women's Health Care and Internal Medicine","3"
"1720612112","Thrive Wellness Clinic","3"
"1750308300","Parmar Dental Designs","3"
"1750308300","Sleep Better Maryland","3"
"1770007056","Love To Hear Again Audiology","3"
"1770452955","Avail Services","3"
"1891311171","Finding Home Medical Services","3"
"1891311171","SWPCA Medical Practice","3"
"1922248772","Trinity Health Medical Group","3"
"1932902723","MAINEHEALTH NEW HAMPSHIRE IFT","3"
"1952340911","Trinity Health Medical Group","3"
"1972323590","Midwest Podiatry & Associates LLC","3"
"1982708566","MercyOne Mason City Pediatric & Adolescent Clinic","3"
"1033970223","Walkabout Orthotic & Prosthetics","3"
"1063370138","DH Therapy Services","3"
"1063766673","Huggins Hospital Physician Services","3"
"1124342282","Boston Emergency Medical Services","3"
"1164275962","HLTHI","3"
"1164474334","Bay State Physical Therapy","3"
"1164474334","Bay State Physical Therapy of Randolph PC","4"
"1205231941","Behavioral Health Services","3"
"1295761625","Alyeska Physical Therapy, Inc.","4"
"1306871215","AMR","3"
"1306871215","American Medical Response","3"
"1306871215","EagleMed","3"
"1326711722","Maria de los Santos Express Care","3"
"1356329163","ACT Corporation","4"
"1376498709","Family Dental Health of Garners Ferry","3"
"1407702293","Luci Clark","3"
"1518379395","DoD ANDREWS ePhcy","3"
"1578419354","JHU - 550 N BROADWAY STE 308 - PROVIDER TYPE: 27 - MENTAL HEALTH","3"
"1578552402","PEACE HARBOR MEDICAL CENTER","3"
"1629758446","TINHIH","5"
"1669326294","Dixon's Transportation LC","3"
"1699543579","Stanislaus County MCRT","3"
"1699745893","Oklahoma Spine Hospital","3"
"1699745893","SSM Health Oklahoma Spine Hospital","3"
"1730908740","MUKISS","3"
"1740968445","Backsmith Montana Chiropractic","3"
"1760338545","Amazon Pharmacy #049","3"
"1811202153","Fairmount Primary Care Health Center at Horizon House","3"
"1831796390","Aljan Company","3"
"1851247647","CareStar LLC","5"
"1861905721","Prompt Care Sherman","5"
"1861905721","Springfield Clinic Sherman","5"
"1861905721","Springfield Clinic Urgent Care - Sherman","5"
"1871940841","Norton Home Health","3"
"1871940841","Patient Care","3"
"1881363760","Treasure Valley Optometry","3"
"1952257735","JHU - 10753 FALLS RD STE 105 - PROVIDER TYPE: 20 - PHYSICIAN","3"
"1962206359","Maria Center Pharmacy","3"
"1982617858","Arlington Chiropractic Neurology Center","3"
"1982617858","Michael Combs, DC","3"
"1982617858","Cizombs Incorporated","4"
"1003587106","Montefiore Lawrence","5"
"1003587106","Motion SM Woodmere","5"
"1053452391","Great River Health-Mediapolis","3"
"1053452391","Mediapolis Clinic","3"
"1053938118","Mid-Delta Health Systems - DeWitt","3"
"1083258495","ST. CHRISTOPHER'S PEDIATRIC ASSOCIATES OPHTHALMOLOGY - E. ERIE AVENUE","3"
"1083450605","Roundtable Therapy","3"
"1164210993","Ohio County Healthcare Gastroenterology NP Group","3"
"1184570988","Simplicity Health Partners","3"
"1205551884","Mid-Delta Health Systems - Stuttgart","3"
"1245903152","Galveston Co - Texas City","3"
"1265103659","LifePath Behavioral Clinic","3"
"1326202870","LifePath Systems","3"
"1356166847","BrightStar Care Ponte Vedra/ W JAcksonville","3"
"1437961828","Ohio County Healthcare Gastroenterology","3"
"1447105614","BridgingLife Inc at Jefferson Blvd Frederick","5"
"1447123526","S&T URGENT CARE OF SIMI VALLEY","3"
"1457212326","Buffalo Senior Community Center","3"
"1457701989","Mercy Vascular Medicine Clinic","3"
"1457701989","MercyOne North Iowa Vascular Center","3"
"1477418218","Delaware Integrative Healthcare","3"
"1508614058","THINK RIGHT","3"
"1528955655","UCI Health Rehabilitation Hospital","3"
"1568006799","St. Christopher's Pediatric Associates Ophthalmology - Sewell","3"
"1578762308","AMR","3"
"1578762308","American Medical Response","3"
"1578762308","EagleMed","3"
"1649126434","Huggins Cardiology Services","3"
"1659573483","Great River Spine","3"
"1679354468","Lion Clinic","3"
"1679613723","Great River Clinic at Wapello","3"
"1699351999","Coram CVS/Specialty Infusion Services","3"
"1730126459","Orthopedic Surgeons","3"
"1740945336","Mid-Delta Health Systems - North","3"
"1780141887","Universal Therapy","3"
"1811754781","GEHA Fitness Center","3"
"1841786951","Family Planning of Southeast Iowa","3"
"1841969169","Mid-Delta Health Systems - Mobile Clinic","3"
"1871534792","Alton Family Medicine","3"
"1891649711","Roper St. Francis Physician Partners Primary Care","3"
"1902865082","Great River Surgeons","3"
"1942018353","Huggins Hospital Cancer Care & Infusion Center","3"
"1952026692","Gracepoint Pharmacy","3"
"1952026692","Ibis Pharmacy","5"
"1972459774","Arise Pharmacy LLC","3"
"1982437299","Hub City Lactation","3"
"1992478804","Galveston Co - Galveston","3"
"1992540264","Karen Hawk PsyD","3"
"1992540264","Resilience Counseling & Assessment, LLC","3"
"1033769849","Buena Vista Township Emergency Medical Services","5"
"1043102221","Greenheck Group Wellness Center","3"
"1063368777","Cardinal Health","3"
"1164218814","CleveMed","3"
"1194671800","Ohio County Villa Point Rehab","3"
"1275808750","Richard Garrett Lee","3"
"1295711281","NMMC Employee Pharmacy","3"
"1295711281","nmmc employee pharmacy","3"
"1306792106","INNERKIN COUNSELING","3"
"1316509185","Healthy Minds & Healing Hearts","3"
"1346284650","North Forrest Attendance Center","3"
"1386590008","Penn Highlands Mon Valley","3"
"1386590008","Penn Highlands Lung Center","5"
"1386832764","MercyOne Specialty Care","3"
"1427575091","Advantage Home Therapy LLC","4"
"1447936398","Compassionate Professional Counseling","3"
"1447936398","Reclaim13","3"
"1477442499","SIAMO HEALTH","3"
"1528927282","Apple Valley Health Center","3"
"1588379424","West Chiropractic","4"
"1609240894","Family Health Center","3"
"1609240894","High Plains Community Health Center Incorporated","5"
"1629287875","Mid-Delta Health Systems, Inc. Dental","5"
"1689212607","AMHS Forensics Central","3"
"1689212607","AMHS PACT Court","3"
"1700622404","Potter JHS School-Based Health Center","3"
"1740136456","Penn Highlands Mon Valley","3"
"1740136456","Penn Highlands Gynecology","5"
"1740729466","Nest Collaborative, INC","4"
"1760338479","UCHealth Medical Group","3"
"1760338479","UCHealth Dermatology Clinic - Longmont","5"
"1760581532","Infection Doctors","3"
"1780419036","Clarity Health KC","5"
"1801350640","Suncrest Hospice","3"
"1811648264","Interim Healthcare of El Paso","3"
"1851064844","Georgetown County","3"
"1851247662","Ohio County Villa Point NP Group","3"
"1912853755","UCHealth Medical Group","3"
"1932055779","UCHealth Medical Group","3"
"1932596350","High Plains Holly Clinic","3"
"1952290132","SIAMO HEALTH","3"
"1982756086","Fallbrook Family Health Center","3"
"1003600073","MyoAlign","3"
"1003600073","MyoSpace","3"
"1003600073","The MyoSpace","3"
"1003600073","The MyoSpace of Seattle","3"
"1003600073","The MyoSpace of Tacoma","3"
"1003600073","The MyoSpace of Seattle","4"
"1043166770","Healing hearts&souls homecare","3"
"1083589725","Prosperous Soul Inner Healing & Counseling Services, LLC","5"
"1114101425","Dr. Tewodros Gedamu & Associates","3"
"1386590024","Nomad Therapeutics","3"
"1407610124","Deborah Care","3"
"1467310086","SilverHeart Medical Group & Logistics","3"
"1518813245","Snake River Infusion & Wellness","3"
"1548141997","St. Christopher's Pediatric Associates Ophthalmology - Newtown Yardley","3"
"1548810401","Smart Skin Dermatology","3"
"1558227876","VN Pharmacy","3"
"1629924360","Rapha Counseling","3"
"1700678711","Play Thru It","3"
"1801926175","Specialtycare","3"
"1841490075","Full Circle Health","3"
"1841753829","Neugard Pharmacy & Surgical Supply","3"
"1861545113","MEDICINE MART","3"
"1861545113","Wall Drugs of Florence","3"
"1871449595","Penn Highlands Mon Valley","3"
"1871449595","Penn Highlands Endocrinology","5"
"1881442333","Embark Virtual at Montana","3"
"1891641536","Haskell Dental","3"
"1922954668","Everbloom AFH","3"
"1922954668","Everbloom Care Home","3"
"1952628653","Prestigious Hospice","3"
"1972287993","Deborah Care LLC","3"
"1972694990","JIM SAJBEL'S  PRESCRIPTION SHOP","3"
"1972694990","Prescription Shop","3"
"1003603622","Precision Sports & Wellness","3"
"1073469748","Caring Angels Home Help","3"
"1093199242","The Ready Care Clinic","3"
"1164477709","MNCOME, PA","5"
"1164769790","Hoosier Home Health","3"
"1174921316","Central Drug","3"
"1194313619","Prescryptive Pharmacy","3"
"1245978337","Prescryptive Health (Digital)","3"
"1326994088","Angelo Pharmacy","3"
"1356297022","Vital Path Family Medicine","3"
"1396691044","Sovah Family Medicine Market Square","3"
"1457207110","Affection Health Care","5"
"1457207110","DOT Modesto","5"
"1457207110","Send Clinic","5"
"1457207110","Send Slim","5"
"1457207110","Unity Pain Management","5"
"1467045039","Nana's Homemaker Companion","3"
"1588510234","Zapzzz","5"
"1619781309","8th State Physical Therapy","3"
"1669230108","Thrive","3"
"1679429336","Seven Homecare","3"
"1710678172","Prescryptive Health (Digital)","3"
"1790402600","REGIMEN PEDIATRIC HEALTHCARE","4"
"1790631455","Angelo Pharmacy","3"
"1902756737","Healing Path","3"
"1043622681","DoD TRAVIS ePhcy","3"
"1114353026","United Vein & Vascular Centers","3"
"1114353026","United Vein Centers","3"
"1134075807","ARK Primary Care","3"
"1134168263","Southeast Iowa Regional Medical Center","3"
"1134168263","Great River Medical Center","4"
"1154996411","Wapello Clinic","3"
"1154996411","Great River Medical Center","4"
"1184570855","Convergence Community Engagement Services","3"
"1194605113","Publix Pharmacy #1861","3"
"1285580951","Better Care Medical Transportation","3"
"1285716886","ENT & Allergy of New Orleans","3"
"1336095017","Breakthrough TMS, Inc.","3"
"1336095017","Breakthrough TMS","5"
"1376499046","Haven Care Clinic","3"
"1457733479","Andrey Melnikov PC","5"
"1477654127","Sunrise PACE","3"
"1497633804","BELIEVER IN SECOND CHANGE PA","3"
"1508431875","Southeast Iowa Regional Medical Center","3"
"1508431875","Great River Medical Center","4"
"1518531706","Southeast Iowa Regional Medical Center","3"
"1518854017","Lotus Light Counseling","3"
"1548623911","Revelation Hospice","3"
"1548835804","Mediapolis Clinic","3"
"1548835804","Great River Medical Center","4"
"1598645541","AFC Urgent Care","3"
"1609729383","Texas Spine and Pain","3"
"1639158595","Southeast Iowa Regional Medical Center","3"
"1639158595","Great River Medical Center","4"
"1700747573","TCP Health Austin","3"
"1760575294","NovaCare Rehabilitation","3"
"1770446908","Highland Family Dentistry","3"
"1770463713","AFC Urgent Care","3"
"1861076473","Henry County Health Center - Wayland Clinic","3"
"1881540573","Eye Savers","3"
"1881547594","AHN Park Cardiothoracic & Vascular Institute","3"
"1902593965","Henry County Health Center-Mediapolis Clinic","3"
"1033681150","Valley Health Family Medicine Inwood","3"
"1053018317","BL3ND TELE PSYCH","3"
"1053712554","Mosaic Pharmacy Service","3"
"1124799416","Greater Than Nursing","5"
"1154271740","BrightSide Care","3"
"1174500078","City of Albertville Ambulance Service","3"
"1235307752","Orion EMS","3"
"1255099826","OnPoint Pharmacy of Manhasset","3"
"1265477889","Haven Dialysis","3"
"1306214002","Morton County Medical Clinic","3"
"1326994021","Dentists of El Monte","3"
"1336939693","Cerebral Spa","3"
"1437245800","George J. Otlowski, Sr.-Center for Mental Health Care","3"
"1437245800","Raritan Bay Mental Health Center","3"
"1477562288","Cattaraugus Territory Health Center","3"
"1487399689","Belly Health Medical NJ","3"
"1528318227","Community Health Rep.","5"
"1528318227","Community Health Services","5"
"1568534717","Wayne County Nursing Home","3"
"1588631980","Wayne County EMS","3"
"1689333072","Blue Ridge Palliative Care Services","3"
"1689602104","MORTON COUNTY HOSPITAL SB","3"
"1700943735","MORTON COUNTY HOSPITAL LTC","3"
"1770213365","H2 Health","3"
"1770213365","H2 Rehabilitation Services of Florida LLC","4"
"1811503907","Abrazo Orthopedic Specialists Arrowhead","3"
"1871449561","Duke Lake Norman Hospital","3"
"1881200970","Abrazo Orthopedic Specialist-Biltmore Terrace","3"
"1891302790","Arizona Sports Medicine Center (ASMC)","3"
"1912853615","Family First Medical Center and Pharmacy","3"
"1932084159","72nd Street Pharmacy","3"
"1932314762","MORTON COUNTY MEDICAL CLINIC","3"
"1942879432","Oasis Counseling ServIces, LLC","3"
"1952117434","Treasure Valley Vision Center","3"
"1962532374","Deerfield Centers for Addictions Treatment","3"
"1003762618","Westminster Modern Dentistry","3"
"1013071281","Binghamton Psychiatric Center","5"
"1013253723","Suburban Dialysis Center","3"
"1023260825","RABY INSTITUTE","3"
"1023964632","JHCP - 10755 FALLS RD STE 360 - PROVIDER TYPE: 20 - PHYSICIAN","3"
"1043166655","Sarah Social Adult Day Care","3"
"1083307797","Unity Pharmacy","3"
"1083360382","Fyzical Therapy & Balance Center","3"
"1083887574","CRIT Behavioral Health Services","5"
"1124388541","Manheim Pike Dialysis","3"
"1124973011","CVS Pharmacy #17943","3"
"1144176744","JHCP - 10700 CHARTER DR STE 205 - PROVIDER TYPE: 20 - PHYSICIAN","3"
"1164260634","Unity Pharmacy","3"
"1164378980","CLARITY PSYCH CARE","3"
"1174479786","JHCP - 1132 ANNAPOLIS RD STE 106 - PROVIDER TYPE: 20 - PHYSICIAN","3"
"1215287941","Lourdes Innova Dialysis","3"
"1215629878","Schuler Family Therapy","3"
"1215629878","Symbiotic Family Therapy","3"
"1225689052","BAKERSFIELD INSTITUTE OF ADVANCED UROLOGY","3"
"1225984826","JHCP - 10710 CHARTER DR STE 100 - PROVIDER TYPE: 20 - PHYSICIAN","3"
"1225984834","JHCP - 11085 LITTLE PATUXENT PKWY - PROVIDER TYPE: 20 - PHYSICIAN","3"
"1235085838","JHCP - 10710 CHARTER DR STE 400 - PROVIDER TYPE: 20 - PHYSICIAN","3"
"1245710532","Premise Health - Hot Springs","3"
"1255635306","Palo Alto Health Center","3"
"1295157139","Greenville Employee Health and Wellness Center","3"
"1295689818","Bloom Therapy","3"
"1316893936","Wildflower Serenity Wellness, LLC","3"
"1396691911","JHCP - 5215 LOUGHBORO RD NW STE150 - PROVIDER TYPE: 20 - PHYSICIAN","3"
"1407291917","Galesville LTC Pharmacy","3"
"1417803016","SOAR MEDICAL GROUP CORP","3"
"1427726637","Lokahi Counseling Center LLC","3"
"1437469335","Plano Health Center","3"
"1447106042","Kuna Modern Dentistry","3"
"1457409674","Los Angeles Cancer Network","3"
"1467307330","CVS Pharmacy #17939","3"
"1467931584","House of Raeford Health & Wellness Center","3"
"1528933884","Schuler Family Therapy","3"
"1528933884","Symbiotic Family Therapy","3"
"1538582051","Eagle Valley Dialysis","3"
"1578260014","Tampa Heart & Vascular Associates LLC","3"
"1578869665","Trans-Care Ambulance","3"
"1588143663","Hurst Boiler Health & Wellness Center","3"
"1588510184","JHCP - 10751 FALLS RD STE 412 - PROVIDER TYPE: 20 - PHYSICIAN","3"
"1598264194","Greenpoint Dialysis","3"
"1609414168","Excel Family Medical & Urgent Care","3"
"1619034154","Bronx Psychiatric Center","5"
"1619361136","Jersey City Grand Home Dialysis","3"
"1619823226","JHCP - 5200 EASTERN AVEN 2ND FLOOR - PROVIDER TYPE: 20 - PHYSICIAN","3"
"1659045656","Unity Pharmacy","3"
"1659225837","Lutheran Social Services of the National Capital Area","3"
"1659301992","Inspired Spine Health","3"
"1659301992","Tristate Brain and Spine Institute","3"
"1659878312","theGroupMD","3"
"1679829493","Pocono Home Center","3"
"1689520280","Hill Road Dentists","3"
"1699621201","JHCP - 11085 LITTLE PATUXENT PKWY STE 210 - PROVIDER TYPE: 20 - PHYSICIAN","3"
"1710739230","Arrow Pharmacy","3"
"1720210552","Highmark Health Center","3"
"1740312370","Coastal Orthopedics, PA","5"
"1740550870","PRIMARY AMBULANCE LLC","3"
"1740550870","Primary Ambulance","3"
"1770196495","Husqvarna Wellness Center operated by Premise Health","3"
"1821514332","WellBeings Therapy","3"
"1831458660","Jersey City Dialysis","3"
"1841354081","Main Line Foot and Ankle Center","3"
"1841354081","Michael R. Grossman, DPM","4"
"1841354081","Main Line Foot & Ankle Center","5"
"1871308890","Summit Wellness Center","3"
"1902142607","Northtowns Dialysis Center","3"
"1902153539","Bloomsdale Imaging Center","3"
"1902153539","Bloomsdale Rehab","3"
"1922179498","Fall River Valley Health Center","3"
"1922280221","Santa Maria Home Health Agency","3"
"1992701031","Vernon Health Hospital Swing Bed","3"
"1992701031","Vernon Memorial Hospital - Swingbed","3"
"1033417381","Woori Home Care","3"
"1083400980","Top Home Care LLC","4"
"1083560601","Village Medical","3"
"1083560601","Village Medical Diagnostics","5"
"1144182916","One Behavioral","3"
"1164786257","Medical Center EMS","3"
"1225041874","JERRY'S DISCOUNT PHARMACY","3"
"1225041874","Jerry's Pharmacy","3"
"1225984859","JHCP - 2360 W JOPPA RD STE 320 - PROVIDER TYPE: 20 - PHYSICIA","3"
"1336206549","Bronx Psychiatric Center","5"
"1366240483","Right At Home","3"
"1366716508","Stanton County Family Practice Rural Health Clinic","3"
"1407702012","Boston Baby Bodywork and Lactation","3"
"1457563330","Elara Caring","3"
"1497438204","Mind Wellness, LLC","3"
"1558657130","MANOR PLAZA PEDIATRIC AND GENERAL MEDICINE","3"
"1558657130","MINOR PLAZA PEDIATRIC AND GENERAL MEDICINE","3"
"1578419198","Summit Non Emergency Medical Transport","3"
"1588079206","DOD PEARL HARBOR MAKALAPA PHARMACY","3"
"1649087214","Around The Way Care Services","3"
"1649133836","Syborg, Ltd","5"
"1669328324","New Roads Behavioral Health","3"
"1669328324","New Roads LLC","4"
"1699621235","JHCP - 1106 ANNAPOLIS RD PAVILION I, STE 280 - PROVIDER TYPE: 20 - PHYSICIAN","3"
"1720853260","Artistic Care Services","3"
"1720853260","HomeCare Lions of Virginia","3"
"1740752021","Eye Center South","3"
"1740752021","Vision Center South","3"
"1750237384","JHCP - 10753 FALLS RD STE 305 - PROVIDER TYPE: 20 - PHYSICIAN","3"
"1801742424","Cone Health Virtual Cardiac Rehabilitation","3"
"1821222829","Beacon Bone and Joint Specialists","3"
"1821222829","Beacon Medical Group ENT and Audiology Elkhart","3"
"1821222829","Beacon Medical Group ENT and Audiology South Bend","3"
"1821222829","Beacon Medical Group Hospital Specialties","3"
"1821222829","Beacon Medical Group Infectious Disease","3"
"1821222829","Beacon Medical Group Interventional Radiology and Vascular Specialists","3"
"1821222829","Beacon Medical Group Pulmonology and Critical Care South Bend","3"
"1821222829","Beacon Medical Group Rheumatology Goshen","3"
"1821222829","Beacon Medical Group Specialists Bremen","3"
"1821222829","Beacon Medical Group Specialists Centennial","3"
"1821222829","Beacon Medical Group Specialists Goshen","3"
"1821222829","Beacon Medical Group Specialists Granger","3"
"1821222829","Beacon Medical Group Surgical Services Elkhart","3"
"1851725964","Vitalis Pharmacy","3"
"1881540425","Abrazo Orthopedic Specialists Goodyear","3"
"1891379376","GOOD CHOICE HOME CARE,LLC","3"
"1902456742","Bronxchester Home Training","3"
"1922162197","Buffalo Psychiatric Center","5"
"1992362610","OUR FAMILY MEDICAL CLINIC","3"
"1992394860","Prestera Health Services","5"
"1023194727","Marshfield Clinic/Phillips Center","3"
"1063368611","Purcell Care Center","3"
"1063598639","Marshfield Clinic Menomonie Center, DME","3"
"1083026678","Marshfield Clinic Central Plaza Orthotics/Prosthetics","3"
"1083560635","JHCP - 2112 DUNDALK AVE - PROVIDER TYPE: 11 - PODIATRY","3"
"1083790604","Marshfield Clinic Stratford Center","3"
"1093564676","Abby Care","3"
"1093661639","Thunder Care and Rehabilitation","3"
"1114731551","Abby Care Indiana","3"
"1114873759","JHCP - 6420 ROCKLEDGE DR STE 4100 - PROVIDER TYPE: 20 - PHYSICIAN","3"
"1134075781","JHCP - 5450 KNOLL NORTH DR STE 390 - PROVIDER TYPE: 20 - PHYSICIAN","3"
"1194671735","Penn Highlands Mon Valley","3"
"1194671735","Penn Highlands Breast Surgery","5"
"1205787322","Paul B Cannon DPM dba Falls Church Foot and Ankle Center, Privia Medical Group, LLC","3"
"1205787322","Falls Church Foot And Ankle Center 104-4","5"
"1205787322","Paul B Cannon DPM, PC","5"
"1235085879","Ballard Nursing Center","3"
"1245485549","Vanderbilt Imaging Services One Hundred Oaks","3"
"1275345035","Six Summits Dentistry Flagstaff","3"
"1285683656","Orthopedic and Fracture Specialists","3"
"1285683656","Orthopedic & Fracture Clinic","5"
"1306792957","JHCP - 5450 KNOLL NORTH DR STE 300 - PROVIDER TYPE: 20 - PHYSICIAN","3"
"1356297915","Beach NY Physical Therapy","3"
"1356297998","24th Place","3"
"1356500870","The Mcgrath Pharmacy","3"
"1366331381","Athletic Kinection","3"
"1386590933","JHCP - 5010 REGENCY PL STE 300 - PROVIDER TYPE: 20 - PHYSICIAN","3"
"1396817003","Day Treatment","5"
"1437141850","Johnson City Medical Clinic","3"
"1508712118","CAMC PMC General Surgery Beckley","5"
"1528381928","CREEDE FAMILY  PRACTICE OF RIO GRANDE HOSPITAL - MEDICAID ONLY","3"
"1528381928","Creede Family Practice of Rio Grande Hospital","3"
"1538585187","Saint Joseph Foot and Ankle Sports Medicine Institute Plymouth","3"
"1538585187","Saint Joseph Health Center","3"
"1558384552","Keller Fire - Rescue","3"
"1609722263","FootCare Centers","3"
"1649052960","Ignite at The Berman Center","3"
"1669328209","Ada Care Center","3"
"1679426787","Legacy Counseling and Wellness","3"
"1679429211","Arizona Sports Medicine Center (ASMC)","3"
"1679880363","STANTON COUNTY FAMILY PRACTICE","3"
"1699266718","Rio Grande Hospital Clinic at South Fork","3"
"1699266718","Rio Grande Hospital Clinic at South Fork - Medicaid Only","3"
"1699266718","Valley Citizens' Foundation for Health Care Inc","4"
"1699621243","JHCP - 4924 CAMPBELL BLVD STE 110 - PROVIDER TYPE: 20 - PHYSICIAN","3"
"1720934375","Penn Highlands Mon Valley","3"
"1720934375","Penn Highlands Oncologic & General Surgery","5"
"1730035387","FootCare Centers","3"
"1740313048","Glenhaven Retirement Village","3"
"1740344647","Buffalo Psychiatric Center","3"
"1750237301","Anam Cara Counseling","3"
"1780530329","JHCP - 6420 ROCKLEDGE DR STE 3100 - PROVIDER TYPE: 20 - PHYSICIAN","3"
"1801742457","JHCP - 45 THOMAS JOHNSON DR STE 109 - PROVIDER TYPE: 20 - PHYSCIAN","3"
"1811333768","HOLLY MEDICAL CLINIC","3"
"1841525276","Holly Medical Clinic","3"
"1871114967","Prestige Healthcare Associates","3"
"1932055589","CAMC PMC Primary Care Fayetteville","5"
"1962358507","Abrazo Brain and Spine - Verrado","3"
"1992651533","JHCP - 6420 ROCKLEDGE DR STE 2200 - PROVIDER TYPE: 20 - PHYSICIAN","3"
"1013745173","SAVANNA ASSISTED LIVING LLC","3"
"1013745173","Savanna Assisted Living III","3"
"1053114892","Sacred Journey Recovery","3"
"1053114892","Sacred Journey Recovery Solutions LLC","4"
"1114144060","Shandley Kane Dental","3"
"1124977764","WellNet360 Virtual Urgent Care Medical Corp.","3"
"1134075799","JHCP - 6350 STEVENS FOREST RD STE 103 - PROVIDER TYPE: 20 - PHYSICIAN","3"
"1154493930","THE MEDICINE SHOPPE","3"
"1164100848","California Dermatology Institute","3"
"1164524039","Patients First Lake Ella","3"
"1235085804","Penn Highlands Mon Valley","3"
"1235085804","Penn Highlands Family Medicine","5"
"1306024641","Aveanna Healthcare","3"
"1306024641","Thrive Skilled Pediatric Care","3"
"1336095900","JHCP - 1106 ANNAPOLIS RD STE 208 - PROVIDER TYPE: 11 - PODIATRY","3"
"1336576875","Good Samaritan Hospital","5"
"1336576875","Palliative Care","5"
"1356297931","Penn Highlands Mon Valley","3"
"1356297931","Penn Highlands Anesthesia","5"
"1386496271","Guardian Home Care of NH","3"
"1427585538","Bayou City Hospice","3"
"1447106000","FootCare Centers","3"
"1447206370","Bridgewater College Student Health Center","3"
"1447206370","Carilion Children's Pediatric Medicine","3"
"1447206370","Carilion Clinic Allergy & Immunology","3"
"1447206370","Carilion Clinic Breast Care","3"
"1447206370","Carilion Clinic Cardiology","3"
"1447206370","Carilion Clinic Cosmetic Center","3"
"1447206370","Carilion Clinic Family Dentistry","3"
"1447206370","Carilion Clinic Family Medicine","3"
"1447206370","Carilion Clinic Gastroenterology","3"
"1447206370","Carilion Clinic General Surgery","3"
"1447206370","Carilion Clinic Gynecology","3"
"1447206370","Carilion Clinic Home Care","3"
"1447206370","Carilion Clinic Interventional Pain Management","3"
"1447206370","Carilion Clinic Midwifery Services","3"
"1447206370","Carilion Clinic Neurology","3"
"1447206370","Carilion Clinic Neurosurgery","3"
"1447206370","Carilion Clinic Obstetrics & Gynecology","3"
"1447206370","Carilion Clinic Orthopedic Surgery","3"
"1447206370","Carilion Clinic Otolaryngology & Audiology","3"
"1447206370","Carilion Clinic Outpatient Therapy","3"
"1447206370","Carilion Clinic Plastic & Reconstructive Surgery","3"
"1447206370","Carilion Clinic Pulmonary Medicine","3"
"1447206370","Carilion Clinic Sports Performance and Rehabilitation","3"
"1447206370","Carilion Clinic Urology","3"
"1447206370","Carilion Clinic Vascular Surgery","3"
"1447206370","Carilion Medical Group","3"
"1447206370","Carilion VelocityCare","3"
"1447206370","Carilion Wellness","3"
"1447206370","Diabetes Management & Prevention Program","3"
"1447206370","Hollins University Student Health Center","3"
"1447206370","Radford University Student Health Center","3"
"1447206370","Carilion Medical Group","4"
"1477174365","The Road To Empowerment","3"
"1508000142","Providence SMMC Urgent Care DME","5"
"1528680238","Carbon Hill Drugs","3"
"1548976889","Equality Health Pharmacy","3"
"1619092087","Aveanna Healthcare","3"
"1619092087","Thrive Skilled Pediatric Care","3"
"1619154747","Aveanna Healthcare","3"
"1619154747","Thrive Skilled Pediatric Care","3"
"1720342025","Aveanna Healthcare","3"
"1720342025","Thrive Skilled Pediatric Care","3"
"1720934383","Penn Highlands Mon Valley","3"
"1720934383","Penn Highlands Family Medicine","5"
"1750237319","JHU - 5530 WISCONSIN AVE STE 1150 - PROVIDER TYPE: 20 - PHYSICIAN","3"
"1750237327","Penn Highlands Mon Valley","3"
"1750237327","Penn Highlands Family Medicine","5"
"1861348427","Penn Highlands Mon Valley","3"
"1861348427","Penn Highlands Cardiology","5"
"1902752561","JHCP - 7704 MATAPEAKE BUSINESS DR STE 110 - PROVIDER TYPE: 20 - PHYSICIAN","3"
"1902773682","SPARKids","3"
"1932224573","Aveanna Healthcare","3"
"1932224573","Thrive Skilled Pediatric Care","3"
"1972459535","Jeffexpress Urgent Care","3"
"1013863604","Penn Highlands Mon Valley","3"
"1013863604","Penn Highlands Medical Oncology/Hematology","5"
"1033730239","Goliad Health & Wellness","3"
"1043778160","A Platform to Healthcare","4"
"1083392302","Disruptive Therapy Collective","3"
"1093138612","Roper St. Francis Physician Partners Walk-In Care","3"
"1144981457","WMHO","3"
"1144981457","World Mental & Health Organization","3"
"1184466310","DuPage County Health Department","3"
"1215882212","Thrive Behavioral Health","3"
"1235085820","Bella Health & Wellness","3"
"1235373879","Providence SMMC Nephrology DME","5"
"1245111053","Los Angeles Community Hospital","3"
"1245111053","Los Angeles Community Hospital at Bellflower","3"
"1245111053","Los Angeles Community Hospital at Norwalk","3"
"1316354095","Bella Health & Wellness","3"
"1326282963","Providence SMMC Multi-Specialty DME","5"
"1336095926","Riccobene & Associates Family Dentistry - Myrtle Beach","3"
"1346199510","Southern California Hospital at Culver City","3"
"1366498479","Jaisohn Center","3"
"1366498479","Jaisohn Medical Center","3"
"1417191057","Providence SMMC Urology DME","5"
"1427904002","CAMC PMC Primary Care - Beckley","5"
"1437672102","Sirisha Krishnamurthy DDS","3"
"1497601074","Faro Behavioral Health","5"
"1508715780","Southern California Hospital at Culver City","3"
"1518813195","Penn Highlands Mon Valley","3"
"1518813195","Penn Highlands Radiation Oncology","5"
"1528914116","Kinetic Care","5"
"1538267414","CNSA Neurology","3"
"1598571028","WMHO","3"
"1598571028","World Mental & Health Organization","3"
"1639969058","YourTherapy","5"
"1649159518","DS Family General Dentistry","3"
"1669328258","Riccobene Associates Family Dentistry - Southport Crossings","3"
"1689520264","CAMC PMC ENT Beckley","5"
"1699576769","Melrose-Wakefield Psych Associates","3"
"1699576769","Melrose-Wakefield Psychiatric Associates","3"
"1720096092","St. Anthony Summit Hospital","3"
"1730035320","Bella Health & Wellness","3"
"1740136332","FYZICAL Therapy and Balance Centers","3"
"1760099766","Bella Health and Wellness","3"
"1780766568","MANCHESTER PROFESSIONAL PHARMACY","3"
"1780828327","Providence SMMC Pharmacy DME","5"
"1811130156","Providence SMMC Surgery DME","5"
"1821944315","Gen Collins Behavioral Health","3"
"1821944315","DFAC","4"
"1841162062","Empowerment Circle LLC","3"
"1871737411","Providence SMMC Orthopedic DME","5"
"1902530553","MY CLEAR MIND CLINIC LLC","3"
"1962456194","Kaiser Permanente Mail Order Pharmacy","3"
"1982848057","Providence Chase Medical Complex DME","5"
"1134172000","Conway Medical Center","3"
"1316221500","CMC Orthopaedics","3"
"1316221500","CMC Orthopaedics Grande Dunes","3"
"1316221500","CMC Orthopaedics Socastee","3"
"1316221500","CMC Orthopaedics Surfside Beach","3"
"1316893803","Sentry Wellness","3"
"1376401034","Healing On The Go","3"
"1376915538","Proscript America","3"
"1376915538","Proscript America Pharmacy","5"
"1386034981","Autrey Pharmacy 3","3"
"1427539311","Hilda's Place BHS","3"
"1467308957","Penn Highlands Mon Valley","3"
"1467308957","Penn Highlands Hospitalists","5"
"1497067276","LAKE CARMEL PHARMACY","3"
"1548977242","Diligence Care Plus","3"
"1588900393","AUTREY PHARMACY 2","3"
"1679626428","MEDICAL HEALTH CLINIC SALUD & FAMILIA A PROF CORP","3"
"1699144535","Fry's Prescription Pharmacy","3"
"1699223537","embracia","3"
"1720933468","Abide in Courage","3"
"1760728745","AUTREY PHARMACY 1","3"
"1790497238","Penn Highlands Mon Valley","3"
"1790497238","Penn Highlands Orthopedics and Sports Medicine","5"
"1861348377","Costco Optical #1766","3"
"1881293215","Oregan Change Clinic","3"
"1881548568","First Day Homecare #030","3"
"1902428816","Tri-Star Valley Orthopaedics","3"
"1902428816","Tennessee Valley Orthopaedics, LLC","4"
"1942182837","It Takes Two Pharmacy","3"
"1972459469","Community Medical Services","3"
"1972459469","CMS Vancouver","5"
"1053267583","Elite Rapid Care Surgical","3"
"1073401899","Evergreen Health","3"
"1083560593","HSM HOME","3"
"1124974654","Premier Endocrine and Wellness Clinic","3"
"1144043647","DermCafe","3"
"1316893837","The Practice","3"
"1316893845","Sharp Collective Therapy","3"
"1417501420","Eastern Oregon Cancer Center","3"
"1437945193","Fantastic Cares PNCC","5"
"1437945193","Little Joys Prenatal Care","5"
"1467916874","Restored Connections Family Therapy","3"
"1487457818","TopMedMD LLC","3"
"1518813047","Primary Children's Applied Behavior Analysis Clinic - Riverton","3"
"1548116072","Clay Community Pharmacy combo","3"
"1558123489","KINDRED CARE MEDICAL GROUP","4"
"1609722115","Community Medical Services","3"
"1609722115","CMS Portland on 122nd","5"
"1720934243","Community Medical Services","3"
"1720934243","CMS Portland on Barbur","5"
"1730039843","FREE Counseling Services","3"
"1740990787","CCHCS LLC","3"
"1740990787","CC Health Care Services Inc","5"
"1811451016","Fairfield Universal Therapy","3"
"1841146362","Georgia Recovery Campus Augusta","3"
"1194504985","right at home","4"
"1467308916","Caritas Community Assistance Services","3"
"1467308916","Holy Spirit Catholic Church","3"
"1467308916","Laurel Tree Pastoral Care & Counseling","3"
"1467308916","Pathways Immigration Support and Services","3"
"1619352465","Countercurrent Health","3"
"1649124207","Exerclinic Physical Therapy","3"
"1700698271","Cedarcrest Behavioral Medicine","3"
"1790631240","LivenHouse Health & Metabolic Wellness","3"
"1811843352","Beyond Restored Counseling Group","3"
"1811849516","The Art of Healthcare Home Health Agency","3"
"1013460278","Golden Heart Senior Care (Summerlin)","3"
"1043059454","Eastern Oregon Health & Wellness INC","3"
"1063368546","Caring Senior Service of Houston West","3"
"1104435536","Therapy","3"
"1104435536","Finding Peace of the Poconos LLC","5"
"1205782778","The Giggle Garden","3"
"1295685501","The Listening Space","3"
"1326904293","Growing Expectations","3"
"1366326639","EliteNP Health Education Institute","3"
"1366326639","EliteNP Healthcare","3"
"1396691853","Affective Growth","3"
"1467226779","The PureRx","3"
"1548116924","DAYA Recovery Living Homes","5"
"1609112739","Samaritan Clinic on Patton","3"
"1609762657","DFW Diagnostics and Consulting","3"
"1619086766","Samaritan Clinic","3"
"1730133992","Beebe Medical Group","3"
"1740135458","AKSHAR 2025 LLC","5"
"1740153238","Cornerstone Healthcare","3"
"1750147377","TL Consultants HealthCare Services LLC","4"
"1902818883","Samaritan","3"
"1902818883","Samaritan Healthcare","3"
"1902818883","Samaritan Hospital","3"
"1033000500","unified care agency","5"
"1053279927","Cornerstone","3"
"1053279927","Cornerstone Youth and Family Services","3"
"1063385292","NexGen Wound Care","3"
"1164249934","The Udofia Clinic, PLLC","4"
"1306310016","Fresh Vocational Consulting and Counseling Services","4"
"1336945070","Convenient Care Solutions","3"
"1386503480","Cornerstone","3"
"1386503480","Cornerstone Youth and Family Services","3"
"1497601876","Requiescence Counseling","3"
"1518747112","Foundations Mental & Behavioral Health Services","3"
"1548116932","Flourish Total Health","3"
"1548264427","DCH Post 14 American Legion Ambulance Station 64 Inc","5"
"1578326468","Samantha Shuflin Nutrition & Wellness","3"
"1578326468","Spicerack Health","3"
"1578326468","Mashed Yams LLC","4"
"1578326468","Rooted Health LLC","4"
"1619492782","Vision Tech Optometry Center, Inc.","3"
"1619785920","NC IMMUNOLOGY, PC","3"
"1639184047","Nicktoo Health Care Services, Inc","4"
"1669135810","Inception Counseling Services PLLC","4"
"1669208690","Lowe's Senior Care Sitting Service LLC","3"
"1699479949","Samantha Pirnat","3"
"1699479949","Samantha Pirnat","5"
"1801490149","Senior Helpers of Southwest Texas","3"
"1811843204","Hawaii Play Therapy","3"
"1811847270","Maintain Health with Purpose NP","3"
"1891517728","D'rock Wellness","3"
"1972392512","Chapman's Healing Solutions","4"
"1982177697","LOMA LINDA UNIVERSITY HOSPICE","3"
"1003647587","Island City Medical Center","3"
"1003647587","Island City Urgent Care","3"
"1003647587","Island City Urgent Care & Medical Center","3"
"1003647587","Island City Urgent Care PA","5"
"1003647587","Island City Urgent Care and Medical Center","5"
"1194812446","Gray Pharmacy","3"
"1245103449","Island City Med Center","3"
"1245103449","Island City Urgent Care & Medical Center","3"
"1245103449","Island City Urgent Care PA","3"
"1245103449","Island City Medical Center","5"
"1245103449","Island City Urgent Care","5"
"1306559463","Prompt MedTrans Inc","3"
"1447068473","DNP Psychiatry & Counseling","3"
"1598502262","Connect Chiropractic","3"
"1659121614","Southern Charm Medical & Wellness","3"
"1659121614","Southern Charm Medical & Wellness, LLC","3"
"1699508564","BluArk Skilled In-Home Care","3"
"1942821368","Stark Chiropractic & Sports, PLLC","4"
"1992566335","King's Homecare LLC","3"
"1992566335","King's Nursing and Homecare","3"
