"NPI","Provider Secondary Practice Location Address- Address Line 1","Provider Secondary Practice Location Address-  Address Line 2","Provider Secondary Practice Location Address - City Name","Provider Secondary Practice Location Address - State Name","Provider Secondary Practice Location Address - Postal Code","Provider Secondary Practice Location Address - Country Code (If outside U.S.)","Provider Secondary Practice Location Address - Telephone Number","Provider Secondary Practice Location Address - Telephone Extension","Provider Practice Location Address - Fax Number"
"1881549392","3285 Ferguson St SW","","Tumwater","WA","985126143","US","3609431907","","3609431907"
"1033064548","19941 Eagle Run","","Groveland","FL","347368401","US","7576725073","",""
"1023963535","55 Lexington Ave","","New York","NY","100105585","US","6462122155","",""
"1366397887","1067 Fm 306 Ste 402","","New Braunfels","TX","781306895","US","8303127921","","8306292700"
"1235084765","3601 W 13 Mile Rd","","Royal Oak","MI","480736712","US","2488985000","",""
"1205781739","PO Box 231","","Blackwood","NJ","080120231","US","8567232735","",""
"1568317097","2762 Pigeon Rd","","Bad Axe","MI","484139738","US","9895511801","","9898721801"
"1164377602","4308 Alton Rd Ste 770","","Miami Beach","FL","331404559","US","3055316829","",""
"1164377602","11680 Great Oaks Way","","Alpharetta","GA","300222457","US","7707555825","",""
"1689476582","2051 Marengo St","","Los Angeles","CA","900331352","US","3234091000","",""
"1669112306","1 Baylor Plz","","Houston","TX","770303411","US","7137983802","",""
"1710249149","1504 Taub Loop","","Houston","TX","770301608","US","7138738890","",""
"1033603436","4871 E Cesar Chavez Blvd","","Fresno","CA","937273811","US","5592558395","","5592551690"
"1831928464","195 N Grant Ave Ste 250","","Columbus","OH","432152855","US","4402606835","",""
"1831928464","515 E Main St Fl 3B","","Columbus","OH","432155377","US","4402606835","",""
"1962519785","555 N New Ballas Rd","Div Surg ACCS, Ste 265","Saint Louis","MO","631416825","US","3149914644","","8663420133"
"1962519785","12266 De Paul Dr Ste 305","","Bridgeton","MO","630442514","US","3147700991","",""
"1528775152","1411 W 190th St Ste 110","","Gardena","CA","902484370","US","3107193908","",""
"1336789247","1 Cooper Plz","","Camden","NJ","081031461","US","8563422425","",""
"1649089285","3005 Bladensburg Rd NE Lowr Level","","Washington","DC","200182265","US","2405895219","",""
"1184574618","400 Hunter St","","Apex","NC","275021320","US","9193872168","",""
"1154461531","11215 Metro Pkwy Ste 100","","Fort Myers","FL","339661206","US","2392082206","",""
"1154461531","9981 S Healthpark Dr","","Fort Myers","FL","339083618","US","2392082206","","2392083994"
"1538408570","130 Hospital Rd Ste 300","","Prince Frederick","MD","206784057","US","4105354333","","4105350495"
"1538408570","1015 Prince Frederick Blvd","","Prince Frederick","MD","206783193","US","4105354116","","4104148480"
"1902362346","200 W Spring St","","Marquette","MI","498554661","US","9062257232","",""
"1962268607","500 Discovery Pkwy Ste 250","","Superior","CO","800278762","US","7202392352","",""
"1962268607","4856 Innovation Dr","","Fort Collins","CO","805255539","US","9704944200","","8442701824"
"1962268607","425 S Cherry St Fl 10","","Denver","CO","802461226","US","7203076670","",""
"1962268607","6071 E Woodmen Rd Ste 200","","Colorado Springs","CO","809232609","US","7192046495","",""
"1962268607","304 Inverness Way S Ste 225","","Englewood","CO","801125841","US","9703103406","",""
"1093781726","11109 Parkview Plaza Dr","","Fort Wayne","IN","468451701","US","2602665400","","2604256745"
"1033064555","3999 Richmond Rd","","Beachwood","OH","441226046","US","2165935500","",""
"1033064555","2500 Metrohealth Dr","","Cleveland","OH","441091900","US","2167787800","",""
"1033064555","9601 Chester Ave","","Cleveland","OH","441061666","US","2163688730","",""
"1669327110","4850 SW 91st Ter # P-102","","Gainesville","FL","326086038","US","3524748882","",""
"1790630259","815 N Larkin Ave","","Joliet","IL","604353438","US","8153487418","",""
"1073108197","3005 Bladensburg Rd NE Lowr Level","","Washington","DC","200182265","US","2405895219","",""
"1649125105","808 N Center St","","Stockton","CA","952021610","US","2093516706","",""
"1548115009","241 Wright St","","Marquette","MI","498551955","US","9062289699","",""
"1265387732","611 Broadway St","","Paducah","KY","420016869","US","2704431201","",""
"1083569552","109 Holly Ct","","Terrell","TX","751605015","US","3215050762","","3215050762"
"1932178738","633 Sunset Ln Ste A","","Culpeper","VA","227013959","US","5403213002","","5408290019"
"1932178738","620 S Fleishel Ave","","Tyler","TX","75701","US","9036064900","",""
"1932178738","1301 Wonder World Dr","","San Marcos","TX","786667533","US","2107043200","","2107042718"
"1932178738","620 S Fleishel Ave","","Tyler","TX","75701","US","9036064900","",""
"1932178738","1204 W Main St Fl 3","","Charlottesville","VA","229083108","US","4349242500","","4342449487"
"1932178738","2845 Greenbrier Rd","","Green Bay","WI","543116519","US","4145252400","",""
"1669121976","252 S 4th St","","Lebanon","PA","170426111","US","7172704876","","7172703875"
"1669121976","169 Martin Ave","","Ephrata","PA","175221734","US","7177214740","","7177386872"
"1457675159","100 Bowman Dr Fl 1","","Voorhees","NJ","080439612","US","8562473328","",""
"1457675159","239 Hurffville Crosskeys Rd Ste 245","","Sewell","NJ","080804006","US","8563418300","",""
"1457675159","1000 Atlantic Ave Ste 250","","Camden","NJ","081041132","US","8562463525","",""
"1457675159","175 Madison Ave Fl 4","","Mount Holly","NJ","080602099","US","6099147914","",""
"1093210569","1431 SW 1st Ave Ste 7","","Ocala","FL","344716500","US","3524018311","","3524018313"
"1093210569","175 W Pine Ave","","Longwood","FL","327504168","US","3212070172","","3212070175"
"1760069405","600 Elizabeth St 9B/GME","","Corpus Christi","TX","78404","US","3618611864","",""
"1760069405","601 N Elm St","","High Point","NC","272624331","US","3368786000","","3367165438"
"1760069405","1370 W D St","","North Wilkesboro","NC","286593506","US","3366518100","","3366518465"
"1184474496","901 S 5th St","","Mount Vernon","WA","982743942","US","3608147300","",""
"1184866642","211 Kenbrook Dr Ste 1-2","","Vandalia","OH","453772400","US","9379187667","",""
"1184866642","433 W High St","","Bryan","OH","435061690","US","4196337389","","4196368903"
"1518595727","100 Pine St Ste 1250","","San Francisco","CA","941115235","US","8554447258","","8553448343"
"1518595727","6565 N MacArthur Blvd Ste 225","","Irving","TX","750392482","US","8554447258","","8553448343"
"1518595727","22406 68th Ave W","","Mountlake Terrace","WA","980432372","US","8554447258","",""
"1003036427","77 Wainwright Dr Bldg 86123","","Walla Walla","WA","99362","US","5095255200","26310","5095266202"
"1184121436","701 E County Line Rd Ste 101","","Greenwood","IN","46143","US","3178852860","","3178852869"
"1184121436","355 Westfield Rd Ste 114","","Noblesville","IN","460601442","US","3177702937","","3177702938"
"1184121436","100 Hospital Ln Ste 100","","Danville","IN","461221993","US","3177184000","","3177184005"
"1417390089","111 N Causeway Blvd","","Metairie","LA","700015450","US","5044820084","",""
"1982961066","11104 Parkview Circle Dr Ste 310","","Fort Wayne","IN","468451733","US","2602665230","","2604585972"
"1982961066","105 Erdman Way","","Leominster","MA","01453","US","9785377552","","9785377383"
"1982961066","11155 Dunn Rd Ste 309E","","Saint Louis","MO","631366111","US","6186246181","","3142730149"
"1285121392","9150 Estate Thomas","","St Thomas","VI","008022611","US","3407761551","",""
"1245894575","530 New Brunswick Ave","","Perth Amboy","NJ","088613654","US","7323217070","","7323217330"
"1245894575","1 Hospital Plz","","Old Bridge","NJ","088573012","US","7323217070","","7323217330"
"1992760870","Medical Center Blvd","","Winston Salem","NC","271570001","US","3367162255","",""
"1992760870","310 S Stratford Rd","","Winston Salem","NC","271031820","US","3365061720","","3365132136"
"1952367393","6000 Hospital Dr","","Hannibal","MO","634016887","US","5736293500","",""
"1952367393","775 Pole Line Rd W","","Twin Falls","ID","833015814","US","2083818300","","2089334909"
"1104213388","2121 Kenny Rd","","Columbus","OH","432103100","US","6142938487","","6142938153"
"1588084800","11215 Metro Pkwy Ste 1","","Fort Myers","FL","339661206","US","2392082212","","2392083994"
"1588084800","2790 Clay Edwards Dr Ste 1235","","North Kansas City","MO","641163276","US","8164725157","","8164727201"
"1588084800","9981 S Healthpark Dr","","Fort Myers","FL","339083618","US","2392082206","","2393433994"
"1356633440","4500 San Pablo Rd S","","Jacksonville","FL","322241865","US","9049532000","",""
"1538547591","2901 Old Jacksonville Rd","","Springfield","IL","627047437","US","2177891403","",""
"1841856515","1316 E 7th St","","Auburn","IN","467062538","US","2609202720","","2609202725"
"1841856515","2003 Stults Rd Ste 210","","Huntington","IN","467501291","US","2603553110","","2603553114"
"1578092706","818 Congress St","","Portland","ME","041023112","US","2077738161","",""
"1578092706","71 US Route 1 Ste C","","Scarborough","ME","040747174","US","2078835532","","2078835552"
"1427003268","1555 Long Pond Rd","","Rochester","NY","146264164","US","5857237000","","5857237871"
"1427003268","2 Coulter Rd","","Clifton Springs","NY","144321122","US","3154629561","","5854622938"
"1427003268","1200 Driving Park Ave","","Newark","NY","145131090","US","3153592123","","3153592167"
"1710206396","600 Northern Blvd","","Albany","NY","122041004","US","5185251474","","5185256750"
"1710206396","315 S Manning Blvd","","Albany","NY","122081707","US","1852514745","",""
"1710206396","169 Martin Ave","","Ephrata","PA","175221724","US","7177386455","","7177386872"
"1710206396","218A Sunset Rd","","Willingboro","NJ","080461110","US","6098353065","","6098353732"
"1619535069","1140 Carthage St","","Sanford","NC","273304161","US","9197752304","","9197754050"
"1619535069","1140 Carthage St","","Sanford","NC","27330","US","9197752304","","9197754050"
"1619535069","1638 Owen Dr","","Fayetteville","NC","283043424","US","9106154000","",""
"1619535069","1140 Carthage St","","Sanford","NC","27330","US","9197752304","","9197754050"
"1912954090","917 N 4th St","","Wilmington","NC","284013450","US","9103430270","",""
"1912267808","111 Colchester Ave","","Burlington","VT","054011473","US","8028473506","","8028477413"
"1912267808","75 Beekman St","","Plattsburgh","NY","129011438","US","5185627100","","5185627531"
"1366235020","11375 Big Bend Rd","","Riverview","FL","335797183","US","8138058167","",""
"1285954008","209 E Java Dr # 61389","","Sunnyvale","CA","940891031","US","6088075200","",""
"1417116674","75 Francis St","","Boston","MA","021156110","US","6177325500","","6175826112"
"1669853057","975 Port Washington Rd","","Grafton","WI","530249204","US","2623291000","",""
"1669853057","3100 Superior Ave","","Sheboygan","WI","530811948","US","9204598300","",""
"1669853057","N15W28300 Golf Rd","","Pewaukee","WI","530724800","US","2623035055","","2623035057"
"1356900419","3310 W Main St Ste 120","","St Charles","IL","601751029","US","6304441701","",""
"1356900419","3020 Reflection Dr","","Naperville","IL","605648243","US","6307181901","",""
"1356900419","432 Green Bay Rd","","Kenilworth","IL","600431001","US","8472567700","",""
"1356900419","911 Wall St Ste D","","Valparaiso","IN","463832553","US","2196272608","",""
"1750277356","11375 Big Bend Rd","","Riverview","FL","335797183","US","8138058167","",""
"1295764033","4400 I H 30 W Ste 300","","Greenville","TX","754024643","US","9724871818","","9724877928"
"1407177652","1915 Randolph Rd","2nd Floor","Charlotte","NC","28207","US","7043232426","",""
"1154327260","1316 E 7th St","","Auburn","IN","467062538","US","2609202720","","2609202725"
"1851654834","9981 S Healthpark Dr","","Fort Myers","FL","339083618","US","2392082206","","2392083994"
"1851654834","225 E Chicago Ave","","Chicago","IL","606112991","US","3122273550","",""
"1851654834","913 N Dixie Ave","","Elizabethtown","KY","427012503","US","2707065276","","2707021141"
"1851654834","2790 Clay Edwards Dr Ste 1235","","North Kansas City","MO","641163276","US","8164725157","","8164727201"
"1396230645","2201 Chapline St","","Wheeling","WV","260033842","US","3049056582","",""
"1396230645","46150 National Rd","","Saint Clairsville","OH","439508715","US","7406952443","",""
"1194402511","3010 E 138th Ave Ste 1","","Tampa","FL","336133902","US","8138058102","",""
"1801821343","2116 Craig Rd","","Eau Claire","WI","547016118","US","7158584610","",""
"1922459957","11104 Parkview Circle Dr Ste 110","","Fort Wayne","IN","468451673","US","2604256780","","2604256615"
"1922459957","1818 N Meade St","","Appleton","WI","549113454","US","9207357645","","9207357618"
"1922459957","1922 Vondron Rd","","Madison","WI","537162427","US","5407934831","",""
"1922459957","20 S Park St","","Madison","WI","537151348","US","6082872090","","6082872086"
"1407239031","2053 Deer Park Ave","","Deer Park","NY","117292110","US","6312546596","",""
"1326937731","300 Market St Ste 104","","Denton","MD","216291051","US","4432869535","",""
"1144119553","300 Market St Ste 104","","Denton","MD","216291051","US","4432869535","",""
"1528083888","7655 Poplar Ave Ste 350","","Germantown","TN","381384933","US","9017612470","","9017674898"
"1528083888","2018 Brookwood Medical Ctr Dr Ste 215","","Birmingham","AL","352096870","US","2058772627","","2058026590"
"1528083888","1325 Eastmoreland Ave Ste 365","","Memphis","TN","381047542","US","9012726030","","9015168450"
"1528083888","4301 W Markham St # 556","","Little Rock","AR","722057101","US","5016868000","","5015265148"
"1932099561","1615 Pasadena Ave S Ste 150","","South Pasadena","FL","337074517","US","7275275272","","7275227412"
"1407878960","1034 Grove St","","Meadville","PA","163352945","US","8143335929","","8143335956"
"1407878960","11277 Vernon Pl Ste 200","","Meadville","PA","163353719","US","8143732230","","8143732169"
"1407878960","600 Mt Highway 91 S","","Dillon","MT","597257379","US","4066833001","",""
"1407878960","765 Liberty St Ste 200","","Meadville","PA","163352570","US","8143732230","","8143732169"
"1104546340","4400 I H 30 W Ste 300","","Greenville","TX","754024643","US","4698505760","","4697164193"
"1952286601","611 W Lumsden Rd","","Brandon","FL","335115911","US","8134135513","",""
"1760216980","43 New Scotland Ave","","Albany","NY","122083478","US","5182623125","",""
"1801628284","514 Saint James Ave Unit G","","Goose Creek","SC","294452767","US","8436428660","",""
"1548379258","442 W High St Ste 3","","Bryan","OH","435061681","US","4196364517","","4196366438"
"1205714318","112 N 7th St","","Chambersburg","PA","172011720","US","7178512613","",""
"1205714318","252 S 4th St","","Lebanon","PA","170426111","US","7178512613","",""
"1205714318","1001 S George St","","York","PA","174033676","US","7178512613","",""
"1205714318","147 Gettys St","","gettysburg","PA","173252534","US","7178513884","",""
"1255433942","1000 E Main St","","Danville","IN","461221948","US","3177184740","","3177186740"
"1255433942","310 Sunnyview Ln","","Kalispell","MT","599013129","US","4067515310","","4067513068"
"1841968849","600 Moye Blvd","","Greenville","NC","278344300","US","2527442350","","2527445348"
"1841968849","701 Doctors Dr Ste E1","","Kinston","NC","285011584","US","2527755930","",""
"1568830719","2349 Sunset Point Rd Ste 400","","Clearwater","FL","337651439","US","9703718965","",""
"1255202230","4540 Technology Dr Ste 1","","Wilmington","NC","284052183","US","9803582901","",""
"1255202230","100 W Fremont St Ste 100B","","Burgaw","NC","284255543","US","3362172031","",""
"1255202230","1007 Olde Waterford Way","","Leland","NC","284514102","US","9802553225","",""
"1326297177","767 Wood Ave E","","Big Stone Gap","VA","242193023","US","2765281234","",""
"1477062404","1025 S 6th St","","Springfield","IL","627032403","US","2175287541","","2177261233"
"1285037994","440 Taylor Rd","Suite 3380","Montgomery","AL","361173588","US","3342863585","",""
"1376324046","711 Belmont Ave","","Youngstown","OH","445021039","US","3307932487","","3307435748"
"1316028350","6363 San Felipe St Ste 150","","Houston","TX","770572704","US","7137982500","",""
"1952944092","252 S 4th St","","Lebanon","PA","170426111","US","7172707500","",""
"1952944092","35 Erick Rd","","Lancaster","PA","176013111","US","7176900811","",""
"1952944092","169 Martin Ave","","Ephrata","PA","175221734","US","7177330311","",""
"1952944092","112 N 7th St","","Chambersburg","PA","172011720","US","7172677164","",""
"1952944092","835 5th Ave","","Chambersburg","PA","172014220","US","7172174312","",""
"1952944092","12 St Paul Dr Ste 100","","Chambersburg","PA","172011035","US","7172176072","",""
"1952944092","4150 Barrett Blvd Ste 100","","Ephrata","PA","175228979","US","7178595160","",""
"1952944092","55 Monument Rd","","York","PA","174035023","US","7178126425","",""
"1952944092","1 Hospital Dr","","Lewisburg","PA","178379350","US","5705222000","",""
"1952944092","90 Medical Park Dr Ste 2000","","Lewisburg","PA","178376343","US","5705242720","",""
"1952944092","501 E Main St","","Waynesboro","PA","172682353","US","7177653425","",""
"1952944092","25 Monument Rd Ste 270","","York","PA","174035073","US","7177418250","",""
"1447129788","1034 N 500 W","","Provo","UT","846043380","US","8013577414","",""
"1437814563","267 Grant St","","Bridgeport","CT","066102870","US","2033843000","",""
"1760352801","1034 N 500 W","","Provo","UT","846043380","US","8013577414","",""
"1821278912","11104 Parkview Circle Dr Ste 110","","Fort Wayne","IN","468451673","US","2604256780","","2604256615"
"1821278912","309 Jackson St","","Monroe","LA","712017407","US","3189666550","","3189666551"
"1386289650","4400 I H 30 W Ste 300","","Greenville","TX","754024643","US","9724871818","","9724877928"
"1205138401","300 Halket St","Suite 0610","Pittsburgh","PA","152133108","US","4126416412","","4126416512"
"1205138401","67 Corporate Dr","","Portsmouth","NH","038012847","US","8449373273","",""
"1205138401","789 Central Ave","","Dover","NH","038202526","US","6037425252","",""
"1205138401","57 Prospect St","","Nantucket","MA","025542799","US","5088251000","",""
"1811857899","11375 Big Bend Rd","","Riverview","FL","335797183","US","8138058167","",""
"1518676717","100 Pine St Ste 1250","","San Francisco","CA","941115235","US","8333518255","",""
"1407916018","80 Medical Park Dr","","Lewisburg","PA","178376343","US","5707684646","","5707684648"
"1407916018","289 S Market St","","Elysburg","PA","178249737","US","5707684646","","5077684648"
"1780541607","230 Bowman St","","Morristown","TN","378133871","US","8008056989","","8645588511"
"1780541607","2001 Highland Ave","","Knoxville","TN","379161217","US","8008056989","","8645588511"
"1780541607","106 Administration Rd Ste 3","","Oak Ridge","TN","378306954","US","8008056989","","8645588511"
"1780541607","5864 Highway 153 Ste 112","","Hixson","TN","373435187","US","8008056989","","8645588511"
"1780541607","127 Ledford Mill Rd","","Tullahoma","TN","373882278","US","8008056989","","8645588511"
"1780541607","712 Professional Plaza Dr","","Greeneville","TN","377455138","US","8008056989","","8645588511"
"1780541607","2911 Essary Dr Ste 200","","Knoxville","TN","379182469","US","8008056989","","8645588511"
"1780541607","3114 Browns Mill Rd","","Johnson City","TN","376041417","US","8008056989","","8645588511"
"1780541607","330 Heritage Blvd","","Newport","TN","378214241","US","8008056989","","8645588511"
"1780541607","161 Mose Dr Ste 3","","Sparta","TN","385831502","US","8008056989","","8645588511"
"1366987679","1700 S 23rd St","","Fort Pierce","FL","349504803","US","7724614000","",""
"1871958652","2525 State St","","Saginaw","MI","486023966","US","9892093250","93250",""
"1700321841","150 Buckley Ln","","Battle Creek","MI","490157920","US","2692099040","",""
"1700321841","16587 Enterprise Dr","","Three Rivers","MI","490937902","US","2692796700","","2692739612"
"1700392701","1130 Garbry Rd","","Piqua","OH","453568217","US","5139414999","",""
"1700392701","1421 Parker Ct","","Springfield","OH","455042855","US","5139414999","",""
"1700392701","6460 Harrison Ave","","Cincinnati","OH","452477821","US","5139414999","",""
"1700392701","160 N Breiel Blvd","","Middletown","OH","450423806","US","5139414999","",""
"1700392701","680 Northland Blvd","","Cincinnati","OH","452403248","US","5139414999","",""
"1700392701","25 Whitney Dr Ste 122","","Milford","OH","451508400","US","5139414999","",""
"1700392701","100 Highview Blvd","","Columbus","OH","432076023","US","5139414999","",""
"1700392701","247 Cic Blvd","","West Union","OH","456937512","US","5139414999","",""
"1700392701","1718 Central Pkwy","","Cincinnati","OH","452142355","US","5139414999","",""
"1700392701","1435 Cincinnati St","","Dayton","OH","454174614","US","5139414999","",""
"1417193095","90 Brick Rd","","Marlton","NJ","080532177","US","8569886260","",""
"1417193095","220 Chapel Ave West","KHS","Cherry Hill","NJ","08002","US","8564886832","","8566615384"
"1417193095","100 Bowman Dr Fl 2","","Voorhees","NJ","080439612","US","8569886260","",""
"1992194294","13310 S Village Square Rd SE","","Huntsville","AL","358033813","US","2566539164","",""
"1790595700","5312 N 47th Ave","","Omaha","NE","681041406","US","4025101122","",""
"1790595700","704 S 75th St","","Omaha","NE","681144621","US","4025565290","221",""
"1790595700","12680 C St","","Omaha","NE","681444071","US","4025983502","",""
"1962212977","1800 E Coplin St","","Okemah","OK","748594642","US","9186231424","",""
"1366031148","680 Centre St","","Brockton","MA","023023308","US","5089417228","",""
"1780915058","4649 Sunnyside Ave N Ste 341","","Seattle","WA","981036955","US","2066616195","",""
"1669062402","2512 Wabash Ave","","Terre Haute","IN","478031506","US","8889884066","",""
"1528690799","1600 W Walnut St","","Jacksonville","IL","626501136","US","2172459541","",""
"1346993383","992 Tamiami Trl","","Port Charlotte","FL","339533868","US","9413746662","",""
"1821136300","279 S. 17th Ave","Suite 10","West Bend","WI","530953001","US","2627891191","193","2623069317"
"1306600655","424 N State St","","Weatherford","OK","730965121","US","5807728778","","8664904693"
"1306600655","2121 S Yukon Pkwy Ste 200","","Yukon","OK","730997482","US","4055785447","","8664904693"
"1306600655","509 S 30th St","","Clinton","OK","736013632","US","5803238778","","8664904693"
"1366682049","2525A Holly Hall St","","Houston","TX","770544124","US","7135663650","","8324872136"
"1730034216","159 W 53rd St Apt 33H","","New York","NY","100196068","US","6463891664","",""
"1730034216","2915 E Madison St Ste 306","","Seattle","WA","981124254","US","6463891664","",""
"1841145315","526 Plum St","","Syracuse","NY","132041404","US","3154716790","",""
"1013862598","5000 Ky Route 321","","Prestonsburg","KY","416539113","US","6068867645","","6068896206"
"1013862598","200 Medical Center Dr","","Hazard","KY","417019466","US","6064877510","","6064396793"
"1194792663","235 North Pearl St","","Brockton","MA","02301","US","5084272665","",""
"1194792663","10 Gove St","","East Boston","MA","02128","US","6175695800","",""
"1194792663","736 Cambridge St","","Brighton","MA","02135","US","6177893000","",""
"1790147825","1300 Jefferson Park Ave Ste 1101","","Charlottesville","VA","229033363","US","4349249333","","4349245672"
"1790147825","11555 University Blvd","","Sugar Land","TX","774783889","US","7134429100","",""
"1215687553","6411 Fannin St","","Houston","TX","770301501","US","7135006295","","7135000706"
"1821588351","867 Boylston St Fl 5","","Boston","MA","021162774","US","6468768455","","8333140246"
"1821588351","228 Park Ave S Ste 16389","","New York","NY","100031502","US","6468768455","","8333140246"
"1821588351","100 Shockoe Slip Fl 2","","Richmond","VA","232194100","US","6468768455","","8333140246"
"1821588351","2710 Gateway Oaks Dr Ste 150N","","Sacramento","CA","958333502","US","6468768455","","8333140246"
"1821588351","1201 Hays St","","Tallahassee","FL","323012699","US","6468768455","","8333140246"
"1821588351","5235 N Front St","","Harrisburg","PA","171101717","US","6468768455","","8333140246"
"1821588351","2 Sun Ct Ste 400","","Peachtree Corners","GA","300922865","US","6468768455","","8333140246"
"1821588351","211 E 7th St Ste 620","","Austin","TX","787013218","US","6468768455","","8333140246"
"1154909505","8501 Little Rd","","New Port Richey","FL","346544924","US","7278697755","","7278697372"
"1932737459","6701 Fannin St Ste 470","","Houston","TX","770302608","US","5012882341","",""
"1972243566","820 S Wood St Ste 100","","Chicago","IL","606124325","US","3129962933","",""
"1972243566","1000 N Westmoreland Rd # Level1","","Lake Forest","IL","600451658","US","8472345600","","8475357203"
"1932605623","425 W 59th St Fl 7","","New York","NY","100198022","US","2125236970","",""
"1184253197","7525 242nd Ave","","Salem","WI","531689483","US","2628434422","",""
"1013206663","10101 S 27th St","","Franklin","WI","531327209","US","4143254960","",""
"1285020446","500 E Market St","","Iowa City","IA","522452633","US","3193393551","","3192487945"
"1285020446","2901 86th St Ste 100","","Urbandale","IA","503224330","US","3193562237","","3193845547"
"1659868453","315 S Manning Blvd","","Albany","NY","122081707","US","5185258600","","5185256545"
"1619321460","1 Baylor Plz","","Houston","TX","770303411","US","7137985588","",""
"1972290336","8 Richland Medical Park Dr Ste 100","","Columbia","SC","292038006","US","8034343800","","8037442759"
"1376106823","1500 SW 10th Ave","","Topeka","KS","666041301","US","7853546000","",""
"1376106823","5021 Terrace Palms Cir","","Tampa","FL","336175021","US","9546555990","",""
"1376106823","929 SW Mulvane St","","Topeka","KS","666061677","US","7852708625","","7852708624"
"1508487661","395 W 12th Ave Fl 3","","Columbus","OH","432101267","US","6142939812","",""
"1144665886","3551 Roger Brooke Dr","","Fort Sam Houston","TX","782344504","US","2105399582","",""
"1144665886","423 Treeline Park Ste 315","","San Antonio","TX","782092079","US","2107044172","",""
"1144665886","2833 Babcock Rd Ste 212","","San Antonio","TX","782294894","US","2102671709","",""
"1114131042","4020 New Vision Dr","","Fort Wayne","IN","468451737","US","2604232567","","2604202415"
"1114131042","4100 Horizons Dr Ste 101","","Columbus","OH","432205283","US","6147548781","","6147548924"
"1447606413","235 North Pearl St","","Brockton","MA","02301","US","5084272665","","5084272368"
"1447606413","10 Gove St","","East Boston","MA","02128","US","6175695800","",""
"1447606413","736 Cambridge St","","Brighton","MA","02135","US","6177892762","",""
"1275989170","75 Francis St","","Boston","MA","021156110","US","6177325500","",""
"1356964795","2215 Burdett Ave","","Troy","NY","121802466","US","5188336470","","5182712386"
"1396005773","10512 Park Rd Ste 101","","Charlotte","NC","282108473","US","7045423646","",""
"1124237227","1000 W 10th St","","Rolla","MO","654012905","US","5733649000","","5734262108"
"1124237227","603 S Bishop Ave","","Rolla","MO","654014320","US","5734264411","","5734264403"
"1124237227","1428 E State Hwy 72","","Rolla","MO","654013988","US","5733641014","","5733646872"
"1124237227","35629 Highway 72","","Salem","MO","655607217","US","8554063324","","5734588363"
"1124237227","1415 W Scenic Rivers Blvd","","Salem","MO","655602840","US","5737295533","","5732022466"
"1124237227","1000 N Jefferson St","","Saint James","MO","655591078","US","5732658840","","5732022474"
"1124237227","1060 W 10th St","","Rolla","MO","654012905","US","8554063324","","5734588363"
"1124237227","600 Blues Lake Pkwy","","Rolla","MO","654018022","US","5733648822","","5732022402"
"1124237227","1201 Hauck Dr","","Rolla","MO","654014900","US","5733648818","",""
"1124237227","1000 Gw Ln","","Waynesville","MO","655832339","US","5737742715","","5732022410"
"1124237227","1422 S Sam Houston Blvd","","Houston","MO","654832130","US","5733649000","","5734262108"
"1235796517","1401 Hampton St Unit 309","","Columbia","SC","292013393","US","8038300220","",""
"1588610539","800 E Carpenter St","","Springfield","IL","627690002","US","2172806945","",""
"1306584917","205 Oakland Ave","","Carlinville","IL","626261921","US","2178543223","",""
"1255015988","713 Roosevelt Trl","","Naples","ME","040555324","US","2074815784","",""
"1285673780","1115 Morgan St","","Carlinville","IL","626261438","US","2178543223","",""
"1902641780","1905 W Springfield Ave","","Champaign","IL","618213007","US","2173556396","",""
"1669048211","2402 E 13th St N","","Wichita","KS","672142102","US","3168676444","",""
"1275946758","10 Gove Street","","East Boston","MA","02128","US","6175695800","",""
"1275946758","235 North Pearl St","","Brockton","MA","02301","US","5084272665","",""
"1275946758","736 Cambridge St","","Brighton","MA","02135","US","6177892762","",""
"1316106347","3205 Fire Rd","SUITE 4","Egg Harbor Township","NJ","082345884","US","6094071220","",""
"1457045353","23995 Novi Rd Ste C101","","Novi","MI","483755439","US","5173670670","",""
"1174217350","115 Technology Dr Unit A301","","Trumbull","CT","066116347","US","2036124300","",""
"1215386099","3401 Civic Center Blvd","9NW, Room 55","Philadelphia","PA","191044319","US","2155901220","",""
"1215386099","3401 Civic Center Blvd","9NW, Room 55","Philadelphia","PA","191044319","US","2155901220","",""
"1982134177","2120 E Fire Tower Rd Ste 107-1080","","Greenville","NC","278589284","US","7017296080","",""
"1265001234","4770 Duke Dr Ste 202","","Mason","OH","450409010","US","9377590545","","9377590549"
"1265001234","2555 UNIVERSITY DR STE 100","","FAIRBORN","OH","453246255","US","9377590545","","9377590549"
"1265001234","3330 Erie Ave Ste 7","","Cincinnati","OH","452081656","US","9377590545","","9377590549"
"1265001234","1911 Old Fairfield Rd Ste 310","","Beavercreek","OH","454322774","US","9377590545","","9377590549"
"1952961138","19770 Kingsland Blvd","","Houston","TX","770941031","US","2816986600","",""
"1043054679","1 S Park St","","Madison","WI","537151375","US","6082872500","",""
"1043054679","600 Highland Ave","","Madison","WI","537920001","US","6082636190","","6082636199"
"1679460950","160 W 86th St","","New York","NY","100244018","US","2123628755","",""
"1922624469","1842 Plainfield Rd","","Oswego","IL","605439393","US","8159536654","",""
"1801527890","2224 Lacy St","","Burlington","NC","272155341","US","3364945743","",""
"1134649932","231 S Bemiston Ave Ste 800","","Saint Louis","MO","631051925","US","9176345311","",""
"1134649932","2799 W Grand Blvd","","Detroit","MI","482022689","US","3139162600","",""
"1134649932","2166 Madison Ave","","Granite City","IL","620404700","US","6184523301","",""
"1134649932","751 N Rutledge St Ste 2300","","Springfield","IL","627024968","US","2175458000","","2175457438"
"1134649932","901 W Jefferson St","","Springfield","IL","627024833","US","2175458229","","2175452275"
"1366857641","2121 S Yukon Pkwy Ste 200","","Yukon","OK","730997482","US","4055785447","","8664904693"
"1366857641","12301 N Western Ave Ste 102","","Oklahoma City","OK","731148017","US","4054420144","","8664904693"
"1366857641","424 N State St","","Weatherford","OK","730965121","US","5807728778","","8664904693"
"1043244221","10 Gove Street","","East Boston","MA","02128","US","6175695800","",""
"1043244221","235 North Pearl St","","Brockton","MA","02301","US","5084272665","",""
"1043244221","736 Cambridge St","","Brighton","MA","02135","US","6177893000","",""
"1881982833","1225 Aguilar Dr","","Montgomery City","MO","633612723","US","5735821234","","5735821212"
"1588663025","1504 Taub Loop","","Houston","TX","770301608","US","7138732980","",""
"1538168877","1712 1st St E","Pharmacy","Humble","TX","773385238","US","7138424323","",""
"1790410751","1000 N Jefferson St","","Saint James","MO","655591078","US","5732658840","","5732022474"
"1790410751","600 Blues Lake Pkwy","","Rolla","MO","654018022","US","5733648822","",""
"1790410751","606 Highway 63 S","","Vienna","MO","655828101","US","5734223636","",""
"1780683656","700 Childrens Dr","","Columbus","OH","432052664","US","6147224200","","6147224203"
"1780683656","405 Butterfly Gardens Dr","","Columbus","OH","432154985","US","6147224200","","6147224203"
"1780683656","455 Executive Campus Dr","","Westerville","OH","430828870","US","6147224200","","6147224203"
"1780683656","2213 Cherry St","","Toledo","OH","436082603","US","4192514715","","4192516876"
"1306526595","700 NE 13th St","","Oklahoma City","OK","731045004","US","4052714700","",""
"1114927852","4755 Aldine Mail Rd","Pharmacy","Houston","TX","770395934","US","2819857709","","8324872136"
"1932938206","9990 W 190th St Ste A","","Mokena","IL","604488189","US","8154696730","",""
"1811660772","1497 Nashville St","","Russellville","KY","422768850","US","2707269568","",""
"1538177142","12301 N Western Ave Ste 102","","Oklahoma City","OK","731148017","US","4054420144","","8664904693"
"1538177142","2121 S Yukon Pkwy Ste 200","","Yukon","OK","730997482","US","4055785447","","8664904693"
"1538177142","424 N State St","","Weatherford","OK","730965121","US","5807728778","","8664904693"
"1053048090","600 N Wolfe St","","Baltimore","MD","212870005","US","4109555000","",""
"1053048090","94 Connecticut Blvd","","Hartford","CT","061083013","US","8605281359","",""
"1326720202","1000 Central St.","Suite 717","Evanstion","IL","602011779","US","8476571900","","8477335841"
"1235805441","320 Southmore Ave Ste 328","","Pasadena","TX","775021135","US","8884788432","",""
"1346126836","4455 Spectrum","","Irvine","CA","926183384","US","9519927117","",""
"1386959906","6901 Snider Plaza","#130","Dallas","TX","752055649","US","9723816690","","2143612552"
"1184103095","61 Memorial Medical Pkwy Ste 2812","","Palm Coast","FL","321645999","US","3865861860","","3865861861"
"1184103095","7751 Baymeadows Rd E Ste 205","","Jacksonville","FL","322565836","US","9044935195","",""
"1548043482","3600 N Garfield St","","Midland","TX","797056329","US","4843580725","",""
"1487846903","1836 South Ave","","LA Crosse","WI","546015429","US","6087827300","",""
"1487846903","1601 NW 114th St Ste 342","","Clive","IA","503257036","US","5152227600","","5152227601"
"1740539212","8111 S Emerson Ave","","Indianapolis","IN","462378601","US","3175285261","","3175285026"
"1629061940","1012 S 3rd St","","Dayton","WA","993281696","US","5093822531","","5093823205"
"1073126199","263 Farmington Ave","","Farmington","CT","060321956","US","8606792000","",""
"1356599971","3900 Forestville Rd","","Forestville","MD","207474715","US","6184996871","",""
"1447131222","529 S Elizabeth St","","Lima","OH","458041213","US","5672426044","",""
"1205928967","80 Medical Park Dr","","Lewisburg","PA","178376343","US","5707684646","",""
"1205928967","289 S Market St","","Elysburg","PA","178249737","US","5707684646","",""
"1205928967","90 Medical Park Dr Ste 2000","","Lewisburg","PA","178376343","US","5705242722","",""
"1205928967","1 Hospital Dr","","Lewisburg","PA","178379350","US","5705222000","",""
"1831422377","736 Cambridge St","","Brighton","MA","02135","US","6177893000","",""
"1831422377","235 North Pearl St","","Brockton","MA","02301","US","5084272665","",""
"1831422377","10 Gove Street","","East Boston","MA","02128","US","6175695800","",""
"1700436938","7175 State Route 104","","Mc Dermott","OH","456528899","US","7408586683","",""
"1700436938","9620 Careys Run Pond Creek Rd","","Mc Dermott","OH","456523902","US","7408586683","",""
"1386461127","2910 McKelvey Rd","","Pittsburgh","PA","152214542","US","4123368832","",""
"1336575018","3002 35th St","","Everett","WA","982014959","US","5095926936","",""
"1215609268","271 Fort Richardson Ave","","San Angelo","TX","769084901","US","3256543149","",""
"1902115090","6040 W 84th St","","Indianapolis","IN","462781360","US","3179566288","","3179566289"
"1902115090","10590 N Meridian St Ste 105","","Carmel","IN","462901028","US","3175837800","",""
"1982156402","4100 Horizons Dr Ste 101","","Columbus","OH","432205283","US","6147548781","",""
"1770837254","503 N 21st St","","Camp Hill","PA","170112204","US","7179724501","","7177632144"
"1487427886","768 Delaware Ave","","Buffalo","NY","142092006","US","6072373727","",""
"1659813582","6654 Timberline Rd Ste A","","Highlands Ranch","CO","801305346","US","3038625115","",""
"1740882059","1842 Plainfield Rd","","Oswego","IL","605439393","US","8159536654","",""
"1558874354","203 Crump Rd","","Exton","PA","193411516","US","6102412685","","8777327311"
"1558874354","401 N Fairview St","","Lock Haven","PA","17745","US","5708932011","",""
"1043293897","3559 Pine St","","Deckerville","MI","484277703","US","8103762835","",""
"1952177552","913 S Pershing Ave","","Salem","MO","655601845","US","8448538937","",""
"1023093150","501 Sunset Ln","","Culpeper","VA","227013917","US","7033965292","",""
"1952387235","1519 Marion St","","Columbia","SC","292012910","US","8032965954","",""
"1306701693","424 N State St","","Weatherford","OK","730965121","US","5807728778","","8664904693"
"1306701693","509 S 30th St","","Clinton","OK","736013632","US","5803238778","","8664904693"
"1306701693","12301 N Western Ave Ste 102","","Oklahoma City","OK","731148017","US","4054420144","","8664904693"
"1245393107","812 Gorman Ave","","Elkins","WV","262413181","US","3046373948","",""
"1245393107","1320 Maplewood Ave","","Ronceverte","WV","249708016","US","3046474411","",""
"1245393107","497 Mall Rd","","Oak Hill","WV","259016216","US","3044692905","",""
"1720444094","2675 N Decatur Rd Ste 301","","Decatur","GA","300336132","US","4042940472","","4042941558"
"1720444094","1046 Mar Walt Dr Ste 200","","Fort Walton Beach","FL","325476645","US","8502432229","",""
"1154919561","10350 Haligus Rd Ste A","","Huntley","IL","601429545","US","8478027500","","8478027162"
"1154919561","885 Roosevelt Rd Ste 100","","Glen Ellyn","IL","601376141","US","6303846200","","6303846229"
"1154919561","870 N Milwaukee Ave","","Vernon Hills","IL","600611521","US","8474752273","","8475357761"
"1154919561","2900 Foxfield Rd Ste 100","","St Charles","IL","601745799","US","6303776500","","6303776577"
"1154919561","2701 Patriot Blvd Ste 110","","Glenview","IL","600268039","US","8474752273","","8479989833"
"1154919561","2507 N Richmond Rd Ste B","","McHenry","IL","600515407","US","8152067500","","8153853255"
"1154919561","1704 Maple Ave Ste 100","","Evanston","IL","602013134","US","3126942273","","3126942299"
"1154919561","6155 Grand Ave Ste 100","","Gurnee","IL","600311651","US","2242716700","","2242716701"
"1154919561","7 Blanchard Cir Ste 102","","Wheaton","IL","601892038","US","6306820500","","6306821078"
"1154919561","635 N Dearborn St Ste 100","","Chicago","IL","606544618","US","3126942273","","3126942129"
"1154919561","635 N Fairbanks Ct","","Chicago","IL","606115435","US","3124723173","","3124723176"
"1154919561","21202 Owens Rd Ste 101","","Mokena","IL","604482038","US","7793340030","","7793340031"
"1154919561","1630 Sherman Ave Ste 130","","Evanston","IL","602013711","US","3126949521","","3126942299"
"1154919561","525 Rockland Rd Ste 100","","Lake Bluff","IL","600441778","US","8475356460","","8475356465"
"1154919561","24076 SE Stark St Ste 230","","Gresham","OR","970303385","US","5034882600","","5034655468"
"1154919561","636 Raymond Dr Ste 107","","Naperville","IL","605639789","US","6303598396","","6309332729"
"1154919561","11815 233rd St","","Cambria Heights","NY","114112227","US","3476105316","",""
"1154919561","1333 W Belmont Ave Ste 100","","Chicago","IL","606575785","US","3126942273","","3126941875"
"1851161186","5843 Rising Sun Ave","","Philadelphia","PA","191201144","US","2154370128","",""
"1255662284","340 S Willard St Ste 101","","Cottonwood","AZ","863264126","US","9286497970","",""
"1255662284","1200 J D Anderson Dr","","Morgantown","WV","265053494","US","3045981200","",""
"1255839957","89 Fuller St","","Waltham","MA","024535840","US","6178772637","",""
"1861464893","3502 9th St","MOP I, Suite 430","Lubbock","TX","794153300","US","8067610535","",""
"1508839879","12501 Whitewater Dr Ste 310","","Minnetonka","MN","553439436","US","9528885800","","9525676156"
"1871398917","2781 Dalewood Ave","","Memphis","TN","381276905","US","9015028681","",""
"1528568565","2001 Stadium Dr Ste A","","Bozeman","MT","597150617","US","4066246007","",""
"1497608335","23901 Calabasas Rd Ste 2080","","Calabasas","CA","913024104","US","8059750006","",""
"1568095206","50 Lost Acres Ln","","Amissville","VA","201064146","US","7602085860","",""
"1396699948","3415 Greystone Dr Ste 102A","","Austin","TX","787312314","US","7373811717","","7373811717"
"1285589671","3831 Hughes Ave Ste 705","","Culver City","CA","902326838","US","3102044111","",""
"1114872512","7108 S Kanner Hwy","","Stuart","FL","349977462","US","7723496317","",""
"1740135144","1750 Santa Ana Ave","","Clovis","CA","936114037","US","5593962750","",""
"1063047009","808 S Wood St","","Chicago","IL","606127300","US","3129965636","",""
"1063047009","836 W Wellington Ave","","Chicago","IL","606575147","US","7732965878","","7732967818"
"1063047009","1740 W Taylor St","","Chicago","IL","606127232","US","3129967000","",""
"1093956534","8700 S 36th Ter","","Fort Smith","AR","729088797","US","4796461979","","4796461223"
"1730989369","700 Childrens Dr","","Columbus","OH","432052664","US","6147225650","",""
"1730989369","405 Butterfly Gardens Dr","","Columbus","OH","432154985","US","6147225650","",""
"1427517580","1 Baylor Plz # Bcm320","","Houston","TX","770303411","US","8328241170","","8328259302"
"1053060012","153 Hazard Ave","","Enfield","CT","060824592","US","8602535020","","8607315536"
"1255835955","235 North Pearl St","","Brockton","MA","02301","US","5084272665","","5084272368"
"1255835955","736 Cambridge St","","Brighton","MA","02135","US","6177892762","",""
"1255835955","10 Gove St","","East Boston","MA","021281931","US","6175695800","",""
"1376842146","400 S 43rd St","","Renton","WA","980555714","US","4252283440","4322","4256564214"
"1316441868","805 Saint Francis Way","","Litchfield","IL","620561779","US","2178543223","",""
"1871120030","633 Emerson St","","Evanston","IL","602080844","US","8474918100","","8474915919"
"1871120030","888 Old Country Rd","","Plainview","NY","118034914","US","8473135256","",""
"1407274327","200 Memorial Dr","","Luray","VA","228351000","US","5407434561","","5407439560"
"1407274327","759 S Main St","","Woodstock","VA","226641154","US","5404591100","","5404591121"
"1407274327","351 Valley Health Way Ste 200","","Front Royal","VA","226306480","US","5406360600","","5406360629"
"1407274327","1840 Amherst St","","Winchester","VA","226012808","US","5405368000","","5405367780"
"1407274327","351 Valley Health Way","","Front Royal","VA","226303598","US","5406360600","",""
"1295120251","55 Fruit St","","Boston","MA","021142621","US","6177263030","",""
"1851929475","747 Broadway","","Seattle","WA","981224307","US","2063202000","","2063204780"
"1326626391","4440 W 95th St","","Oak Lawn","IL","604532600","US","7083980287","",""
"1255656120","1950 Circle of Hope","Clinic 2B","Salt Lake City","UT","841125550","US","8015850100","","8015850721"
"1881012052","133 Park St","","Malone","NY","129531244","US","5184833000","",""
"1881012052","75 Park St","","Elizabethtown","NY","12932","US","5188736377","",""
"1881012052","75 Beekman St","","Plattsburgh","NY","129011427","US","5185612000","",""
"1649915893","308 8th St","","Bristol","TN","376202228","US","4238446860","",""
"1649915893","2885 Boones Creek Rd Ste 202","","Johnson City","TN","376158004","US","4239528050","",""
"1649915893","250 Stage Coach Rd","","Bristol","VA","242018304","US","2764660584","",""
"1649915893","2204 Pavilion Dr Ste 200","","Kingsport","TN","376604652","US","4232243900","",""
"1649915893","2205 Pavilion Dr Ste 101","","Kingsport","TN","376604641","US","4232827080","",""
"1649915893","403 Princeton Rd Ste 10","","Johnson City","TN","376012062","US","4234317340","",""
"1649915893","1497 W Elk Ave Ste 21","","Elizabethton","TN","376432896","US","4235431261","",""
"1649915893","12180 Alder St","","Meadowview","VA","243613938","US","2766950205","",""
"1649915893","701 Med Tech Pkwy Ste 401","","Johnson City","TN","376042372","US","4236310646","",""
"1649915893","344 Overlook Dr Ste 100","","Lebanon","VA","242663436","US","2768838042","",""
"1649915893","1901 S Shady St","","Mountain City","TN","376832021","US","4237271103","",""
"1649915893","350 Blountville Hwy Ste 106","","Bristol","TN","376201671","US","4239682446","",""
"1649915893","115 Judge Gresham Rd Ste B","","Gray","TN","376156213","US","4234772010","",""
"1649915893","16431 Wise St","","Saint Paul","VA","242833537","US","2767622300","",""
"1649915893","1 Medical Park Blvd Ste 200E","","Bristol","TN","376207498","US","4238445500","",""
"1649915893","350 Blountville Hwy Ste 205","","Bristol","TN","376201671","US","4239686650","",""
"1831553361","125 Diana Dr","","Webster Springs","WV","262889078","US","3048475682","",""
"1114142486","12301 N Western Ave Ste 102","","Oklahoma City","OK","731148017","US","4054420144","","8664904693"
"1114142486","424 N State St","","Weatherford","OK","730965121","US","5807728778","","8664904693"
"1114142486","2121 S Yukon Pkwy Ste 200","","Yukon","OK","730997482","US","4055785447","","8664904693"
"1659725869","185 N Lakemont Ave","","Winter Park","FL","327923203","US","4076447703","",""
"1568805919","1201 Sam Perry Blvd Ste 101","","Fredericksburg","VA","224014490","US","5407417614","",""
"1568805919","1001 Sam Perry Blvd","","Fredericksburg","VA","224014453","US","5407417614","",""
"1568805919","101 Hospital Center Blvd","","Stafford","VA","225546200","US","5407417614","",""
"1467849513","450 W Highway 22","","Barrington","IL","600101919","US","7082835500","",""
"1467849513","1425 N Randall Rd","","Elgin","IL","601232300","US","7082835500","",""
"1467849513","1775 Dempster St","","Park Ridge","IL","600681143","US","7082835500","",""
"1467849513","3815 Highland Ave","","Downers Grove","IL","605151500","US","7082835500","",""
"1497970495","550 Peachtree St NE","","Atlanta","GA","303082212","US","4046864411","",""
"1497970495","1350 Hickory St","","Melbourne","FL","329013224","US","3214344225","","3214344247"
"1124243902","1080 First Colonial Rd Ste 400","","Virginia Beach","VA","234542406","US","7573958720","","7573958821"
"1023638020","7559 263rd St","","Glen Oaks","NY","110041150","US","7184708100","",""
"1528649068","101 N Monroe St","","Tallahassee","FL","323011549","US","8333518255","",""
"1376987537","424 Hanover St","","Manchester","NH","031045101","US","6036683509","","6036418442"
"1871028894","1149 Myrtle Ave","","Brooklyn","NY","112066007","US","8002110996","","9292991694"
"1871028894","26 Court St Ste 1416","","Brooklyn","NY","112421114","US","3473891834","",""
"1871028894","937 Fulton St","","Brooklyn","NY","112382347","US","8002110996","","9292991694"
"1215324439","500 E Market St","","Iowa City","IA","522452633","US","3193562294","","3193847346"
"1952757882","800 Devon Ave","","Park Ridge","IL","600684760","US","8472924710","","8472924903"
"1902331846","355 W 16th St Ste 2364","","Indianapolis","IN","462022279","US","3179637307","",""
"1659726404","1200 Childrens Ave","","Oklahoma City","OK","731044637","US","4052715437","",""
"1659726404","262 Danny Thomas Pl","","Memphis","TN","381053678","US","9015953300","",""
"1659726404","7 Independence Pt Ste 300","","Greenville","SC","296154569","US","8645223700","","8645223705"
"1659726404","700 Childrens Dr","","Columbus","OH","43205","US","6147221459","",""
"1215558812","110 Medical Cir","","West Columbia","SC","291693642","US","8035097316","94514",""
"1215558812","225 Front St","","Binghamton","NY","139052474","US","6077723519","",""
"1699727214","3512 Paesanos Pkwy","","San Antonio","TX","782311246","US","8305810971","","2107615728"
"1699727214","1170 SW 68th Pkwy #200","","Portland","OR","97223","US","5039222275","",""
"1871548073","14 Richland Medical Park Dr Ste 350","","Columbia","SC","292036896","US","8034341663","","8034347092"
"1871548073","1000 Medical Center Blvd","","Lawrenceville","GA","300467694","US","6783123356","",""
"1992141949","4271 E Ed Urban Dr","","Peru","IL","613549359","US","8478141723","",""
"1992141949","6325 74th Ave","","Milan","IL","612643236","US","8478141723","",""
"1992141949","3445 N Seminary St","","Galesburg","IL","61401","US","8478141723","",""
"1992141949","3025 Cira Dr","","Bloomington","IL","617048317","US","8478141723","",""
"1992141949","10950 Hoover Rd Bldg F","","Rock Falls","IL","610719355","US","8478141723","",""
"1407235757","1000 North Oak Avenue","","Marshfield","WI","544495703","US","7153875511","",""
"1700087079","12301 N Western Ave Ste 102","","Oklahoma City","OK","731148017","US","4054420144","","8664904693"
"1700087079","2121 S Yukon Pkwy Ste 200","","Yukon","OK","730997482","US","4055785447","","8664904693"
"1700087079","424 N State St","","Weatherford","OK","730965121","US","5807728778","","8664904693"
"1376101857","12301 N Western Ave Ste 102","","Oklahoma City","OK","731148017","US","4054420144","","8664904693"
"1376101857","2121 S Yukon Pkwy Ste 200","","Yukon","OK","730997482","US","4055785447","","8664904693"
"1376101857","424 N State St","","Weatherford","OK","730965121","US","5807728778","","8664904693"
"1093717282","16605 State Road 23","","South Bend","IN","466351463","US","5743875273","",""
"1093717282","450 E Country Ln","","Shipshewana","IN","465658568","US","2607684141","",""
"1821090077","9220 Marne Rd Bldg 9220","","Fort Moore","GA","319055515","US","7066897138","","7067240239"
"1821090077","345 Lindquist Rd","","Fort Stewart","GA","313145043","US","9128761101","","7067240239"
"1336715895","1441 Parkway Dr","","Blackfoot","ID","832211667","US","2087852600","",""
"1154813293","601 E Rollins St","","Orlando","FL","328031248","US","4073035600","","3177055047"
"1346621927","41 Mall Rd","","Burlington","MA","018050001","US","7817448000","",""
"1043052970","660 McQueen Smith Rd N Ste E","","Prattville","AL","360667559","US","3342887808","","3342888089"
"1043052970","488 Saint Lukes Dr","","Montgomery","AL","361177104","US","3342887808","","3342888089"
"1376073429","12301 N Western Ave Ste 102","","Oklahoma City","OK","731148017","US","4054420144","","8664904693"
"1376073429","509 S 30th St","","Clinton","OK","736013632","US","5803238778","","8664904693"
"1376073429","2121 S Yukon Pkwy Ste 200","","Yukon","OK","730997482","US","4055785447","","8664904693"
"1447289533","4 Shaws Cv","","New London","CT","063204956","US","6044211778","","8604421181"
"1447289533","188 Summer St","","Dover Foxcroft","ME","044261129","US","2075383700","",""
"1386139137","912 S Washington St","","Owosso","MI","488674447","US","8105992129","",""
"1386139137","41521 W 11 Mile Rd","","Novi","MI","483751803","US","2482990030","",""
"1871110734","805 Saint Francis Way","","Litchfield","IL","620561779","US","2178543223","",""
"1639664717","6484 Fort Caroline Rd","","Jacksonville","FL","322772042","US","9046594735","",""
"1164084901","4300 Londonderry Rd","","Harrisburg","PA","171095317","US","7176577484","","7176577555"
"1164084901","4700 E Galbraith Rd Ste 104","","Cincinnati","OH","452362755","US","5137512273","","5137511848"
"1164084901","393 E Town St Ste 116","","Columbus","OH","432154799","US","6145669108","","6145669110"
"1649203639","1000 Newbury Rd Ste 200","","Newbury Park","CA","913206441","US","8059875300","","8187077668"
"1649203639","1821 E Daily Dr","","Camarillo","CA","930106201","US","8059875300","","8187077668"
"1649203639","2796 Sycamore Dr Ste 101","","Simi Valley","CA","930651549","US","8059875300","","8187077668"
"1649203639","16130 Ventura Blvd Ste 120","","Encino","CA","914362552","US","8059875300","","8187077668"
"1649203639","5682 Telephone Rd Ste 1","","Ventura","CA","930035326","US","8059875300","","8187077668"
"1649203639","7012 Reseda Blvd Ste B","","Reseda","CA","913354274","US","8059875300","","8187077668"
"1649203639","1200 W Gonzales Rd Ste 200","","Oxnard","CA","930363074","US","8059875300","","8187077668"
"1598928582","5501 Old York Rd","","Philadelphia","PA","191413018","US","2154567000","",""
"1962422709","340 S Farrell Dr Bldg 105","","Palm Springs","CA","922627963","US","7603276225","",""
"1962422709","5330 Carroll Canyon Rd Ste 210","","San Diego","CA","921213758","US","8007652737","",""
"1962422709","591 N 13th Ave","","Upland","CA","917864967","US","8003458979","",""
"1962422709","3939 3rd Ave","","San Diego","CA","921033002","US","8584501010","",""
"1962422709","41877 Enterprise Cir N Ste 110","","Temecula","CA","925905628","US","8003458979","",""
"1962422709","591 N 13th Ave Ste 3","","Upland","CA","917864968","US","8003458979","",""
"1962422709","930 W Main St","","Barstow","CA","923112654","US","8003458979","","9099493967"
"1962422709","15099 Kamana Rd","","Apple Valley","CA","923071388","US","8003458979","","8003458979"
"1962422709","3637 Vista Way","","Oceanside","CA","920564522","US","7607582008","",""
"1962422709","36949 Cook St Ste 101","","Palm Desert","CA","922116080","US","7603402394","",""
"1962422709","9481 Haven Ave Ste 200","","Rancho Cucamonga","CA","917305811","US","9099379230","",""
"1962422709","8112 Milliken Ave Ste 203","","Rancho Cucamonga","CA","917307473","US","8003458979","",""
"1962422709","40055 Bob Hope Dr Ste J","","Rancho Mirage","CA","922703940","US","7603465005","",""
"1962422709","9834 Genesee Ave Ste 428","","LA Jolla","CA","920371264","US","8007652737","",""
"1962422709","16177 Kamana Rd","","Apple Valley","CA","923071377","US","7609460618","",""
"1962422709","12442 Limonite Ave Unit 200","","Eastvale","CA","917522467","US","8003458979","",""
"1962422709","700 W El Norte Pkwy","","Escondido","CA","920263923","US","8007652737","",""
"1962422709","11959 Mariposa Rd","","Hesperia","CA","923451696","US","8003458979","",""
"1962422709","500 E Mountain View St","","Barstow","CA","923112937","US","8006458979","",""
"1962422709","1900 E Washington St","","Colton","CA","923244614","US","8006458979","",""
"1962422709","9834 Genesee Ave Ste 200","","LA Jolla","CA","920371225","US","8584573050","",""
"1962422709","6216 Brockton Ave Ste 214","","Riverside","CA","925062223","US","9516861190","",""
"1891925046","424 N State St","","Weatherford","OK","730965121","US","5807728778","","8664904693"
"1891925046","509 S 30th St","","Clinton","OK","736013632","US","5803238778","","8664904693"
"1891925046","12301 N Western Ave Ste 102","","Oklahoma City","OK","731148017","US","4054420144","","8664904693"
"1891925046","2121 S Yukon Pkwy Ste 200","","Yukon","OK","730997482","US","4055785447","","8664904693"
"1336370873","424 N State St","","Weatherford","OK","730965121","US","5807728778","","8664904693"
"1336370873","509 S 30th St","","Clinton","OK","736013632","US","5803238778","","8664904693"
"1336370873","12301 N Western Ave Ste 102","","Oklahoma City","OK","731148017","US","4054420144","","8664904693"
"1619492899","675 W Washington Ave","","Madison","WI","537032637","US","6082579700","",""
"1689405466","2001 Stadium Dr Ste A","","Bozeman","MT","597150617","US","4066246007","",""
"1346729902","2250 N Miller Campus Dr","","Lehi","UT","840487233","US","8016623604","",""
"1568349520","10 West St","","Concord","NH","033013548","US","6032267505","",""
"1447530514","1120 Raintree Cir Ste 280","","Allen","TX","750135258","US","9726353469","",""
"1023786167","12301 N Western Ave Ste 102","","Oklahoma City","OK","731148017","US","4054420144","","8664904693"
"1023786167","509 S 30th St","","Clinton","OK","736013632","US","5803238778","","8664904693"
"1023786167","424 N State St","","Weatherford","OK","730965121","US","5807728778","","8664904693"
"1326652579","200 HYGEIA DRIVE","","NEWARK","DE","197132049","US","3022731701","","3022734497"
"1326652579","1400 Dunlawton Ave","","Port Orange","FL","321278952","US","3217358960","","3217358964"
"1720813959","3051 W Horizon Ridge Pkwy # 120","","Henderson","NV","890523990","US","7026405443","",""
"1962597096","1201 Greeley Ave N","","Glencoe","MN","553362135","US","3208642020","","3208646678"
"1962597096","204 Lewis Ave S","","Watertown","MN","553884500","US","9529553553","",""
"1962597096","218 Main St S","","Hutchinson","MN","553502571","US","3207530000","",""
"1962597096","4681 Shoreline Dr","","Spring Park","MN","553849715","US","9524723937","",""
"1962597096","209 Chalupsky Ave SE","","New Prague","MN","560716840","US","9527587337","",""
"1962597096","1200 Chaska Creek Way Ste 110","","Chaska","MN","553182749","US","9524663937","","9524663936"
"1962597096","1201 Greeley Ave N","","Glencoe","MN","553362135","US","3208642020","",""
"1962597096","741 Enterprise Dr E","","Belle Plaine","MN","560112339","US","9524956070","",""
"1962597096","304 West US-212","","Norwood Young America","MN","55368","US","9524672250","",""
"1962597096","13550 Wayzata Blvd","","Minnetonka","MN","553051850","US","9524796320","",""
"1962597096","223 1st St E Ste 101","","Jordan","MN","553521563","US","9524922350","",""
"1962597096","12983 Ridgedale Dr","","Minnetonka","MN","553051806","US","9524796320","",""
"1619345469","805 Saint Francis Way","","Litchfield","IL","620561779","US","2178543223","",""
"1952916355","3200 Andrews Hwy Ste 400","","Midland","TX","797013950","US","8889884066","",""
"1952916355","1401 E 8th St","","Odessa","TX","797614802","US","8889884066","",""
"1598750481","1497 W Elk Ave Ste 22A","","Elizabethton","TN","376432896","US","4235473380","",""
"1598750481","1490 Park Ave NW Ste 3C","","Norton","VA","242731631","US","2766798890","",""
"1598750481","271 Medical Park Blvd","","Bristol","TN","376207455","US","4232748600","",""
"1598750481","2030 Temple Hill Rd Ste A","","Erwin","TN","376508721","US","4237354185","",""
"1598750481","1410 Tusculum Blvd Ste 1200","","Greeneville","TN","377455815","US","4237877280","",""
"1598750481","2428 Knob Creek Rd Ste 201","","Johnson City","TN","376042396","US","4232825054","",""
"1598750481","127 Health Care Dr Ste 3","","Pennington Gap","VA","242772853","US","2765465212","",""
"1598750481","2033 Meadowview Ln Ste 110","","Kingsport","TN","376607569","US","4232305000","",""
"1598750481","16000 Johnston Memorial Dr Ste 212","","Abingdon","VA","242117664","US","2762583740","",""
"1598750481","1410 Tusculum Blvd Ste 1500","","Greeneville","TN","377455810","US","4236382270","",""
"1578234456","48 Vienna Ave","","Niles","OH","444462622","US","3306522158","",""
"1194440222","525 N Wolfe St","","Baltimore","MD","212052110","US","4109554766","",""
"1780559666","204 N Hamilton St Ste B","","Richmond","VA","232212662","US","8042019218","",""
"1225126352","55 Fruit St","","Boston","MA","021142621","US","6175254923","",""
"1801976261","3627 University Blvd S Ste 200","","Jacksonville","FL","322164256","US","9042963200","",""
"1497837306","250 Central Ave N Ste 107","","Wayzata","MN","553911207","US","7634167600","","7634167634"
"1497837306","8501 Golden Valley Rd Ste 210","","Golden Valley","MN","554274472","US","7634167600","",""
"1497837306","6060 Clearwater Dr Ste 100","","Minnetonka","MN","553439460","US","7634167600","",""
"1497837306","250 Central Ave N Ste 107","","Wayzata","MN","553911207","US","7634167600","",""
"1497837306","12501 Whitewater Dr Ste 110","","Minnetonka","MN","553439436","US","7634167600","","7634167634"
"1497837306","2601 39th Ave NE Ste 1","","St. Anthony","MN","55421","US","7634167600","","7634167634"
"1497837306","7125 Tamarack Rd Ste 150","","Woodbury","MN","551251316","US","7634167600","","7634167634"
"1497837306","12000 Elm Creek Blvd N Ste 100","","Maple Grove","MN","553697074","US","7634167600","","7634167634"
"1497837306","250 Central Ave N Ste 105","","Wayzata","MN","553911207","US","7634167600","","7634167634"
"1497837306","6060 Clearwater Dr Ste 150","","Minnetonka","MN","553439490","US","7634167600","","7634167634"
"1972266732","5600 N May Ave Ste 310","","Oklahoma City","OK","731124275","US","8887318994","","8887328119"
"1972266732","1050 SW 6th Ave Ste 1100","","Portland","OR","972041153","US","8887318994","","8887328119"
"1972266732","429 4th Ave Fl 7","","Pittsburgh","PA","152191500","US","8887318994","","8887328119"
"1972266732","10 Dorrance St Ste 700","","Providence","RI","029032014","US","8887318994","","8887328119"
"1972266732","4000 Faber Place Dr Ste 300","","Charleston","SC","294058587","US","8887318994","","8887328119"
"1972266732","101 S Reid St Ste 307","","Sioux Falls","SD","571037045","US","8887318994","","8887328119"
"1972266732","400 W Capitol Ave Ste 1700","","Little Rock","AR","722013438","US","8887318994","","8887328119"
"1972266732","1000 N West St Ste 1200","","Wilmington","DE","198011058","US","8887318994","","8887328119"
"1972266732","4254 W Orchid Ln","","Chandler","AZ","852267246","US","8887318994","","8887328119"
"1972266732","999 18th St Ste 3000","","Denver","CO","802022449","US","8887318994","","8887328119"
"1972266732","100 Pearl St Fl 14","","Hartford","CT","061034500","US","8887318994","","8887328119"
"1972266732","601 Pennsylvania Ave NW Bldg Suite900","","Washington","DC","200042601","US","8887318994","","8887328119"
"1972266732","500 Ala Moana Blvd Ste 7400","","Honolulu","HI","968134902","US","8887318994","","8887328119"
"1972266732","699 Walnut St Ste 4","","Des Moines","IA","503093949","US","8887318994","","8887328119"
"1972266732","950 W Bannock St Ste 1100","","Boise","ID","837026140","US","8887318994","","8887328119"
"1972266732","111 W Jackson Blvd Ste 1700","","Chicago","IL","606043597","US","8887318994","","8887328119"
"1972266732","201 N Illinois St Fl 16","","Indianapolis","IN","462041904","US","8887318994","","8887328119"
"1972266732","801 E Douglas Ave Fl 2","","Wichita","KS","672023548","US","8887318994","","8887328119"
"1972266732","312 S 4th St Ste 700","","Louisville","KY","402023046","US","8887318994","","8887328119"
"1972266732","100 Cambridge St Fl 14","","Boston","MA","021142509","US","8887318994","","8887328119"
"1972266732","301 Main St Ste 2200","","Baton Rouge","LA","708010014","US","8887318994","","8887328119"
"1972266732","721 Depot Dr","","Anchorage","AK","995011615","US","8887318994","","8887328119"
"1972266732","2010 Patton Chapel Rd Ste 103","","Hoover","AL","352165783","US","8887318994","","8887328119"
"1972266732","900 Old Roswell Lakes Pkwy Ste 310","","Roswell","GA","300768667","US","8887318994","","8887328119"
"1972266732","325 N Saint Paul St Ste 3100","","Dallas","TX","752013923","US","8887318994","","8337751861"
"1972266732","1433 N Water St Ste 400","","Milwaukee","WI","532022603","US","8887318994","","8887328119"
"1972266732","1 Lawson Ln Ste 200D","","Burlington","VT","054018445","US","8887318994","","8887328119"
"1972266732","450 Alaskan Way S Ste 200","","Seattle","WA","981042785","US","8887318994","","8887328119"
"1972266732","232 Capitol St Ste 18","","Charleston","WV","253012234","US","8887318994","","8887328119"
"1972266732","10440 Little Patuxent Pkwy Ste 300","","Columbia","MD","210443648","US","8887318994","","8887328119"
"1972266732","700 Main St Ste 3","","Bangor","ME","044016800","US","8887318994","","8887328119"
"1972266732","400 Renaissance Ctr Ste 2600","","Detroit","MI","482431599","US","8887318994","","8887328119"
"1972266732","3010 Santa Fe Ct Fl 1","","Missoula","MT","598081730","US","8887318994","","8887328119"
"1972266732","421 Fayetteville St Ste 1100","","Raleigh","NC","276013000","US","8887318994","","8887328119"
"1972266732","121 Washington Ave N Fl 2","","Minneapolis","MN","554012503","US","8887318994","","8887328119"
"1972266732","3636 S Geyer Rd Ste 100","","Saint Louis","MO","631271237","US","8887318994","","8887328119"
"1972266732","317 E Capitol St Ste 200","","Jackson","MS","392013405","US","8887318994","","8887328119"
"1972266732","1531 32nd Ave S Ste 102","","Fargo","ND","581035911","US","8887318994","","8887328119"
"1972266732","165 Broadway Fl 23","","New York","NY","100061452","US","8887318994","","8887328119"
"1972266732","21 E State St Ste 200","","Columbus","OH","432150109","US","8887318994","","8887328119"
"1972266732","20 Foundry St Fl 2","","Concord","NH","033015419","US","8887318994","","8887328119"
"1972266732","1 Gateway Ctr Ste 2600","","Newark","NJ","071025323","US","8887318994","","8887328119"
"1972266732","1299 Farnam St Ste 300","","Omaha","NE","681021857","US","8887318994","","8887328119"
"1972266732","1603 Capitol Ave Ste 413","","Cheyenne","WY","820014562","US","8887318994","","8887328119"
"1972266732","100 Sun Ave NE Ste 650","","Albuquerque","NM","871094670","US","8887318994","","8887328119"
"1972266732","222 2nd Ave S Fl 17","","Nashville","TN","372012366","US","8887318994","","8887328119"
"1396117800","200 W Arbor Dr","","San Diego","CA","921039000","US","8009268273","","8885398781"
"1578227880","16000 Johnston Memorial Dr Ste 212","","Abingdon","VA","242117664","US","2762583740","",""
"1578227880","245 Medical Park Dr Ste A","","Marion","VA","243541100","US","2763781000","",""
"1639682750","25 Whitney Dr Ste 122","","Milford","OH","451508400","US","5139414999","",""
"1639682750","160 N Breiel Blvd","","Middletown","OH","450423806","US","5139414999","",""
"1639682750","1435 Cincinnati St","","Dayton","OH","454174614","US","5139414999","",""
"1639682750","1718 Central Pkwy","","Cincinnati","OH","452142355","US","5139414999","",""
"1639682750","100 Highview Blvd","","Columbus","OH","432076023","US","5139414999","",""
"1639682750","1130 Garbry Rd","","Piqua","OH","453568217","US","5139414999","",""
"1639682750","1421 Parker Ct","","Springfield","OH","455042855","US","5139414999","",""
"1639682750","247 Cic Blvd","","West Union","OH","456937512","US","5139414999","",""
"1639682750","680 Northland Blvd","","Cincinnati","OH","452403248","US","5139414999","",""
"1639682750","6460 Harrison Ave","","Cincinnati","OH","452477821","US","5139414999","",""
"1407621121","1450 Chapel St","","New Haven","CT","065114405","US","2032972519","",""
"1780280263","2730 Washington Blvd","","Belpre","OH","457141943","US","8003218293","",""
"1326105792","1400 NW Federal Hwy","","Stuart","FL","349941020","US","7728881880","",""
"1871451583","240 Beiser Blvd Ste 100","","Dover","DE","199048208","US","8004996202","",""
"1871451583","300 Health Services Dr","","Seaford","DE","199735884","US","8004996202","",""
"1871451583","407 S DuPont Blvd","","Milford","DE","199631787","US","8004996202","",""
"1972209716","150 E Palmetto Park Rd Ste 800","","Boca Raton","FL","334324833","US","5614657603","","9542065418"
"1588514970","4401 N Himes Ave Ste 175","","Tampa","FL","336147095","US","8133933800","",""
"1609267871","8101 W 31st Ave","","Hialeah","FL","330183890","US","3058634277","",""
"1902498611","1325 E Church St Ste 202","","Santa Maria","CA","934545915","US","8053463456","","8053463454"
"1578602074","567 Fairmount Ave","","Jamestown","NY","147012775","US","7166641462","",""
"1679279046","860 Greenbrier Cir Ste 503","","Chesapeake","VA","233202663","US","7578619050","",""
"1679279046","732 Thimble Shoals Blvd","","Newport News","VA","236064218","US","7578619010","","7578619011"
"1679279046","2856 Forehand Dr","","Chesapeake","VA","233232006","US","7578619010","",""
"1679279046","1100 N Miami Blvd Ste 613","","Durham","NC","277032479","US","9843970501","",""
"1194865428","71 S Flannagan Ave","","Lebanon","VA","242664575","US","2768838029","",""
"1194865428","312 Hospital Dr","","Clintwood","VA","242286786","US","2769260300","",""
"1194865428","103 North St Ste A","","Bristol","VA","242013201","US","2766427901","",""
"1194865428","1020 First Colonial Rd Ste A","","Virginia Beach","VA","234543078","US","7573951850","","7572229360"
"1740253822","4 W Dry Creek Cir","Suite 150","Littleton","CO","801208060","US","3037302883","104","3037302471"
"1740253822","630 Eaton Ave","","Hamilton","OH","450132767","US","5138672000","",""
"1740253822","401 E Spruce St","","Garden City","KS","678465679","US","6202722222","","6202722755"
"1740253822","2222 N Nevada Ave Ste 5001","","Colorado Springs","CO","809076865","US","7197763580","","7197763599"
"1740253822","2790 Clay Edwards Dr Ste 1235","","North Kansas City","MO","641163276","US","8164725157","","8164727201"
"1740253822","1028 Main St Fl 3","","Buffalo","NY","142021102","US","7168595505","",""
"1225980030","1110 Carolina Ln","","San Diego","CA","921023713","US","6193624650","",""
"1568962710","4 Saint Lo Pl","","Hopatcong","NJ","078431823","US","9177470097","","9082823356"
"1386101368","3383 W Vine St Ste 307","","Kissimmee","FL","347414665","US","4075720070","",""
"1386101368","3850 20th St Ste 7","","Vero Beach","FL","329602472","US","7724009229","","7724108700"
"1437651064","4600 Memorial Dr Ste 260","","Belleville","IL","622265363","US","6182574100","","6184637167"
"1548115942","114 Magnolia Pl","","Booneville","MS","388293637","US","8332214169","",""
"1952256356","7404 W Hood Pl","","Kennewick","WA","993366718","US","5097921726","",""
"1093660490","3412 Bent Trout Lake Rd","","Barnum","MN","557078872","US","2188792119","",""
"1821943234","3685 Renee Dr # 103","","Myrtle Beach","SC","295794109","US","6312459799","",""
"1801211693","146 W Dale St","Suite 201","Waterloo","IA","507031901","US","3192353838","","3192355078"
"1114552312","1700 W Paradise Dr","","West Bend","WI","530959795","US","2623343451","",""
"1225739964","1759 W Youngs Ditch Rd","","Bay City","MI","487089173","US","9892093249","23497",""
"1700901915","17480 Dallas Pkwy","Suite 125","Dallas","TX","752877337","US","9724888926","","9728814390"
"1700901915","151 Pennsylvania Pkwy","","Carmel","IN","462801379","US","3178171100","",""
"1700901915","2001 N Oregon St","","El Paso","TX","799023320","US","9155776011","",""
"1861028961","1575 Cambridge St","","Cambridge","MA","021384308","US","6177262000","",""
"1861028961","75 Francis St","","Boston","MA","021156106","US","6177325500","",""
"1134245293","253 Milling Rd","","Mocksville","NC","270282704","US","3367513276","","3367517985"
"1609525278","1601 N Travis St","","Sherman","TX","750923761","US","9033286556","","9038680282"
"1669051868","845 N Park Rd Ste 304","","Wyomissing","PA","196101342","US","5705340324","","5705340324"
"1619930385","10 Members Way Ste 302","","Dover","NH","038205933","US","6036096685","",""
"1619930385","75 Francis St","","Boston","MA","021156106","US","6177325500","",""
"1336568823","2101 N Belt Line Rd Ste B","","Mesquite","TX","751505818","US","9722706617","","4696998838"
"1336568823","2200 W Ennis Ave Ste B","","Ennis","TX","751198005","US","9728757616","","4696699883"
"1235984907","2000 W Pioneer Pkwy Ste 14","","Peoria","IL","616151882","US","3095501001","","3093226470"
"1033383104","1250 S Cedar Crest Blvd","Suite 400","Allentown","PA","181036224","US","6104026555","","6104026550"
"1225691777","2790 Clay Edwards Dr Ste 1235","","North Kansas City","MO","641163276","US","8164725157","","8164727201"
"1225691777","1313 E Herndon Ave Ste 105","","Fresno","CA","937203306","US","5594505375","",""
"1821618760","101 Nicolls Rd","","Stony Brook","NY","117940001","US","4192918201","",""
"1821618760","6101 W 95th St","","Oak Lawn","IL","604532735","US","7082610831","","7737904077"
"1821618760","2734 W 87th St","","Chicago","IL","606523937","US","7739184700","","1773313376"
"1457934424","1000 N Oak Avenue","","Marshfield","WI","544495703","US","7153875511","",""
"1417692518","676 N Saint Clair St Ste 1100","","Chicago","IL","606112954","US","3126955060","","3126955010"
"1598387953","2987 N Powerline Rd","","Pompano Beach","FL","330691011","US","5616935559","",""
"1053363622","500 Gypsy Ln","","Youngstown","OH","445041315","US","3308843679","","3308843691"
"1053363622","1451 El Camino Real","","The Villages","FL","321590041","US","3522650301","",""
"1740840016","2750 S Roosevelt St","","Wichita","KS","672101304","US","3166520152","","3166520928"
"1740840016","935 N Market St","","Wichita","KS","672143521","US","3168581151","","3168581152"
"1740840016","402 E 2nd St N","","Wichita","KS","672022504","US","3162622414","","3162644734"
"1730110677","18 W Blackwell St","","Dover","NJ","078013841","US","9089684440","",""
"1972023497","1841 Quiet CV","","Fayetteville","NC","283043985","US","9103232626","",""
"1972023497","1638 Owen Dr","","Fayetteville","NC","283043424","US","9103232626","","9104847962"
"1780680942","1900 Carew St","Ste.4","Fort Wayne","IN","468054765","US","2603739800","","2603739975"
"1174905277","8201 E Riverside Blvd","","Rockford","IL","611142300","US","8159717000","",""
"1922731520","6500 Excelsior Blvd","","Minneapolis","MN","554264702","US","9529936016","",""
"1366175689","7120 Clearvista Dr Ste 5100","","Indianapolis","IN","462561868","US","3176219655","",""
"1245259878","710 N East St","","Wabash","IN","469921914","US","2605633131","","2605692380"
"1275552812","710 N East St","","Wabash","IN","469921914","US","2605633131","","2605692380"
"1467130732","3031 Plank Rd","","Fredericksburg","VA","224014951","US","5407365043","",""
"1831685395","4906 N Oak Trfy","","Kansas City","MO","641184617","US","0000000000","",""
"1831685395","200 W Madison St Ste 2600","","Chicago","IL","606063476","US","0000000000","",""
"1831685395","4546 Corporate Dr Ste 155","","West Des Moines","IA","502665911","US","0000000000","",""
"1366730467","1010 College St","","Oxford","NC","275652507","US","9196903000","",""
"1598106171","1230 Glenstone Trl","2H","High Point","NC","272656011","US","3364031192","","3369058725"
"1598275307","3855 Health Sciences Dr","","LA Jolla","CA","920931503","US","8009268273","",""
"1598275307","4044 Fifth Ave.","","San Diego","CA","92103","US","6198494469","",""
"1295013563","3085 W 80th St","","Hialeah","FL","330183888","US","3058634277","","3058877761"
"1649905084","2510 Hideaway North Dr","","Indianapolis","IN","462682074","US","3177523710","",""
"1689402273","136 Sporthorse Ln","","Aiken","SC","298032930","US","8032260961","",""
"1679456172","18 W Blackwell St","","Dover","NJ","078013841","US","9733283344","",""
"1679739551","1946 Bath Ave","","Brooklyn","NY","112144704","US","7183600760","","7815232482"
"1679739551","111 Medical Pkwy Fl 2","","Chesapeake","VA","233200302","US","7573124047","","7574100339"
"1679739551","6903 4th Ave","","Brooklyn","NY","112091509","US","7183600760","","7815232482"
"1467283465","4930 Enterprise Dr NW","","Warren","OH","444818706","US","3303698022","153",""
"1518150044","1725 N University Dr Ste 350","","Coral Springs","FL","330716000","US","9542272700","427","9542272704"
"1407964091","8101 W 31st Ave","","Hialeah","FL","330183890","US","3088634277","",""
"1235386822","1801 N Senate Blvd Ste 4000","","Indianapolis","IN","462021184","US","3179622500","",""
"1639327059","1515 Union Ave","","Moberly","MO","652709407","US","6602638400","",""
"1427151935","2342 Professional Pkwy Ste 200","","Santa Maria","CA","934551690","US","8053499545","","8056142035"
"1447130125","10 Members Way Ste 302","","Dover","NH","038205933","US","6036108095","",""
"1386162956","2201 Verne Roberts Cir","","Antioch","CA","945097911","US","9257571933","",""
"1063995918","16133 Ventura Blvd Ste 360","","Encino","CA","914362426","US","8189866009","5","8182394239"
"1174617526","6601 W 12th St","","Little Rock","AR","722041513","US","5016668686","","5016606829"
"1376944561","130 S Bryn Mawr Ave","","Bryn Mawr","PA","190103121","US","4843373369","",""
"1376944561","536 Lippincott Dr","","Marlton","NJ","080534805","US","8563557155","","8563254798"
"1376944561","155 Bridgeton Pike Ste C","","Mullica Hill","NJ","080622639","US","8566417512","","8562214144"
"1457232001","10539 Professional Cir Ste 201","","Reno","NV","895213858","US","7753488800","","4804998459"
"1831525161","34 Murray St","","Waterbury","CT","067101920","US","2037568317","7042","2037568310"
"1003466160","250 Indian River Rd Ste 300","","Orange","CT","064773695","US","2037135600","",""
"1770363574","2 Convent Rd","","Morristown","NJ","079606923","US","9732904000","",""
"1487741104","18 W Blackwell St","","Dover","NJ","078013841","US","9733283344","",""
"1245059724","280 Charlois Blvd","","Winston Salem","NC","271031588","US","7047996824","",""
"1982115275","2823 Fresno St","","Fresno","CA","937211324","US","5594593770","",""
"1982115275","1000 N Oak Ave","","Marshfield","WI","544495703","US","7153875511","",""
"1336138627","318 White Horse Pike","","Haddon Heights","NJ","080351705","US","8565476000","218","8565463189"
"1215719463","117 Cherokee St","","Leavenworth","KS","660482816","US","8163014533","",""
"1215719463","913 Sheidley Ave Ste 200","","Bonner Springs","KS","660121825","US","8163014533","",""
"1962379552","2601 Holme Ave","","Philadelphia","PA","191522007","US","2153356000","",""
"1720851017","200 Atlantic St SE","","Washington","DC","200323040","US","2025624939","",""
"1205908993","702 S Hill Park Dr Ste 201","","Puyallup","WA","983731426","US","8554336825","",""
"1043294358","710 LaMar St Ste 430","","Wichita Falls","TX","763016843","US","9402172177","",""
"1043294358","3002 50th St","","Lubbock","TX","794134102","US","8067929197","",""
"1043294358","2950 50th St","","Lubbock","TX","794134326","US","8067929197","",""
"1043294358","1200 Golden Key Cir Ste 435","","El Paso","TX","799255816","US","8157748890","",""
"1043294358","8140 N Mopac Expy Ste 150","","Austin","TX","787598837","US","5123809339","",""
"1043294358","600 S Tyler St Ste 804","","Amarillo","TX","791012351","US","8064670672","",""
"1043294358","3303 N 3rd St Ste A","","Abilene","TX","796037042","US","3256733281","",""
"1043294358","3216 4th St Ste 104","","Longview","TX","756055229","US","9037830489","",""
"1043294358","8320 Central Park Dr Ste C","","Waco","TX","767126662","US","2547411326","",""
"1043294358","600 N Marienfeld St Ste 1040","","Midland","TX","797014457","US","4325225080","",""
"1043294358","3800 E 42nd St Ste 228","","Odessa","TX","797625941","US","4325802000","",""
"1437974847","205 Willow St","","South Hamilton","MA","019822255","US","5085910993","",""
"1679284798","655 Jesse Jewell Pkwy SE","","Gainesville","GA","305013854","US","7053372887","","7705349800"
"1679284798","835 Austin Dr","","Demorest","GA","305354513","US","7067548518","","7067546238"
"1679284798","1400 River Place","","Braselton","GA","305175600","US","7705337288","","7705349800"
"1679284798","1945 Beverly Rd","","Gainesville","GA","305012034","US","7705337288","","7705349800"
"1679284798","1270 Friendship Rd","","Braselton","GA","305175608","US","6782007460","","6782074601"
"1679284798","801 Austin Dr","","Demorest","GA","305354513","US","7067548066","","7067548086"
"1700358074","3300 Gallows Rd","","Falls Church","VA","220423307","US","7037764001","",""
"1700358074","9333 SW 152 st","","miami","FL","33157","US","3052512500","",""
"1700358074","2 Pond Park Rd","","Hingham","MA","020434347","US","7816248352","",""
"1114566361","2500 NW 79th Ave Ste 180","","Doral","FL","331221083","US","7868825437","",""
"1295973915","1400 Locust St","","Pittsburgh","PA","152195114","US","4122328111","",""
"1417802836","201 Sherman Rd Apt 636","","Chestnut Hill","MA","024673563","US","9292382331","",""
"1962357384","250 Pleasant St","","Concord","NH","033012598","US","6032252711","",""
"1013862432","841 Hospital Rd Ste 2300","","Indiana","PA","157013699","US","7243493170","",""
"1114872546","4480 51st St W","","Bradenton","FL","342102855","US","9412515000","304","9412515033"
"1427903863","632 Sundance Dr","","Windsor","CO","805503177","US","3072932815","","9704600502"
"1710832142","222 Southwind Pl","","Manhattan","KS","665033123","US","7855603101","",""
"1487283248","2201 S Sterling St","","Morganton","NC","286554044","US","8285805357","","8285806847"
"1093071110","90 Medical Park Dr Ste 2000","","Lewisburg","PA","178376343","US","5705242722","",""
"1093071110","1001 S George St","","York","PA","174033676","US","7178127687","",""
"1093071110","55 Monument Rd","","York","PA","174035023","US","7178126425","",""
"1093071110","25 Monument Rd Ste 270","","York","PA","174035073","US","7177418250","",""
"1093071110","1 Hospital Dr","","Lewisburg","PA","178379350","US","5705222000","",""
"1093071110","835 5th Ave","","Chambersburg","PA","172014220","US","7172174312","",""
"1093071110","112 N 7th St","","Chambersburg","PA","172011720","US","7172677164","",""
"1093071110","12 St Paul Dr Ste 100","","Chambersburg","PA","172011035","US","7172176072","",""
"1093071110","501 E Main St","","Waynesboro","PA","172682353","US","7177653425","",""
"1093071110","4150 Barrett Blvd Ste 100","","Ephrata","PA","175228979","US","7178595160","",""
"1093071110","169 Martin Ave","","Ephrata","PA","175221734","US","7177330311","",""
"1093071110","252 S 4th St","","Lebanon","PA","170426111","US","7172707500","",""
"1093071110","35 Erick Rd","","Lancaster","PA","176013111","US","7176900811","",""
"1316069727","8410 Decatur St Ste 100","","Westminster","CO","800313811","US","3034307000","","3034301506"
"1316069727","1010 Three Springs Blvd","","Durango","CO","813018296","US","9707643825","","9707643839"
"1003131657","2001 N Halsted St Ste 200","","Chicago","IL","606144365","US","3128885754","","3128839976"
"1710566708","19875 SW 65th Ave Ste 100","","Tualatin","OR","970628353","US","5036927785","",""
"1710566708","1313 E Herndon Ave","","Fresno","CA","937203306","US","5594503000","",""
"1104115492","2790 Clay Edwards Dr Ste 1235","","North Kansas City","MO","641163276","US","8164725157","","8164727201"
"1104115492","630 Eaton Ave","","Hamilton","OH","450132767","US","5138672000","",""
"1104115492","9981 S Healthpark Dr","","Fort Myers","FL","339083618","US","2392082212","","2399355067"
"1104115492","5401 Old York Rd","","Philadelphia","PA","19141","US","2154567190","",""
"1104115492","1575 Tremont St","Apt 1011","Boston","MA","021201677","US","5080000000","",""
"1104115492","2320 E 93rd St","","Chicago","IL","606173909","US","7086844029","","7086844033"
"1447646476","6720 Bertner Ave Ste O-520","","Houston","TX","770302604","US","8323552666","",""
"1447646476","2727 W Holcombe Blvd","","Houston","TX","770251669","US","7134420000","",""
"1043899776","100 Theda Clark Medical Plz Ste 400","","Neenah","WI","549562763","US","9207254527","",""
"1437416096","900 Sunset Dr","","LA Grande","OR","978501387","US","5419635130","","5419755132"
"1740423375","5130 Sunforest Dr Ste 200","","Tampa","FL","336346322","US","0000000000","",""
"1487970497","700 W Forest Ave","STE 200","Jackson","TN","383013937","US","7315419490","",""
"1487970497","2790 Clay Edwards Dr Ste 1235","","North Kansas City","MO","641163276","US","8164725157","","8164727201"
"1033606058","1200 S Farmerville St","","Ruston","LA","712705941","US","3182516295","","3182516269"
"1467986109","2 Stone Harbor Blvd","","Cape May Court House","NJ","082102138","US","6094632273","","6094633254"
"1184981730","1288 Valley Forge Rd","Unit 69","Phoenixville","PA","194602687","US","6109339483","","6109334080"
"1811744410","1200 Corporate Blvd Ste 20A","","Lancaster","PA","176011298","US","7172205252","",""
"1437371721","1923 N Webb Rd","","Wichita","KS","672063405","US","3166309300","","8336412418"
"1437371721","1824 E James St","","Derby","KS","670378634","US","3166309300","","3169789001"
"1588412258","1341 Walter Reed Rd","","Fayetteville","NC","283044415","US","9106153500","","9106153560"
"1588412258","6387 Ramsey St Unit 240","","Fayetteville","NC","283119442","US","9106153999","",""
"1588412258","300 Medical Pavilion Dr Ste 250","","Raeford","NC","283760018","US","9109048035","","9106159752"
"1912644519","35 Erick Rd","","Lancaster","PA","176013111","US","7176900811","",""
"1912644519","1 Hospital Dr","","Lewisburg","PA","178379350","US","5705222000","",""
"1912644519","25 Monument Rd Ste 270","","York","PA","174035073","US","7177418250","",""
"1912644519","55 Monument Rd","","York","PA","174035023","US","7178126425","",""
"1912644519","1001 S George St","","York","PA","174033676","US","7178127687","",""
"1912644519","90 Medical Park Dr Ste 2000","","Lewisburg","PA","178376343","US","5705242722","",""
"1912644519","112 N 7th St","","Chambersburg","PA","172011720","US","7172677164","",""
"1912644519","12 St Paul Dr Ste 100","","Chambersburg","PA","172011035","US","7172176072","",""
"1912644519","169 Martin Ave","","Ephrata","PA","175221734","US","7177330311","",""
"1912644519","252 S 4th St","","Lebanon","PA","170426111","US","7172707500","",""
"1912644519","835 5th Ave","","Chambersburg","PA","172014220","US","7172174312","",""
"1912644519","4150 Barrett Blvd Ste 100","","Ephrata","PA","175228979","US","7178595160","",""
"1912644519","501 E Main St","","Waynesboro","PA","172682353","US","7177653425","",""
"1689248916","910 E 70th St Ste B","","Savannah","GA","314054831","US","9124463824","",""
"1285473389","1712 Dunlap Ave Ste 9","","Marinette","WI","541431709","US","4146762112","","4146762122"
"1982641916","9780 Mt Pyramid Ct","Suite 160","Englewood","CO","801127054","US","7195427891","",""
"1326530759","593 Eddy St","","Providence","RI","029034923","US","4014444000","",""
"1801276571","300 Hillmont Ave","","Ventura","CA","930031651","US","8056526000","",""
"1801276571","500 17th Ave","","Seattle","WA","981225711","US","2063202800","","2063202827"
"1306375829","1040 Michaelmas Ave","","Cayce","SC","290333115","US","8034630879","",""
"1306375829","5541 Sunset Blvd","","Lexington","SC","290728715","US","8035208644","",""
"1306375829","5541 Sunset Blvd","","Lexington","SC","290728715","US","8035208644","",""
"1447092291","6545 Flying Cloud Dr Ste 201","","Eden Prairie","MN","553443356","US","6123641901","",""
"1700518206","2208 S 17th St","","Wilmington","NC","284017593","US","9107633333","","9107633336"
"1730594979","1886 W Auburn Rd Ste 400","","Rochester Hills","MI","483093865","US","2482903111","1713","2482903100"
"1730594979","3601 W 13 Mile Rd","","Royal Oak","MI","480736712","US","2488981994","","2488980015"
"1811482250","615 S New Ballas Rd","","Saint Louis","MO","631418221","US","3142515834","",""
"1811482250","6435 Chippewa St","","Saint Louis","MO","631092104","US","3143663000","","3143663001"
"1538165113","1726 Dunlawton Ave","","Port Orange","FL","321278929","US","3867676977","","3867676786"
"1326883240","3399 S Eastern Ave","","Las Vegas","NV","891693312","US","7024440438","",""
"1568727519","1500 DIXON STREET","SUITE 201","FREDERICKSBURG","VA","224017229","US","5403745261","",""
"1215554399","5455 Almira Dr NE","","Bremerton","WA","983118330","US","3603735031","5804",""
"1356863989","100 NE Saint Lukes Blvd","","Lees Summit","MO","640866000","US","8169323679","","8169329089"
"1184854747","2790 Clay Edwards Dr Ste 1235","","North Kansas City","MO","641163276","US","8166911920","","8163467210"
"1184854747","Dept Of Internal Medicine Msc10 5550","1 UNIVERSITY 2211 LOMAS BLVD NE","Albuquerque","NM","871310001","US","5052726331","",""
"1194398107","3429 NW 44th St Apt 104","","Lauderdale Lakes","FL","333094270","US","7542453120","",""
"1083394258","1353 E Main St","","Brownsburg","IN","461121433","US","3175204748","106","8884985529"
"1699290262","11100 Ky Highway 185","","Bowling Green","KY","421013302","US","5135324056","",""
"1881003317","1000 Physicians Way","","Franklin","TN","370671471","US","8777497428","","5126283314"
"1881003317","1800 Eagle Landing Blvd","","Hanahan","SC","29410","US","8777497428","","5126283314"
"1881003317","2701 N Decatur Rd","","Decatur","GA","300335918","US","8777497428","","5126283314"
"1881003317","120 Twelfth St","","Princeton","WV","24740","US","9146366200","",""
"1881003317","705 Juniper St NE","","Atlanta","GA","303081307","US","4048732871","",""
"1164737490","840 Montclair Rd","Suite 340","Birmingham","AL","352131920","US","2055925135","",""
"1164737490","3315 Kethley Street Shawnee","","Shawnee","OK","74804","US","4052732270","","4053955922"
"1245607993","6301 Forbes Ave Ste 310","","Pittsburgh","PA","152171725","US","4122061411","",""
"1467853739","5604 Virginia Beach Blvd Ste 101","","Virginia Beach","VA","234625631","US","7574555000","",""
"1467853739","2404 Potters Rd Ste 400","","Virginia Beach","VA","234544335","US","7579615888","",""
"1427243088","14674 W Mountain View Blvd Ste 105","","Surprise","AZ","853742707","US","6232387410","","6239753902"
"1407957434","9090 SW 87th Ct","","Miami","FL","331762315","US","3056963231","",""
"1629896980","9400 NW 12th Ave Bay 6","","Miami","FL","331502025","US","3057790040","",""
"1215307244","715 SW Ramsey Ave","","Grants Pass","OR","975275500","US","5419564943","",""
"1568069441","8700 N Kendall Dr Ste 100","Entrance B","Miami","FL","331762206","US","7868754282","","3053176130"
"1346115532","108 W Victoria St","","Gardena","CA","902483523","US","3107152020","",""
"1487370094","714 Doctors Dr","","Englewood","FL","342233992","US","9414601300","","9414601306"
"1619759503","292 Stoner Ave","","Westminster","MD","211575629","US","4108718000","","4108717242"
"1871574186","1615 Pasadena Ave S Ste 400","","South Pasadena","FL","337074567","US","7273411316","","7273454000"
"1073056974","1520 San Pablo St Ste 3000","","Los Angeles","CA","900335315","US","3234425710","",""
"1073056974","2000 Outlet Center Dr Ste 110","","Oxnard","CA","930360608","US","8056044588","",""
"1962684571","25 Jacobs Gulch Rd","","Kellogg","ID","838372023","US","2087841221","","2087840961"
"1962684571","2003 Kootenai Health Way","","Coeur D Alene","ID","838146051","US","2086256360","","2086256361"
"1942016811","3111 S 70th St","","Fort Smith","AR","729035017","US","4794526650","","4794525847"
"1801871942","10000 W Colonial Dr Ste 187","","Ocoee","FL","347613438","US","3218435851","","3218431673"
"1366305922","3500 Franciscan Way","","Michigan City","IN","463600033","US","2198771710","",""
"1235646191","1730 W 25th St","","Cleveland","OH","441133108","US","2163632353","",""
"1235646191","24600 Center Ridge Rd Ste 275","","Westlake","OH","441455679","US","2163077651","","2162213171"
"1235646191","27877 Clemens Rd","","Westlake","OH","441451167","US","2162268700","","2162213171"
"1588020242","79 Vandenburgh Ave","","Troy","NY","121806024","US","5182694690","",""
"1588020242","2 Empire Dr Ste 100","","Rensselaer","NY","121445730","US","5182694690","",""
"1588020242","1735 Route 9","","Halfmoon","NY","120652421","US","5182694690","",""
"1669778056","400 E 71st St","4A","New York","NY","100214808","US","3122130200","",""
"1003560913","176 McSwain Dr","","West Columbia","SC","291694825","US","8037674465","","8037674120"
"1083290464","220 S Main St","","Royal Oak","MI","480672676","US","2482164704","","9472454212"
"1427022342","1502 S Saint Francis Dr","","Santa Fe","NM","875054040","US","5059950170","","8557257450"
"1043844541","1735 Route 9","","Halfmoon","NY","120652421","US","5182694690","",""
"1043844541","2 Empire Dr Ste 100","","Rensselaer","NY","121445730","US","5182694690","",""
"1043844541","79 Vandenburgh Ave","","Troy","NY","121806024","US","5182694690","",""
"1396914800","3375 Burns Rd Ste 109","","Palm Beach Gardens","FL","334104360","US","5618029050","",""
"1013862457","8334 Tyler Blvd","","Mentor","OH","440604221","US","4403631718","",""
"1063367415","3819 Jay Street NE","#5","Washington","DC","20019","US","2024170593","",""
"1801741269","1401 Fulton St Ste 200","","Fresno","CA","937211646","US","5593489225","64446","8448332150"
"1306546569","219 N Broad St Fl 6","","Philadelphia","PA","191071519","US","2157625037","",""
"1649970500","8400 Stacy Rd Ste 100","","McKinney","TX","750702144","US","2148769828","",""
"1831213438","3200 E Racine St","","Janesville","WI","535462343","US","6083718000","","6083718927"
"1669273090","1 Kettle Point Ave","","East Providence","RI","029145375","US","4014571500","",""
"1669273090","2 Dudley St Ste 200","","Providence","RI","029053252","US","4014571500","",""
"1598341554","9763 Roosevelt Blvd","","Philadelphia","PA","191141010","US","2156765577","",""
"1598341554","821 Huntingdon Pike","","Huntingdon Valley","PA","190068371","US","2153220800","",""
"1598341554","729 Grove Ave","","Southampton","PA","189666008","US","2153220800","",""
"1598341554","1939 W Cheltenham Ave","","Elkins Park","PA","190271046","US","2158845715","",""
"1598341554","205 Newtown Rd Ste 210","","Warminster","PA","189745207","US","2153220800","",""
"1790289643","2 Empire Dr Ste 100","","Rensselaer","NY","121445730","US","5182694690","",""
"1790289643","79 Vandenburgh Ave","","Troy","NY","121806024","US","5182694690","",""
"1790289643","1735 Route 9","","Halfmoon","NY","120652421","US","5182694690","",""
"1255725644","2504 Clark Ln","","Redondo Beach","CA","902784524","US","4243274247","","3106026749"
"1255725644","200 Hillmont Ave","","Ventura","CA","930031647","US","8056526729","",""
"1255725644","831 E Arrow Hwy","","Pomona","CA","917672535","US","8002007181","",""
"1255725644","4411 E Kings Canyon Rd","","Fresno","CA","937023604","US","5594531008","",""
"1487773040","1851 MacGregor Downs Rd","","Greenville","NC","278345925","US","2527377000","",""
"1194142166","11900 Grant St # 360","","Northglenn","CO","802331117","US","3036045000","",""
"1194142166","1000 W South Boulder Rd","","Lafayette","CO","800262752","US","3036045000","",""
"1194142166","1830 N Franklin St Ste 220","","Denver","CO","802181128","US","3036045000","",""
"1346771631","2 Empire Dr Ste 100","","Rensselaer","NY","121445730","US","5182694690","",""
"1346771631","79 Vandenburgh Ave","","Troy","NY","121806024","US","5182694690","",""
"1346771631","1735 Route 9","","Halfmoon","NY","120652421","US","5182694690","",""
"1053773028","3545 Long Beach Blvd","","Long Beach","CA","908073941","US","5624907600","",""
"1053773028","725 Welch Rd","","Palo Alto","CA","943041601","US","8005160975","",""
"1306424767","12631 E 17th Ave","","Aurora","CO","800452527","US","3037241784","",""
"1770288474","1650 4th St SE","","Rochester","MN","559044717","US","5075296600","",""
"1285923532","1 Hospital Dr","","Lewisburg","PA","178379350","US","5705222640","",""
"1982099016","2 Empire Dr Ste 100","","Rensselaer","NY","121445730","US","5182694690","",""
"1982099016","79 Vandenburgh Ave","","Troy","NY","121806024","US","5182694690","",""
"1982099016","1735 Route 9","","Halfmoon","NY","120652421","US","5182694690","",""
"1457705477","1560 Broadway Ste 1600","","Denver","CO","802025160","US","6263394999","",""
"1013150267","179 N Reading Rd","","Ephrata","PA","175221647","US","7177380167","",""
"1013150267","46 Newman Springs Rd E Ste D","","Red Bank","NJ","077011531","US","7326771091","","7324314640"
"1013150267","252 S 4th St Fl 2","","Lebanon","PA","170426111","US","7172703751","",""
"1992159263","4921 Parkview Pl","Ste 6A/6B/12A","Saint Louis","MO","631101032","US","3147472551","","3147472598"
"1902394893","2524 Westside Rd","","Yreka","CA","960979129","US","5308422760","","5308425839"
"1700312444","3730 Plaza Way","","Kennewick","WA","99338","US","5092215520","",""
"1124078795","2800 W 95th St","","Evergreen Park","IL","608052701","US","7084226200","","7738637507"
"1063892560","1735 Route 9","","Halfmoon","NY","120652421","US","5182694690","",""
"1063892560","2 Empire Dr Ste 100","","Rensselaer","NY","121445730","US","5182694690","",""
"1063892560","79 Vandenburgh Ave","","Troy","NY","121806024","US","5182694690","",""
"1710920624","2150 N Expressway","#83","Brownsville","TX","785211561","US","9565480810","","9565482198"
"1710920624","3302 Boca Chica Blvd","","Brownsville","TX","785215193","US","9569821001","",""
"1609214063","3105 Magory Dr","","Bloomington","IL","617045403","US","3092433610","","3092433193"
"1629811625","8004 Myrtle Trace Dr Ste 200","","Conway","SC","295268945","US","8433478041","","8433478042"
"1629811625","210 Village Center Blvd Ste 200","","Myrtle Beach","SC","295796706","US","8433533460","","8433533461"
"1629811625","1413 Highway 17 N","","Surfside Beach","SC","295756012","US","8433478041","","8433478042"
"1629811625","1100 62nd Ave N","","Myrtle Beach","SC","295727202","US","8433478041","","8433478042"
"1629811625","6010 Highway 707 Ste 300","","Myrtle Beach","SC","295887321","US","8433478041","","8433478042"
"1922623586","79 Vandenburgh Ave","","Troy","NY","121806024","US","5182694690","",""
"1922623586","2 Empire Dr Ste 100","","Rensselaer","NY","121445730","US","5182694690","",""
"1922623586","1735 Route 9","","Halfmoon","NY","120652421","US","5182694690","",""
"1922623586","315 So Manning Blvd","Hospitalist Department","Albany","NY","122081707","US","5185251550","",""
"1922623586","2215 Burdett Avenue","Hospitalist Department","Troy","NY","121802466","US","5182713300","",""
"1093283418","751A Camino Plz","","San Bruno","CA","940663401","US","6506278045","",""
"1093283418","424 Peninsula Ave","","San Mateo","CA","944011653","US","6502864396","",""
"1093283418","6973 University Blvd","","Winter Park","FL","327926713","US","8887540398","",""
"1013944586","79 Vandenburgh Ave","","Troy","NY","121806024","US","5182694690","",""
"1013944586","2 Empire Dr Ste 100","","Rensselaer","NY","121445730","US","5182694690","",""
"1013944586","1735 Route 9","","Halfmoon","NY","120652421","US","5182694690","",""
"1225299886","307 N D Salinas Blvd","","Donna","TX","785372929","US","9562621304","","9562623929"
"1225299886","307 N D Salinas Blvd","","Donna","TX","785372929","US","9564642402","","9562623339"
"1336178060","2019 Galisteo St Ste H2","","Santa Fe","NM","875052106","US","5052916314","","5052750296"
"1316508385","2301 N Ocoee St Ste A","","Cleveland","TN","373113869","US","4233391400","","4233399950"
"1104089895","750 Brunswick Ave","","Trenton","NJ","086384143","US","6093946000","",""
"1104089895","2 Capital Way Ste 356","","Pennington","NJ","085342521","US","6095377470","",""
"1104089895","1 Capital Way","","Pennington","NJ","085342520","US","6093034000","",""
"1821343757","5920 West Mall","","Atascadero","CA","934224232","US","8054660676","","8054664862"
"1942208699","39000 Bob Hope Dr","","Rancho Mirage","CA","922703221","US","7603403911","",""
"1164838520","3881 S Western Ave","","Los Angeles","CA","900621105","US","3232904352","",""
"1164838520","12021 Wilmington Ave Ste 1000","","Los Angeles","CA","900593019","US","4244048263","",""
"1194247189","15790 Paul Vega Md Dr","","Hammond","LA","704031436","US","9852306117","",""
"1588919617","915 Olentangy River Rd Ste 2100","","Columbus","OH","432123154","US","6142939030","",""
"1386482115","5312 Rio Bravo Dr Ste 10","","Santa Teresa","NM","880089210","US","9156332409","",""
"1821228321","2800 W 95th St","","Chicago","IL","608052701","US","7084226200","",""
"1982868972","2960 Maguire Rd Ste 1005","","Ocoee","FL","347614755","US","4078396885","","4076714155"
"1982868972","301 Frontage Rd Ste B&c","","Clermont","FL","347112447","US","3523860190","","4076714155"
"1619133444","81812 DOCTOR CARREON BLVD STE D","","INDIO","CA","922015594","US","7606477676","","7603470909"
"1619133444","81800 Doctor Carreon Blvd Ste B","","Indio","CA","922015595","US","7606477676","","7603470909"
"1619133444","1133 N Palm Canyon Dr Ste A","","Palm Springs","CA","922624431","US","7603208005","","7604066057"
"1649825035","986 Shoppes Blvd","","North Brunswick","NJ","089022776","US","7324975000","",""
"1649825035","100 Kings Way E Ste D1","","Sewell","NJ","080802238","US","8563526572","","8563526710"
"1588672810","2000 Diamond Hill Rd Ste 18","","Woonsocket","RI","028951554","US","4014707116","",""
"1740538560","14527 7th St","","Dade City","FL","335233102","US","7275211474","",""
"1629225651","475 Seaview Ave","","Staten Island","NY","103053436","US","7182266902","",""
"1629225651","76 MacDonough St Unit 1","","Brooklyn","NY","112162502","US","2155313469","13469","2153304683"
"1689073504","555 Water Street","","Santa Cruz","CA","96060","US","4154849934","",""
"1760474845","1500 S Dobson Rd # Stw202","","Mesa","AZ","852024713","US","8669742673","",""
"1760474845","8952 E Desert Cove Ave Ste 113","","Scottsdale","AZ","852606776","US","8669742673","",""
"1760474845","18444 N 25th Ave Ste 210","","Phoenix","AZ","850231264","US","8669742673","","8669392673"
"1508533951","100 Broad St","","Glens Falls","NY","128014349","US","5187922223","","5187928231"
"1508533951","3767 Main St","","Warrensburg","NY","128851890","US","5186232844","","5186233416"
"1508533951","38 Larose Street","","Glens Falls","NY","128013452","US","5188248181","","8338190268"
"1508533951","27 Hyland Dr","","Lake Luzerne","NY","128463923","US","5188242580","","5188242579"
"1508533951","28 S Western Ave","","Queensbury","NY","128043323","US","5187986400","","5187984105"
"1508533951","1299 Route 9","","Gansevoort","NY","128311560","US","5187616961","","5187611006"
"1063968113","1000 Sutter St","","Yuba City","CA","959913504","US","5306739420","",""
"1043823800","1394 John Sims Pkwy E","","Niceville","FL","325782208","US","8505171920","",""
"1982218418","3060 Eiwa St","","Lihue","HI","967661310","US","3602599223","",""
"1952022337","4640 Main St Ste 3-202","","Houston","TX","770020007","US","9152718971","","9159005478"
"1801992961","108 N Highway 52","","Moncks Corner","SC","294613910","US","8437973636","","8437973637"
"1801992961","176 McSwain Dr","","West Columbia","SC","291694825","US","8437973636","","8437973637"
"1801992961","408 E Dekalb St Ste A","","Camden","SC","290204429","US","8037674465","",""
"1801992961","205 Eddie Chasteen Dr","","Walterboro","SC","294885728","US","8437973636","","8437973637"
"1487745311","835 5th Ave","","Chambersburg","PA","172014220","US","7172174312","",""
"1487745311","12 St Paul Dr Ste 100","","Chambersburg","PA","172011035","US","7172176072","",""
"1487745311","1 Hospital Dr","","Lewisburg","PA","178379350","US","5705222000","",""
"1487745311","1001 S George St","","York","PA","174033676","US","7178127687","",""
"1487745311","25 Monument Rd Ste 270","","York","PA","174035073","US","7177418250","",""
"1487745311","112 N 7th St","","Chambersburg","PA","172011720","US","7172677164","",""
"1487745311","35 Erick Rd","","Lancaster","PA","176013111","US","7176900811","",""
"1487745311","169 Martin Ave","","Ephrata","PA","175221734","US","7177330311","",""
"1487745311","252 S 4th St","","Lebanon","PA","170426111","US","7172707500","",""
"1487745311","55 Monument Rd","","York","PA","174035023","US","7178126425","",""
"1487745311","501 E Main St","","Waynesboro","PA","172682353","US","7177653425","",""
"1487745311","90 Medical Park Dr Ste 2000","","Lewisburg","PA","178376343","US","5705242722","",""
"1174033765","584 Castro St # 2095","","San Francisco","CA","941142512","US","8443598363","","8339553592"
"1174033765","1800 Phoenix Blvd","","Atlanta","GA","303495593","US","8443598363","","8339293520"
"1174033765","3065 Brighton 2nd St # 1014","","Brooklyn","NY","112357404","US","8443598363","","8339553592"
"1174033765","1001 Fischer Blvd Ste 3","","Toms River","NJ","087533818","US","8443598363","","8339293520"
"1265421028","4901 Limestone Rd","Suite B","Wilmington","DE","198081271","US","3022391100","","3022391988"
"1265421028","701 N Clayton St Ste 200","","Wilmington","DE","198053165","US","3025758040","","3025758005"
"1912151044","1700 W Stout St","","Rice Lake","WI","548685000","US","7152368100","",""
"1083250500","510 S Independence Blvd Ste 200","","Virginia Beach","VA","234521155","US","3364629330","",""
"1083250500","1350 Columbia St Unit 800","","San Diego","CA","921013456","US","3364629330","",""
"1346934213","2604 N Parham Rd","","Richmond","VA","232944649","US","8042300999","","8042300998"
"1346934213","2810 N Parham Rd Ste 150","","Richmond","VA","232944422","US","8042300999","","8042300998"
"1720558141","24301 Southland Dr Ste 410","","Hayward","CA","945451551","US","8884283223","","3238661881"
"1750244679","510 S Independence Blvd Ste 200","","Virginia Beach","VA","234521155","US","3364629330","",""
"1457215071","14100 Southwest Fwy Ste 500","","Sugar Land","TX","774783483","US","2819724972","",""
"1457215071","500 N Kobayashi Ste F","","Webster","TX","775984722","US","2818163092","",""
"1346105848","757 Westwood Plz","","Los Angeles","CA","900958358","US","3108259111","",""
"1205597507","450 30th St Ste 2832","","Oakland","CA","946093302","US","5108699200","",""
"1174481998","5850 6th Ave","","Los Angeles","CA","900433263","US","3239249084","",""
"1598623811","1522 Brookhollow Dr Ste 3&4","","Santa Ana","CA","927055423","US","6572540220","50220",""
"1457941676","701 W Forevergreen Rd","","North Liberty","IA","523179848","US","3193846562","","3193563949"
"1912184136","1295 NW 14th St Ste A","","Miami","FL","331251600","US","3052438644","",""
"1912184136","1475 NW 12th Ave","","Miami","FL","331361002","US","3052438644","",""
"1801488317","104 Independence Dr","","Trumann","AR","724722045","US","8709704383","","8889772956"
"1801488317","1055 Sunflower Dr Ste 104","","Conway","AR","720343651","US","5014310075","","8889772956"
"1801488317","249 Eagle Mountain Blvd Ste 200","","Batesville","AR","725014239","US","8704643601","","8889772956"
"1801488317","2000 S Promenade Blvd","","Rogers","AR","727589073","US","4794084197","","8889772956"
"1801488317","276 Southwest Dr","","Jonesboro","AR","724015829","US","8709708150","","8889772956"
"1801488317","106 Ridgeway St Ste A&b","","Hot Springs","AR","719017198","US","5013898100","","8889772956"
"1962095752","1717 S J St","","Tacoma","WA","984054933","US","2534266341","","2534266344"
"1699570242","3435 W 96th St","","Indianapolis","IN","462681102","US","5743874313","","5742042868"
"1356935308","3150 N 12th St","","Grand Junction","CO","815062863","US","9702551576","",""
"1043518087","1716 E Yampa St","","Colorado Springs","CO","809093855","US","7199827405","",""
"1487509857","15272 SW 297th Ter","","Homestead","FL","330333653","US","7864864286","",""
"1710832191","7344 Magnolia Ave Ste 130","","Riverside","CA","925043819","US","9514040856","","9517558856"
"1245208115","1001 Health Park Dr Ste 450","","Brentwood","TN","370275867","US","6154553000","","8339072263"
"1245208115","861 Medical Park","","Smyrna","TN","37167","US","6154553000","",""
"1053388181","180 Grafton Ln","","Berryville","VA","226112576","US","5409552400","","5409559765"
"1053388181","42009 Victory Ln","North Spring Behavioral HealthCare","Leesburg","VA","201766269","US","7037770800","110","7037770840"
"1053388181","2 West Loudoun Street","","Round Hill","VA","20141","US","7037236216","","7202047837"
"1518542810","20635 Kuykendahl Rd","","Spring","TX","773793533","US","9524059760","",""
"1740817162","1425 S Howard Ave","","Tampa","FL","336063126","US","8132532635","","8132547241"
"1598150179","29800 Bainbridge Rd","","Solon","OH","441392202","US","4405196800","",""
"1508561911","1735 City Center Blvd","","Elizabeth City","NC","279093468","US","2523382155","","2523387704"
"1649912908","20635 Kuykendahl Rd","","Spring","TX","773793533","US","9524059760","",""
"1235558834","596 Ocoee Commerce Pkwy","","Ocoee","FL","347614219","US","4076543505","","4076544937"
"1235558834","596 Ocoee Commerce Parkway","","Ocoee","FL","347614219","US","4076543505","","4076544956"
"1619558434","370 Bassett Rd","","North Haven","CT","064734201","US","4135634773","",""
"1619558434","680 Centre St","","Brockton","MA","023023308","US","5089417150","",""
"1891751772","3420 S Mercy Rd Ste 300","","Gilbert","AZ","852970425","US","4809550900","","4809550800"
"1336467901","2148 N Lake Forest Dr Ste 304","","McKinney","TX","750710654","US","9725449455","","9725449465"
"1336467901","2120 Prairie Dr Ste 102","","Prosper","TX","750783818","US","9725449455","","9725449465"
"1003506700","708 S Coeur D Alene Ln Ste C","","Payson","AZ","855415662","US","9282674800","",""
"1851506760","951 N Washington Ave Bldg 4","","Titusville","FL","327962194","US","3214432247","","3216359310"
"1407203862","1010 Lawrence St","","Brandenburg","KY","401081456","US","2704223400","","8778231393"
"1548790413","100 ave Munoz Marin HIMA San Pablo Hospital","Oficina Ejecutiva","Caguas","PR","00727","US","6319464546","",""
"1548790413","3240 S Florida Ave Ste 101","","Lakeland","FL","338034574","US","8636447337","",""
"1932775590","801 NW 37th Avenue","Suite 210","Miami","FL","331253883","US","7869537482","","7869537467"
"1891536439","601 Webster St","","Wildwood","FL","347853828","US","3523222169","",""
"1174817928","301 University Blvd","UTMB DEPARTMENT OF ORTHOPAEDIC SURGERY, RSH 2.316","Galveston","TX","775550175","US","4097475700","","4097475715"
"1174817928","200 Henry Clay Ave","","New Orleans","LA","701185720","US","5048999511","",""
"1922458272","75 Francis St","","Boston","MA","021156110","US","6177325500","",""
"1023456274","190 E 9th Ave Ste 200","","Denver","CO","802032737","US","7206476700","","7206476777"
"1023456274","12001 W 63rd Pl Ste 100","","Arvada","CO","800044034","US","7206476700","","7206476777"
"1023456274","9035 Wadsworth Pkwy Ste 2730A","","Westminster","CO","800218627","US","7206476700","","7206476777"
"1023456274","6990 W 38th Ave Ste 104","","Wheat Ridge","CO","800334980","US","7206476700","","7206476777"
"1023456274","10800 E Bethany Dr Ste 100","","Aurora","CO","800142632","US","7206476700","","7206476777"
"1821728916","1840 S Stapley Dr Ste 131","","Mesa","AZ","852046683","US","4808668787","","4808639770"
"1932303526","6600 State Highway 29 S","","Alexandria","MN","563086196","US","3207638888","","3207638898"
"1932303526","20635 Kuykendahl Rd","","Spring","TX","773793533","US","9524059760","",""
"1932303526","4815 Alameda Ave","","El Paso","TX","799052705","US","9155441200","",""
"1932303526","1818 E 23rd Ave","","Hutchinson","KS","675021106","US","6206634800","",""
"1871814756","87 Plaza Blvd","","Plattsburgh","NY","129016438","US","5185367060","","5185367075"
"1780845198","1800 Heinzerling Dr","","Columbus","OH","432233642","US","6147226200","",""
"1780845198","150 W Main St","","New Albany","OH","430549229","US","6147226200","",""
"1780845198","830 W High St","","Lima","OH","458013971","US","6147226200","",""
"1780845198","4363 All Seasons Dr Ste 100","","Hilliard","OH","430262050","US","6147226200","",""
"1780845198","7450 Hospital Dr","","Dublin","OH","430169642","US","6147226200","",""
"1780845198","433 N Cleveland Ave","","Westerville","OH","430828095","US","6147222200","",""
"1780845198","1405 Clifton Rd NE","","Atlanta","GA","303222654","US","4047856400","",""
"1780845198","5665 Venture Dr","","Dublin","OH","430172159","US","6147226200","",""
"1780845198","26 Hospital Dr","","Athens","OH","457012471","US","6147226200","",""
"1780845198","555 S 18th St","","Columbus","OH","432052654","US","6147226200","",""
"1760864169","1701 Spring St Ste B","","Jeffersonville","IN","471302930","US","8122842273","",""
"1760864169","3039 Breckenridge Ln","","Louisville","KY","402202101","US","5024514555","",""
"1508435686","1820 Memorial Cir","","Clarksville","TN","370434539","US","9319207200","",""
"1669769824","2160 S 1st Ave","","Maywood","IL","601533328","US","8604633196","",""
"1548158975","939 Harbury Dr","","Cincinnati","OH","452242226","US","5136673444","","5136673444"
"1679736284","1100 Wilford Hall Loop","","Jbsa Lackland","TX","782365638","US","2102924277","",""
"1821403916","4075 E 128th Ave","","Thornton","CO","802412201","US","3039254210","",""
"1821403916","1333 Iris Ave","","Boulder","CO","80304","US","3034438500","",""
"1821403916","14300 Orchard Pkwy","","Westminster","CO","800239206","US","7206274200","",""
"1568958379","2675 Beacon Hill Dr Apt 205","","Auburn Hills","MI","483263738","US","2487591093","",""
"1891728887","267 Grant St","","Bridgeport","CT","066102805","US","2033843000","",""
"1891728887","999 N Curtis Rd Ste 415","","Boise","ID","837061334","US","2083022600","","2083022625"
"1891728887","305 W Jackson St Ste 206","","Carbondale","IL","629011474","US","6184573006","",""
"1891728887","220 S Park Ave Fl 3","","Herrin","IL","629483602","US","6189422002","",""
"1891728887","689 Medical Park Dr Ste 101","","Lenoir City","TN","377725796","US","8652716580","","8653741147"
"1912743162","149 Pleasant St","","Dracut","MA","018264801","US","9789571811","",""
"1912743162","3 Courthouse Ln","","Chelmsford","MA","018241722","US","9789702089","",""
"1982802104","501 E Main St","","Waynesboro","PA","172682353","US","7177653425","","7177653478"
"1982802104","12 St Paul Dr Ste 100","","Chambersburg","PA","172011035","US","7172176072","","7172176952"
"1982802104","112 N 7th St","","Chambersburg","PA","172011720","US","7172673000","1080","7172677414"
"1538167804","2700 University Square Dr","","Tampa","FL","336125513","US","8132515822","",""
"1538167804","565 Coal Valley Rd","","Clairton","PA","150253703","US","4122308200","","4122028638"
"1538167804","155 Wilson Ave","","Washington","PA","153013336","US","7242257000","",""
"1952743700","1561 Long Pond Rd Ste 216","","Rochester","NY","146264135","US","5859226772","","5857854157"
"1508539271","4755 W Ann Rd","","North Las Vegas","NV","890313424","US","7026450332","",""
"1104709229","1660 L St NW Ste 430","","Washington","DC","200365748","US","2026773302","",""
"1346079050","365 Westfield St","","Silverton","OR","973811936","US","5038736111","",""
"1346079050","434 S Cherokee St","","Catoosa","OK","740152710","US","9182666200","",""
"1346079050","3355 Main St","","Kansas City","MO","641111904","US","8163990806","",""
"1295849354","1217 Willow Glen River Rd","","Alexandria","LA","713025458","US","3184874400","","3184870525"
"1326153719","10180 SE Sunnyside Rd","","Clackamas","OR","970158970","US","5036522880","",""
"1467645994","1001 Willow Creek Rd Ste 2200","","Prescott","AZ","863011614","US","9284456025","","9287783026"
"1386476364","6310 Pierce St","","Hollywood","FL","330247744","US","9049940006","",""
"1932983053","835 Anira Ct","","Perris","CA","925715113","US","9516533000","",""
"1932983053","13921 Courage St","","Moreno Valley","CA","925538757","US","9516533000","",""
"1932983053","2080 S E St Ste 250","","San Bernardino","CA","924082706","US","9094339300","",""
"1932983053","14340 Elsworth St Ste 108","","Moreno Valley","CA","925539020","US","9516533000","",""
"1295457844","6816 E Brown Rd Ste 102","","Mesa","AZ","852073760","US","8003288602","",""
"1215543186","7470 Cimarron Market Ave Ste 200","","El Paso","TX","799112216","US","9153378400","",""
"1184725764","600 E Dixie Ave Fl 34748","","Leesburg","FL","347485925","US","3522738610","",""
"1184725764","1329 SW 16th St Room 2232","","Gainesville","FL","326109210","US","3525595051","",""
"1184725764","265 Brookview Centre Way Ste 400","","Knoxville","TN","379194052","US","8659857058","","8653475344"
"1184725764","457 Lovers Lane","","Bowling Green","KY","42103","US","2707158550","",""
"1184725764","100 Hospital Dr","","Lebanon","MO","655369210","US","4175336100","",""
"1962174623","25929 Cypresswood Dr","Suite D","Spring","TX","77373","US","7133644831","",""
"1639998453","7106 SPENCER HWY","","PASADENA","TX","775051806","US","9153503400","","8883555699"
"1639998453","5535 W Cermak Rd Ste A","","Chicago","IL","608042218","US","9153503400","","8883555699"
"1043408503","1950 NW Myhre Rd Fl 2","","Silverdale","WA","983837662","US","5642404110","","5642404088"
"1043408503","34509 9th Ave S Ste 204","","Federal Way","WA","980038708","US","2538355510","","2538355511"
"1942842539","1613 Oakwood St","","Bedford","VA","245231213","US","5403453556","","5403422193"
"1841543311","3095 Kettering Blvd","","Moraine","OH","454391983","US","9372938300","",""
"1649571613","308 Mount Saint Joseph Rd","","Wheeling","WV","260032349","US","7408595650","","7408595685"
"1649571613","10686 State Route 150","","Rayland","OH","439437847","US","7408595650","","7408595650"
"1013887413","20 Grace Meadows Ct","","Gray","TN","376155213","US","4233416938","",""
"1396176426","6355 Walker Ln Ste 512","","Alexandria","VA","223103251","US","3015406140","","3015405190"
"1396176426","12825 Minnieville Rd Ste 201","","Woodbridge","VA","221923602","US","3015406140","","3015405190"
"1396176426","9455 Lorton Market St Ste 201","","Lorton","VA","220791965","US","3015406140","","3015405190"
"1396176426","5911 Kingstowne Village Pkwy Ste 110","","Alexandria","VA","223154645","US","7036473110","","7038229955"
"1457336505","596 Ocoee Commerce Pkwy","","Ocoee","FL","347614219","US","4076543505","","4076544956"
"1982315115","10123 Fenwick Island Dr","","Bakersfield","CA","933148089","US","6614317949","",""
"1750093720","991 E Del Webb Blvd","","Sun City Center","FL","33573","US","8139789700","","8135586185"
"1003687385","575 Court St Ste 3","","West Branch","MI","486619387","US","9897012159","",""
"1649326596","4022 Postal Way","","Myrtle Beach","SC","295793537","US","8432360000","","8432363537"
"1568092872","5384 Palomino Pl","","Apopka","FL","327126084","US","9016264635","",""
"1437008190","1665 Aurora Ct","","Aurora","CO","800452517","US","7208489264","",""
"1083564462","435 Maple St","","Omak","WA","988419374","US","2533189484","","5096514121"
"1578601068","224 Chimney Corner Ln Ste 2002","","Jupiter","FL","334584801","US","5614082345","","5614443508"
"1588639025","1004 Progress Dr Ste 180&145","","Lansing","KS","660436326","US","9132973215","",""
"1588639025","800 Ravenhill Dr","","Atchison","KS","660029204","US","9133605397","","9133605397"
"1588639025","300 Utah St","","Hiawatha","KS","664342326","US","9133605397","",""
"1356842587","2817 Rock Merritt Ave","","Fort Bragg","NC","283100001","US","9109078922","","9109076069"
"1609721083","508 Commercial St Apt F","","LA Porte City","IA","506511252","US","3198953062","","8884149069"
"1861347247","499 Arrowhead Ln Ste 2","","Moose Lake","MN","557678201","US","2182690129","",""
"1497600779","500 Main St","","Eau Claire","WI","547013770","US","7158524216","",""
"1306791686","500 Main St","","Eau Claire","WI","547013770","US","7158523000","",""
"1669327953","914 Industrial Park Rd","","Dandridge","TN","377254700","US","8653973163","",""
"1093274375","1500 SW 10th Ave","","Topeka","KS","666041301","US","7853546000","",""
"1093274375","1102 Saint Marys Rd","","Junction City","KS","664414139","US","7852380325","","7855761113"
"1699351775","707 E Marshall Ave","","Longview","TX","756015545","US","9033154880","",""
"1699351775","700 E Marshall Ave","","Longview","TX","756015580","US","9033152000","",""
"1699351775","12222 Merit Dr Ste 600","","Dallas","TX","752513294","US","9727155000","","9727159976"
"1699351775","703 S Fleishel Ave Ste 5000","","Tyler","TX","757012015","US","9036066139","",""
"1982406385","9053 Bighorn Trl","","Jacksonville","FL","322221673","US","9046091357","",""
"1194067223","2800 E Ajo Way","","Tucson","AZ","857136204","US","5206941614","",""
"1942903000","2150 Pennsylvania Ave NW","","Washington","DC","200373201","US","2027413000","",""
"1124088737","315 E Warwick Dr Ste D","","Alma","MI","488011083","US","9894665486","",""
"1124088737","1650 4th St SE","","Rochester","MN","559044717","US","5075296600","",""
"1124088737","4401 Campus Ridge Dr Ste Ll110","","Midland","MI","486406126","US","9898379400","",""
"1124088737","2431 S M 30 Ste 200","","West Branch","MI","486619367","US","9893433762","",""
"1124088737","1501 W Chisholm St","","Alpena","MI","497071401","US","9893565228","",""
"1730140476","1400 Bellinger St","","Eau Claire","WI","547035222","US","7158383635","3",""
"1730140476","575 Coal Valley Rd Ste 204","","Clairton","PA","150253724","US","4124662220","","4124664048"
"1730140476","700 West Ave S","","LA CROSSE","WI","546018806","US","6087850940","",""
"1881155893","2531 Viking Dr","","Bossier City","LA","711112103","US","3186817000","",""
"1881155893","1453 E Bert Kouns Industrial Loop","","Shreveport","LA","711056800","US","3186815443","",""
"1649513367","111 S Grant Ave","","Columbus","OH","432154701","US","6145668883","","6145668149"
"1649513367","230 George St Ste 2","","Beckley","WV","258012620","US","3042552878","",""
"1649513367","207 W Maple Ave","","Fayetteville","WV","258401413","US","3045742600","",""
"1649513367","119 Main St W Ste A","","Oak Hill","WV","259012972","US","3044650544","",""
"1649513367","150 Courthouse Rd Ste 301B","","Princeton","WV","247402450","US","3044250162","",""
"1457884785","70 Doctors Park","","Cape Girardeau","MO","637034928","US","5733346071","",""
"1457884785","1004 Progress Dr Ste 180&145","","Lansing","KS","660436326","US","9132973215","",""
"1457884785","800 Ravenhill Dr","","Atchison","KS","660029204","US","9133672131","","9136742024"
"1457884785","300 Utah St","","Hiawatha","KS","664342326","US","7857422131","","7857426558"
"1013302181","901 W Ben White Blvd","","Austin","TX","787046903","US","5124472211","",""
"1598727190","1414 SW 8th Ave","","Topeka","KS","666061535","US","7853545300","","7853545309"
"1598727190","2750 Clay Edwards Dr Lowr Level","","North Kansas City","MO","641163237","US","8166915216","","8163467869"
"1598727190","1100 N Kentucky Ave","","West Plains","MO","657752029","US","4172569111","",""
"1598727190","1500 SW 10th Ave","","Topeka","KS","666041301","US","7853546000","",""
"1588954655","2401 Gillham Rd","","Kansas City","MO","64108","US","8162343000","","8163029939"
"1033738331","703 Main St","","Paterson","NJ","075032691","US","9737542000","",""
"1770379760","504 W 35th St","","New York","NY","100011306","US","8889222257","",""
"1083101638","3551 Roger Brooke Dr","","Jbsa Ft Sam Houston","TX","782344504","US","2102925077","","2102925077"
"1083101638","1100 Wilford Hall Loop Bldg 4554","","Jbsa Lackland","TX","782365638","US","3619351437","",""
"1144617515","1102 Saint Marys Rd","","Junction City","KS","664414139","US","7852380325","","7855761113"
"1285089326","2116 Craig Rd","","Eau Claire","WI","547016118","US","7158584500","",""
"1689051716","301 40th St","","Lubbock","TX","794042746","US","8067439355","","8067439363"
"1346650124","55 Monument Rd","","York","PA","174035023","US","7178124090","","7178124092"
"1346650124","25 Monument Rd Ste 200","","York","PA","174035049","US","7178124090","","7177413554"
"1346650124","266 Granite Run Dr Ste 266","","Lancaster","PA","176016804","US","7174662640","","7174013141"
"1346650124","191 Roosevelt Ave Ste 2000","","Selinsgrove","PA","178707998","US","5705244446","",""
"1346650124","112 N 15th St Ste 1000","","Lewisburg","PA","178371224","US","5705244446","",""
"1346650124","210 Jpm Rd Ste 300","","Lewisburg","PA","178379367","US","5705244446","",""
"1346650124","289 S Market St","","Elysburg","PA","178249737","US","5705244446","",""
"1346650124","97 Progress Blvd","","Shippensburg","PA","172579053","US","7172631220","","7172636255"
"1346650124","435 River Ave Ste 2","","Williamsport","PA","177013722","US","5705244446","",""
"1346650124","24 Antrim Commons Dr","","Greencastle","PA","172251623","US","7172631220","","7172636255"
"1346650124","2319 S George St","","York","PA","174035009","US","7178124090","","7177413554"
"1346650124","912 Russell Dr","","Lebanon","PA","170427485","US","7172727971","","7172721241"
"1346650124","1695 Roosevelt Ave Ste B","","York","PA","174088521","US","7178124090","","7177983687"
"1346650124","1400 S Forge Rd","","Palmyra","PA","170789519","US","7172727971","","7172721241"
"1346650124","1227 Baltimore St","","Hanover","PA","173314406","US","7178127559","","7176322422"
"1346650124","120 N 7th St Ste 101","","Chambersburg","PA","172011795","US","7172631220","","7172636255"
"1346650124","18 Deatrick Dr","","Gettysburg","PA","173256958","US","7173392500","","7173392502"
"1346650124","207 Blooming Grove Rd","","Hanover","PA","173317917","US","7178127559","","7176322422"
"1346650124","4131 Oregon Pike","","Ephrata","PA","175229550","US","7174662451","","7174662453"
"1346650124","35 Erick Rd","","Lancaster","PA","176013111","US","7174662451","","7177151295"
"1346650124","2250 E Market St","","York","PA","174022857","US","7178126670","","7177557171"
"1346650124","601 E Main St","","Waynesboro","PA","172682332","US","7172631220","","7172636255"
"1346650124","25 Monument Rd Ste 250","","York","PA","174035060","US","7178124090","","7178124092"
"1790162485","4565 Daisy Reid Ave Ste 310","","Woodbridge","VA","221925672","US","7034516111","","7034516247"
"1205058948","10 Doctors St","","Metter","GA","304393337","US","9126855741","",""
"1205058948","12 Doctors St","","Metter","GA","30439","US","9126855741","",""
"1194170696","2660 SW 3rd St","","Topeka","KS","666062442","US","7852708880","","7852708881"
"1417906629","24 4th St","","Malone","NY","129531350","US","5188242562","","8339415091"
"1417906629","16 3rd St Ste A","","Malone","NY","129531367","US","5188242562","","8339415091"
"1548552599","40 75th St","","Willowbrook","IL","605272325","US","7089727958","",""
"1871543330","1923 S Utica Ave","Emergency Dept","Tulsa","OK","741046520","US","9187443528","","9187443529"
"1861784480","38 Larose St","","Glens Falls","NY","128013452","US","5188248181","","8338190268"
"1093452666","595 Main St","","Manchester","CT","060405160","US","8606461000","","8606451120"
"1477119220","1249 15th St","","Huntington","WV","257013662","US","3046911000","",""
"1316394356","1500 SW 10th Ave","","Topeka","KS","666041301","US","7853546000","",""
"1922891050","1910 S Stapley Dr Ste 120","","Mesa","AZ","852046676","US","2405651688","","4702211659"
"1134794761","55 Fruit St","","Boston","MA","021142621","US","6177327682","",""
"1306337068","603 N Flamingo Rd Ste 151","","Pembroke Pines","FL","330281021","US","9542651700","","9542760623"
"1932949328","3425 SW 2nd Ave Apt 157","","Gainesville","FL","326072809","US","3525626940","",""
"1417449869","540 E Cherry St","","Troy","MO","633791410","US","3148341400","",""
"1457731242","2020 Wellness Way Ste 201","","Las Vegas","NV","891064145","US","7024322233","","7028005456"
"1457731242","2020 Wellness Way Ste 504","","Las Vegas","NV","891064145","US","7024322233","","7028005456"
"1457731242","2020 Wellness Way Ste 202","","Las Vegas","NV","891064145","US","7024322233","","7028005456"
"1457731242","2010 Wellness Way Ste 306","","Las Vegas","NV","891064142","US","7024322233","","7028005456"
"1659930154","1700 13TH ST","WSU Critical Care Fellowship Program","Everett","WA","982011689","US","5093587855","",""
"1396749917","1700 Canton St.","Christian County Health Department","Hopkinsville","KY","422401923","US","2704448183","","2704448147"
"1396749917","415 Health Department Road","Jackson County Health Department","Murphysboro","IL","629660307","US","2704448183","","2704448147"
"1184519993","1801 Amber Ave S","","Sartell","MN","563777507","US","2182874338","",""
"1417361981","1653 W Congress Pkwy","","Chicago","IL","606123833","US","3129426510","",""
"1417361981","9300 Campus Point Dr","","La Jolla","CA","920371300","US","8009268273","","8885398781"
"1417361981","6655 Alvarado Rd","","San Diego","CA","921205208","US","8009268273","","8885398781"
"1295394294","365 Riffel Rd Ste A","","Wooster","OH","446918592","US","3303455500","","3303457793"
"1417396003","2435 Fire Mesa St Ste 120","","Las Vegas","NV","891289009","US","7029682437","","7024791796"
"1831682780","315 Martin Luther King Jr Way","","Tacoma","WA","984054234","US","2534031000","",""
"1063142941","1720 E 120th St","","Los Angeles","CA","900593052","US","3106683484","",""
"1063142941","851 Bowsprit Rd","","Chula Vista","CA","919144529","US","2139158277","",""
"1639108129","530 NE Glen Oak Ave","","Peoria","IL","616370001","US","3096552553","","3096552602"
"1134613995","12021 S. Wilmigton Ave","","Los Angeles","CA","90059","US","4159542159","",""
"1396313474","2310 Hydas Ln","","Chattanooga","TN","374211531","US","6627018978","",""
"1396313474","289 S Culver St","","Lawrenceville","GA","300464805","US","4044580809","",""
"1972942209","6501 University Ave Ste 600","","Lubbock","TX","794135849","US","8067432424","",""
"1194341628","3311 Prescott Rd Ste 417","","Alexandria","LA","713013984","US","3185285511","",""
"1194341628","6515 Coliseum Blvd","","Alexandria","LA","713033735","US","3184429634","",""
"1194341628","1587 N Bolton Ave","","Alexandria","LA","713034217","US","3184459823","",""
"1164453981","224 Chimney Corner Ln Ste 2002","","Jupiter","FL","334584801","US","5614082345","",""
"1750311122","260 NW Peacock Blvd Ste 34986","","Port Saint Lucie","FL","349862299","US","7724464230","",""
"1811885882","980 W 17th St Ste C","","Santa Ana","CA","927063554","US","6196399730","",""
"1730600768","450 S Kitsap Blvd Ste 100","","Port Orchard","WA","983663709","US","3608957620","","3608957638"
"1598962722","3400 Ministry Pkwy","","Weston","WI","544765220","US","7153931000","",""
"1538655535","5001 Lake Ave","","Saint Joseph","MO","645041170","US","8162387788","","8166761400"
"1538655535","1303 State St","","Mound City","MO","644701717","US","6604425464","",""
"1538655535","305 Rhode Island St","","King City","MO","644639622","US","6605354347","",""
"1538655535","101 Cross St","","Hamilton","MO","646448311","US","8165832151","",""
"1538655535","313 S US Highway 169","","Gower","MO","644549116","US","8164246427","",""
"1538655535","707 Victory Ln","","Cainsville","MO","646329506","US","6608935750","",""
"1538655535","5001 Lake Ave","","Saint Joseph","MO","645041170","US","8162387788","",""
"1538655535","1515 Saint Joseph Ave","","Saint Joseph","MO","645052631","US","8162333338","",""
"1538655535","503 S 6th St","","Saint Joseph","MO","645012224","US","8162338536","",""
"1538655535","803 W US Highway 71","","Savannah","MO","644851151","US","8163243121","",""
"1538655535","2303 Village Dr","","Saint Joseph","MO","645064954","US","8162326818","",""
"1538655535","109 N Main St","","Braymer","MO","646249325","US","6606452218","",""
"1114763620","11040 Bollinger Canyon Rd # 155","","San Ramon","CA","945824969","US","9259150610","",""
"1992695589","450 S Kitsap Blvd Ste 100","","Port Orchard","WA","983663709","US","3608957620","","3608957638"
"1073291837","1085 Cedar Ave","","Marysville","WA","982704232","US","4253773038","",""
"1881615318","1760 E Ken Pratt Blvd Ste 205","","Longmont","CO","805045311","US","7204082369","",""
"1881615318","707 E Marshall Ave","","Longview","TX","756015545","US","9033154880","",""
"1447132360","8700 Beverly Blvd","","West Hollywood","CA","900481804","US","8054280713","",""
"1417399882","65 Lees Creek Rd","","Asheville","NC","288064707","US","8283677739","",""
"1437166717","221 NE Glen Oak Ave","","Peoria","IL","616360001","US","3096725733","",""
"1558043596","3320 Perimeter Hill Dr","","Nashville","TN","372114123","US","6158669040","407","6157505756"
"1275847964","17325 Van Wagoner Rd","","Spring Lake","MI","494569702","US","6168475145","","6168274700"
"1275847964","800 E Ellis Rd Ste 567","","Norton Shores","MI","494415622","US","2312886591","","2313758138"
"1790794600","1325 Research Park Dr","","Manhattan","KS","665025000","US","7855372651","","7855390177"
"1790794600","1500 SW 10th Ave","","Topeka","KS","666041301","US","7853546000","",""
"1144875105","45 Blue Star Hwy","","Douglas","MI","494065133","US","6165024619","",""
"1528214749","5828 Pearl Dr","","Evansville","IN","477128116","US","8124249291","","8124212722"
"1841202058","1500 SW 10th Ave","","Topeka","KS","666041301","US","7853546000","",""
"1760494900","1516 SW 6th Ave","","Topeka","KS","666061696","US","7852700047","","7852700086"
"1760494900","4505 NW Fielding Rd","","Topeka","KS","666182651","US","7852700047","","7852700032"
"1760494900","6725 SW 29th St","","Topeka","KS","666145625","US","7852700047","","7854781508"
"1760494900","2909 SE Walnut Dr","","Topeka","KS","666052189","US","7852700047","","7852663490"
"1760494900","1102 Saint Marys Rd","","Junction City","KS","664414139","US","7852380325","","7855761113"
"1760494900","1110 Saint Marys Rd Fl 4","","Junction City","KS","664414176","US","7857622585","","7852103382"
"1710431432","15740 S Outer 40 Rd","","Chesterfield","MO","630172004","US","4175212437","","6362374015"
"1932086576","1025 Knoble Apt 1","","Conway","AR","720345062","US","8703705621","",""
"1407631823","225 Cedar Hill St Ste 200","","Marlborough","MA","017525900","US","8578294040","",""
"1265689798","600 Northern Blvd","","Albany","NY","122041004","US","5184713221","",""
"1265689798","2215 Burdett Ave","","Troy","NY","121802466","US","5182713300","",""
"1265689798","3767 Main St","","Warrensburg","NY","128851890","US","5186232844","","5186233416"
"1265689798","100 Broad St","","Glens Falls","NY","128014349","US","5187922223","","5187928231"
"1235787615","25 Humphrey Pl","","Fort Bragg","NC","283071919","US","2072147869","",""
"1235787615","25 Humphrey Pl","","Fort Bragg","NC","283071919","US","2072147869","",""
"1881827244","5500 Ming Ave Ste 409","","Bakersfield","CA","933094689","US","6615957016","","6618721965"
"1649005950","131 W 2nd St","","Rutherfordton","NC","281392448","US","8282023075","","8283822976"
"1033426077","2420 Linwood Dr","","Paragould","AR","724506122","US","8702365880","",""
"1033426077","1815 Pleasant Grove Rd","","Jonesboro","AR","724057870","US","8709336886","","8709339395"
"1043318736","1080 First Colonial Rd Ste 403","","Virginia Beach","VA","234542406","US","7573951850","","7573951850"
"1043318736","424 Savannah Rd","","Lewes","DE","199581462","US","3026453499","","3026444830"
"1043318736","216 14th Ave SW","","Sidney","MT","592703519","US","4064882100","",""
"1366104770","1500 SW 10th Ave","","Topeka","KS","666041301","US","7853546000","",""
"1689495236","27777 Inkster Rd Ste 100","","Farmington Hills","MI","483345312","US","2484364400","",""
"1235641382","2327 N Beverly Pl","","Buckeye","AZ","853961787","US","4808622420","",""
"1982427779","1003 Golf Rd","","Cinnaminson","NJ","080772202","US","6099230350","",""
"1124596192","7981 CA-99","","Los Molinos","CA","96055","US","8003130111","",""
"1710522370","74900 Hwy 111","STE 124","Indian Wells","CA","92210","US","8559233967","",""
"1215000468","2407 Ring Rd Ste 135","","Elizabethtown","KY","427015964","US","5027918700","","5027428523"
"1215000468","3520 Park Avenue Blvd.","Ste 105","Mt Pleasant","SC","29466","US","8549998300","","8773263482"
"1215000468","6801 Dixie Hwy Ste 135","","Louisville","KY","402583952","US","5027918700","","5027428523"
"1417817073","560 Osborn Blvd Ste E-1","","Sault Sainte Marie","MI","497831961","US","9062530108","",""
"1649415845","49 Spring St Ste 101","","Scarborough","ME","040748926","US","2078837926","","2076185021"
"1649415845","1049 Main Street","","Springfield","MA","01103","US","4137391100","","4137351133"
"1265592547","2220 W Orange Grove Rd","","Tucson","AZ","857413117","US","5208775660","",""
"1265592547","310 N 10th Street","","Bismarck","ND","585014516","US","7015307500","","7015307484"
"1225373665","314 US Highway 221A","","Forest City","NC","280435902","US","8282023075","",""
"1679341853","980 Highway 28 Ste 101","","Jasper","TN","373473696","US","4236488480","","4236488481"
"1679341853","135 N Meadows Dr Ste C","","Athens","TN","373034172","US","4236488480","","4236488481"
"1679341853","2000 Stein Dr","","Chattanooga","TN","374211690","US","4236488480","",""
"1720896152","1055 Silver Lake Rd","","Cary","IL","600133432","US","8474500637","",""
"1437214061","Marshfield Clinic Weston Center","3400 Ministry Pkwy","Weston","WI","544765213","US","7153931000","",""
"1023293818","150 Robeson St","","Fayetteville","NC","283015570","US","9106155616","",""
"1134085012","1617 S Pacific Coast Hwy Ste B","","Redondo Beach","CA","902775612","US","3109611608","",""
"1669338554","105 E Market St","","Akron","OH","443082036","US","8882024232","",""
"1669338554","1628 Springfield St","","Dayton","OH","454031430","US","8882024232","",""
"1740994474","14618 SW 38th St Apt 2","","Miami","FL","331757851","US","7863029710","",""
"1336128222","2401 S 31st St","","Temple","TX","765082704","US","2547242111","",""
"1336128222","1230 E 1st St","","Casper","WY","826012704","US","8004453501","","3072663177"
"1336128222","1300 28th St S Fl 2","","Great Falls","MT","594055296","US","4064555000","",""
"1073818217","9 Worthington St","","Roxbury Crossing","MA","021201604","US","2077300326","",""
"1720842826","6145 LAKE WORTH RD STE A","","GREENACRES","FL","334633001","US","5614210047","",""
"1518772474","1701 Westwind Dr Ste 106","","Bakersfield","CA","933013045","US","6613233100","","6613233101"
"1578954640","500 Nathan Dean Blvd Ste 105","","Dallas","GA","301574911","US","4706246792","","4702021026"
"1356293914","1314 E Las Olas Blvd","","Fort Lauderdale","FL","333012334","US","3053608053","",""
"1790378818","32 Malletts Bay Ave Ste B","","Winooski","VT","054041960","US","8026554422","","8028604324"
"1790378818","184 S Winooski Ave","","Burlington","VT","054014535","US","8028604310","","8028604324"
"1790378818","368 Dorset St Ste 1","","South Burlington","VT","054036236","US","8028607070","","8028604324"
"1790378818","52 Community Ln","","South Hero","VT","054864418","US","8023725132","","8028604324"
"1790378818","87 MAIN ST","","ESSEX JUNCTION","VT","054523234","US","8028646309","","8028604324"
"1790378818","789 Pine St","","Burlington","VT","054014924","US","8028640693","","8028604324"
"1790378818","179 Pearl St","","Burlington","VT","054013704","US","8026521080","","8028604324"
"1750236055","230 N 1680 E Ste W2","","St George","UT","847902609","US","4357054565","",""
"1063549723","1000 36th St","","Vero Beach","FL","329604862","US","7725674311","",""
"1063549723","111 Colchester Ave","","Burlington","VT","054011473","US","8028470000","",""
"1275488579","2999 Regent St Ste 300A","","Berkeley","CA","947052149","US","5108127084","","3419466182"
"1205781515","8388 Court Ave Ste 204","","Ellicott City","MD","210435200","US","4434697098","",""
"1033064340","1307 Vincent Pl","","Mc Lean","VA","221013680","US","7032499653","",""
"1356140735","404 N St Ste 201","","Rock Springs","WY","829015474","US","3076303466","",""
"1356140735","1030 Medicine Bow Dr","","Green River","WY","829355537","US","3078716304","",""
"1649971441","800 Saundersville Dr","","Hendersonville","TN","370758941","US","6157717546","",""
"1578022695","64 Double Hill Rd","","Bethlehem","CT","067511101","US","2038848652","",""
"1861187890","11 Davis Keats Dr","","Greenville","SC","296076509","US","8643346112","",""
"1609118827","2727 W Holcombe Blvd","","Houston","TX","770251669","US","7134420000","",""
"1609118827","18951 N Memorial Dr","","Humble","TX","773384217","US","7133385616","","7137043086"
"1851852164","1691 The Alameda","","San Jose","CA","951262203","US","4082877526","",""
"1184019994","222 E 41st St Fl 21","","New York","NY","100176739","US","2122638865","",""
"1174812945","1500 SW 10th Ave","","Topeka","KS","666041301","US","7853546000","",""
"1730718610","2035 Mesquite Ave","","Lake Havasu City","AZ","864035894","US","9282084598","","8885176436"
"1730718610","601 W Riverside Dr Ste 4","","Parker","AZ","853445119","US","9282564110","","9282564112"
"1124657838","651 E Prescott Rd","","Salina","KS","674017408","US","7858257251","",""
"1124657838","400 S Santa Fe Ave","","Salina","KS","674014144","US","7854527366","","7854527354"
"1568751824","1230 Veranda Way","","Chesapeake","VA","233208323","US","5012299346","",""
"1225201197","618 S Main St","","Santa Ana","CA","927015716","US","7146762078","","7146762079"
"1740244771","80 Broad St Ste 1401","","New York","NY","100042249","US","2123125247","","2123125217"
"1659595817","1500 SW 10th Ave","","Topeka","KS","666041301","US","7853546000","",""
"1568806404","171 Ashley Ave","","Charleston","SC","294250001","US","8437921414","",""
"1780942961","125 Northport Ave Ste 106","","Belfast","ME","049156002","US","2075054080","","2078004338"
"1780942961","600 North Wolfe St","The Johns Hopkins Hospital","Baltimore","MD","212872109","US","4109555000","",""
"1306803754","1000 W 10th St","","Rolla","MO","654012905","US","5734588899","","5733415611"
"1306803754","1000 W 10th St","","Rolla","MO","654012905","US","5733649000","","5734262108"
"1306803754","1428 E State Highway 72","","Rolla","MO","654013988","US","5733641014","","5733646872"
"1760056139","1126 US HWY BUS S STE A","","Winnsboro","SC","29180","US","8008815101","",""
"1780431643","1504 SW 8th Ave","","Topeka","KS","666061632","US","7853546761","","7853546764"
"1972293132","13021 W Linebaugh Ave Ste 103","","Tampa","FL","336264509","US","7542066697","",""
"1063902088","8901 Rockville Pike","","Bethesda","MD","208890001","US","3012950216","",""
"1407479710","327 Medical Park Dr","","Bridgeport","WV","263309006","US","6813421000","",""
"1407479710","759 S Main St","","Woodstock","VA","226641154","US","5404591100","",""
"1407479710","351 Valley Health Way","","Front Royal","VA","226303598","US","5406360300","",""
"1245688811","2801 N Gantenbein Ave FL 3","","Portland","OR","972271623","US","5032769300","",""
"1699986190","2406 Century Pl SE","","Hickory","NC","286024031","US","8283249550","","8283244154"
"1699986190","10635 Park Rd Ste F","","Charlotte","NC","282108408","US","7043429577","","7043770353"
"1699986190","100 N ACADEMY AVE","","danville","PA","178229800","US","5702716045","","5702716542"
"1316980071","4 Glen Cove Dr Ste 10","","Rockport","ME","048564235","US","2073015790","","2073015310"
"1316980071","10000 Bay Pines Blvd.","Building 100, Room 4C-146","Bay Pines","FL","33744","US","7273986661","5124",""
"1487277166","23285 State Route 51 W","23285 State Route 51 W","Genoa","OH","434301042","US","4198557776","",""
"1487277166","918 Katherine Ave","","Ashland","OH","448053619","US","4192820141","",""
"1487277166","2828 W Central Ave Ste 1","","Toledo","OH","436063078","US","4194727055","",""
"1316677636","921 S 8th Ave Stop 8253","","Pocatello","ID","832092205","US","2082824726","",""
"1316677636","300 S 23rd St","","Boise","ID","837029100","US","2083443512","",""
"1922394675","5828 Pearl Dr","","Evansville","IN","477128116","US","8124249291","","8124212722"
"1922394675","340 Starlite Dr","","Henderson","KY","424206102","US","8124249291","","8124212722"
"1922394675","1150 Lincoln Ave","","Evansville","IN","477141071","US","8124249291","","8124212722"
"1700448396","1290 Tremont St","","Roxbury","MA","021203432","US","6174271000","",""
"1013369727","690 Canton St","SUITE 325","Westwood","MA","020902321","US","7814077713","","7814070998"
"1013369727","5325 Faraon St","","Saint Joseph","MO","645063488","US","8162716350","","8162716753"
"1013369727","3550 S 4th St","","Leavenworth","KS","660485071","US","8009032088","",""
"1013369727","1125 Madison St","","Jefferson City","MO","651015227","US","5736325000","","5736325880"
"1508476813","100 N Central Expy Ste 130","","Richardson","TX","750800129","US","9728086008","",""
"1508476813","16374 Hotchkiss Valley Rd E","","Loudon","TN","377746064","US","8652296158","",""
"1366642738","927 Broadway St","","Quincy","IL","623012719","US","2172238400","",""
"1366642738","4800 Maine St","","Quincy","IL","623055875","US","2172238400","",""
"1366642738","100 Medical Dr","","Hannibal","MO","634016877","US","5732215250","",""
"1588399745","91 Auburn St Ste H","","Portland","ME","041036011","US","2073831505","",""
"1588399745","625 Broadway Ste 11","","Bangor","ME","044013375","US","2078132903","","2076077841"
"1588399745","34 Atlantic Pl","","South Portland","ME","041062316","US","2078884694","","2074077272"
"1588399745","55 Crystal Ave Unit 10","","Derry","NH","030381702","US","6036964425","","6036027415"
"1588399745","301 Riverway Pl Ste 30","","Bedford","NH","031106764","US","6035199801","",""
"1588399745","599 Lafayette Rd Ste 4","","Portsmouth","NH","038015409","US","6035066085","","6039128193"
"1588399745","24 Stone St Ste 107","","Augusta","ME","043305209","US","2073062587","","2077447924"
"1356629109","1266 HIGHWAY 515 S","","JASPER","GA","301434872","US","7066922441","","4046032654"
"1154707024","3700 W 203rd St Ste 111","","Olympia Fields","IL","604611182","US","7086792512","","7085034441"
"1154707024","9201 W Thomas Rd","","Phoenix","AZ","850373332","US","6233274000","",""
"1427730605","150 Cornwall Dr","","Madisonville","KY","424318781","US","2708250166","",""
"1871503755","200 Ucla Medical Plz Ste 265","","Los Angeles","CA","900958344","US","3108250867","",""
"1548146822","4229 Lafayette Center Dr Ste 1200","","Chantilly","VA","201511265","US","2029417637","",""
"1932533189","850 Harrison Ave","YACC 4","Boston","MA","021184001","US","6174142000","","6174145798"
"1821245333","10555 SE Carr Rd","Bldg M","Renton","WA","980555820","US","4256564070","","4256564271"
"1558147959","201 W 4th St Ste 205","","Claremont","CA","917114707","US","9092939682","",""
"1558082024","15655 W Roosevelt St Ste 243","","Goodyear","AZ","853389306","US","4808762674","",""
"1821499948","12968 Frederick St Ste D","","Moreno Valley","CA","925535229","US","9512427738","","9512427733"
"1831348333","2500 W Lake Mary Blvd","Suite 101","Lake Mary","FL","327463501","US","4079360976","","4079360977"
"1396841268","13215 Dotson Rd Ste 340","","Houston","TX","770704535","US","2814778600","","2814778577"
"1396841268","27700 Northwest Freeway","Suite 400,425","Cypress","TX","774336767","US","8323773260","","8885065887"
"1396841268","10405 Katy Fwy Ste 150E","","Houston","TX","770241165","US","7137229660","","7137229664"
"1396841268","1631 North Loop W Ste 410","","Houston","TX","770081530","US","7138029000","","7138022701"
"1396841268","23960 Katy Fwy Ste 325","","Katy","TX","774940886","US","2815780201","","2815780217"
"1396841268","18955 N Memorial Dr Ste 530","","Humble","TX","773384269","US","3463621675","","3463621670"
"1396841268","1631 North Loop W Ste 150","","Houston","TX","770081529","US","7138674668","",""
"1396841268","10405 Katy Fwy Ste 120","","Houston","TX","770241121","US","7137229660","",""
"1396841268","10405 Katy Fwy Ste 150E","","Houston","TX","770241165","US","7137229660","","7137229664"
"1396841268","802 Enterprise Blvd Ste 808","","Rockport","TX","783824346","US","3616966000","","3616966000"
"1396841268","3333 Bayshore Blvd Ste 320","","Pasadena","TX","775041950","US","8328568965","","8328568966"
"1396841268","1920 Country Place Pkwy Ste 370","","Pearland","TX","775841962","US","8323331400","","8323331499"
"1396841268","7789 Southwest Fwy Ste 460","","Houston","TX","770741841","US","7137780300","","7137780303"
"1396841268","11920 Astoria Blvd Ste 150","","Houston","TX","770896097","US","2814816688","","2814810870"
"1396841268","2130 W Holcombe Blvd Fl 10","","Houston","TX","770303306","US","7136000900","","7136000070"
"1396841268","9150 Main St Ste A3","","Houston","TX","770253848","US","7136308181","","7138389708"
"1396841268","17520 W Grand Pkwy S Ste 460","","Sugar Land","TX","774794983","US","2814915511","","2814915513"
"1659242477","1141 W State St Ste 6B","","Hurricane","UT","847372077","US","4356353689","","4356882882"
"1942391891","55 Fruit St","","Boston","MA","021142621","US","6176995432","",""
"1598915563","234 Goodman St","","Cincinnati","OH","452192364","US","5134758282","",""
"1659042000","1500 W Elk Ave","","Elizabethton","TN","376432654","US","4235432584","","4237222060"
"1548361991","901 SW Garfield Ave","","Topeka","KS","666061670","US","7853549591","","7853540523"
"1528848348","240 Edmonds Rd Bldg D","","Redwood City","CA","940623813","US","6502091100","",""
"1215213418","3369 Route 100","","Macungie","PA","180629613","US","6104028111","",""
"1215213418","232 W 25th St","","Erie","PA","165440002","US","8144525000","","8144527005"
"1215213418","8835 Germantown Ave","","Philadelphia","PA","191182718","US","2152488903","",""
"1578005815","5600 SW 135th Ave Ste 202B","","Miami","FL","331835101","US","7868564499","",""
"1891331088","1695 S San Jacinto Ave Ste A-D&f","","San Jacinto","CA","925835103","US","9513303100","","9513501050"
"1891331088","7065 Indiana Ave Ste 100&110","","Riverside","CA","925064167","US","9514760115","","9514760116"
"1891331088","12640 HESPERIA RD STE D","","VICTORVILLE","CA","923957753","US","7606844143","","7606848111"
"1710317094","601 E Rollins St","","Orlando","FL","328031248","US","4073030410","","4073030417"
"1124395587","3073 White Mountain Hwy","","North Conway","NH","038607101","US","6033565461","",""
"1386281442","748 14th Ave","","Longview","WA","986322315","US","3602005419","","3602006736"
"1427654995","5707 Main St","","Springfield","OR","974785426","US","5416506972","",""
"1427654995","740 Marne Hwy Ste 203","","Moorestown","NJ","080573127","US","8569141400","","8569141444"
"1982765244","29710 US Highway 281 N Ste 300","","Bulverde","TX","781633289","US","2106863131","","8306061388"
"1427529577","530 Park Ave E","","Princeton","IL","613562598","US","8158764448","",""
"1912666447","4505 NW Fielding Rd","","Topeka","KS","666182651","US","7852700080","","7852700001"
"1609231885","2215 Decatur Hwy Ste 101","","Gardendale","AL","350712384","US","2056088199","",""
"1205595352","4229 Lafayette Center Dr Ste 1200","","Chantilly","VA","201511265","US","2029417637","",""
"1205342813","1810 Murchison Dr Ste 300","","El Paso","TX","799022906","US","9155338544","","9155338207"
"1497810097","125 W 1st St","","Earlham","IA","500727705","US","5157582907","","5157582892"
"1518627173","FC309 HM Smith BLVD","","Camp Lejeune","NC","28547","US","9104513699","",""
"1316482441","2865 Logan Ave","","San Diego","CA","921132411","US","6192321357","","6192327018"
"1508845538","300 Stonecrest Blvd Ste 310","","Smyrna","TN","371676801","US","6292066858","13381",""
"1336686807","26210 Parker Ave Ste 1102","","Homestead","FL","330323864","US","7867789701","",""
"1457004731","1025 Seneca Ave","","Ridgewood","NY","113855800","US","4047847586","",""
"1134628159","300 Stonecrest Blvd Ste 310","","Smyrna","TN","371676801","US","6292066858","13381",""
"1700385473","170 Beech St Ste 1","","Harrogate","TN","377528251","US","4238693684","","4238695460"
"1477147403","555 Hartsville Pike","","Gallatin","TN","370662400","US","6153288888","",""
"1063111854","33 Iron Gate Park Dr","","Centerville","OH","454594616","US","9379070075","",""
"1023963485","12115 Hinson Rd Ste 400","","Little Rock","AR","722123476","US","5013010446","","5013010447"
"1285589598","5252 Orange Ave Ste 109","","Cypress","CA","906302967","US","8183452345","",""
"1194670406","9047 SE Foster Rd","","Portland","OR","972664617","US","5037728751","","5037728757"
"1053266379","512 12th St N","","Benson","MN","562151210","US","3208433509","","3208434096"
"1053266379","700 Oregon Ave","","Benson","MN","562151499","US","3208433509","","3208434096"
"1053266387","5050 Laguna Blvd Ste 112","","Elk Grove","CA","957584151","US","9162343574","",""
"1093660326","4291 N Millbrook Ave","","Fresno","CA","937263438","US","5592247967","","5592247967"
"1093660326","718 E Minarets Ave","","Fresno","CA","937203010","US","5594471114","","5594471114"
"1093660326","1027 N Van Ness Ave","","Fresno","CA","937283429","US","5592687613","","5592687613"
"1093660326","10120 Lanes Bridge Dr","","Madera","CA","936368890","US","5594315532","","5594315532"
"1093660326","1853 E Niles Ave","","Fresno","CA","937202342","US","5593253892","","5593253892"
"1093660326","775 E Spruce Ave","","Fresno","CA","937203016","US","5594315073","","5594315073"
"1093660326","1415 W Barstow Ave","","Fresno","CA","937113018","US","5594389344","","5594389344"
"1093660326","1942 E Niles Ave","","Fresno","CA","937202344","US","5593234957","","5593234957"
"1831957398","4500 Crain Hwy Ste 102","","White Plains","MD","206953015","US","3015836535","",""
"1831957398","9560 Marlboro Pike Ste 204","","Upper Marlboro","MD","207723769","US","3015836535","",""
"1831957398","3100 Ritchie Rd Ste D","","District Heights","MD","207474400","US","3015836535","",""
"1356927024","301 N N St","","Midland","TX","797016404","US","4326205800","",""
"1215730882","1500 N GRANT ST STE 6345","","Denver","CO","802031752","US","9708123526","",""
"1912403122","407 S Schwartz Ave Ste 102","","Farmington","NM","874015925","US","5056096700","",""
"1912403122","4700 Waters Ave","","Savannah","GA","314046220","US","9123508193","",""
"1568925642","5323 Harry Hines Blvd","","Dallas","TX","753907201","US","2149999999","",""
"1568104784","235 E Broadway Ste 314","","Long Beach","CA","908027801","US","8885888995","",""
"1558003186","329 Nc Highway 801 N","","Bermuda Run","NC","270067905","US","3369981300","","3367165438"
"1588629927","1390 S Potomac St Ste 100","","Aurora","CO","800124529","US","3033410722","","3033410832"
"1821618794","700 E Morehead St Ste 300","","Charlotte","NC","282022742","US","7044424390","",""
"1679154587","3400 W 66th St Ste 150","","Edina","MN","554352109","US","9529207200","","7632872303"
"1649614587","8233 N Sam Houston Pkwy E","","Humble","TX","773962922","US","7134422000","",""
"1487274064","2037 Mlk Jr Dr","","Greensboro","NC","274063314","US","6012159780","",""
"1316181753","489 State St","","Bangor","ME","044016616","US","2079737000","",""
"1316181753","2624 Dawson Rd","","Albany","GA","317071609","US","2298881624","",""
"1417179623","700 W Ironwood Dr Ste 378","","Coeur D Alene","ID","838144401","US","2086253555","",""
"1255189338","451 Kansas St Unit 616","","San Francisco","CA","941072218","US","3235225449","",""
"1316152697","3100 Cooper St","","Jackson","MI","492017545","US","5177806175","",""
"1558851923","6545 Market Ave N Ste 100","","Canton","OH","447212430","US","9375161957","",""
"1184070815","37725 Pembroke Ave","","Livonia","MI","481521053","US","3132053330","",""
"1629817275","2801 Emmons Ave Ste 118","","Brooklyn","NY","112352205","US","8189189190","",""
"1629817275","1814 Franklin St Ste 450","","Oakland","CA","946123487","US","8189189190","",""
"1538782602","811 E 11th St","","Upland","CA","91786","US","9093608737","",""
"1538782602","119 Belmont Street","","Worcester","MA","016052903","US","5083348706","",""
"1538782602","317 N Hickory Ave","","Cookeville","TN","385012428","US","9315287527","",""
"1023498532","2003 Kootenai Health Way","","Coeur D Alene","ID","83814","US","2086255084","",""
"1023498532","101 W 8th Ave","","Spokane","WA","992042307","US","5094743260","","5094743245"
"1023498532","475 Seaview Ave","","Staten Island","NY","103053436","US","7182269000","",""
"1023498532","5633 N Lidgerwood St","","Spokane","WA","992081224","US","5094593583","","5094821856"
"1023498532","12606 E Mission Ave","","Spokane Valley","WA","992163421","US","5099246650","","5099225421"
"1295393791","4250 Fairfax Dr Ste 600","","Arlington","VA","222031665","US","7035899964","","5712527100"
"1295393791","11615 Angus Rd Ste 104","","Austin","TX","787594064","US","8665899964","","5712527100"
"1295393791","920 N Shenandoah Ave Ste 202","","Front Royal","VA","226303555","US","7035899964","","5712527100"
"1679133383","300 Stonecrest Blvd Ste 310","","Smyrna","TN","371676801","US","6292066858","13381",""
"1679133383","318 N Allegheny St","","Bellefonte","PA","168231613","US","8143554814","",""
"1285839654","600 Coffee Rd","","Modesto","CA","953554201","US","2095216097","5289",""
"1609362755","1324 Lakeland Hills Blvd","","Lakeland","FL","338054543","US","8636871100","",""
"1629564240","215 Calle De La Candelaria","","Mayaguez","PR","006823202","US","7872343520","",""
"1639332687","725 Welch Rd","","Palo Alto","CA","943041601","US","6504978000","",""
"1316671514","755 A St","","Anchorage","AK","995013625","US","9072721255","",""
"1316671514","6901 E Tudor Rd","","Anchorage","AK","995071254","US","9077296500","",""
"1316671514","1021 E 3rd Ave","","Anchorage","AK","995016102","US","9072771731","",""
"1962183509","2310 Jericho Tpke # 1127","","Garden City Park","NY","110404721","US","5162344146","",""
"1265745335","2003 Kootenai Health Way","","Coeur D Alene","ID","838146051","US","2086256900","","2086256910"
"1811410921","300 Stonecrest Blvd Ste 310","","Smyrna","TN","371676801","US","6292066858","13381",""
"1477233484","3175 S Congress Ave","","Palm Springs","FL","334612500","US","5617296631","","5617716630"
"1861917130","2810 W Charleston Blvd Ste 74","","Las Vegas","NV","891021910","US","7256772713","",""
"1700434578","14600 Sherman Way Ste 100D","","Van Nuys","CA","914055869","US","8183746901","","8183746908"
"1700434578","25115 Avenue Stanford","","Valencia","CA","913551290","US","8182416780","",""
"1700286580","12770 Coit Rd Ste 870","","Dallas","TX","752511455","US","8552684098","","8885790142"
"1700286580","500 W Canton Rd","","Edinburg","TX","785396136","US","8552684098","","9564654808"
"1700286580","3509 Hulen St Ste 252","","Ft Worth","TX","761076867","US","8552684098","",""
"1700286580","350 N Sam Houston Pkwy E Ste B-260","","Houston","TX","770603315","US","8552684098","",""
"1700286580","1200 Golden Key Cir Ste 230","","El Paso","TX","799255834","US","8552684098","",""
"1700286580","2600 S Loop W Ste 615","","Houston","TX","770542653","US","8552684098","","7139937926"
"1700286580","3800 Paluxy Dr","Suite 592","Tyler","TX","757031619","US","8552684098","","8885790176"
"1700286580","9117 Milwaukee Avenue","Suite 300","Lubbock","TX","79424","US","8552684098","",""
"1487374401","12830 HESPERIA RD STE A-D","","VICTORVILLE","CA","923957788","US","7606848999","","7606848111"
"1881689362","2200 Cloverdale Ave","","Winston Salem","NC","271032300","US","3367134500","","3367134501"
"1689401317","1150 N Indian Canyon Dr","","Palm Springs","CA","922624872","US","7603236511","",""
"1689401317","84 Campus Dr","","Scarborough","ME","040747133","US","2073967000","",""
"1689401317","335 Brighton Ave","","Portland","ME","041022363","US","2076628000","","2076626234"
"1689401317","100 Campus Dr Unit 113","","Scarborough","ME","040747172","US","2073967750","",""
"1689401317","25 June St","","Sanford","ME","040732621","US","2074907450","","2074907452"
"1689401317","1 Medical Center Dr","","Biddeford","ME","040059422","US","2072837042","","2072837047"
"1164189361","1701 N Senate Blvd","","INDIANAPOLIS","IN","462021239","US","3179445000","",""
"1053402651","1999 Mowry Ave","","Fremont","CA","945381738","US","5107708141","",""
"1407259914","19744 Beach Blvd Unit 770","","Huntington Beach","CA","926482988","US","4808707997","","4809773223"
"1336780840","1511 Gunbarrel Rd Ste 111","","Chattanooga","TN","374213897","US","4235535999","",""
"1336801588","1644 W Hillsboro Blvd","","Deerfield Beach","FL","334421657","US","9546940741","",""
"1922435759","41800 W 11 Mile Rd Ste 109","","Novi","MI","483751818","US","7738199985","","7738258359"
"1801306568","1750 Blankenship Rd Ste 400","","West Linn","OR","970685102","US","9713532024","",""
"1194506501","33530 1st Way S Ste 44","","Federal Way","WA","980037332","US","2534146652","","2534146653"
"1457686925","300 Stonecrest Blvd Ste 310","","Smyrna","TN","371676801","US","6292066858","13381",""
"1366105777","700 W Ironwood Dr Ste 120","","Coeur D Alene","ID","838144405","US","2086253640","","2086253645"
"1356211338","5325 Reno Corporate Dr Ste 100","","Reno","NV","895112617","US","7758001136","",""
"1700650777","119 Belmont St","","Worcester","MA","016052903","US","5083348515","","5083346490"
"1700650777","55 Lake Ave N","","Worcester","MA","016550001","US","5083348515","","5083346490"
"1487362117","400 S Santa Fe Ave","","Salina","KS","674014144","US","7854526911","","7854526915"
"1730845884","6545 Market Ave N Ste 100","","Canton","OH","447212430","US","9375161957","",""
"1366517401","1510 Robert St","Suite 101","Boise","ID","837052528","US","2083440844","2","2083440592"
"1922342815","11937 W 119th St","","Overland Park","KS","662132215","US","8166814494","",""
"1922342815","300 W 19th Ter","","Kansas City","MO","641082026","US","8164045709","","8164046024"
"1356417174","317 N Hickory Ave","","Cookeville","TN","385012428","US","9315287527","",""
"1922960186","27691 Somerset St","","Inkster","MI","481411220","US","5862419196","",""
"1508263013","2003 Kootenai Health Way","","Coeur D Alene","ID","838146051","US","2086254000","",""
"1508263013","701 Lewiston St","","Cottonwood","ID","835229750","US","2089623251","",""
"1508263013","540 LITCHFIELD ST","","TORRINGTON","CT","067906679","US","9724490540","",""
"1508263013","301 Cedar St","","Orofino","ID","835449029","US","2084765777","","2084765385"
"1801124813","1357 NW Milwaukee Ave","","Bend","OR","977012210","US","5416782996","",""
"1033454616","4401 S Western Ave","","Oklahoma City","OK","731093413","US","4057137403","","4057132794"
"1073911665","1511 Gunbarrel Rd Ste 111","","Chattanooga","TN","374213897","US","4235535999","",""
"1073911665","77 Thomas Johnson Dr Ste H","","Frederick","MD","21702","US","3014140120","",""
"1073911665","26005 Ridge Rd Ste 200","","Damascus","MD","208721899","US","3014140120","",""
"1073911665","1021 W 5th Ave","","Gary","IN","464021703","US","2198801190","",""
"1851922975","1268 Route 37 W Ste 1","","Toms River","NJ","087554999","US","7326024480","","6098173276"
"1497460976","2025 4th St Ste 100","","White Bear Lake","MN","551102875","US","6512124920","",""
"1871442046","5850 6th Ave","","Los Angeles","CA","900433263","US","3239249084","",""
"1104963495","747 52nd St.","","Oakland","CA","946091809","US","5104283441","","5106013912"
"1740874486","27777 Inkster Rd","","Farmington Hills","MI","483345310","US","2484364400","",""
"1710832340","346 Morgan St","","Harker Heights","TX","765487268","US","2544024800","",""
"1992650220","443 Northfield Ave Ste 302","","West Orange","NJ","070523022","US","9737775444","",""
"1992650220","631 Grand St Ste 2-100","","Jersey City","NJ","073043451","US","2017062033","",""
"1992650220","25 Main St Ste 12","","Edison","NJ","088373448","US","7323760330","",""
"1952256299","2200 Cabrillo Way","","Oxnard","CA","930303106","US","8058351572","",""
"1265387500","710 Kipling St Ste 106","","Lakewood","CO","802158006","US","7197877937","",""
"1063367308","1735 Market St Fl 52","","Philadelphia","PA","191037507","US","2672821213","",""
"1225983570","20 Doc Stone Rd","","Stafford","VA","225564515","US","5406992392","",""
"1821746421","3929 Magnolia Ave Apt 4A","","Saint Louis","MO","631104045","US","6189547434","","8885331766"
"1144289307","3200 E Racine St","","Janesville","WI","535462343","US","6083718000","","6083718922"
"1144289307","1821 S Stoughton Rd","","Madison","WI","537162257","US","6082606000","","6082606556"
"1720547953","725 Welch Rd","","Palo Alto","CA","943041601","US","6504978000","",""
"1720547953","513 Parnassus Ave","","San Francisco","CA","941432205","US","4154762773","",""
"1285261354","700 E Morehead St Ste 300","","Charlotte","NC","282022742","US","7044424390","",""
"1821676958","12631 E 17th Ave","","Aurora","CO","800452527","US","5752185936","",""
"1346482577","4613 Valley Crest Dr","#301","Midlothian","VA","23112","US","8044478049","","8044478049"
"1346482577","4613 Valley Crest Dr","#301","Midlothian","VA","231122669","US","8044478049","","8044478049"
"1801858493","Calle 520","OQ9 4ta extension Country Club","Carolina","PR","00983","US","7874733420","","7872926292"
"1801858493","Calle 520","OQ9 4ta extension Country Club","Carolina","PR","00983","US","7874733420","","7872926292"
"1649732884","1400 N Coit Rd Ste 1604","","McKinney","TX","750716661","US","4698859400","",""
"1366237976","13301 Miles Ave","","Cleveland","OH","441055521","US","2167513100","",""
"1407602337","4006 Belt Line Rd Ste 160","","Addison","TX","750015802","US","2143072183","",""
"1285080606","75 Francis St","","Boston","MA","021156110","US","6177325500","",""
"1215786553","14200 W Village Pkwy Unit 2123","","Litchfield Park","AZ","853402774","US","6028787718","",""
"1285209619","575 Beech St","","Holyoke","MA","010402223","US","4135342549","",""
"1871336941","12150 SW 128th Ct Ste 210-213","","Miami","FL","331864647","US","3059645191","",""
"1205356433","472 Polaris St Bldg 586","","Virginia Beach","VA","234611935","US","7578629999","",""
"1720657828","421 Fayetteville St Ste 1100","","Raleigh","NC","276013000","US","9192000240","",""
"1467740035","420 S 5th Ave","","West Reading","PA","196112143","US","4846280028","",""
"1467740035","10201 SE Main St Ste 29","","Portland","OR","972162937","US","5032616025","",""
"1467740035","301 S 7th Ave Ste 120","","West Reading","PA","196111449","US","4846284630","",""
"1801414479","2102 W Trenton Rd","","Edinburg","TX","785394683","US","9563881300","",""
"1033117882","3818 Cedar Springs Rd Ste 103","","Dallas","TX","752194167","US","2142051145","",""
"1033117882","411 N Washington Ave Ste 5200","","Dallas","TX","752461778","US","8552042502","",""
"1538323944","500 Main St","","Eau Claire","WI","547013770","US","7158524853","",""
"1518799667","6145 Lake Worth Rd Ste A","","Greenacres","FL","334633001","US","5614210047","",""
"1649604968","45660 Schoenherr Rd","","Shelby Township","MI","48315","US","5865663020","",""
"1659157642","150 N Santa Anita Ave Ste 800","","Arcadia","CA","910063129","US","5622760126","","8556102299"
"1528253002","2817 Rock Merritt Avenue","","Fort Liberty","NC","283101301","US","9109076000","",""
"1528253002","9300 DeWitt Loop","","Fort Belvoir","VA","220605285","US","7036928878","",""
"1043560683","4360 Fulton Dr NW Ste B","","Canton","OH","447182878","US","3303052020","",""
"1043560683","9500 Euclid Ave","","Cleveland","OH","441950001","US","8002232273","",""
"1043560683","500 E Royalton Rd Ste 100","","Broadview Heights","OH","441472592","US","3302256468","",""
"1043560683","3985 Medina Rd Ste 120","","Medina","OH","442565968","US","3302256468","",""
"1043560683","1299 Industrial Pkwy N Ste 110","","Brunswick","OH","442126366","US","3302256468","",""
"1144101577","1575 N 4th St Ste 101","","Laramie","WY","820722091","US","3072232005","","3076707326"
"1851941736","1802 Marks Ave","","Akron","OH","443054316","US","3304007645","",""
"1700428596","8801 Hunters Lake Dr Apt 536","","Tampa","FL","336473144","US","4193201522","",""
"1700428596","3065 W Bancroft St","","Toledo","OH","436063353","US","4193400240","",""
"1992422505","1470 Maria Ln Ste 460","","Walnut Creek","CA","945965339","US","5108833463","",""
"1265255889","645 Jane Long Dr","","San Marcos","TX","786665869","US","7377019087","","8773900777"
"1457175259","13195 SW 134th St Ste 102","","Miami","FL","331864585","US","3059645236","","3059645249"
"1528662491","3000 Meadow Pond Ct Ste 200","","Grove City","OH","431239827","US","6148717130","",""
"1427653450","1004 NW Milwaukee Ave Ste 100","","Bend","OR","977032244","US","5413897021","",""
"1356203152","4500 Pope Ave","","Saint Louis","MO","631152512","US","3143675820","84940",""
"1356203152","5471 Dr Martin Luther King Dr","","Saint Louis","MO","631124265","US","3143675820","84940",""
"1356203152","5541 Riverview Blvd","","Saint Louis","MO","631202443","US","3143675820","84940",""
"1548598519","10440 Little Patuxent Pkwy Ste 300","","Columbia","MD","210443648","US","8887318994","",""
"1497739015","4311 E Lohman Ave","","Las Cruces","NM","880118255","US","5755567600","",""
"1497394258","150 N Santa Anita Ave Ste 800","","Arcadia","CA","910063129","US","5622760126","","8556102299"
"1174670657","5255 E Stop 11 Rd Ste 400","","Indianapolis","IN","462376341","US","3175286640","","3175286650"
"1164669842","4 Park Center Ct Ste 200","","Owings Mills","MD","211175614","US","4103778900","","4103770576"
"1083245476","1565 Purdue Dr Ste 301","","Fayetteville","NC","283035537","US","9106153060","",""
"1083245476","405 S Main St","","Raeford","NC","283763222","US","9106155800","",""
"1730711573","4040 N Euclid Ave Ste B","","Bay City","MI","487062493","US","9896719153","","9896719253"
"1730711573","4401 Campus Ridge Dr Ste 2100","","Midland","MI","486406125","US","9898379300","","9898379307"
"1730711573","4401 Campus Ridge Dr Ste 1100","","Midland","MI","486406125","US","9898379200","","9898379205"
"1730711573","715 E Main St Ste 100","","Midland","MI","486405488","US","9897943200","","9897943215"
"1730711573","3570 Shattuck Rd","","Saginaw","MI","486033153","US","9897925353","","9897923033"
"1730711573","40 W Saginaw Rd","","Sanford","MI","486579206","US","9896879940","","9896879945"
"1730711573","939 W Midland Rd","","Auburn","MI","486119420","US","9896622740","","9896622745"
"1730711573","555 W Wackerly St Ste 160","","Midland","MI","486404722","US","9898398810","","9893740144"
"1730711573","4611 Campus Ridge Dr","","Midland","MI","486409533","US","9898393500","","9898391869"
"1942766035","1116 S Henderson St","","Fort Worth","TX","761044430","US","8174238585","",""
"1407651110","65 W Jimmie Leeds Rd","","Pomona","NJ","082409102","US","6096523400","",""
"1851244693","8735 Dunwoody Pl Ste 8478","","Atlanta","GA","303502995","US","4045901442","",""
"1205781473","2608 Country Club Rd","","Morehead City","NC","285576012","US","2522409623","",""
"1578418836","22736 Kewin Mill Rd","","Sonora","CA","953708331","US","2095865510","",""
"1578418836","18815 Manzanita Dr","","Twain Harte","CA","953839515","US","2095863266","",""
"1578418836","175 Fairview Ln","","Sonora","CA","953704809","US","2095362000","",""
"1881549053","333 E Center St Ste 302","","Marion","OH","433024142","US","7409145000","",""
"1043518657","6005 Kingston Pike","","Knoxville","TN","379196346","US","8653892727","",""
"1073262994","34 N Morley St","","Baltimore","MD","212293755","US","4439700281","",""
"1003310046","181 Franklin Health Cmns","","Farmington","ME","049386144","US","2077789001","","2077792902"
"1003310046","335 Brighton Ave Ste 200","","Portland","ME","041022362","US","2076628600","","2076628668"
"1003310046","111 Colchester Ave","","Burlington","VT","054011473","US","8028478675","",""
"1003310046","75 Francis St","","Boston","MA","021156110","US","6177325500","",""
"1851822878","530 SE 11th Ct","","Cape Coral","FL","339902682","US","7868670060","",""
"1659020220","75 Malcolm X Blvd","","Roxbury","MA","021203106","US","6175349951","",""
"1396321899","22 Bramhall St","","Portland","ME","041023134","US","2076622911","","2076626006"
"1073216008","55 Lake Ave N","","Worcester","MA","016550002","US","5083348515","","5083346490"
"1902500630","16216 Baxter Rd Ste 390","","Chesterfield","MO","630174770","US","6362246625","","6364892260"
"1902500630","2002 Kanell Blvd Ste 201","","Poplar Bluff","MO","639014045","US","5738438380","","5738438381"
"1124606629","2400 Lakeview Dr Ste 230","","Beavercreek","OH","454312581","US","9373200630","","9373200633"
"1275066979","5870 Hiatus Rd Ste 200","","Tamarac","FL","333216424","US","3054474150","","8445874802"
"1629764832","804 Cypress Point Cir","","Bowie","MD","207212302","US","3016617268","","3017244898"
"1346669751","736 Cambridge St","","Brighton","MA","02135","US","6177892762","",""
"1346669751","235 North Pearl St","","Brockton","MA","02301","US","5084272665","","5084272368"
"1346669751","10 Gove Street","","East Boston","MA","02128","US","6175695800","",""
"1558003160","605 Standiford Ave Ste B","","Modesto","CA","953501000","US","8774182978","","8665002186"
"1083148274","1717 W Woolbright Rd","","Boynton Beach","FL","334266319","US","5617375500","",""
"1730769506","1611 W Harrison St Ste 400","","Chicago","IL","606124861","US","8776326637","","7084095179"
"1538741210","1 Knollwood Dr","Suite 6","Canterbury","CT","06331","US","8603775805","",""
"1033806591","160 NW 170th St","","North Miami Beach","FL","331695576","US","3056511100","",""
"1740863612","2810 N Parham Rd Ste 150","","Richmond","VA","232944422","US","8042300999","","8042300998"
"1386380251","3016 W Wackerly St","","Midland","MI","486406960","US","9896316730","",""
"1386693398","7758 Wallace Rd Ste E","","Orlando","FL","328197218","US","4072718933","","4072718934"
"1043709652","2345 Court Dr","","Gastonia","NC","280542151","US","7048650077","","7048676401"
"1568413698","1 Cooper Plz Dept Of","","Camden","NJ","081031461","US","8563422425","",""
"1891929451","535 Curran Memorial Hwy","","North Adams","MA","012473901","US","4134421562","",""
"1740691419","4 Skidaway Village Walk Ste B","","Savannah","GA","314112962","US","9125986312","","9124809897"
"1740691419","144444 Beach Blvd","","Jacksonville","FL","32250","US","9048587510","",""
"1487065975","1 Healthy Way","","Oceanside","NY","115721551","US","5166323000","",""
"1467406074","2930 W Cleveland Road Ext","","South Bend","IN","466286090","US","5743358450","","5743350780"
"1467406074","1919 Lake Ave Ste 110","","Plymouth","IN","465637830","US","5749485290","","5749485495"
"1467406074","209 E Jefferson St","","Plymouth","IN","465631861","US","5749485100","","5743350745"
"1467406074","506 Michigan St","","Walkerton","IN","465741116","US","5743355200","","5743350858"
"1467406074","1919 Lake Ave Ste 106","","Plymouth","IN","465637830","US","5743355220","","5743350859"
"1467406074","114 N Washington St","","Bourbon","IN","465041623","US","5743357850","","5743350755"
"1467406074","12563 State Road 23","","Granger","IN","465309226","US","5743358300","","5743350775"
"1467406074","17321 State Road 23","","South Bend","IN","466351531","US","5743358400","","5743350796"
"1467406074","1025 Widener Ln","","South Bend","IN","466143242","US","5743357600","","5743350734"
"1467406074","611 E Douglas Rd Ste 401","","Mishawaka","IN","465451468","US","5743356242","","5743350758"
"1467406074","1122 S Ironwood Dr","","South Bend","IN","466151618","US","5743358399","","5743350786"
"1467406074","2349 Lake Ave Ste 100","","Plymouth","IN","465637836","US","5749485100","","5749485499"
"1992962831","736 Cambridge St","","Brighton","MA","02135","US","6177892762","",""
"1992962831","235 North Pearl St","","Brockton","MA","02301","US","5084272665","","5084272368"
"1992962831","10 Gove Street","","East Boston","MA","02128","US","6175695800","",""
"1215982608","555 E Cheves St","","Florence","SC","295062617","US","8436616215","",""
"1215982608","7 Independence Pt Ste 300","","Greenville","SC","296154569","US","8645223700","","8645223705"
"1215982608","805 Pamplico Hwy","","Florence","SC","295056047","US","8436742500","",""
"1053150557","6619 Walnut Grove Ct","","Downers Grove","IL","605163035","US","6307961483","",""
"1366653602","4199 Gateway Blvd Ste 2400","","Newburgh","IN","476307972","US","8124710045","","8124762383"
"1194217612","380 Suwannee Trail St","","Bowling Green","KY","421037956","US","2709015000","","2708425268"
"1699707422","3 Hospital Dr Ste 206","","Lewisburg","PA","178379394","US","5705229771","",""
"1164466397","100 Willow Creek Pkwy Ste B","","Palestine","TX","758014387","US","9037233394","","9037232845"
"1164466397","112 E Line St Ste 202","","Tyler","TX","757025760","US","9037877502","","9037877506"
"1164466397","608 N Rockwall Ave Ste 608","","Terrell","TX","751602117","US","9725638350","","9725638355"
"1164466397","140 W Lamberth Rd Ste C","","Sherman","TX","750922668","US","9038933903","","9038933927"
"1164466397","2400 Stillhouse Rd Ste A","","Paris","TX","754622022","US","4302222028","","4302222032"
"1164466397","571 W Main St Ste 240","","Lewisville","TX","750573628","US","4695497867","","9729568411"
"1164466397","836 Southpark Cir Ste D","","Athens","TX","757526922","US","9036754444","","9032921739"
"1164466397","524 E LaMar Blvd Ste 152","","Arlington","TX","760113929","US","8175572016","","8178720615"
"1164466397","3218 4th St","","Longview","TX","756055143","US","9037597500","","9037597507"
"1164466397","2824 Terrell Rd Ste 500","","Greenville","TX","754025529","US","9034543385","","9034543373"
"1164466397","1314 W Highway 287 Bypass","STE 200","Waxahachie","TX","751655248","US","9729372800","","9729372405"
"1164466397","4210 Kell Blvd Ste 204","","Wichita Falls","TX","763094806","US","9407671611","","9407671613"
"1003431404","805 Tilghman Dr Ste C","","Dunn","NC","283345883","US","9108924092","",""
"1497315972","12110 Pinon Rnch","","San Antonio","TX","782544452","US","2105704602","",""
"1043704364","736 Cambridge St","","Brighton","MA","021352907","US","6177893000","",""
"1811208622","6000 Hospital Dr","","Hannibal","MO","634016887","US","5732485100","","5732485112"
"1083109565","800 E Carpenter St","","Springfield","IL","627695317","US","2175446464","",""
"1972165918","508 Birch St","","Bristol","CT","060107837","US","8603782891","",""
"1730444894","235 North Pearl St","","Brockton","MA","02301","US","5084272665","","5084272368"
"1730444894","10 Gove St","","East Boston","MA","02128","US","6175695800","",""
"1730444894","55 Lake Ave N","","Worcester","MA","016550002","US","5083348329","","7744416421"
"1730444894","736 Cambridge St","","Brighton","MA","02135","US","6177892762","",""
"1366640658","800 N Justice St","","Hendersonville","NC","287913410","US","8286947687","","8286947638"
"1366640658","1200 Northside Forsyth Dr","","Cumming","GA","300417659","US","7708443200","","7708443227"
"1366640658","1341 Walter Reed Rd","","Fayetteville","NC","283044415","US","9106153500","",""
"1366640658","415 N 9th St","STE 6W100","Springfield","IL","627025303","US","2175455117","","2175454912"
"1538398508","225 N Jackson Ave","","San Jose","CA","951161603","US","4083474051","",""
"1225718141","1250 S Cedar Crest Blvd Ste 215","","Allentown","PA","181036271","US","6104026986","",""
"1225718141","520 Greenbriar Rd","","York","PA","174041335","US","7178495465","","7177676716"
"1528268992","1720 Nicholasville Rd Ste 501","","Lexington","KY","405031487","US","8592588731","",""
"1528268992","230 Fountain Ct Ste 230","","Lexington","KY","405091897","US","8592588770","",""
"1528268992","1221 S Broadway","","Lexington","KY","405042701","US","8592584371","","8592584326"
"1053091900","1638 Owen Dr","","Fayetteville","NC","283043424","US","9106154000","",""
"1053091900","1262 Oliver St Ste B","","Fayetteville","NC","283044449","US","9106154801","",""
"1871593202","44045 Riverside Pkwy","","Leesburg","VA","201765101","US","7038586000","","7038586900"
"1598771297","49 Spring St Ste 101","","Scarborough","ME","040748926","US","2078837926","","2076185021"
"1598771297","5 Bucknam Rd","","Falmouth","ME","041051392","US","2077811500","","2077811507"
"1598771297","22 Bramhall St","","Portland","ME","041023134","US","2076622911","","2076626006"
"1598771297","181 Franklin Health Cmns","","Farmington","ME","049386144","US","2077784922","","2077790649"
"1598771297","131 Franklin Health Cmns","","Farmington","ME","049386142","US","2078604090","","2078604098"
"1598771297","3073 White Mountain Hwy","","North Conway","NH","038607101","US","6033565472","","6033569647"
"1093293656","9180 Pinecroft Dr Ste 250","","Shenandoah","TX","773804261","US","2819559158","","2819558720"
"1093293656","10425 Huffmeister Rd Ste 330","","Houston","TX","770653429","US","2819559158","","2819558720"
"1093293656","24518 Northwest Fwy Ste 345","","Cypress","TX","774292904","US","2819559158","","2819558720"
"1093293656","22215 Cypresswood Dr Ste 208","","Cypress","TX","774339019","US","2819559158","","2819558720"
"1801909056","6112 Bellaire Blvd Ste E","","Houston","TX","770814913","US","2818791800","",""
"1033094420","5760 Fields Rd","","Gainesville","GA","305062923","US","7705331593","",""
"1467885715","1201 Walter Reed Rd","","Fayetteville","NC","283044437","US","9106093840","","9106159665"
"1225649692","60 East St Ste 1400","","Methuen","MA","018444550","US","6172026001","",""
"1225649692","1 Pearl St","Suite 2000","Brockton","MA","02301","US","5085844104","","5085842053"
"1104342765","8923 Bluebonnet Blvd","","Baton Rouge","LA","708102814","US","2257664133","","2257664135"
"1568777365","1101 W Liberty St","","Farmington","MO","636401921","US","5737051272","","5737051216"
"1710094396","736 Cambridge St","","Brighton","MA","021352907","US","6177892762","",""
"1710094396","Milford Hospital","14 Prospect Street, Radiology","Milford","MA","01757","US","5084222922","",""
"1518247527","6831 Whitehall St","","Anchorage","AK","995022758","US","9074154323","",""
"1366635310","954 N Samuel Moore Pkwy Ste C","","Mooresville","IN","461581475","US","3178345466","","3175843794"
"1699023515","2054 Tillotson Ave","","Bronx","NY","104751560","US","7186712100","",""
"1891674057","6911 Van Dorn St Ste 2","","Lincoln","NE","685066801","US","4023271562","",""
"1215714282","6780 Mayfield Rd","","Mayfield Heights","OH","441242203","US","4403124500","",""
"1215714282","1215 Lee St","","Charlottesville","VA","229080816","US","4349249333","","4342447526"
"1649886557","711 E 38th St","","Indianapolis","IN","462052748","US","4632492314","","3172452388"
"1649886557","3503 Southwest Blvd","","Grove City","OH","431233897","US","6147885416","",""
"1780672188","1364 Route 72 W","Suite 2","Manahawkin","NJ","080502485","US","6095973616","","6095974557"
"1891885570","12605 E 16th Ave","","Aurora","CO","800452545","US","7208480000","",""
"1477633345","18 Old Etna Rd","","Lebanon","NH","037661970","US","6036505000","05000",""
"1689217903","25 June St","","Sanford","ME","040732621","US","2074907000","","2074907002"
"1689217903","474 Main St","","Springvale","ME","040831409","US","8442920111","","2074905263"
"1548632185","153 Hazard Ave","","Enfield","CT","060824592","US","8602535020","","8602535030"
"1548632185","29 Pine St","","Southbridge","MA","015501823","US","5087659167","","5087653128"
"1306920038","12605 E 16th Ave","","Aurora","CO","800452545","US","7208480000","",""
"1861944605","2717 NE Broadway St","","Portland","OR","972321722","US","9712563400","","8187588015"
"1518568542","1200 Driving Park Ave","","Newark","NY","145131090","US","3153592557","","3153592248"
"1134992688","6911 Pistol Range Rd","","Tampa","FL","336356335","US","8133257479","",""
"1184797219","2345 Court Dr","","Gastonia","NC","280542151","US","7048650077","","7048676401"
"1154795482","60 Brooks Dr","","Braintree","MA","021843855","US","3392352776","",""
"1154795482","180 Water Oak Dr","","Cedartown","GA","301252095","US","7707480030","3021","7707494418"
"1154795482","5829 Corporate Way","","West Palm Beach","FL","334072021","US","5619337531","",""
"1699637009","5555 W Las Positas Blvd","","Pleasanton","CA","945884000","US","9258473000","",""
"1669077079","1025 Finefrock Rd","","Fremont","OH","434209680","US","4197073204","",""
"1689332520","360 W Butterfield Rd Ste 315","","Elmhurst","IL","601265068","US","8009744378","1875","6305151536"
"1689332520","200 E Willow Ave","","Wheaton","IL","601875463","US","8009744378","1801","6305151536"
"1689332520","545 Belmont Ln","","Carol Stream","IL","601882467","US","6305101515","",""
"1689332520","1026 Maple Ave","","Lisle","IL","605322329","US","8009744378","1352","6305151536"
"1366986861","524 Skymarks Dr Ste 1","","Jacksonville","FL","322187254","US","9046967333","","9043907441"
"1528876125","263 W Exchange St","","Astoria","OR","971036142","US","9718016962","",""
"1184263840","6240 NW 173rd St Apt 1031","","Hialeah","FL","330154561","US","8609843484","",""
"1184263840","5970 Churchview Dr","","Rockford","IL","611072574","US","8159718990","","8159719978"
"1972011948","1408 8th St","","Alamogordo","NM","883105115","US","8662732451","","8666085560"
"1972011948","1200 Concord Ave Ste 185","","Concord","CA","945205006","US","5102688120","",""
"1730950411","408 Jackson Ave E","","Hampton","SC","299243602","US","8436822519","","8039434347"
"1396556486","7758 Wallace Rd Ste J","","Orlando","FL","328197218","US","4073514328","","4073511755"
"1396556486","1142 Kelton Ave","","Ocoee","FL","347613175","US","4072193620","","4073477586"
"1396556486","3111 Citrus Tower Blvd","","Clermont","FL","347116879","US","3522436767","","3522432255"
"1689112088","348 Main St","","Greenville","PA","161252608","US","7245885250","","7245885253"
"1366032286","1101 26th St S","","Great Falls","MT","594055161","US","4064555238","",""
"1730627316","909 W Maumee St Ste G","","Angola","IN","467031346","US","2602160070","",""
"1730627316","2121 Burlington Beach Rd","","Valparaiso","IN","463831665","US","2199403509","",""
"1730627316","6704 Old Trail Rd","","Fort Wayne","IN","468092639","US","2607470135","",""
"1730627316","7720 Lima Rd","","Fort Wayne","IN","468182163","US","2604821758","",""
"1730627316","2010 Cassopolis St","Suite 400","Elkhart","IN","465143102","US","5745967666","","5742068336"
"1730627316","17160 Dragonfly Dr Ste 200","","Noblesville","IN","460603634","US","3175616987","",""
"1730627316","813 N 13th St","","Decatur","IN","467331121","US","2603384476","",""
"1730627316","3414 E Main St","","Richmond","IN","473745931","US","7657804498","",""
"1730627316","1620 Country Club Rd Ste E","","Valparaiso","IN","463832676","US","2199403509","",""
"1730627316","3165 E Center Street Ext","","Warsaw","IN","465823901","US","5742696236","",""
"1730627316","3337 Willowcreek Rd","","Portage","IN","463685015","US","5742560000","",""
"1730627316","2443 E Main St","","Plainfield","IN","461682715","US","3175616985","",""
"1730627316","733 Loews Blvd Ste E","","Greenwood","IN","461422413","US","2192245994","",""
"1730627316","533 E National Ave","","Brazil","IN","478342633","US","8124422031","",""
"1730627316","909 Linway Dr","","Goshen","IN","465262435","US","5745346888","",""
"1730627316","1328 S Grandstaff Dr Unit 3A","","Auburn","IN","467062661","US","2609259769","",""
"1730627316","31 Moore St","","Mooresville","IN","461581781","US","3178394664","",""
"1730627316","8458 Castleton Corner Dr","","Indianapolis","IN","462503579","US","3175208736","",""
"1730627316","204 E Main St Ste 7","","Paoli","IN","474541548","US","8449733130","",""
"1730627316","3718 Lincolnway E","","Mishawaka","IN","465443922","US","5742560000","",""
"1730627316","1534 S Washington St Unit 1534","","Crawfordsville","IN","479333813","US","7653233949","",""
"1730627316","320 E 109th Ave","","Crown Point","IN","463078693","US","2194881517","",""
"1730627316","7 Parkmoor Dr","","Huntington","IN","467501345","US","5742696236","",""
"1730627316","554 Pit Rd Ste 103","","Brownsburg","IN","461129556","US","7654403801","",""
"1730627316","232 W Van Buren St Ste 101Ab","","Columbia City","IN","467252061","US","2602677315","",""
"1730627316","3605 N Everbrook Ln","","Muncie","IN","473045220","US","7655873628","",""
"1730627316","3559 E Main St","","Richmond","IN","473745932","US","7656734328","",""
"1215073747","12970 W Bluemound Rd Ste 200","","Elm Grove","WI","531222607","US","2627801020","",""
"1215073747","1720 W Florist Ave Ste 125","","Glendale","WI","532093862","US","4142740801","",""
"1225841380","5930 Lovers Ln Ste 3","","Portage","MI","490021673","US","2693816950","",""
"1548233323","422 S KING ST","","LAURINBURG","NC","283523704","US","9102762100","","9102762111"
"1255038311","450A Main St","","Cambridge","VT","054449647","US","8023553013","",""
"1942549852","7599 Carrollton Pike Ste C","","Galax","VA","243336801","US","2767281030","","2767281041"
"1326671835","3125 S Scatterfield Rd Ste 100","","Anderson","IN","460131804","US","7652984790","",""
"1326671835","1210 B Medical Arts Blvd","Ste 117","Anderson","IN","460113435","US","7652981792","","7652985881"
"1528911229","603 E Washington St Fl 9","","Indianapolis","IN","462042692","US","5599097118","",""
"1003400102","520 Hope St","","Providence","RI","029062532","US","4012764155","",""
"1750236931","130 E Walnut St","","West Point","NE","687881424","US","4023710220","","4026444593"
"1750236931","2718 13th St","","Columbus","NE","686014917","US","4023710220","","4026444593"
"1023963212","3110 Vine St","","Eau Claire","WI","547034864","US","7158524823","","7158524804"
"1154276343","1500 SW 10th Ave","","Topeka","KS","666041301","US","7853546000","",""
"1912323106","500 W 4th St","","Odessa","TX","797615001","US","4326401770","",""
"1184127938","3353 Hickory Ln","","Powder Springs","GA","301273895","US","9255651689","",""
"1306595335","7599 Carrollton Pike Ste C","","Galax","VA","243336801","US","2767281030","","2767281041"
"1144780685","500 University Dr","","Hershey","PA","170332360","US","8002067718","",""
"1245505361","366 Waller Ave Ste 109","","Lexington","KY","405042920","US","8595239355","",""
"1477180248","800 Rose St Fl 1","","Lexington","KY","405360293","US","8595621085","",""
"1265674014","475 Kilvert St","","Warwick","RI","028861379","US","9191728471","",""
"1205178399","550 S Jackson St","Room A2J21","Louisville","KY","402021622","US","5028526191","",""
"1518928613","30 Temple St Ste 650","","Nashua","NH","030603483","US","6038830005","","6038830007"
"1649399452","701 W 5th St","","Odessa","TX","797634206","US","4323352222","",""
"1316524895","3901 Rainbow Blvd # MS 2027","","Kansas City","KS","661608500","US","9135883974","",""
"1942599840","12 St Paul Dr Ste 100","","Chambersburg","PA","172011035","US","7172176072","",""
"1942599840","112 N 7th St","","Chambersburg","PA","172011720","US","7172677164","",""
"1942599840","35 Erick Rd","","Lancaster","PA","176013111","US","7176900811","",""
"1942599840","169 Martin Ave","","Ephrata","PA","175221734","US","7177330311","",""
"1942599840","252 S 4th St","","Lebanon","PA","170426111","US","7172707500","",""
"1942599840","55 Monument Rd","","York","PA","174035023","US","7178126425","",""
"1942599840","501 E Main St","","Waynesboro","PA","172682353","US","7177653425","",""
"1942599840","835 5th Ave","","Chambersburg","PA","172014220","US","7172174312","",""
"1942599840","1 Hospital Dr","","Lewisburg","PA","178379350","US","5705222000","",""
"1942599840","25 Monument Rd Ste 270","","York","PA","174035073","US","7177418250","",""
"1942599840","90 Medical Park Dr Ste 2000","","Lewisburg","PA","178376343","US","5705242722","",""
"1942599840","1001 S George St","","York","PA","174033676","US","7178127687","",""
"1194257683","75 Veronica Ave Ste 205","","Somerset","NJ","088735002","US","7322469900","","7322469903"
"1194257683","26 Journal Sq Ste 1202","","Jersey City","NJ","073064107","US","6094153376","","6094153377"
"1194257683","833 Franklin Ave","","Franklin Lakes","NJ","074171410","US","2016440228","","2016440229"
"1609239037","5255 Loughboro Rd NW # Nlw","","Washington","DC","200162633","US","2025374000","","2025374588"
"1609239037","8600 Old Georgetown Rd","","Bethesda","MD","208141497","US","3018962578","","3018971378"
"1609239037","1800 Orleans St","","Baltimore","MD","212870010","US","4105022037","","4109550737"
"1871172494","5901 E Fowler Ave Ste 100","","Temple Terrace","FL","336172305","US","8632749700","",""
"1952971277","1600 Crossways Blvd Ste A","","Chesapeake","VA","233202895","US","7572824070","","7574403288"
"1952971277","1933 Edwin Dr Ste 208","","Chesapeake","VA","233226531","US","7572525820","","7579639609"
"1952971277","213 River Walk Pkwy Ste 101","","Chesapeake","VA","233206893","US","7579831777","","7575079043"
"1952971277","32370 Lankford Hwy","","Painter","VA","234202410","US","7577829157","","7036528470"
"1588161640","2345 Court Dr","","Gastonia","NC","280542151","US","7048650077","","7048676401"
"1700572179","800 Rose St","","Lexington","KY","405360293","US","8593236047","",""
"1881488195","1101 W University Dr","","Rochester","MI","483071863","US","2486525232","",""
"1306162474","2950 Cleveland Clinic Blvd","","Weston","FL","333313625","US","9546595000","",""
"1366188807","545 W Market St Ste 333","","Lima","OH","458014775","US","4192229010","",""
"1679136196","North Shore Medical Center","81 Highland Ave.","Salem","MA","01970","US","9787411200","","9788256312"
"1720572225","601 N Elm St","","High Point","NC","272624331","US","3368786000","","3368786010"
"1720572225","2301 Erwin Rd","","Durham","NC","277054699","US","7049424854","",""
"1598723272","190 Walnut St","","Englewood","NJ","076313106","US","2127227409","","2127227185"
"1649627076","2510 S Telegraph Rd Ste I&j","","Bloomfield Hills","MI","483020241","US","2483352000","","2483352002"
"1649627076","529 Lexington Dr","","Rochester Hills","MI","483073528","US","2488025452","",""
"1750349601","372 West St Ste 102","","Keene","NH","034312412","US","8665342639","",""
"1750349601","400 E State St Ste D","","Athens","OH","457011870","US","8665342639","","8004807578"
"1477501351","500 J Clyde Morris Blvd Fl Annex1","","Newport News","VA","236011929","US","7575942074","","7575943369"
"1477501351","4743 Arapahoe Ave","Suite 201","Boulder","CO","80303","US","3034222395","","3034421073"
"1245289099","2345 Court Dr","","Gastonia","NC","280542151","US","7048650077","","7048676401"
"1902396377","800 Rose St","","Lexington","KY","405360294","US","8593230295","",""
"1922050129","525 Technology Park Ste 109","","Lake Mary","FL","327467107","US","4076472346","",""
"1831307461","1628 N. Bosworth Avenue","Suite #2","Chicago","IL","60642","US","3107669812","","3122298828"
"1568991750","1062 Forsyth st Ste 3b","","macon","GA","31201","US","4787433454","",""
"1225082878","231 W Day Rd","","Mishawaka","IN","465451401","US","5743354700","","5743350846"
"1225082878","611 E Douglas Rd Ste 402","","Mishawaka","IN","465451468","US","5743357750","","5743350754"
"1225082878","611 E Douglas Rd Ste 309","","Mishawaka","IN","465451467","US","5743356900","","5743350854"
"1225082878","60101 Bodnar Blvd Ste 100B","","Mishawaka","IN","465449340","US","5743358800","","5743350613"
"1225082878","611 E Douglas Rd Ste 408","","Mishawaka","IN","465451468","US","5743356440","","5743350806"
"1225082878","616 E 13th St","","Winamac","IN","469961117","US","5749485340","","5749485494"
"1225082878","1919 Lake Ave Ste 102","","Plymouth","IN","465637830","US","5743356900","","5743350854"
"1225082878","611 E Douglas Rd Ste 207","","Mishawaka","IN","465451465","US","5743356850","","5743350849"
"1225082878","1919 Lake Ave Ste 104","","Plymouth","IN","465637830","US","5749485170","","5749485498"
"1225082878","3421 Cassopolis St","","Elkhart","IN","465146773","US","5743358180","","5743350842"
"1225082878","611 E Douglas Rd Ste 203","","Mishawaka","IN","465451465","US","5743356830","","5743350855"
"1225082878","611 E Douglas Rd Ste 305","","Mishawaka","IN","465451467","US","5743356450","","5743350643"
"1225082878","114 N Washington St","","Bourbon","IN","465041623","US","5749485340","","5749485494"
"1225082878","611 E Douglas Rd Ste 208","","Mishawaka","IN","465451465","US","5743356700","","5743350736"
"1225082878","611 E Douglas Rd Ste 200","","Mishawaka","IN","465451465","US","5743356060","","5743350611"
"1225082878","611 E Douglas Rd Ste 309","","Mishawaka","IN","465451467","US","5743356770","","5743350779"
"1225082878","611 E Douglas Rd Ste 208","","Mishawaka","IN","465451465","US","5743356700","","5743350726"
"1225082878","60101 Bodnar Blvd Ste 200","","Mishawaka","IN","465449340","US","5743358800","","5743350613"
"1225082878","611 E Douglas Rd Ste 203","","Mishawaka","IN","465451465","US","5743356640","","5743350621"
"1225082878","611 E Douglas Rd Ste 207","","Mishawaka","IN","465451465","US","5743354700","","5743350846"
"1225082878","611 E Douglas Rd Ste 308","","Mishawaka","IN","465451465","US","5743356850","","5743350849"
"1225082878","60101 Bodnar Blvd Ste 104","","Mishawaka","IN","465449328","US","5743485340","","5749485494"
"1225082878","221 Red Coach Dr Ste E","","Mishawaka","IN","465458324","US","5743357630","","5743350841"
"1225082878","1919 Lake Ave Ste 104","","Plymouth","IN","465637830","US","5749485390","","5749485473"
"1043701485","20 York Street YNHH","Tompkins 226","New Haven","CT","065103220","US","2036884242","",""
"1265961932","1008 N 15th Ave","","LAUREL","MS","394402656","US","6014265125","","6014265125"
"1568020147","700 Childrens Dr","","Columbus","OH","432052664","US","6147222000","",""
"1689415184","2000 W Bethany Home Rd","","Phoenix","AZ","850152443","US","6022490212","",""
"1730381658","3140 S Falkenburg Rd Ste 104","","Riverview","FL","335782594","US","8133560196","1042","8133560197"
"1023050549","3100 Tongass Ave","","Ketchikan","AK","999015746","US","9072285171","","9072288335"
"1023050549","2430 W Pierce St","","Carlsbad","NM","882203553","US","5758874100","",""
"1023050549","549 E 3rd St","","Lexington","KY","405081612","US","8592779436","",""
"1023050549","5419 N Lovington Hwy","","Hobbs","NM","882409100","US","5754925000","",""
"1992909402","210 Beatty Dr Ste 100","","Belmont","NC","280122716","US","7042663100","","7048676401"
"1356377246","65 Jimmie Leeds Road","","Pomona","NJ","08240","US","6097487088","",""
"1043836927","525 Technology Park Ste 109","","Lake Mary","FL","327467107","US","4076472346","",""
"1043836927","350 7th St N","","Naples","FL","341025754","US","2396242100","",""
"1629647748","1638 Owen Dr","","Fayetteville","NC","283043424","US","9106153350","","9103216253"
"1073299319","800 Rose St","","Lexington","KY","405360293","US","8593236047","",""
"1396184297","844 S Main St","","Lapeer","MI","484463027","US","8102841034","41034","2486909675"
"1144245283","81800 DOCTOR CARREON BLVD STE B","","Indio","CA","922015595","US","7606477676","","7603470909"
"1144245283","36101 Bob Hope Dr Ste A","","Rancho Mirage","CA","922702001","US","7603211315","","7603211094"
"1144245283","1695 S San Jacinto Ave Ste A-D&f","","San Jacinto","CA","925835103","US","9513501050","","9513501050"
"1720428899","2924 Prince William Pkwy","","Woodbridge","VA","221924145","US","7037631390","",""
"1740696137","210 Beatty Dr Ste 100","","Belmont","NC","280122716","US","7042663100","","7048676401"
"1598928863","226 S Anderson St","Suite A","Elwood","IN","460362015","US","7655523000","",""
"1265094551","2575 S State Road 7","","Wellington","FL","334149323","US","5617375500","",""
"1316962863","3200 MacCorkle Ave SE","","Charleston","WV","253041227","US","3043885432","",""
"1316962863","501 Morris St","","Charleston","WV","253011326","US","3043885432","",""
"1316962863","1400 Hospital Dr","","Hurricane","WV","255269202","US","3047571700","",""
"1316962863","800 Pennsylvania Ave","","Charleston","WV","253023351","US","3043885432","","3043885432"
"1700802584","1103 Village Square Dr Ste 202","","Perrysburg","OH","435511762","US","4192518013","",""
"1700802584","3020 N McCord Rd","","Toledo","OH","436151702","US","4192518013","",""
"1700802584","2222 Cherry St Ste 2300","","Toledo","OH","436082675","US","4192518013","",""
"1700802584","740 S Limestone","","Lexington","KY","405360001","US","8593235661","","8593236411"
"1598241937","12830 HESPERIA RD STE A-D","","VICTORVILLE","CA","923957788","US","7606848999","","7606848111"
"1063433381","7979 Wurzbach Rd","","San Antonio","TX","782294427","US","2104501143","",""
"1770138588","801 Ostrum St","","Bethlehem","PA","180151000","US","5704791650","",""
"1770138588","478 Van Ave","","Mountain Top","PA","187079103","US","5704791650","",""
"1417565920","18 W Blackwell St","","Dover","NJ","078013841","US","9733283344","",""
"1780849281","740 S Limestone","Ste B101","Lexington","KY","405360001","US","8593235661","","8593236411"
"1780849281","2222 Cherry St Ste 2300","","Toledo","OH","436082675","US","4192518013","",""
"1518633940","525 Technology Park Ste 109","","Lake Mary","FL","327467107","US","4076472346","",""
"1366270365","6601 E McDowell Rd Apt 2032","","Scottsdale","AZ","852573172","US","2169057900","","8648781528"
"1366270365","555 SE Mlk Blvd Unit 105","","Portland","OR","972142595","US","8887115993","","8887116216"
"1366270365","943 W Overland Rd Ste 106","","Meridian","ID","836426541","US","8887115993","","8887116216"
"1366270365","2375 E Camelback Rd Ste 600","","Phoenix","AZ","850163493","US","8887115993","","8887116216"
"1366270365","5830 E 2nd St Ste 537","","Casper","WY","826094308","US","8887115993","","8887116216"
"1366270365","180 M. University Ave","Ste 270","Provo","UT","846015648","US","8887115993","","8887116216"
"1336581776","8320 Madison Ave","","Indianapolis","IN","462276066","US","3178825122","",""
"1861834152","751 N Rutledge St","","Springfield","IL","627024968","US","2175454282","",""
"1841480209","12830 HESPERIA RD STE A-D","","VICTORVILLE","CA","923957788","US","7606848999","","7606848111"
"1578087482","800 Rose St","","Lexington","KY","405360293","US","8592574488","",""
"1902781461","2930 Wellington Cir","","Tallahassee","FL","323096890","US","8508778174","",""
"1871018036","28201 Diehl Rd","","Warrenville","IL","605553934","US","6308368830","",""
"1689302051","3001 Edwards Mill Rd Ste 200","","Raleigh","NC","276125243","US","1978140609","","9197815246"
"1689302051","150 Burnetts Way Ste 230","","Suffolk","VA","234348168","US","7579422022","",""
"1649463829","324 N Queen St","Suite 100","Kinston","NC","285014932","US","2525229800","",""
"1649463829","2608 Hospital Rd","","Goldsboro","NC","275349423","US","9197353464","","9197350080"
"1265540082","3310 Broad St","","Lake Charles","LA","706153808","US","3372174000","9",""
"1245349620","12700 E 19th Ave","PO Box B182","Aurora","CO","800452560","US","3037246450","","3037244329"
"1437261732","1000 Medical Center Blvd Dept Of","","Lawrenceville","GA","300467694","US","4846020413","",""
"1437261732","1551 E Tangerine Rd","","Oro Valley","AZ","857556213","US","5209013500","",""
"1548981970","171 Ashley Ave","","Charleston","SC","294250100","US","8437921414","",""
"1083264188","8809 S Sooner Rd","","Oklahoma City","OK","731356605","US","4054557860","",""
"1588536346","2751 Albert L Bicknell Dr Ste 2B","","Shreveport","LA","711033939","US","3182128350","","3182128356"
"1689491938","327 E Mill St","","Circleville","OH","431132029","US","7405001402","",""
"1689491938","7 Fayette Ctr","","Washington Court House","OH","431602120","US","7403358228","",""
"1689491938","110 Highland Ave","","Circleville","OH","431131208","US","7404771745","",""
"1376361212","1408 8th St","","Alamogordo","NM","883105115","US","8662732451","","8666085560"
"1376361212","1200 Concord Ave Ste 185","","Concord","CA","945205006","US","5102688120","",""
"1164063178","2415 N Orange Ave Ste 502","","Orlando","FL","328045503","US","4079160110","","4079160111"
"1730786955","18 W Blackwell St","","Dover","NJ","078013841","US","9733283344","",""
"1134726599","7940 Williams Pond Ln","","Charlotte","NC","282778766","US","7042374240","",""
"1932074010","130 Crisanto Ave Ste A","","Fort Mill","SC","297156272","US","8037464655","",""
"1134761026","100 Medical Center Way","","Somers Point","NJ","082442300","US","6097602837","",""
"1134761026","1 Cooper Plz","","Camden","NJ","081031461","US","8482886935","",""
"1598585366","12830 HESPERIA RD STE A-D","","VICTORVILLE","CA","923957788","US","7606848999","","7606848111"
"1598585366","81800 DOCTOR CARREON BLVD STE B","","INDIO","CA","922015595","US","7606477676","","7603470909"
"1164973665","14 Trafalgar Sq","","Trafalgar","IN","461819515","US","3174129190","",""
"1316375256","2230 N. Reserve St","Ste 300, #1066","Missoula","MT","59808","US","4062154251","","4062215026"
"1316375256","855 S. Center Street","Ste 101","Reno","NV","89501","US","4062154251","","4062215026"
"1942385695","12700 E 19th Ave","","Aurora","CO","800452560","US","3033154499","",""
"1063403947","10801 Lockwood Dr","Suite 200","Silver Spring","MD","209011556","US","3015932002","","3015934781"
"1407564610","1600 Matthew Dr","","Fort Myers","FL","339071700","US","8722313162","",""
"1033079355","2001 W 86Th St","","Indianapolis","IN","462601902","US","3174157921","",""
"1285902122","6207 Woodside Ave Ste 4","","Woodside","NY","113773653","US","7188985085","","7188985582"
"1669456992","2345 Court Dr","","Gastonia","NC","280542151","US","7048650077","","7048676401"
"1235311861","5980 S Cooper Rd Ste 1","","Chandler","AZ","852495394","US","4807043474","","8882212541"
"1336787225","9692 Cincinnati Columbus Rd","","West Chester","OH","452411071","US","5133779374","",""
"1659084374","501 Doug Baker Blvd Ste 102","","Hoover","AL","352422017","US","2562311231","","2058475563"
"1851457444","2575 S State Road 7","","Wellington","FL","334149323","US","5617375500","",""
"1144737511","4918 Ayers St Ste 130","","Corpus Christi","TX","784151431","US","3614004355","","3612250015"
"1679113211","444 W Exchange St","","Akron","OH","443021711","US","8002307526","",""
"1720677099","333 N Braddock Ave","","Pittsburgh","PA","152082512","US","4128645004","",""
"1942280888","601 W Capitol Ave Ste A","","Little Rock","AR","722013345","US","9109921251","",""
"1386152890","12222 Merit Dr Ste 600","","Dallas","TX","752513294","US","9727155000","","9727159976"
"1104531672","730 14th St SW Ste 200","","Loveland","CO","805376349","US","9706630815","",""
"1104531672","843 Eastern Byp","","Richmond","KY","404752569","US","8595441770","",""
"1275345753","23141 Moulton Pkwy Ste 108","","Laguna Hills","CA","926531241","US","9494434303","",""
"1851361935","12251 S 80th Ave","PALOS COMMUNITY HOSPITAL","Palos Heights","IL","604631256","US","7089235700","","7089238848"
"1326800236","65 N Highway 25 W","","Williamsburg","KY","407691540","US","6065490123","",""
"1326800236","1120 Reuben St","","London","KY","407411074","US","6068626550","",""
"1033265277","7448 68th Ave NE","","Cando","ND","583249485","US","7012220386","","7012583602"
"1033265277","30 7th St W Fl 4","","Dickinson","ND","586014335","US","7012220386","","7012583602"
"1033265277","305 N 23rd St","","Bismarck","ND","585014992","US","7012220386","","7012583602"
"1174386403","3966 Warrensville Center Rd","","Warrensville Heights","OH","441226770","US","4403405086","","4403405035"
"1619674512","370 N 120th Ave","","Holland","MI","494242120","US","6163965855","","8775920688"
"1033258223","8th Ave C St","","Salt Lake City","UT","841430001","US","8014088500","",""
"1912760539","410 NE 17th Pl","","Newcastle","OK","730653302","US","9188493055","",""
"1740468271","5330 Fm 1640 Rd","","Richmond","TX","774695435","US","2813429922","","2813429923"
"1740468271","5330 Fm 1640 Rd","","Richmond","TX","774695435","US","2813429922","","2813429923"
"1982556437","1307 Brentwood St","","Middletown","OH","450446371","US","5139637493","",""
"1902611882","830 S Limestone","","Lexington","KY","405360582","US","8593232778","",""
"1467085910","3077 N Mayfair Rd Ste 305","","Wauwatosa","WI","532224305","US","4143846700","",""
"1467085910","9969 S 27th St Ste 1100","","Franklin","WI","531329533","US","4143846700","",""
"1467085910","3111 W Rawson Ave Ste 200205","","Franklin","WI","531329417","US","4143846700","",""
"1992770101","415 N 9th St","STE 6W100","Springfield","IL","627025303","US","2175458000","","2175454912"
"1023152428","1100 9th Ave","","Seattle","WA","981012756","US","2062236600","",""
"1023152428","1000 Johnson Ferry Rd","","Atlanta","GA","303421611","US","4048518850","",""
"1861469561","226 W Main St Ste 5B","","Valley Center","KS","671472245","US","7858237201","",""
"1861469561","1133 College Ave Ste A217","","Manhattan","KS","665022770","US","7858237201","",""
"1003761206","6560 Carlisle Pike","","Mechanicsburg","PA","170508246","US","7177960444","",""
"1003761206","397 Baltimore Rd","","Shippensburg","PA","172579567","US","7175327170","",""
"1003761206","993 Wayne Ave","","Chambersburg","PA","172013895","US","7172611556","",""
"1750236956","1635 N Lee Trevino Dr","","El Paso","TX","799365174","US","9155053606","",""
"1487509683","3412 Bent Trout Lake Rd","","Barnum","MN","557078872","US","2188792119","",""
"1023963238","22423 US Highway 72 Ste C","","Athens","AL","356132663","US","2562321221","","2562321231"
"1720933930","1201 Dekalb St","","Norristown","PA","194013415","US","6102774600","",""
"1720933930","2500 Maryland Rd Ste 130","","Willow Grove","PA","190901223","US","6102774600","",""
"1609378728","525 Technology Park Ste 109","","Lake Mary","FL","327467107","US","4076472346","",""
"1306387881","41521 W 11 Mile Rd","","Novi","MI","483751803","US","2482990030","",""
"1306387881","2910 W Jefferson Ave","","Trenton","MI","481832904","US","7343466430","",""
"1356844120","1000 South Ave","","Rochester","NY","146202733","US","5854732200","",""
"1508626318","2338 Immokalee Rd # 141","","Naples","FL","341101445","US","2393302933","",""
"1508626318","1407 Viscaya Pkwy","","Cape Coral","FL","339906200","US","2397720111","",""
"1508626318","525 Technology Park Ste 109","","Lake Mary","FL","327467107","US","4076472346","",""
"1558865824","9500 Euclid Ave","","Cleveland","OH","441950001","US","2164442200","",""
"1497149793","7000 SW 62nd Ave","SUITE 401","South Miami","FL","331434716","US","3052998171","",""
"1932736360","800 Rose St","Roach Cancer Center 1st Fl","Lexington","KY","405360293","US","8592576006","",""
"1962039206","800 Rose St","","Lexington","KY","405360293","US","8592574554","",""
"1932220456","180 N 17th Ave","","Pocatello","ID","832013320","US","8176764820","",""
"1427637974","630 Eaton Ave","","Hamilton","OH","450132767","US","5138672000","",""
"1154717726","21727 Ih 10 W Fl 2","","San Antonio","TX","782572106","US","2108295180","","2108295030"
"1194344150","2070 Northbrook Blvd Ste B1","","North Charleston","SC","294069325","US","8439559765","","8434105719"
"1194344150","1341 Old Georgetown Rd Ste C","","MT Pleasant","SC","294647307","US","8439363385","","8433884868"
"1588244750","222 Delaware St Ste 213","","Historic New Castle","DE","197204855","US","2155852144","",""
"1588244750","Autry Plaza Suite 205-O","1330 San Pedro Dr. NE","Albuquerque","NM","87110","US","2155852144","","2677807032"
"1588244750","228 Park Ave S Ste 15314","","New York","NY","100031502","US","2155852144","","2677807032"
"1588244750","2 N Last Chance Gulch Ste B","","Helena","MT","596014122","US","2155852144","","2677807032"
"1588244750","1449 Old Waterbury Road","Suite 205, Office B","Southbury","CT","06488","US","2155852144","","2677807032"
"1588244750","11201 N Tatum Blvd Ste 300","","Phoenix","AZ","850286039","US","2155852144","","2677807032"
"1588244750","1638 R St NW Ste 214","","Washington","DC","200096480","US","2155852144","","2677807032"
"1588244750","2221 Brickyard Rd Ste E","","Adel","IA","500038300","US","2155852144","","2677807032"
"1588244750","1644 Annapolis Rd Ste 4","","Odenton","MD","211131002","US","2155852144","","2677807032"
"1588244750","5800 Ranchester Dr Ste 125","","Houston","TX","770362470","US","2155852144","","2677807032"
"1588244750","464 Herndon Pkwy Ste 216","","Herndon","VA","201705200","US","2155852144","","2677807032"
"1588244750","4305 Lacey Blvd SE Ste 20","","Lacey","WA","985032352","US","2155852144","","2677807032"
"1588244750","18 E 41st Street","14th Floor","New York","NY","100176244","US","2155852144","","2677807032"
"1588244750","500 Forest Ave","Unit 1C","Portland","ME","041011523","US","2155852144","","2677807032"
"1235792946","N19W24133 Riverwood Dr Ste 190","","Waukesha","WI","531881103","US","2625100300","","2625100500"
"1235792946","1249 W Liebau Rd Ste 201","","Mequon","WI","530923396","US","2625100300","","2625100500"
"1144754953","411 Sunset St","","Elkhart","KS","679505001","US","6206972141","","6207418186"
"1003203324","676 N Saint Clair St Ste 800","","Chicago","IL","606112978","US","3126955753","","3126955645"
"1679217566","3033 N Central Ave Ste 700","","Phoenix","AZ","850122806","US","6022307373","","6022578029"
"1487399804","444 W Exchange St","","Akron","OH","443021711","US","3305352671","",""
"1083462717","1500 SW 10th Ave","","Topeka","KS","666041301","US","7853546000","",""
"1982655577","20 W Kinzie St Ste 1130","","Chicago","IL","606545826","US","7737941818","","8476623001"
"1982655577","1640 N Arlington Heights Rd Ste 110","","Arlington Heights","IL","600043985","US","8476621818","","8476623001"
"1992141139","332 E State St","","Columbus","OH","432154732","US","6147885400","","6147885500"
"1992141139","3255 E Main St","","Columbus","OH","432132739","US","8002307526","",""
"1649487877","4501 N Winchester Ave","2nd Floor","Chicago","IL","60640","US","7732500400","","7732500308"
"1588617591","122 W 7th Ave","Suite 310","Spokane","WA","992042349","US","5098387711","","5097474664"
"1588617591","411 Fortuyn Rd","","Grand Coulee","WA","991338718","US","5096331753","",""
"1457391005","6707 Powers Blvd Ste 106","","Parma","OH","441295463","US","4408862509","","4408862547"
"1457391005","1044 Belmont Ave","","Youngstown","OH","445041006","US","3304803258","","3304804119"
"1457391005","667 Eastland Ave SE","","Warren","OH","444844503","US","3308414034","","3308414919"
"1457391005","8401 Market St","","Youngstown","OH","445126725","US","3307294200","","3307294249"
"1033521612","95 Pleasant St","","Lynn","MA","019011524","US","7815814400","",""
"1194382804","77 S Main St","","New City","NY","109563511","US","8456345729","3059","8456347839"
"1528797453","812 E Jolly Rd Ste 210","","Lansing","MI","489106821","US","5173468200","",""
"1811347636","525 Technology Park Ste 109","","Lake Mary","FL","327467107","US","4076472346","",""
"1295419695","500 N Main St Ste B","","Beaver Dam","KY","423201949","US","8126181128","","8126183081"
"1407177165","8711 Village Dr Ste 114","","San Antonio","TX","782175419","US","2102972244","","2102972257"
"1407177165","4502 Medical Dr","","San Antonio","TX","782294492","US","2103584000","",""
"1407177165","903 W Martin St","","San Antonio","TX","782070903","US","2103583400","",""
"1407177165","2425 Babcock Rd Ste 110","","San Antonio","TX","782294899","US","2103588900","",""
"1407177165","3800 Steve Smith Way","","Cross Roads","TX","762273668","US","9403653030","","9403653032"
"1407177165","502 Madison Oak Dr Ste 160","","San Antonio","TX","782584086","US","2104361182","","2104361183"
"1407177165","302 Dora St","","San Antonio","TX","782121516","US","2103588255","","2106448025"
"1225654189","100 Hospital Ln Ste 120","","Danville","IN","461221993","US","3177457310","",""
"1225654189","1701 N Senate Ave","","Indianapolis","IN","462025306","US","5743449020","",""
"1134016512","200 Myles Standish Blvd","","Taunton","MA","027807371","US","8667278274","",""
"1699180141","1400 NW 12th Ave","","Miami","FL","331361003","US","3052434000","",""
"1699180141","800 Rose St","","Lexington","KY","405360293","US","8593235956","",""
"1699180141","1475 NW 12th Ave","","Miami","FL","331361002","US","3052434000","",""
"1669993143","1401 E Eight St","","Weslaco","TX","78596","US","9562961423","",""
"1932097755","525 Technology Park Ste 109","","Lake Mary","FL","327467107","US","4076472346","",""
"1932514858","2000 S Thompson St","","Flagstaff","AZ","860018759","US","9282266400","",""
"1194457887","301 Garber St","","Hollidaysburg","PA","166481535","US","8147994907","",""
"1730562950","4332 Kissena Blvd Apt 5K1","","Flushing","NY","113552934","US","8123419222","",""
"1760091870","2106 Savannah Dr","","Papillion","NE","681333327","US","4028195349","",""
"1760091870","2255 S 132nd St Ste 200","","Omaha","NE","681442573","US","4023341122","",""
"1164312419","1685 Baldwin Ave Unit A","","Pontiac","MI","483401242","US","2487073450","",""
"1720008352","5000 W National Ave","","Milwaukee","WI","532950001","US","4143842000","42092","4143825358"
"1861418220","655 S Bay Rd Ste D","","Dover","DE","199014615","US","8555277246","","8662295063"
"1861418220","5500 Knoll North Dr Ste 500","","Columbia","MD","210452365","US","4105712946","",""
"1861418220","120 Sallitt Dr Ste D","","Stevensville","MD","216662154","US","4105712946","",""
"1861418220","6569 N Charles St Ste 500","","Towson","MD","212045808","US","4105712946","",""
"1861418220","950 Harry S. Truman Drive North","Suite 140","Largo","MD","20774","US","8555277246","","8662295063"
"1861418220","6410 Rockledge Dr Ste 421","","Bethesda","MD","208171809","US","8555277246","","8662295063"
"1861418220","101 Chesapeake Blvd Ste C","","Elkton","MD","219216607","US","8555277246","","8662295063"
"1861418220","4660 Wilkens Ave Ste 302","","Baltimore","MD","212294845","US","4105712946","",""
"1861418220","826 Washington Rd Ste 210","","Westminster","MD","211575780","US","4105712946","",""
"1861418220","1 Centurian Dr Ste 301","","Newark","DE","197132127","US","8555277246","","8662295063"
"1861418220","9801 Georgia Ave Ste 339","","Wheaton","MD","209025276","US","8555277246","","8662295063"
"1861418220","314 Franklin Ave Ste 104","","Berlin","MD","218111261","US","8555277246","","8662295063"
"1861418220","20 Courthouse Sq Ste 204","","Rockville","MD","208502338","US","8555277246","","8662295063"
"1861418220","10720 Columbia Pike Ste 200A","","Silver Spring","MD","209014437","US","8555277246","","8662295063"
"1861418220","19851 Observation Dr Ste 360","","Germantown","MD","208764141","US","4105712946","",""
"1861418220","7704 Quarterfield Rd Ste E","","Glen Burnie","MD","210614412","US","8555277246","","8662295063"
"1861418220","8100 Sandpiper Cir Ste 214","","Nottingham","MD","212364999","US","4105712946","",""
"1861418220","7920 McDonogh Rd Ste 201","","Owings Mills","MD","211175323","US","4105712946","",""
"1861418220","1005 N Glebe Rd Ste 610","","Arlington","VA","222015758","US","8555277246","","8662295063"
"1861418220","3261 Old Washington Rd Ste 3010","","Waldorf","MD","206023229","US","8555277246","","8662295063"
"1861418220","2401 Brandermill Blvd Ste 210","","Gambrills","MD","210541692","US","8555277246","","8662295063"
"1861418220","602 S Atwood Rd Ste 103","","Bel Air","MD","210144198","US","8555277246","","8662295063"
"1861418220","2405 York Rd Ste 200","","Timonium","MD","210932252","US","8555277246","","8662295063"
"1861418220","4660 Wilkens Ave Ste 208","","Baltimore","MD","212294848","US","4105712946","",""
"1861418220","1576 Merritt Blvd Ste 18","","Dundalk","MD","212222132","US","4105712946","",""
"1861418220","499 Idlewild Ave Ste 105","","Easton","MD","216014049","US","8555277246","","8662295063"
"1861418220","1576 Merritt Blvd Ste 18B","","Dundalk","MD","212222132","US","4105712946","",""
"1861418220","7140 Contee Rd Ste 2800","","Laurel","MD","207079527","US","8555277246","","8662295063"
"1861418220","6503 Deer Pointe Dr Ste A","","Salisbury","MD","218041674","US","8555277246","","8662295063"
"1861418220","7100 Guilford Dr Ste 150","","Frederick","MD","217045260","US","8555277246","","8662295063"
"1861418220","17051 Dallas Pkwy Ste 320","","Addison","TX","750017112","US","8555277246","","8662295063"
"1861418220","2560 Central Park Ave Ste 340","","Flower Mound","TX","750281563","US","8555277246","","8662295063"
"1861418220","8505 Arlington Blvd Ste 420","","Fairfax","VA","220314636","US","8555277246","","8662295063"
"1861418220","501 Health Sciences Dr.","","Seaford","DE","19973","US","8555277246","","8662295063"
"1861418220","5500 Knoll North Dr Ste 501","","Columbia","MD","210452370","US","4105712946","",""
"1861418220","4175 N Hanson Ct Ste 202","","Bowie","MD","207163182","US","4105712946","",""
"1861418220","110 Hospital Rd Ste 305","","Prince Frederick","MD","206784044","US","4105712946","",""
"1861418220","6602 Church Hill Rd Ste 550","","Chestertown","MD","216202323","US","4105712946","",""
"1861418220","180 Wingo Way Ste 105","","MT Pleasant","SC","294641810","US","8555277246","","8662295063"
"1861418220","1165 Imperial Dr Ste 102","","Hagerstown","MD","217406555","US","8555277246","","8662295063"
"1861418220","1165 Imperial Dr Ste 100","","Hagerstown","MD","217406582","US","8555277246","","8662295063"
"1861418220","10905 Fort Washington Rd Ste 405","","Ft Washington","MD","207445807","US","4105712946","",""
"1861418220","251 National Harbor Blvd Ste 501","","Oxon Hill","MD","207451052","US","8555277246","","8662295063"
"1861418220","23619 Oak View Dr Ste R","","California","MD","206192496","US","8555277246","","8662295063"
"1861418220","3101 E President George Bush Hwy Ste 150","","Richardson","TX","750823547","US","8555277246","","8662295063"
"1861418220","1037 Pulaski Hwy Unit 1037","","Havre DE Grace","MD","210782603","US","8555277246","","8662295063"
"1699930636","4250 Hospital Dr","","Marianna","FL","324461917","US","8505262200","","8507182844"
"1730102468","201 E Huron St","Floor 5, Suite 110","Chicago","IL","606113197","US","3129264343","",""
"1265432843","120 S Highland St","","Lock Haven","PA","177452812","US","5707487173","87173",""
"1639805377","21 E State St Ofc 233","","Columbus","OH","432154281","US","8887318994","",""
"1366178568","7 Waveland Ave","","Winchester","KY","403911231","US","6144383400","",""
"1871901223","730 W Market St","","Lima","OH","458014602","US","4192516430","",""
"1871901223","500 W Market St","","Tiffin","OH","448832610","US","4192516430","",""
"1871901223","45 St Lawrence Dr","","Tiffin","OH","448838310","US","4194557000","",""
"1871901223","1400 E 2nd St Ste 100","","Defiance","OH","435129905","US","4192516430","",""
"1871901223","1 Park St","","New Haven","CT","065048901","US","2037852480","","2037856337"
"1871901223","3000 New Bern Ave","","Raleigh","NC","276101231","US","9193508000","",""
"1871901223","703 Main St","","Paterson","NJ","075032621","US","9737542543","",""
"1871901223","2213 Cherry St","","Toledo","OH","436082603","US","4192516430","",""
"1871901223","2222 Cherry St Ste 2900","","Toledo","OH","436082675","US","4192516430","",""
"1114473832","2213 Cherry St","","Toledo","OH","436082603","US","5672906543","",""
"1114473832","730 W. High Street","","Lima","OH","45801","US","4192516430","",""
"1114473832","45 St Lawrence Dr","","Tiffin","OH","448838310","US","4194557000","",""
"1114473832","500 W Market St","","Tiffin","OH","448832610","US","4194558150","",""
"1114473832","1400 E 2nd St","","Defiance","OH","435129905","US","6142516430","",""
"1114473832","1500 E. Medical Center Drive","L2200 UH South","Ann Arbor","MI","481095212","US","7349361755","",""
"1841715828","500 Marquette Ave NW Ste 1200","","Albuquerque","NM","871025312","US","8668490692","",""
"1700032794","275 North St","","Harrison","NY","105281140","US","9149676500","","9149255169"
"1548785363","2511 Old Cornwallis Rd Ste 200","","Durham","NC","277131869","US","9199325700","","9199325700"
"1912673252","525 Technology Park Ste 109","","Lake Mary","FL","327467107","US","4076472346","",""
"1023125440","1125 W Jefferson St Ste S200","","Franklin","IN","461312140","US","3177380630","","3177380737"
"1346357779","8 N US 31 Ste C","","Whiteland","IN","461841546","US","3175303111","","3177380737"
"1841074887","525 Technology Park Ste 109","","Lake Mary","FL","327467107","US","4076472346","",""
"1255588794","525 Technology Park Ste 109","","Lake Mary","FL","327467107","US","4076472346","",""
"1356018949","830 Atlantic Ave","","Long Beach","CA","908134513","US","5622850149","",""
"1356018949","12141 Brookhurst St Ste 101","","Garden Grove","CA","928402865","US","7142961934","",""
"1598758252","1011 Parkside Cmns","Unit 101","Greensboro","GA","306424534","US","7064541210","","7064541211"
"1861640674","445 Hilltop Street","","Elkhart","KS","69750","US","6206972141","","6207418186"
"1861640674","415 Washington St","","Rolla","KS","679545428","US","6206972141","","6207418186"
"1366322570","134 W 1180 N Ste 5","","Tooele","UT","840741483","US","4352480333","",""
"1598542839","712 N Ellington Pkwy Ste 6","","Lewisburg","TN","370912454","US","9313591913","",""
"1588490650","9114 Caddo Rd Unit A","","Houston","TX","770782508","US","3463006131","",""
"1366548547","700 NE 13th St","","Oklahoma City","OK","731045004","US","4052714700","","4052868050"
"1366548547","1000 Pine St","","Texarkana","TX","755015100","US","9036143000","","9036143525"
"1366548547","403 S Magnolia St","","Woodville","TX","759795238","US","4092832888","",""
"1366548547","515 S Archie St Ste 3","","Vidor","TX","776624868","US","4097692295","",""
"1366548547","3623 S Main St Ste 109","","Stafford","TX","774775406","US","4097308054","",""
"1649674276","700 W Ironwood Dr Ste 120","","Coeur D Alene","ID","838144405","US","2086253640","","2086253645"
"1164411005","4400 Biscayne Blvd","","Miami","FL","33137","US","3123509462","",""
"1063988988","49 Swan St Uppr","","Batavia","NY","140203231","US","5854405629","",""
"1225850928","801 Ostrum St","","Bethlehem","PA","180151000","US","2154534000","",""
"1043396963","2195 Harrodsburg Rd","Ste 175","Lexington","KY","405043504","US","8593238873","",""
"1386713642","600 Abbott Dr","","Broomall","PA","190084317","US","4844761899","",""
"1386713642","825 Springdale Dr","","Exton","PA","193412843","US","4845651133","",""
"1437451846","8257 Tapoco Ln.","","Brentwood","TN","370278840","US","8102233946","",""
"1043172166","128 Beacon Ln","","Columbia","SC","292297524","US","3027257726","",""
"1497571632","12170 Seminole Blvd","","Largo","FL","337782833","US","7275445437","",""
"1851459242","34 Hybrook road -South","","Divide","CO","80814","US","7196874460","","7196874457"
"1811851470","310 S Maple Rd","","Ann Arbor","MI","481033833","US","7347943494","",""
"1811851470","1701 South Blvd E Ste 300","","Rochester Hills","MI","483076120","US","2488849710","","2488849711"
"1427327436","1 Cooper Plz","","Camden","NJ","081031461","US","8563422425","",""
"1609463868","1200 Salmon Creek Lane","","Juneau","AK","99801","US","9074634099","",""
"1699196204","5140 Nannie Helen Burroughs Ave NE","","Washington","DC","200195509","US","2029847310","",""
"1447848916","6240 Ridgemount St","","Wake Forest","NC","275874294","US","9198051316","",""
"1912863812","3909 Woodley Rd","","Toledo","OH","436061169","US","4197253330","",""
"1922818814","5522 Lone Star Pkwy Ste 302","","San Antonio","TX","782536722","US","2543820507","",""
"1881234292","444 Center St","","Manchester","CT","060403926","US","8606463888","",""
"1689172199","8785 SW 165th Ave Ste 103","","Miami","FL","331935827","US","7862066500","",""
"1831952639","311 N Clyde Morris Blvd","","Daytona Beach","FL","321142781","US","3862411020","","3862411022"
"1831952639","525 Technology Park Ste 109","","Lake Mary","FL","327467107","US","4076472346","",""
"1720447600","11110 Medical Campus Rd Ste 147","","Hagerstown","MD","217426755","US","3016654920","",""
"1922959568","1500 Curve Crest Blvd W","","Stillwater","MN","550826040","US","6514391234","",""
"1497607196","1411 Falls Ave E Ste 600","","Twin Falls","ID","833013458","US","3177977237","",""
"1982469227","200 Clinic Dr","","Madisonville","KY","424311661","US","2708218874","",""
"1104960632","1207 Pearl","","Ypsilanti","MI","481974622","US","7343580477","","7344360253"
"1992561625","801 Broadway N","","Fargo","ND","581023641","US","7012342000","",""
"1811841422","3111 Electric Ave","","Port Huron","MI","480608127","US","8109858900","",""
"1669006284","1550 E County Line Rd Ste 315","","Indianapolis","IN","462270990","US","3174976888","",""
"1669006284","5255 E Stop 11 Rd Ste 400","","Indianapolis","IN","462376341","US","3175286640","","3175286650"
"1497600621","6203 Wellpinit Agency Loop","","Wellpinit","WA","99040","US","5092584517","",""
"1205006590","122 Saint Cloud Rd","","San Antonio","TX","782285009","US","7262406949","","2107613397"
"1346195559","4685 Ponce De Leon Blvd","","Coral Gables","FL","331462108","US","8553686673","","9544376252"
"1891640017","4010 E Bell Rd Ste 103","","Phoenix","AZ","850322149","US","6025950015","31028",""
"1356296578","15140 Badger Ranch Blvd","","Woodway","TX","767128983","US","2104470039","",""
"1548855919","7850 Brier Creek Pkwy Ste 102","","Raleigh","NC","276178900","US","9197484878","","9197484876"
"1548855919","420 Acorn Falls Ct","","Holly Springs","NC","275407359","US","9197589646","",""
"1841099439","221 Main St # 4125","","Nashua","NH","030602913","US","3036569299","","3036562138"
"1770041642","11476 S Apopka Vineland Rd Ste 118","","Orlando","FL","328367006","US","4079554001","",""
"1407359060","115 N Main St","","Shenandoah","PA","17976","US","5706710300","","5706710305"
"1023141611","7406 Chapel Hill Rd Ste A&b","","Raleigh","NC","276075077","US","9194083212","41","9194083212"
"1588195754","4700 Millenia Blvd Ste 500","","Orlando","FL","328396019","US","8134676111","","8134676013"
"1588195754","525 Technology Park Ste 109","","Lake Mary","FL","327467107","US","4076472346","",""
"1356090187","77 E 1st St","","Corning","NY","148302715","US","6079361771","115","6079362648"
"1356090187","3635 Bell Blvd Ste 203","","Bayside","NY","113612097","US","7185049256","49256",""
"1205396330","3550 Independence Dr","","Birmingham","AL","352095710","US","2059492806","",""
"1225888019","191 Theater Rd","","Onalaska","WI","546508679","US","6087850940","",""
"1982282752","680 Centre St","","Brockton","MA","023023308","US","5089417000","",""
"1568041093","720 Westview Dr SW","","Atlanta","GA","303101458","US","4047561393","","4047561357"
"1023436037","2026 S Jackson St","","Jacksonville","TX","757665822","US","9035897017","",""
"1023436037","22 S Greene St","Room N3 E09","Baltimore","MD","212011544","US","4103286110","",""
"1023436037","107 Medical Cir","","Sulphur Springs","TX","754822138","US","9038851779","",""
"1023436037","1615 Delaware St","","Longview","WA","986322367","US","3604142730","","3604142739"
"1629464573","13777 Belcher Rd S # 201","","Largo","FL","337714096","US","7272806643","",""
"1780213967","715 S 8th St","","Minneapolis","MN","554041210","US","6128736963","",""
"1780213967","435 Phalen Blvd","","Saint Paul","MN","551305302","US","6512548380","",""
"1700349727","55 Lake Ave N","","Worcester","MA","016550002","US","5088563271","",""
"1700349727","2602 Saint Michael Dr Ste 301","","Texarkana","TX","755035206","US","9036145258","",""
"1528687415","25350 Rockside Rd Ste 200","","Bedford","OH","441467111","US","8002307526","",""
"1942829601","8591 S Broadway Ave","","Tyler","TX","757035470","US","9036068840","",""
"1942829601","13000 E 136th St","","Fishers","IN","460379478","US","3176782273","",""
"1801359021","1000 10th Ave","","New York","NY","100191147","US","2125236121","",""
"1164165387","3537 Section Rd","","Cincinnati","OH","452372429","US","5136922592","22592",""
"1689094658","718 Ancon Ave","","Pelham","NY","108032917","US","5162006937","","5162109938"
"1922454214","10200 Dexter Pinckney Rd Ste 100","","Pinckney","MI","481698928","US","7348781000","","7348781001"
"1922454214","7093 Dexter Ann Arbor Rd","","Dexter","MI","481308568","US","7344269028","","7344299029"
"1922454214","7115 E Michigan Ave Ste 100","","Saline","MI","481762700","US","7349770013","","7349770169"
"1922454214","1065 N Huron River Dr Ste 100","","Ypsilanti","MI","481973296","US","7348964110","","7348964111"
"1922454214","5361 McAuley Dr","","Ypsilanti","MI","481971011","US","7347121300","","7342223665"
"1922454214","11775 Tecumseh Clinton Rd","","Clinton","MI","492369541","US","5174567449","","5174566059"
"1922454214","3477 E Grand River Ave","","Howell","MI","488438552","US","5173389090","",""
"1922454214","14288 E Old US Highway 12 Ste 200","","Chelsea","MI","481182700","US","7344758677","","7343270826"
"1922454214","23200 Pontiac Trl","","South Lyon","MI","481781983","US","2484462935","","2484462936"
"1922454214","4350 Jackson Rd Ste 200","","Ann Arbor","MI","481031889","US","7347612581","","7347619540"
"1922454214","49650 Cherry Hill Rd Ste 120","","Canton","MI","481874850","US","7343987800","","7343987805"
"1922454214","4940 W Clark Rd Ste 100","","Ypsilanti","MI","481970860","US","7349711188","73497",""
"1922454214","10020 Professional Centre Drive","Suite 120","Hamburg","MI","48139","US","8102310252","","8102310256"
"1922454214","28300 Orchard Lake Rd Ste 103","","Farmington Hills","MI","483343704","US","2482877860","",""
"1922454214","20206 Farmington Rd","","Livonia","MI","481521412","US","2484764724","",""
"1922454214","29370 Plymouth Rd Ste 100","","Livonia","MI","481502399","US","7346558200","",""
"1922454214","19000 St Joes Pkwy Ste 200","","Livonia","MI","481521477","US","7342133685","",""
"1922454214","43097 Woodward Ave Ste 100","","Bloomfield Township","MI","483025042","US","2488360040","",""
"1922454214","5789 S Main St Ste 100","","Clarkston","MI","483462959","US","2486250030","",""
"1922454214","1375 S Lapeer Rd Ste 210","","Lake Orion","MI","483601421","US","2486935700","",""
"1922454214","1854 W Auburn Rd Ste 300A","","Rochester Hills","MI","483093868","US","2486186000","",""
"1922454214","4123 Martin Rd Ste 102","","Commerce Township","MI","483904151","US","2483663700","",""
"1922454214","4400 Highland Rd","","Waterford","MI","483281222","US","2486186000","",""
"1922454214","2305 Genoa Business Park Dr Ste 200","","Brighton","MI","481147005","US","8104946840","","8104946841"
"1922454214","212 S Main St Ste A","","Brooklyn","MI","492309114","US","5175928033","","5175923959"
"1922454214","5505 S Old US 23 Ste 100","","Brighton","MI","481167524","US","8104946885","","8104946839"
"1922454214","1600 S Canton Center Rd Ste 200","","Canton","MI","481886276","US","7343987880","","7347617318"
"1922454214","202 W Highland Rd","","Howell","MI","488431162","US","5172346540","","5173389083"
"1922454214","870 E Arkona Rd Ste 100","","Milan","MI","481609770","US","7344392429","","7344390200"
"1922454214","990 W Ann Arbor Trl Ste 208","","Plymouth","MI","481701297","US","7344551200","","7344555219"
"1982059234","8675 Valley Creek Rd","","Woodbury","MN","551252337","US","6512413000","",""
"1982059234","420 Delaware St SE","MMC 396","Minneapolis","MN","554550341","US","6126257692","",""
"1982059234","1021 Bandana Blvd E Ste 100","","Saint Paul","MN","551085109","US","6512419700","",""
"1487142527","550 University Blvd # Uh1501","","Indianapolis","IN","462025149","US","3179481310","","3179480503"
"1487142527","2525 W University Ave Ste 401","","Muncie","IN","473033433","US","7657474306","",""
"1487142527","2001 W 86Th St","","INDIANAPOLIS","IN","462601902","US","3174157921","",""
"1336676956","309 E 2nd St","","Pomona","CA","917661854","US","9097066116","",""
"1336676956","1801 Orange Tree Ln Ste 200","","Redlands","CA","923744587","US","9095571600","",""
"1306402391","525 Technology Park Ste 109","","Lake Mary","FL","327467107","US","4076472346","",""
"1922599372","65 Harristown Rd Ste 101","","Glen Rock","NJ","074523317","US","2014871240","","2014871241"
"1518750611","1528 Walnut St Ste 1414","","Philadelphia","PA","191023610","US","6103304509","","4849605445"
"1518750611","1407 Foulk Rd Ste 201B","","Wilmington","DE","198032754","US","3025969911","","4849605445"
"1518750611","915 Haddon Ave","","Collingswood","NJ","081081900","US","8563931431","","4849605445"
"1821044892","820 E Grant St","","Appleton","WI","549113483","US","9208315050","","9207386400"
"1821044892","3509 Dewey St","","Manitowoc","WI","542205813","US","9206865732","","9206865726"
"1184517104","3100 19th St NW Ste 200","","Rochester","MN","559016606","US","5073223460","","5073223450"
"1285836148","5255 E Stop 11 Rd Ste 400","","Indianapolis","IN","462376341","US","3175286640","","3175286650"
"1346989969","811 Madison St","","Everett","WA","982034543","US","4252124200","","4252124220"
"1588925457","1450 S Canfield Niles Rd Unit E","","Youngstown","OH","445154083","US","2342876660","",""
"1588925457","16687 Saint Clair Ave Ste 108","","East Liverpool","OH","439209401","US","2342876660","","2342876669"
"1588925457","8700 E Market St Ste 9","","Warren","OH","444842340","US","2342876660","","2342876669"
"1588925457","8740 E Market St Ste 2","","Warren","OH","444842324","US","3304576700","","3309655090"
"1588925457","730 N Main St","","Hubbard","OH","444251126","US","3305341959","","3305342206"
"1588925457","800 E Western Reserve Rd","","Youngstown","OH","445143359","US","2342876618","","3307261123"
"1588925457","3694 Starrs Centre Dr","","Canfield","OH","444069514","US","3307021310","","3307021344"
"1588925457","4139 Boardman Canfield Rd Ste 1","","Canfield","OH","444069034","US","3307021281","",""
"1588925457","116 E LIBERTY ST","","Girard","OH","444202648","US","3305458643","",""
"1588925457","4439 Mahoning Ave NW Ste A","","Warren","OH","444831975","US","3308476527","",""
"1588925457","9375 E Market St Ste 1","","Warren","OH","444845552","US","3306095089","",""
"1588925457","1405 E MARKET ST","","Warren","OH","444836609","US","2343389775","","2343389787"
"1588925457","250 Debartolo Pl Ste 2750","","Youngstown","OH","445126026","US","3307587703","",""
"1588925457","7620 Southern Blvd Ste 1","","Youngstown","OH","445125667","US","3306292144","",""
"1588925457","1335 Belmont ave","","Youngstown","OH","445041135","US","3307472700","","3307472211"
"1588925457","2581 NORTH RD NE","","Warren","OH","444833052","US","3303725200","",""
"1588925457","1651 E MARKET ST","","Warren","OH","444836600","US","3303944900","",""
"1588925457","7600 Southern Blvd Ste 1","","Youngstown","OH","445126085","US","3307589787","",""
"1588925457","250 Debartolo Pl Ste 3000","","Youngstown","OH","445126088","US","2342876709","",""
"1588925457","7630 Southern Blvd","","Youngstown","OH","445125633","US","3307298000","","3307298084"
"1588925457","250 Debartolo Pl Ste 1100","","Youngstown","OH","445127004","US","2342876660","",""
"1588925457","16687 Saint Clair Ave Ste 108","","East Liverpool","OH","439209401","US","2342876660","",""
"1588925457","1335 Belmont Ave Ste 100","","Youngstown","OH","445041135","US","3307447525","",""
"1588925457","9371 E Market St Ste 2","","Warren","OH","444845551","US","2342876303","",""
"1588925457","250 Debartolo Pl Ste 1000","","Youngstown","OH","445126090","US","3307298000","",""
"1588925457","250 Debartolo Pl Ste 1200","","Youngstown","OH","445127004","US","2342876440","",""
"1588925457","250 Debartolo Pl Ste 1640","","Youngstown","OH","445126026","US","3307262602","","3307262653"
"1588925457","1450 S Canfield Niles Rd Ste A","","Youngstown","OH","445154085","US","3307927495","",""
"1588925457","16687 Saint Clair Ave Ste 101","","East Liverpool","OH","439209401","US","3303854610","","3309854620"
"1588925457","1995 E STATE ST","","Salem","OH","444602423","US","3303327520","",""
"1588925457","225 E State Route 14 Ste 201","","Columbiana","OH","444088490","US","3309322732","",""
"1588925457","9375 E Market St Ste 2B","","Warren","OH","444845552","US","3307589787","",""
"1821613142","3055 Roslyn St","","Denver","CO","802383323","US","6512143693","",""
"1821613142","200 1st St SW","","Rochester","MN","559050001","US","5072842511","",""
"1821613142","205 Wabasha St S","","Saint Paul","MN","551071805","US","6512938100","",""
"1568623775","503 Grasslands Rd","","Valhalla","NY","105951503","US","9143670000","","9143670001"
"1700458874","1082 Old Churchmans Rd Ste 101","","Newark","DE","197132143","US","3026559494","","3026911478"
"1336824820","3852 Indian River Ct","","Lakeland","FL","338111886","US","8633165446","",""
"1962028092","506 Lenox Ave # Mlk2-105","","New York","NY","100371802","US","2129392251","",""
"1255569422","36745 Aiken Rd","","Bayfield","WI","548144579","US","7157793707","","7066531567"
"1255569422","221 W 4th St","","Duluth","MN","558062719","US","2182794142","","7066531567"
"1255569422","417 Skyline Blvd","","Cloquet","MN","557201164","US","2188787023","","7066531567"
"1255569422","927 Trettel Ln","","Cloquet","MN","557201345","US","2188791227","","7066531567"
"1255569422","750 E 34TH St","","Hibbing","MN","557462341","US","2182624881","","7066531567"
"1255569422","1000 E 1st St # 4","","Duluth","MN","558052297","US","2187225513","","7066531567"
"1255569422","258 Pine Tree Dr","","Bigfork","MN","56628","US","2187433177","","7066531567"
"1255569422","525 E Market St","","Akron","OH","443041619","US","3303753043","","3303757932"
"1255569422","1601 Golf Course Rd","","Grand Rapids","MN","557448648","US","2183263401","","7066531567"
"1255569422","15790 Paul Vega Md Dr","","Hammond","LA","704031436","US","9853452700","","9852306652"
"1255569422","512 Skyline Blvd","","Cloquet","MN","557203787","US","2188794641","","7066531567"
"1114180874","4641 Roosevelt Blvd","","Philadelphia","PA","191242343","US","2157627000","",""
"1558989293","8614 Westwood Center Dr Ste 710","","Vienna","VA","221822451","US","8042076737","",""
"1093493231","250 Debartolo Pl Ste 1000","","Youngstown","OH","445126090","US","3307298000","","3307298084"
"1003222167","795 Middle St","","Fall River","MA","027211733","US","7743570506","",""
"1497266480","720 N Lincoln St","","Greensburg","IN","472401327","US","8126634331","",""
"1235417965","11116 Medical Campus Rd","","Hagerstown","MD","217426710","US","3017908000","",""
"1528896792","7101 Hoff St Bldg 9240","","Fort Moore","GA","319055645","US","7065442052","",""
"1821826207","300 E Roosevelt St","","Phoenix","AZ","85004","US","3476050410","",""
"1194735779","1082 Old Churchmans Rd","","Newark","DE","197132143","US","3026559494","","3026911478"
"1194735779","1941 Limestone Rd Ste 209","","Wilmington","DE","198085400","US","3026559494","","3026911478"
"1194735779","3401 Brandywine Pkwy Ste 200","","Wilmington","DE","198031554","US","3026559494","","3026911478"
"1194735779","3401 Brandywine Pkwy Ste 202","","Wilmington","DE","198031554","US","3026559494","","3026911478"
"1194735779","252 Carter Dr Ste 200","","Middletown","DE","197092859","US","3026559494","","3026911478"
"1194735779","1096 Old Churchmans Rd","","Newark","DE","197132102","US","3026559494","","3026911478"
"1194735779","4923 Ogletown Stanton Rd Ste 300","","Newark","DE","197132081","US","3026559494","","3026911478"
"1194735779","3401 Brandywine Pkwy Ste 101","","Wilmington","DE","198031554","US","3026559494","","3026911478"
"1194735779","3401 Brandywine Pkwy Ste 100","","Wilmington","DE","198031554","US","3026559494","","3026911478"
"1194735779","252 Carter Dr Ste 101","","Middletown","DE","197095858","US","3026559494","","3026911478"
"1083090278","11116 Medical Campus Rd","","Hagerstown","MD","217426710","US","3017908000","",""
"1083090278","1770 Grand Concourse","","Bronx","NY","10457","US","3472087725","",""
"1083090278","2900 Carlisle Pike","","New Oxford","PA","17350","US","7173393105","","7177983670"
"1083090278","1227 Baltimore St","","Hanover","PA","17331","US","7176464203","","7174096873"
"1164307047","4601 Presidents Dr Ste 235","","Lanham","MD","207064883","US","9194345032","",""
"1376069120","420 S State Road 7 Ste 174","","Royal Palm Beach","FL","334144306","US","5615689367","",""
"1578174298","1407 Foulk Rd Ste 201B","","Wilmington","DE","198032754","US","3025969911","","4844086614"
"1578174298","915 Haddon Ave","","Collingswood","NJ","081081900","US","4849605370","","4844086614"
"1578174298","1369 Old York Rd","","Abington","PA","190013411","US","2158841776","110",""
"1023564267","341 S Bellefield Ave","","Pittsburgh","PA","152133552","US","4125297301","",""
"1366225849","457 Haddonfield Rd","","Cherry Hill","NJ","080022220","US","8445422222","",""
"1659473692","9600 Gross Point Rd","","Skokie","IL","600761214","US","8476779600","",""
"1659473692","11116 Medical Campus Rd","","Hagerstown","MD","217426710","US","3017908000","",""
"1427833011","5255 E Stop 11 Rd Ste 400","","Indianapolis","IN","462376341","US","3175286640","","3175286650"
"1427833011","1550 E County Line Rd Ste 315","","Indianapolis","IN","462270990","US","3174976888","",""
"1407736309","701 Park Ave","","Minneapolis","MN","554151623","US","6128733000","",""
"1104651603","525 Technology Park Ste 109","","Lake Mary","FL","327467107","US","4076472346","",""
"1720361405","2250 Stanley Rd","","Fort Sam Houston","TX","782342640","US","3217492132","",""
"1720361405","2446 Research Pkwy Ste 200","","Colorado Springs","CO","809201087","US","7196231050","","7196231051"
"1720361405","601 W 5th Ave Ste 500","","Spokane","WA","992042756","US","5093448672","23959",""
"1720361405","2767 Janitell Rd","","Colorado Springs","CO","809064102","US","9703652888","","9703651577"
"1720361405","4815 Alameda Ave","","El Paso","TX","799052705","US","9152154600","","9155457338"
"1053868125","690 San Antonio Ave Ste A","","Many","LA","714493029","US","3186029401","",""
"1558357749","1111 Ronald Reagan Pkwy","","Avon","IN","461237085","US","3178803900","",""
"1558357749","1302 College Ave Ste 2","","Goshen","IN","465264939","US","5742060380","","5742060389"
"1558357749","1506 Osolo Rd Ste A","","Elkhart","IN","465144122","US","5742951131","","5742938641"
"1255422267","800 Meadows Rd","","Boca Raton","FL","334862304","US","5619556300","","5619556310"
"1154672079","220 E Mermaid Ln Unit 176","","Philadelphia","PA","191183214","US","2679751309","",""
"1114279809","600 N 2nd St Ste 401","","Harrisburg","PA","171011071","US","8607886404","",""
"1811462476","8740 E Market St Ste 2","","Warren","OH","444842324","US","2342879154","","3309655090"
"1952812273","3000 Bayview Dr Ste 100","","Fort Lauderdale","FL","333061772","US","9545671332","","9545372721"
"1952812273","8384 W Oakland Park Blvd","","Sunrise","FL","333517372","US","9547420112","","6162120081"
"1679663355","12605 E 16th Ave","","Aurora","CO","800452545","US","7208480000","",""
"1174305254","622 Valley Rd Ste 5I","","Upper Montclair","NJ","070431470","US","2016672197","",""
"1174305254","464 Valley Brook Ave Fl 3B","","Lyndhurst","NJ","070711995","US","2016672197","",""
"1316459738","2000 Tower Oaks Blvd Ste 500","","Rockville","MD","208524377","US","3014445001","",""
"1154142495","8838 County Road G # A","","Mount Horeb","WI","535722907","US","6086697177","",""
"1205436839","1302 N. Stanton Street","","El Paso","TX","799024122","US","9152481277","","9158459072"
"1205436839","2311 N Mesa St","","El Paso","TX","799023666","US","9155441533","",""
"1205436839","2930 Hillrise Dr Ste 2","","Las Cruces","NM","880114776","US","9152481277","","9158459072"
"1245999796","1407 Foulk Rd Ste 201B","","Wilmington","DE","198032754","US","3025969911","","4846339622"
"1245999796","915 Haddon Ave","","Collingswood","NJ","081081900","US","4849605370","","4846339622"
"1245999796","30 S Valley Rd Ste 101B","","Paoli","PA","193011469","US","4849605370","","4846339622"
"1720790298","445 S Adams St","","Green Bay","WI","543014107","US","9204377400","","9204371040"
"1588728380","101 Heart Dr","","Greenville","NC","278348982","US","2527444611","","2527443201"
"1003684911","200 E Eckerson Rd Ste 280","","New City","NY","109567154","US","6463949996","",""
"1275499303","11801 South Fwy","","Burleson","TX","760287021","US","8172939110","",""
"1477600450","1200 S Cedar Crest Blvd","","Allentown","PA","181036202","US","6104028000","",""
"1386623361","1261 Oliver St","","Fayetteville","NC","283044450","US","9103231626","",""
"1417661000","1 Tampa General Cir","","Tampa","FL","336063571","US","8138447000","",""
"1942289459","6810 State Route 162 Ste 102","","Maryville","IL","620628560","US","6182884076","",""
"1942289459","6810 State Route 162","Ste 102","Maryville","IL","620628501","US","6184884076","","6182884215"
"1942289459","1225 Graham Rd Ste C-2310","","Florissant","MO","630318023","US","3149536300","",""
"1245219781","410 W 10th Ave","","Columbus","OH","432101240","US","6142938487","","6142938153"
"1932068442","701 Grove Rd","","Greenville","SC","296054210","US","8644557000","",""
"1912978172","235 North Pearl St","","Brockton","MA","02301","US","5084272665","",""
"1912978172","736 Cambridge St","","Brighton","MA","02135","US","6177892762","",""
"1912978172","6605 Pebble Brooke Rd","","Baltimore","MD","212093793","US","4104847032","",""
"1912978172","10 Gove Street","","East Boston","MA","02128","US","6175695800","",""
"1861882722","1700 E Marshall St","Apt 116","Richmond","VA","232236336","US","8145903738","",""
"1861882722","1000 Church Ave","","Brooklyn","NY","11218","US","7188264000","","7188264075"
"1861882722","2205 N Parham Rd","","Richmond","VA","232293161","US","8042702150","",""
"1861882722","2205 N Parham Rd","","Richmond","VA","232293161","US","8042702150","",""
"1700858602","1000 15th St N","","Humboldt","IA","505481008","US","8444744321","","5155323119"
"1700858602","1316 S Main St","","Clarion","IA","505252019","US","8444744321","","5155323119"
"1700858602","520 S Pierce Ave","","Mason City","IA","504012749","US","6414289200","","6414289219"
"1700858602","840 W US Highway 18","","Garner","IA","504381023","US","8444744321","","6419251507"
"1003955279","1950 Mountain View Ave","","Longmont","CO","805013129","US","3034853066","","3034853060"
"1003955279","100 Health Park Dr","","Louisville","CO","800279583","US","3036731000","","3036731204"
"1003955279","2030 Mountain View Ave","Suite 250","Longmont","CO","805013178","US","3034854243","","3034854240"
"1407707565","34 Hughes Rd","","Madison","AL","357583000","US","2567608000","",""
"1518819721","2000 Fordem Ave","","Madison","WI","537044600","US","4143915971","",""
"1962266791","9950 N Alpine Rd Ste 103","","Machesney Park","IL","611158362","US","8152006444","","8152011702"
"1467085324","1057 12th Ave","","Longview","WA","986322509","US","3606363892","","3604141342"
"1467085324","1251 Lewis River Rd Ste D","","Woodland","WA","986749203","US","3602254310","","3602254339"
"1891035325","3645 S Rome St Ste 209","","Gilbert","AZ","852977338","US","6232387370","","4808210950"
"1891035325","19646 N 27th Ave Ste 301","","Phoenix","AZ","850274027","US","6232387700","","4808825007"
"1912399395","4103 Lafayette Blvd Fl 2","","Fredericksburg","VA","224084274","US","5714188670","",""
"1427815125","300 Stonecrest Blvd Ste 310","","Smyrna","TN","371676801","US","6292066858","",""
"1093013260","2001 N Jefferson Ave","","Mount Pleasant","TX","754552338","US","9035776000","",""
"1891640033","299 Hallock Ave","","Port Jefferson Station","NY","117761217","US","6314734284","",""
"1245798180","190 E Bannock St","","Boise","ID","837126241","US","2083812645","","2083817170"
"1427323591","80 Jesse Hill Jr Dr SE","","Atlanta","GA","303033050","US","8185997724","",""
"1679967269","501 Airport Rd","","Rifle","CO","816508510","US","9706251510","","9706254989"
"1164876330","610 Franklin sq. ct. apt #4","","Johnson city","TN","37604","US","4237370082","",""
"1164876330","16000 Johnston Memorial Dr Ste 312D","","Abingdon","VA","242117664","US","2762583733","",""
"1164876330","400 N State Of Franklin Rd Rm 2746","","Johnson City","TN","376046035","US","4234316111","",""
"1003494048","700 N Deborah Rd Ste 270","","Newberg","OR","971322270","US","9712001966","","9717544141"
"1851719454","2450 S Peoria St Ste 248","","Aurora","CO","800145475","US","3037527747","",""
"1386140796","1416 W Easterday Ave","","Sault Sainte Marie","MI","497831415","US","9066355542","","9066352962"
"1295268589","1425 N Fairfield Rd","","Beavercreek","OH","454322673","US","9373203888","","9373203848"
"1295268589","200 Rockridge Rd Ste 110","","Englewood","OH","453222751","US","9378369921","","9378361298"
"1295268589","6551 Centerville Business Pkwy Ste 110","","Dayton","OH","454592696","US","9372916850","","9372916896"
"1295268589","1152 W 3rd St Ste 102","","Dayton","OH","454026848","US","9372683483","","9372681884"
"1295268589","8501 Old Troy Pike Ste 120","","Huber Heights","OH","454241061","US","9372374945","","9372374925"
"1013232735","1204 W Main St","","Charlottesville","VA","229032824","US","4349240123","","4342433300"
"1013232735","1215 Lee St","","Charlottesville","VA","229082824","US","4349240211","",""
"1922505007","11100 Euclid Ave","","Cleveland","OH","441061716","US","2168441000","",""
"1922505007","468 Cadieux Rd","","Grosse Pointe","MI","482301507","US","3134731000","",""
"1730642638","113 W Convent St","","Lafayette","LA","705016903","US","3375340770","","3375344370"
"1376040634","4150 N Mulberry Dr Ste 150","","Kansas City","MO","641161764","US","9135881227","",""
"1851910525","1 Cooper Plz","","Camden","NJ","081031461","US","8563422425","",""
"1588246458","630 West 168th Street","","New York","NY","10032","US","2123052500","",""
"1588246458","30 Prospect Ave","","Hackensack","NJ","076011915","US","5519962419","",""
"1760003594","558 West Ramp Road","","Jackson","MS","39209","US","8004216111","",""
"1760003594","349 Stadium Rd","","Columbus","MS","397024603","US","6222758299","",""
"1124387584","328 Uluniu St Ste 205","","Kailua","HI","967342500","US","8087720225","","8088002932"
"1295224285","520 Valley View Dr","","Moline","IL","612656152","US","3097623621","",""
"1144844671","7300 N Canton Center Rd","","Canton","MI","481871579","US","3138876000","",""
"1740070549","9983 SW 155th St","","Miami","FL","331571638","US","7864836652","",""
"1407174782","4525 Cameron Valley Pkwy","Ste 3500","Charlotte","NC","282114369","US","7043028300","",""
"1407174782","100 Medical Park Dr","Ste 110","Concord","NC","280252948","US","7044031370","",""
"1407174782","2001 Vail Ave","","Charlotte","NC","282071248","US","7043046070","",""
"1407174782","1021 Morehead Medical Dr","Ste A","Charlotte","NC","282042990","US","9804422000","",""
"1407174782","945 N 5th St","","Albemarle","NC","280013417","US","9803237790","",""
"1962858605","300 E Boyd Ave Ste 100","","Greenfield","IN","461402816","US","3172083866","","3172083867"
"1902850696","2106 Schofield Ave Ste 5","","Weston","WI","544762412","US","7153930479","",""
"1902850696","1021 Western Ave Ste B","","Mosinee","WI","544551511","US","7153930479","",""
"1902850696","640 S 8th St","","Medford","WI","544512017","US","7153930479","",""
"1902850696","400 Westwood Dr Ste 100","","Wausau","WI","544017801","US","7153930372","","7153930390"
"1902850696","1767 Park Ave Ste 100","","Plover","WI","544674301","US","7153441260","",""
"1902850696","724 S 8th St","","Medford","WI","544512001","US","7157482663","",""
"1902850696","100 S Eagle Dr","","Merrill","WI","544523716","US","7155367181","",""
"1689466567","100 Warrington Dr","","New Orleans","LA","701223000","US","5042073060","",""
"1871021030","301 N Main St","","Sheridan","MI","488849235","US","3033901940","",""
"1871021030","1221 Highland Ave","","Clarkston","WA","994032829","US","3033901940","",""
"1871021030","333 E 2nd St","","Richland Center","WI","535811914","US","6086476321","",""
"1871021030","603 S Chestnut St","","Ellensburg","WA","989263875","US","3033901940","",""
"1871021030","520 Rose Ln","","Wickenburg","AZ","853901447","US","3033901940","",""
"1871021030","4309 W Medical Center Dr","","McHenry","IL","600508419","US","8157594726","",""
"1871021030","530 Bogachiel Way","","Forks","WA","983319120","US","3033901940","",""
"1871021030","20 Hartford St","","Houlton","ME","047301891","US","2075322900","",""
"1871021030","194 E Main St","","Fort Kent","ME","047431428","US","2078343155","",""
"1871021030","194 E Main St","","Fort Kent","ME","047431428","US","2078343155","",""
"1871021030","1650 4th St SE","","Rochester","MN","559044717","US","3033901940","",""
"1871021030","800 Alder St","","South Bend","WA","985864900","US","3033901940","",""
"1871021030","502 W 4th Ave","","Toppenish","WA","989481616","US","3033901940","",""
"1871021030","1016 Tacoma Ave","","Sunnyside","WA","989442263","US","3033901940","",""
"1871021030","1900 Sunrise Dr","","Saint Peter","MN","560825376","US","3033901940","",""
"1699717124","400 Health Park Blvd","","St Augustine","FL","320865784","US","9048195155","",""
"1699717124","743 Spring St NE","","Gainesville","GA","305013715","US","7702198420","",""
"1922393917","21 Susquehanna Valley Mall Dr Ste C","","Selinsgrove","PA","178709148","US","5705246974","",""
"1922393917","1 Hospital Dr","","Lewisburg","PA","178379350","US","5705224264","",""
"1922393917","25 Monument Rd Ste 190","","York","PA","174035059","US","7177418011","",""
"1659396133","905 Beach Blvd","","Jacksonville","FL","322504303","US","9044933333","","9044932222"
"1659396133","8839 Bryan Dairy Rd Ste 300","","Largo","FL","337771207","US","7273941911","","7273941986"
"1659396133","1840 Mease Dr Ste 202","","Safety Harbor","FL","346956604","US","7277256246","","7277265865"
"1659396133","205 Zeagler Dr Ste 101","","Palatka","FL","321773860","US","3863252836","","3863252736"
"1659396133","1681 Eagle Harbor Pkwy Ste B","","Fleming Island","FL","320034819","US","9046440092","","9046440099"
"1659396133","3627 University Blvd S Ste 435","","Jacksonville","FL","322164238","US","9047245000","","9046774498"
"1659396133","7011 A C Skinner Pkwy Ste 160","","Jacksonville","FL","322566953","US","9044933333","","9044932222"
"1659396133","501 Riverside Dr","","Waycross","GA","315015316","US","9044933333","","9044932222"
"1659396133","3890 Dunn Ave Ste 203","","Jacksonville","FL","322186428","US","9044933333","","9044932222"
"1659396133","5851 Timuquana Rd Ste 204","","Jacksonville","FL","322107898","US","9044933333","","9044932222"
"1659396133","3633 Little Rd Ste 102","","Trinity","FL","346551815","US","7273725952","","7278631787"
"1659396133","115 Bartram Oaks Walk","","Saint Johns","FL","322593243","US","9044933333","","9044932222"
"1306041918","800 Alder St","","South Bend","WA","985864900","US","3033901940","",""
"1306041918","530 Bogachiel Way","","Forks","WA","983319120","US","3033901940","",""
"1306041918","301 Tyson Ave","","Paris","TN","382424544","US","7316421220","",""
"1306041918","520 Rose Ln","","Wickenburg","AZ","853901447","US","3033901940","",""
"1306041918","1900 Sunrise Dr","","Saint Peter","MN","560825376","US","3033901940","",""
"1306041918","301 N Main St","","Sheridan","MI","488849235","US","3033901940","",""
"1306041918","7650 River Rd Ste 300","","North Bergen","NJ","070476527","US","5519969189","","2018368042"
"1306041918","1650 4th St SE","","Rochester","MN","559044717","US","3033901940","",""
"1306041918","333 E 2nd St","","Richland Center","WI","535811914","US","6086476321","",""
"1366856676","3230 Bainbridge Ave Ste D","","Bronx","NY","104673963","US","7188825482","",""
"1366856676","1221 Highland Ave","","Clarkston","WA","994032829","US","3033901940","",""
"1366856676","1311 N Mildred Rd","","Cortez","CO","813212231","US","3033901940","",""
"1366856676","1016 Tacoma Ave","","Sunnyside","WA","989442263","US","3033901940","",""
"1366856676","1401 10th Ave W","","Mobridge","SD","576011106","US","3033901940","",""
"1366856676","180 Fort Washington Ave Fl 2","","New York","NY","100323722","US","2123058039","",""
"1366856676","603 S Chestnut St","","Ellensburg","WA","989263875","US","3033901940","",""
"1366856676","2225 Ponce Byp","Parra Building Suite 407","Ponce","PR","007171321","US","7878408686","6123","7879842986"
"1366856676","510 8th Ave NE","","Hazen","ND","585454637","US","7017482225","",""
"1366856676","800 Alder St","","South Bend","WA","985864900","US","3033901940","",""
"1366856676","502 W 4th Ave","","Toppenish","WA","989481616","US","3033901940","",""
"1366856676","110 S Apple Blossom Dr","","Chelan","WA","988168810","US","3033901940","",""
"1366856676","939 Caroline St","","Port Angeles","WA","983623909","US","3033901940","",""
"1366856676","530 Bogachiel Way","","Forks","WA","983319120","US","3033901940","",""
"1366856676","939 Caroline St","","Port Angeles","WA","983623909","US","3033901940","",""
"1942404538","4502 Medical Dr","","San Antonio","TX","782294402","US","2103584000","","2103588002"
"1730922055","604 Solarex Ct Unit 205","","Frederick","MD","217038655","US","3013040733","",""
"1841671765","55 Fruit St","","Boston","MA","021142621","US","6177262000","",""
"1487184875","530 Bogachiel Way","","Forks","WA","983319120","US","3033901940","",""
"1487184875","4309 W Medical Center Dr","","McHenry","IL","600508419","US","8157594726","",""
"1487184875","5841 S Maryland Ave","","Chicago","IL","606371443","US","7737023630","",""
"1487184875","333 E 2nd St","","Richland Center","WI","535811914","US","6086476321","",""
"1487184875","1650 4th St SE","","Rochester","MN","559044717","US","3033901940","",""
"1487184875","520 Rose Ln","","Wickenburg","AZ","853901447","US","3033901940","",""
"1487184875","301 N Main St","","Sheridan","MI","488849235","US","3033901940","",""
"1487184875","1900 Sunrise Dr","","Saint Peter","MN","560825376","US","3033901940","",""
"1487184875","110 S Apple Blossom Dr","","Chelan","WA","988168810","US","3033901940","",""
"1487184875","800 Alder St","","South Bend","WA","985864900","US","3033901940","",""
"1467021998","3333 Evergreen Dr NE","","Grand Rapids","MI","495259493","US","6163644200","","6163647347"
"1326617200","6152 Delancey Station St Ste 205E","","Riverview","FL","335784206","US","8138157890","",""
"1619317393","39000 7 Mile Rd","","Livonia","MI","481521006","US","9475234316","",""
"1629590914","88 Inverness Cir E Unit H103","","Englewood","CO","801125503","US","7206973649","",""
"1043693104","110 Central Ave","","Pattonsburg","MO","646708300","US","6603672218","",""
"1770502122","500 University Dr","","Hershey","PA","170332360","US","7175315272","","7175310884"
"1366707564","5225 23rd Ave S","","Fargo","ND","581047927","US","7014172575","",""
"1366707564","4250 Hospital Dr","","Marianna","FL","324461917","US","8505262200","","8507182844"
"1861876526","4000 Cambridge St","","Kansas City","KS","661608501","US","9135881227","",""
"1861876526","230 Nebraska St","","Sioux City","IA","511011733","US","7122520088","",""
"1871792309","504 Medical Center Blvd","","Conroe","TX","773042808","US","9365886300","","9365854657"
"1912559238","9309 NE 86th St","","Vancouver","WA","986622100","US","3606942544","",""
"1386297448","8806 Cincinnati Dayton Rd","","West Chester","OH","450693135","US","5137125146","",""
"1386297448","1219 Jefferson Ave","","Toledo","OH","436045836","US","5667282273","",""
"1104302488","100 Michigan St NE","","Grand Rapids","MI","495032560","US","6169888220","",""
"1518981430","3900 Washington Ave","","EVANSVILLE","IN","477140550","US","8124854000","",""
"1851647754","1 Fordham Plz","","Bronx","NY","104585871","US","7184057742","",""
"1285189464","4298 Atlanta Rd SE Ste 310","","Smyrna","GA","300806433","US","4702910567","",""
"1306363239","2432 Bobolink Cir W","","Palmview","TX","785725298","US","4794383636","","8332021531"
"1700035961","333 E 2nd St","","Richland Center","WI","535811914","US","6086476321","",""
"1700035961","1900 Sunrise Dr","","Saint Peter","MN","560825376","US","3033901940","",""
"1700035961","520 Rose Ln","","Wickenburg","AZ","853901447","US","3033901940","",""
"1700035961","800 Alder St","","South Bend","WA","985864900","US","3033901940","",""
"1700035961","301 N Main St","","Sheridan","MI","488849235","US","3033901940","",""
"1700035961","530 Bogachiel Way","","Forks","WA","983319120","US","3033901940","",""
"1700035961","110 S Apple Blossom Dr","","Chelan","WA","988168810","US","3033901940","",""
"1700035961","1650 4th St SE","","Rochester","MN","559044717","US","3033901940","",""
"1700035961","301 Tyson Ave","","Paris","TN","382424544","US","7316421220","",""
"1053644880","6116 E Arbor Ave Ste 110","","Mesa","AZ","852066103","US","6029921486","","6029926604"
"1053644880","20470 N Lake Pleasant Rd Ste 110","","Peoria","AZ","853829708","US","6029921486","","6029926604"
"1053894493","12099 Government Center Pkwy Ste 2300","","Fairfax","VA","220355501","US","7032464949","","7032466165"
"1033945472","5730 Hamlin Groves Trl Ste 164","","Winter Garden","FL","347875792","US","4073477052","",""
"1336861988","12253 Fairfield House Dr Apt 408","","Fairfax","VA","220333972","US","7038872811","",""
"1205508983","3400 Spruce St","","Philadelphia","PA","191044238","US","2156624000","",""
"1639894561","9 Nathan Ln","","Annville","PA","170036500","US","7176393350","","7173033546"
"1639894561","2250 E Market St","","York","PA","174022857","US","7178511566","","7178123950"
"1639894561","2149 S Queen St","","York","PA","174034845","US","7173564460","","7172603326"
"1639894561","601 E Main St","","Waynesboro","PA","172682332","US","7177655088","","7178572515"
"1639894561","717 Town Center Dr","","York","PA","174084824","US","7173564240","","7173564241"
"1639894561","46 Walnut Bottom Rd Ste 100","","Shippensburg","PA","172578219","US","7174772764","","7178396951"
"1639894561","4050 N George Street Ext","","Manchester","PA","173459347","US","7173564370","","7172603316"
"1639894561","101 W Airport Rd","","Lititz","PA","175439274","US","7174662445","","7174662447"
"1639894561","100 Eisenhower Dr Ste 360","","Hanover","PA","173315241","US","7176464201","","7176464202"
"1639894561","96 Sofia Dr Ste 208","","Shrewsbury","PA","173615201","US","7178122400","","7178123005"
"1639894561","2900 Carlisle Pike","","New Oxford","PA","173508426","US","7178122554","","7176241480"
"1639894561","24 Antrim Commons Dr","","Greencastle","PA","172251623","US","7175930512","","7178396810"
"1639894561","455 S Washington St Ste 12","","Gettysburg","PA","173252516","US","7173392875","","7173343921"
"1639894561","446 N Reading Rd","","Ephrata","PA","175229802","US","7177385275","","7177385278"
"1639894561","1000 Norland Ave","","Chambersburg","PA","172014229","US","7172676363","","7178396421"
"1912089079","800 Alder St","","South Bend","WA","985864900","US","3033901940","",""
"1912089079","333 E 2nd St","","Richland Center","WI","535811914","US","6086476321","",""
"1912089079","1650 4th St SE","","Rochester","MN","559044717","US","3033901940","",""
"1912089079","1900 Sunrise Dr","","Saint Peter","MN","560825376","US","3033901940","",""
"1912089079","520 Rose Ln","","Wickenburg","AZ","853901447","US","3033901940","",""
"1912089079","530 Bogachiel Way","","Forks","WA","983319120","US","3033901940","",""
"1912089079","110 S Apple Blossom Dr","","Chelan","WA","988168810","US","3033901940","",""
"1558350512","119 Oakfield Dr","","Brandon","FL","335115779","US","9043995800","",""
"1396045035","5 Dayton Rd Ste 205","","Waterford","CT","063854279","US","8604434455","",""
"1912779232","4807 Spicewood Springs Rd Ste 250","","Austin","TX","787598444","US","5128098186","","7372422852"
"1013094515","530 Bogachiel Way","","Forks","WA","983319120","US","3033901940","",""
"1013094515","301 N Main St","","Sheridan","MI","488849235","US","3033901940","",""
"1013094515","194 E Main St","","Fort Kent","ME","047431428","US","2078343155","",""
"1013094515","1016 Tacoma Ave","","Sunnyside","WA","989442263","US","3033901940","",""
"1013094515","502 W 4th Ave","","Toppenish","WA","989481616","US","3033901940","",""
"1013094515","800 Alder St","","South Bend","WA","985864900","US","3033901940","",""
"1013094515","333 E 2nd St","","Richland Center","WI","535811914","US","6086476321","",""
"1013094515","20 Hartford St","","Houlton","ME","047301891","US","2075322900","",""
"1013094515","520 Rose Ln","","Wickenburg","AZ","853901447","US","3033901940","",""
"1013094515","1221 Highland Ave","","Clarkston","WA","994032829","US","3033901940","",""
"1013094515","1900 Sunrise Dr","","Saint Peter","MN","560825376","US","3033901940","",""
"1013094515","603 S Chestnut St","","Ellensburg","WA","989263875","US","3033901940","",""
"1013094515","1650 4th St SE","","Rochester","MN","559044717","US","5075296600","",""
"1639834930","3600 Civic Center Blvd Ste 300","","Philadelphia","PA","191044310","US","2156150513","",""
"1770051088","1644 Carpenter Rd S j1","","Tifton","GA","31793","US","2298482512","",""
"1972786465","530 Bogachiel Way","","forks","WA","983319120","US","3033901940","",""
"1972786465","1650 4th St SE","","Rochester","MN","559044717","US","3033901940","",""
"1972786465","502 W 4th Ave","","Toppenish","WA","989481616","US","3033901940","",""
"1972786465","1016 Tacoma Ave","","Sunnyside","WA","989442263","US","3033901940","",""
"1972786465","1311 N Mildred Rd","","Cortez","CO","813212231","US","3033901940","","8663686349"
"1972786465","510 8th Ave NE","","Hazen","ND","585454637","US","7017482225","",""
"1972786465","301 Tyson Ave","","Paris","TN","382424544","US","7316421220","",""
"1972786465","1401 10th Ave W","","Mobridge","SD","576011106","US","3033901940","",""
"1972786465","110 S Apple Blossom Dr","","Chelan","WA","988168810","US","3033901940","",""
"1972786465","1221 Highland Ave","","Clarkston","WA","994032829","US","3033901940","",""
"1972786465","520 Rose Ln","","Wickenburg","AZ","853901447","US","3033901940","",""
"1972786465","1900 Sunrise Dr","","Saint Peter","MN","560825376","US","3033901940","",""
"1972786465","333 E 2nd St","","Richland Center","WI","535811914","US","6086476321","",""
"1972786465","939 Caroline St","","Port Angeles","WA","983623909","US","3033901940","",""
"1972786465","1720 Central Ave E Ste A","","Hampton","IA","504411867","US","3033901940","86349",""
"1972786465","301 N Main St","","Sheridan","MI","488849235","US","3033901940","",""
"1972786465","603 S Chestnut St","","Ellensburg","WA","989263875","US","3033901940","",""
"1972786465","1111 11th St","","Hawarden","IA","510231903","US","3033901940","86349",""
"1467433243","200 1st St SW","","Rochester","MN","559050001","US","5072842511","",""
"1841958089","325 N Saint Paul St Ste 3100","","Dallas","TX","752013923","US","8887318994","",""
"1710342761","12401 E 17th Ave","Mail stop- F-782","Aurora","CO","800452548","US","7208484289","",""
"1235948746","4229 W Frontage Rd N","","Rochester","MN","559014310","US","5073223460","","5073223450"
"1881101780","102 S Tejon St Ste 1100","","Colorado Springs","CO","809032253","US","7137333824","","7134662058"
"1881101780","805 E Washington St Ste 130","","Medina","OH","442563331","US","2342258531","",""
"1720066145","6 John H Chafee Blvd","","Newport","RI","028401034","US","4018482160","",""
"1720066145","65 Valley Rd","","Middletown","RI","028425234","US","4018482160","",""
"1407495682","1638 Owen Dr","","Fayetteville","NC","283043424","US","9106156949","",""
"1407495682","117 N Mechanic St","","Carthage","NY","136191252","US","3154933100","",""
"1407495682","210 Medical Pavilion Dr","","Raeford","NC","283769111","US","9106155590","",""
"1407495682","1201 Walter Reed Rd","","Fayetteville","NC","283044437","US","9106093840","","9106159665"
"1003352659","350 E 400 S # 220","","Salt Lake City","UT","841112993","US","8888033370","",""
"1245389576","610 Waterman Ave","","East Providence","RI","029142427","US","4014371008","",""
"1104399336","333 Laurel Oak Rd","","Voorhees","NJ","080434453","US","8565575306","",""
"1164232005","6869 Grand Oaks Ct","","Mason","OH","450402711","US","9287065154","",""
"1518431295","2275 Arlington Dr","","San Leandro","CA","945781132","US","5103171444","",""
"1952162091","11 Robert Smalls Pkwy Ste D","","Beaufort","SC","299064216","US","8436822800","","8436822828"
"1861205635","214 Peach Orchard Rd","","Mc Connellsburg","PA","172338559","US","7174856125","",""
"1861205635","97 Progress Blvd","","Shippensburg","PA","172579053","US","7172673000","",""
"1861205635","24 Antrim Commons Dr","","Greencastle","PA","172251623","US","7177655086","",""
"1861205635","601 E Main St","","Waynesboro","PA","172682332","US","7177655086","",""
"1861205635","120 N 7th St Ste 200","","Chambersburg","PA","172011795","US","7172176882","",""
"1861205635","12 St Paul Dr","","Chambersburg","PA","172011035","US","7172176882","","7172176883"
"1932523701","406 Welch St","","Silverton","OR","973811934","US","5038738853","",""
"1881341048","1301 Medical Center Dr","","Nashville","TN","372320028","US","6153225000","",""
"1568227916","15855 19 Mile Rd","","Clinton Twp","MI","480383504","US","5862632300","",""
"1568227916","18303 E 10 Mile Rd Ste 100","","Roseville","MI","480664989","US","5867768877","","5867763092"
"1568227916","1 William Carls Dr Ste 100","","Commerce Township","MI","483822201","US","2489374764","","2489374729"
"1679548036","4040 Coon Rapids Blvd NW","Suite 120","Coon Rapids","MN","554334567","US","7634279980","",""
"1912032848","12605 E 16th Ave","","Aurora","CO","800452545","US","7208480000","",""
"1528569902","8300 Floyd Curl Dr","","San Antonio","TX","782293931","US","2104506000","",""
"1528569902","4502 Medical Dr","","San Antonio","TX","782294402","US","2103584000","",""
"1598619660","1208 Riddle Rd","","Durham","NC","277131294","US","9196829707","",""
"1538013610","1033 Route 46 Unit A107","","Clifton","NJ","070132473","US","8779598180","",""
"1205781457","128 S King St","","Fayetteville","NC","283015970","US","9105189192","",""
"1174478333","6667 Vernon Woods Dr Ste B27","","Sandy Springs","GA","303283216","US","4049376234","",""
"1376498436","3 Bishop St Ste 202","","Inman","SC","293491515","US","8642741017","","8646865976"
"1205781366","1555 Selby Ave Apt 242","","Saint Paul","MN","551043896","US","6513346523","",""
"1427322684","9300 Valley Childrens Pl","","Madera","CA","936368762","US","5593136115","",""
"1427322684","9127 W Russell Rd Ste 110","","Las Vegas","NV","891481253","US","7028780070","","7022092064"
"1366191801","715 Route 10 Ste 2","","Randolph","NJ","078692025","US","9733437040","","9736950076"
"1013034016","100 Bullocks Point Ave","","Riverside","RI","029155351","US","4014371008","","4014333042"
"1417223439","511 W Grove St","suite 201","Middleboro","MA","023461458","US","5089477600","",""
"1225090038","913 N Dixie Ave","","Elizabethtown","KY","427012503","US","5025880982","","5022880987"
"1225090038","11115 Parkview Plaza Dr","","Fort Wayne","IN","468451701","US","2606726443","","2606726459"
"1225090038","8111 Township Line Rd","","Indianapolis","IN","462602479","US","3174157921","",""
"1184419350","600 N Fant St","","Anderson","SC","296215704","US","8645126140","",""
"1427638501","680 American Ave Ste 302","","King Of Prussia","PA","194064023","US","8333518255","",""
"1427638501","218A Sunset Rd, 1st Floor","","Willingboro","NJ","08046","US","8563557118","","8563255222"
"1427638501","175 Madison Avenue, 6th Floor","","Mount Holly","NJ","08060","US","8563557118","","8563255222"
"1427638501","2115 Wisconsin Ave NW Ste 200","","Washington","DC","200072265","US","2029445400","","2029445402"
"1427638501","100 Bowman Drive, Lower Level 3","","Voorhees","NJ","08043","US","8563557118","","8563255222"
"1659597185","6791 James Madison Hwy","","Warrenton","VA","201879534","US","5406552936","",""
"1659597185","824 John Marshall Hwy Ste 203","","Front Royal","VA","226303744","US","5406552936","",""
"1710943485","1425 N Fairfield Rd Ste 120","","Beavercreek","OH","454322674","US","9373203888","","9373203848"
"1710943485","1152 W 3rd St Ste 102","","Dayton","OH","454026848","US","9372683483","","9372681884"
"1710943485","6551 Centerville Business Pkwy","","Centerville","OH","454592695","US","9372916850","","9372916896"
"1710943485","200 Rockridge Rd Ste 110","","Englewood","OH","453222751","US","9378369921","","9378361298"
"1710943485","3333 W Tech Rd Ste 120","","Miamisburg","OH","453420956","US","9377486116","","9372916956"
"1629711288","3215 W Ray Rd","","Chandler","AZ","852262425","US","4808937685","","4805464198"
"1760045140","13409 George Rd","","San Antonio","TX","782303064","US","2104928922","",""
"1033965785","600 W St NW","","Washington","DC","200591022","US","2028066100","",""
"1720346422","1 E New York Ave","","Somers Point","NJ","082442340","US","6096533500","","6099264739"
"1528446119","148 Chestnut St","","Needham","MA","024922505","US","7814533777","","6177548632"
"1497378053","Smoke Bomb Hill Dental Clinic","","Fort Bragg","NC","283100001","US","9109078922","",""
"1497378053","1838 Normandy Dr","","Fort Bragg","NC","283108503","US","1910432422","",""
"1831307354","3635 Bell Blvd Ste 203","","Bayside","NY","113612097","US","7185049256","49256",""
"1679264949","333 S 7th St","","Akron","PA","175011464","US","7174666655","",""
"1225084064","100 Bullocks Point Ave","","Riverside","RI","029155351","US","4014371008","","4014333042"
"1184153066","5250 Competition Drive","","Bettendorf","IA","527228837","US","5633220971","",""
"1225418023","75 Francis St","","Boston","MA","021156110","US","6177325500","",""
"1225418023","55 Fruit St","","Boston","MA","021142621","US","6177263030","",""
"1225567944","39555 Orchard Hill Pl Ste 600","","Novi","MI","483755381","US","2486214581","","2486214582"
"1730672692","1260 E Woodland Ave Ste 200","","Springfield","PA","190643956","US","6106904490","",""
"1871519124","5999 New Wilke Rd Ste 107","","Rolling Meadows","IL","600084501","US","8477971933","","8557095544"
"1811208259","1152 W 3rd St Ste 102","","Dayton","OH","454026848","US","9372683483","","9372681884"
"1811208259","3333 W Tech Rd","","Miamisburg","OH","453420955","US","9377486116","","9372916956"
"1811208259","200 Rockridge Rd Ste 110","","Englewood","OH","453222751","US","9378369921","","9378361298"
"1811208259","1425 N Fairfield Rd","","Beavercreek","OH","454322673","US","9376413888","","9373203848"
"1811208259","6551 Centerville Business Pkwy","","Centerville","OH","454592695","US","9372916850","","9372916896"
"1033473194","254 Cochituate Rd","","Framingham","MA","017015041","US","5088751060","",""
"1255771390","1816 Harvard Blvd","","Dayton","OH","454064540","US","9376414000","","9376414500"
"1255771390","171 Deeds Park Dr","","Dayton","OH","454042699","US","9378001235","","9378001237"
"1669889507","301 University Blvd","","Galveston","TX","775551119","US","4097723695","","4097723680"
"1003814088","9375 66th St N","","Pinellas Park","FL","337824418","US","7275414469","","7275469661"
"1295388999","559 W Germantown Pike","","East Norriton","PA","194034250","US","4846221000","",""
"1588399489","3601 The Vanderbilt Clinic","","Nashville","TN","372322877","US","6153223000","",""
"1588399489","9300 Campus Point Dr","","La Jolla","CA","920371300","US","8009268273","","8885398781"
"1588399489","333 Murfreesboro Pike","","Nashville","TN","372102877","US","6152481225","",""
"1396425427","684 Warren Ave","","East Providence","RI","029141405","US","4014340022","","4014346111"
"1396425427","2 Old County Rd","","Barrington","RI","028061600","US","4014319870","1603",""
"1548426844","5250 Competition Drive","Suite 100","Bettendorf","IA","527228837","US","5633220971","",""
"1104835958","1221 S Broadway","Endocrinology, LCSB-4","Lexington","KY","405042701","US","8592584401","","8592584418"
"1124674288","2111 E Highland Ave Ste 431B","","Phoenix","AZ","850164735","US","6235124199","","6235124176"
"1679305098","2501 Marion Barry Ave SE","","Washington","DC","200203011","US","2408548990","",""
"1487846002","4040 Coon Rapids Blvd NW Ste 120","","Coon Rapids","MN","554334568","US","7634279980","",""
"1538593884","431A Penn St","","New Bethlehem","PA","162421113","US","8142751237","","8174845004"
"1427833243","360 Huntington Ave","","Boston","MA","021155005","US","6173732999","",""
"1760798565","1364 Clifton Rd NE","","Atlanta","GA","303221059","US","4047124596","",""
"1760798565","3601 W 13 Mile Rd","","Royal Oak","MI","48073","US","2488986091","","2488982496"
"1922776194","2200 Fowler Grove Blvd","","Winter Garden","FL","347875597","US","8772600352","",""
"1821546524","234 E 149th St","","Bronx","NY","104515504","US","8446924692","",""
"1821546524","525 E 68th St","Box 130","New York","NY","100654870","US","2127465454","",""
"1063931806","400 N Center St","","Ashland","VA","230051532","US","8047523041","",""
"1639279854","1550 E County Line Rd Ste 315","","Indianapolis","IN","462270990","US","3174976888","",""
"1598306383","1 Elliot Way","","Manchester","NH","031033502","US","6036695300","",""
"1497743272","5255 E Stop 11 Rd Ste 400","","Indianapolis","IN","462376341","US","3175286640","","3175286650"
"1952552903","141 Bridgeton Pike, Suite B","","Mullica Hill","NJ","08062","US","8567460206","","8567460207"
"1952552903","555 High Street, Suite 16A","","Mt. Holly","NJ","08060","US","6094445610","","6094445611"
"1952552903","158 Route 73, Suite B","","Voorhees","NJ","08043","US","8562477230","","8567460207"
"1952552903","78 E 2nd St","","Moorestown","NJ","080573304","US","8564882013","",""
"1952552903","315 Route 70, Suite A","","Cherry Hill","NJ","08034","US","8563756240","","8563756241"
"1952552903","239 Hurffville-Crosskeys Road, Suite 160","","Sewell","NJ","08080","US","8563418200","","8563418215"
"1952552903","401 Young Avenue, Suite 180 Front","","Moorestown","NJ","08057","US","8562918600","","8562918610"
"1952552903","128 Route 70, Suite 1","","Medford","NJ","08055","US","6093670900","","6093670901"
"1952552903","602 W. Cuthbert Boulevard, Unit 26, Suite A","","Westmont","NJ","08108","US","8569465180","","8569465181"
"1467532168","593 Eddy St","","Providence","RI","029034923","US","4014445980","","4014443873"
"1669983466","1154 Lee Blvd Ste 6","","Lehigh Acres","FL","339364852","US","2394912603","",""
"1528394525","6 John H Chafee Blvd","","Newport","RI","028401034","US","4018482160","",""
"1538886718","2814 Gray Fox Rd","","Monroe","NC","281108422","US","7048210568","",""
"1538886718","9 W Summit Ave","","Asheville","NC","288030047","US","8289444210","",""
"1578642559","10214 N Tatum Blvd Ste A1100","","Phoenix","AZ","850284243","US","6029921486","","6029926604"
"1578642559","4757 E Greenway Rd Ste 108","","Phoenix","AZ","850328510","US","6023449463","",""
"1396925186","100 Bullocks Point Ave","","Riverside","RI","029155351","US","4014371008","","4014333042"
"1396925186","2 Old County Rd","","Barrington","RI","028061600","US","4012461195","",""
"1790493732","4001 Monument Rd Apt 619","","Philadelphia","PA","191311637","US","2077166565","",""
"1437487014","275 Cumberland Bnd","","Nashville","TN","372281805","US","8668160433","",""
"1437487014","9020 OVERLOOK BLVD STE 130","","BRENTWOOD","TN","370273259","US","8655883173","",""
"1215891528","4502 Medical Dr","","San Antonio","TX","782294402","US","2103584000","","2103584775"
"1487461133","2650 Lodge Rd SW","","Sherrodsville","OH","446759718","US","8503745331","",""
"1790761989","3333 W Tech Rd Ste 120","","Miamisburg","OH","453420956","US","9377486116","","9372916956"
"1790761989","200 Rockridge Rd Ste 110","","Englewood","OH","453222751","US","9378369921","","9378361298"
"1790761989","8501 Old Troy Pike Ste 120","","Huber Heights","OH","454241061","US","9372374945","","9372374925"
"1790761989","1425 N Fairfield Rd Ste 120","","Beavercreek","OH","454322674","US","9373203888","","9373203848"
"1790761989","6551 Centerville Business Pkwy Ste 110","","Centerville","OH","454592696","US","9372916850","","9372916896"
"1124204284","1000 N OAK AVE","","Marshfield","WI","544495703","US","7153875511","",""
"1851780456","1117 E Devonshire Ave","","Hemet","CA","925433083","US","9516522811","",""
"1689852030","3415 SE Powell Blvd","","Portland","OR","972023371","US","5038137745","",""
"1689852030","5050 NE Hoyt St Ste 522","","Portland","OR","972132984","US","5033441377","",""
"1427812346","3345 Cobb Pkwy NW Ste 800","","ACWORTH","GA","301018346","US","6789197200","","6789197210"
"1669746418","676 N Saint Clair St Ste 520","","Chicago","IL","606112982","US","3129265992","","3126954303"
"1669746418","811 W Wellington Ave","","Chicago","IL","606575123","US","7732455253","",""
"1144175209","204 Elk Crest Drive","","Beatrice","NE","68310","US","4024202400","",""
"1144175209","3021 13th St","","Columbus","NE","686014831","US","4024202400","",""
"1538552203","240 E Huron St","Suite 1-200","Chicago","IL","606112909","US","3125037975","",""
"1932054012","2411 N Oak St Ste 205F","","Myrtle Beach","SC","295773164","US","8437425252","","8437425252"
"1932054012","4008 Railroad Ave","","Loris","SC","295692446","US","8437425252","",""
"1649125717","6361 Ruthie Dr","","Orlando","FL","328182254","US","4074329498","",""
"1376498444","1848 Willow Pass Rd Ste 207","","Concord","CA","945202542","US","5302659057","",""
"1386599454","35 Private Drive 1122 Ste A","","Ironton","OH","456389152","US","7402374981","",""
"1386599454","1141 County Road 24","","Ironton","OH","456383186","US","7402374981","",""
"1992773311","335 S McDowell Blvd","","Petaluma","CA","949543507","US","4159241515","",""
"1760183479","4845 Alameda Ave","","El Paso","TX","799052705","US","9152985444","","9152985444"
"1780143065","1010 College St","","Oxford","NC","275652507","US","9196903000","","9196903213"
"1780143065","601 N Elm St","","High Point","NC","272624331","US","3368786000","","3368786010"
"1336725688","1602 W Michigan Ave","","Jackson","MI","492024003","US","5178791166","",""
"1336264316","259 Main St","","Yarmouth","ME","040966723","US","2088469013","",""
"1689134124","23620 Three Notch Rd Unit 101","","Hollywood","MD","206363083","US","2405857128","",""
"1396373957","3181 SW Sam Jackson Park Rd","","Portland","OR","972393098","US","5034948211","",""
"1912028606","1724 S 3rd St","","Ironton","OH","456382269","US","7404427143","",""
"1912028606","604 4th St E","","South Point","OH","456809113","US","7405342100","",""
"1912028606","104 E Main St","","Newark","OH","430555651","US","7405342939","",""
"1508181488","903 W Martin St","","San Antonio","TX","782070903","US","2103583441","","2103585944"
"1508181488","8486 N New Braunfels Ave Apt C","","San Antonio","TX","782091124","US","2108829524","",""
"1336646439","150 Boush St Ste 1100","","Norfolk","VA","235101638","US","2627874050","",""
"1336646439","2799 W Grand Blvd","","Detroit","MI","482022608","US","3139168234","","3139169434"
"1336646439","1060 First Colonial Rd","","Virginia Beach","VA","234543002","US","7573958000","",""
"1336646439","9300 Campus Point Dr","","La Jolla","CA","920371300","US","8009268273","","8885398781"
"1336646439","600 Gresham Dr","","Norfolk","VA","235071904","US","7573883000","",""
"1336646439","6655 Alvarado Rd","","San Diego","CA","921205208","US","8009268273","","8885398781"
"1740743723","175 High St","","Newton","NJ","078601004","US","9085222829","","9085226147"
"1740743723","651 Willow Grove St","","Hackettstown","NJ","078401799","US","9085222829","","9085226147"
"1740743723","97 W Parkway","","Pompton Plains","NJ","074441647","US","9085222829","","9085226147"
"1740743723","455 Toll Gate Rd","","Warwick","RI","028862759","US","9724490540","",""
"1518130517","2116 Craig Rd","","Eau Claire","WI","547016118","US","7158584610","",""
"1376123208","45 Reade Pl","","Poughkeepsie","NY","126013947","US","8455227327","",""
"1760626410","2318 E Harrison Ave","","Harlingen","TX","785505821","US","9564440844","","9569680103"
"1336106186","1728 W Glendale Ave Ste 204","","Phoenix","AZ","850218863","US","4808870243","",""
"1518530559","76 Tabb Dr Ste E","","Munford","TN","380588611","US","9018402102","","9018401979"
"1013183334","300 Pasteur Dr","","Stanford","CA","943052200","US","6507234000","",""
"1043698285","40 Avon St","","Keene","NH","034313516","US","6032831570","",""
"1730763574","119 Belmont St","","Worcester","MA","016052903","US","5083345224","","5083341053"
"1558945337","10898 Boessow Rd","","Galt","CA","956328451","US","9255703282","",""
"1568818508","10425 Huffmeister Rd Ste 330","","Houston","TX","770653429","US","2819559158","",""
"1568818508","24518 Northwest Fwy Ste 345","","Cypress","TX","774292904","US","2819559158","",""
"1568818508","9180 Pinecroft Dr Ste 250","","Shenandoah","TX","773804261","US","2819559158","","2819558720"
"1760860787","22 Bramhall St","","Portland","ME","041023134","US","2076620111","",""
"1154777886","10907 Memorial Hermann Dr Ste 150","","Pearland","TX","775844115","US","2815829100","",""
"1154777886","7522 N Himes Ave","","Tampa","FL","336143205","US","8139310500","10500",""
"1043503907","10425 Huffmeister Rd Ste 330","","Houston","TX","770653429","US","2819559158","",""
"1043503907","24518 Northwest Fwy Ste 345","","Cypress","TX","774292904","US","2819559158","",""
"1043503907","9180 Pinecroft Dr Ste 250","","Shenandoah","TX","773804261","US","2819559158","","2819558720"
"1871939710","84 Marginal Way Ste 800","","Portland","ME","041012475","US","2078741489","",""
"1871939710","268 Stillwater Ave","","Bangor","ME","044013945","US","2079736100","",""
"1871939710","259 Main St","","Yarmouth","ME","040964703","US","2075233700","",""
"1396796181","6725 SW 29th St","","Topeka","KS","666145625","US","7853540517","","7854781508"
"1396796181","4505 NW Fielding Rd","","Topeka","KS","666182651","US","7852700047","","7852700032"
"1396796181","1516 SW 6th Ave","","Topeka","KS","666061696","US","7852700047","","7852700086"
"1396796181","2909 SE Walnut Dr","","Topeka","KS","666052189","US","7852700047","","7852663490"
"1265009609","13681 Doctors Way","","Fort Myers","FL","339124300","US","2393431000","",""
"1265009609","101 Hospital Center Blvd","","Stafford","VA","225546200","US","5407417614","",""
"1265009609","1201 Sam Perry Blvd Ste 101","","Fredericksburg","VA","224014490","US","5407417614","",""
"1265009609","1001 Sam Perry Blvd","","Fredericksburg","VA","224014453","US","5407417614","",""
"1629012604","175 Commons Loop Ste 300","","Kalispell","MT","599011904","US","4067567555","",""
"1073549663","451 Surfside Ln","","Juno Beach","FL","334081950","US","8667765907","",""
"1073549663","500 Ocean Dr Apt E8C","","Juno Beach","FL","334081989","US","8667765907","","8884434153"
"1205063294","535 E Crescent Ave","","Ramsey","NJ","074462922","US","8667765907","","8884434153"
"1700349230","311 North main street","","Kingfisher","OK","73750","US","5803569976","","4054008795"
"1578594065","2700 Wayne Memorial Dr","","Goldsboro","NC","275349494","US","9195874394","",""
"1184910382","830 S Gloster St","","Tupelo","MS","388014934","US","6623772539","",""
"1184910382","2451 Fillingim St","RM 400L","Mobile","AL","366172238","US","2514717891","",""
"1285921155","2660 Grant Rd Ste E","","Mountain View","CA","94040","US","6509624370","",""
"1790040749","5835 E Still Cir","","Mesa","AZ","852063618","US","4802488107","",""
"1003257999","9180 Pinecroft Dr Ste 250","","Shenandoah","TX","773804261","US","2819559158","","2819558720"
"1003257999","9180 Pinecroft Dr Ste 250","","Shenandoah","TX","773804261","US","2819559158","","2819558720"
"1003257999","22215 Cypresswood Dr Ste 208","","Cypress","TX","774339019","US","2819559158","","2819558720"
"1003257999","2351 E 22 St","","cleveland","OH","44115","US","2163632543","",""
"1003257999","10425 Huffmeister Rd Ste 330","","Houston","TX","770653429","US","2819559158","","2819558720"
"1003257999","9180 Pinecroft Dr Ste 250","","Shenandoah","TX","773804261","US","2819559158","","2819558720"
"1003257999","24518 Northwest Fwy Ste 345","","Cypress","TX","774292904","US","2819559158","","2819558720"
"1508387028","123 W Francis Ave","","Spokane","WA","992056348","US","5094839363","",""
"1538456660","215 Kingwood Executive Dr Ste 250","","Kingwood","TX","773392765","US","2818693690","",""
"1629969076","945 Market St Ste 501","","San Francisco","CA","941031701","US","8554525885","",""
"1629969076","600 N 2nd St Ste 401","","Harrisburg","PA","171011071","US","8005160975","",""
"1720495104","212 Outlet Pointe Blvd","","Columbia","SC","292105667","US","8038511280","",""
"1205090271","13123 E 16th Ave","","Aurora","CO","800457106","US","7207771234","",""
"1548878309","240 W Indiantown Rd Ste 102","","Jupiter","FL","334583548","US","5617020039","","5619313994"
"1477106102","3220 N McMullen Booth Rd","","Clearwater","FL","337612012","US","7277238706","",""
"1477106102","501 N Howard Ave Ste 100","","Tampa","FL","336061213","US","8132532727","",""
"1477106102","6950 Central Ave","","St Petersburg","FL","337071210","US","7273433004","59001",""
"1477106102","6133 Central Ave","","St Petersburg","FL","337108529","US","7273443008","",""
"1164300026","1555 N Barrington Rd","","Hoffman Estates","IL","601691019","US","8478432000","",""
"1235617960","4300 Marketpointe Dr Ste 100","","Bloomington","MN","554355435","US","9528359880","","9528571554"
"1588810170","4901 Dawn Dr Ste 3200","","Lumberton","NC","283608288","US","9107358040","",""
"1548145543","729 N 279th St W","","Garden Plain","KS","670509066","US","3168660560","",""
"1427934967","2025 S Brentwood Blvd Ste 207","","Brentwood","MO","631441851","US","3143849748","",""
"1326030388","571 S Floyd St","STE 342","Louisville","KY","402023818","US","5028528470","","5028528473"
"1730856840","5 Munson Rd","","Farmington","CT","060322094","US","8606796551","","8606790131"
"1588384929","2235 E Garvey Ave N","","West Covina","CA","917911540","US","8552237123","","6193747134"
"1588384929","17462 Colima Rd","","Rowland Heights","CA","917481633","US","8552237123","","6193747134"
"1104650787","10161 Park Run Dr","","Las Vegas","NV","891458871","US","7252472006","",""
"1497867535","10214 N Tatum Blvd Ste A1100","","Phoenix","AZ","850284243","US","6029921486","",""
"1851847883","4623 FALLS RD","","BALTIMORE","MD","212094914","US","4103661980","","4103668530"
"1538317219","7400 Gall Blvd","","Zephyrhills","FL","335414371","US","7275414469","24546",""
"1538317219","403 Vonderburg Dr","","Brandon","FL","335115501","US","8136811122","",""
"1679308969","3298 Veterans Dr Ste 1","","Traverse City","MI","496844725","US","2317158466","","2319432263"
"1689768277","24518 Northwest Fwy Ste 345","","Cypress","TX","774292904","US","2819559158","",""
"1689768277","9180 Pinecroft Dr Ste 250","","Shenandoah","TX","773804261","US","2819559158","","2819558720"
"1689768277","10425 Huffmeister Rd Ste 330","","Houston","TX","770653429","US","2819558818","","2819558855"
"1861586505","9180 Pinecroft Dr Ste 250","","Shenandoah","TX","773804261","US","8329171551","","8324822440"
"1861586505","10425 Huffmeister Rd Ste 330","","Houston","TX","770653429","US","2819559158","",""
"1861586505","14015 Park Dr Ste 101","","Tomball","TX","773776291","US","8322412001","","2815477464"
"1861586505","24518 Northwest Fwy Ste 345","","Cypress","TX","774292904","US","2819559158","",""
"1861586505","9180 Pinecroft Dr Ste 250","","Shenandoah","TX","773804261","US","2819559158","","2819558720"
"1003241639","375 Thomas More Pkwy Ste 209","","Crestview Hills","KY","410172175","US","8593414842","",""
"1578047973","11630 Glen Arm Rd","","Glen Arm","MD","210579403","US","4103195026","",""
"1578047973","1314 Bedford Ave Ste A","","Pikesville","MD","212086604","US","4108787806","","4437320054"
"1801519467","520 Valley View Dr","","Moline","IL","612656152","US","3097623621","",""
"1699961771","711 S Sherman St","","Longmont","CO","805016320","US","7763372508","",""
"1699961771","920 Ford St Ste A","","Colorado Springs","CO","809153726","US","8776337250","",""
"1710496799","218A Sunset Rd, 1st Floor","","Willingboro","NJ","08046","US","8563557118","","8563255222"
"1710496799","175 Madison Avenue, 6th Floor","","Mount Holly","NJ","08060","US","8563557118","","8563255222"
"1710496799","100 Bowman Drive, Lower Level 3","","Voorhees","NJ","08043","US","8563557118","","8563255222"
"1679296628","311 N. Main St.","","Kingfisher","OK","73750","US","5803569976","","4054008795"
"1124845953","2575 S State Road 7","","Wellington","FL","334149323","US","5617375500","",""
"1184396772","3375 Burns Rd Ste 101","","Palm Beach Gardens","FL","334104360","US","5618353396","",""
"1184396772","641 University Blvd Ste 105","","Jupiter","FL","334582792","US","5618353396","",""
"1174615652","12902 Usf Magnolia Dr","","Tampa","FL","336129416","US","8137454673","",""
"1720075013","7001 Lankford Hwy","","Oak Hall","VA","234162223","US","7578244477","","7578244011"
"1326133042","22 Bramhall St","","Portland","ME","041023134","US","2076622526","","2076626236"
"1326133042","231 E Chestnut St","","Louisville","KY","402021821","US","5026296000","","5024514553"
"1023328093","1322 S Campbell Ave","","Springfield","MO","658071445","US","4177617760","",""
"1386464741","2236 Highway 44 W","","Inverness","FL","344533873","US","3524194882","","3524194884"
"1710262233","912 North Eaton Street","1/2","Albion","MI","49224","US","2692481717","","2692481717"
"1730464702","825 Eastlake Ave E","","Seattle","WA","981094405","US","2062881000","",""
"1730464702","75 Francis St","","Boston","MA","021156110","US","6177235500","",""
"1023196359","811 Sunset Road, Suite 101-B","","Burlington","NJ","08016","US","8563557118","","8563255222"
"1992875579","1850 SW Fountainview Blvd","","Port Saint Lucie","FL","349863443","US","3303235891","",""
"1346100872","316 Main St Ste 200","","Gaithersburg","MD","208786551","US","3012480488","","3012480488"
"1326864901","7401 Balson Ave","","University City","MO","631302911","US","3148603747","",""
"1326864901","401 Holly Hills Ave","","Saint Louis","MO","631112410","US","3143535190","","3143537631"
"1376810895","1400 S Arlington St Unit 38","","Akron","OH","44306","US","3307245471","",""
"1376810895","80 Jesse Hill Jr Dr SE","","Atlanta","GA","303033031","US","7049455550","",""
"1215532833","5555 Boone Ave N","","New Hope","MN","554283636","US","6517740011","","6517740606"
"1386913556","3300 Gallows Rd","","Falls Church","VA","220423307","US","7037764001","","7037767113"
"1922496058","5445 Lanark Rd Ste 300","","Center Valley","PA","180348694","US","4845267300","",""
"1508405614","1011 Pacific St","","San Luis Obispo","CA","934013600","US","8055381836","",""
"1356689418","305 N Main St","","Ennis","MT","597298001","US","4066826862","",""
"1356689418","400 S Clark St","","Butte","MT","597019756","US","4067232500","",""
"1356689418","600 Mt Highway 91 S","","Dillon","MT","597257379","US","4066833000","",""
"1487790168","1000 E Primrose St Ste 270","","Springfield","MO","658075177","US","4178826900","",""
"1487790168","1000 E Primrose St Ste 210","","Springfield","MO","658075154","US","4172696850","",""
"1487790168","1000 E Primrose St Ste 400","","Springfield","MO","658075179","US","0000000000","",""
"1437498490","1425 Portland Ave","Pediatric Floor","Rochester","NY","14621","US","5859223853","","5859223929"
"1437498490","111 Michigan Ave NW","","Washington","DC","200102916","US","2024764177","","2024763573"
"1629042049","222 E Medical Ln Ste 300","","West Columbia","SC","291694848","US","8037393570","","8037393575"
"1629042049","Uk Obgyn Maternal Fetal Medicine","800 Rose Street, C358","Lexington","KY","405360293","US","8593230005","","8593230790"
"1033675830","310 Salem Woodstown Rd","","Salem","NJ","080792064","US","8569351000","",""
"1124529474","250 S 21st St","","Easton","PA","180423851","US","6102504515","","6102504833"
"1336948876","1001 NW 13th St Ste 201","","Boca Raton","FL","334862269","US","5619556663","",""
"1336948876","670 Glades Rd Ste 100","","Boca Raton","FL","334316462","US","5619553500","",""
"1003761198","800 W Lawrence Ave","","Charlotte","MI","488131308","US","5175415800","",""
"1003761198","2030 Black River St Ste 4","","Deckerville","MI","484279440","US","8103763400","",""
"1134704224","340 E Avenue I","","Lancaster","CA","935351900","US","6617233414","",""
"1871562389","1000 E Primrose St Ste 210","","Springfield","MO","658075154","US","4172696850","",""
"1871562389","1000 E Primrose St Ste 270","","Springfield","MO","658075177","US","4178826900","",""
"1316407000","1800 Zollinger Rd","","Columbus","OH","432212849","US","6142932076","","6143660094"
"1366946584","301 University Blvd","","Galveston","TX","775551250","US","4097444030","","4097404187"
"1245290535","1000 E Primrose St Ste 210","","Springfield","MO","658075154","US","4172696850","",""
"1245290535","1000 E Primrose St Ste 400","","Springfield","MO","658075179","US","0000000000","",""
"1245290535","1000 E Primrose St Ste 270","","Springfield","MO","658075177","US","4178826900","",""
"1740240753","2131 Faraday Ave","","Carlsbad","CA","920087252","US","8667765907","","8884434153"
"1740240753","2175 Salk Ave","","Carlsbad","CA","920087346","US","8667765907","","8884434153"
"1740240753","2110 Rutherford Rd","","Carlsbad","CA","920087328","US","7602686200","","7602686201"
"1710304902","3550 S 4th St","","Leavenworth","KS","660485071","US","9136806442","",""
"1710304902","3550 S 4th St Ste 115","","Leavenworth","KS","660485061","US","9136806442","",""
"1790362911","22 Bramhall St","","Portland","ME","041023175","US","2076620111","",""
"1790362911","100 Foden Rd","","South Portland","ME","041062327","US","2078741489","",""
"1588169171","751 Liberty St","","Meadville","PA","163352559","US","8143335140","","8143335197"
"1225666134","1800 E Park Ave","","State College","PA","168036701","US","8142317000","","8142317022"
"1962908889","803 Poplar St","","Murray","KY","420712432","US","2707621902","","2707621905"
"1326676669","84 Marginal Way Ste 1000","","Portland","ME","041012477","US","9149601888","",""
"1346539020","33003 Egypt Ln","","The Woodlands","TX","773542480","US","3466741500","",""
"1346539020","Acres Home Clinic","818 Ringold Street.","Houston","TX","77088","US","2814486391","",""
"1336601426","10833 Le Conte Avenue","Suite 17-240 CHS","Los Angeles","CA","90095","US","3108256771","",""
"1336601426","3620 Atlantic Ave","","Long Beach","CA","908073418","US","5625950060","",""
"1336601426","1959 NE Pacific St","","Seattle","WA","981950001","US","2065432773","",""
"1881191245","1400 NW 12th Ave","","Miami","FL","331361003","US","3056895511","",""
"1053535666","12222 Merit Dr Ste 600","","Dallas","TX","752513294","US","9727155000","","9727159976"
"1003340175","22 Bramhall St","","Portland","ME","041023134","US","2076625400","","2076626219"
"1003340175","887 Congress St Ste 200","","Portland","ME","041023166","US","2077715549","",""
"1386609329","9375 66th St N","","Pinellas Park","FL","337824418","US","7275414469","",""
"1992125785","24 Pennacook St","","Manchester","NH","031043554","US","8664761321","","6036210097"
"1992125785","22 Bramhall St","","Portland","ME","041023134","US","2076625400","",""
"1457573628","10910 Spencer Hwy Ste A","","LA Porte","TX","775714538","US","2817603597","","3469981877"
"1457573628","415 E Airport Fwy Ste 240","","Irving","TX","750626327","US","4694665908","","4692831778"
"1619765633","4230 Harding Pike Ste 400","","Nashville","TN","372054900","US","6159645864","",""
"1629413018","1500 E Medical Center Dr","","Ann Arbor","MI","481095000","US","7349364000","",""
"1134617509","3333 Deposit Dr NE Ste 240","","Grand Rapids","MI","495461470","US","2488246500","","8556186655"
"1437108750","3550 S 4th St Ste 115","","Leavenworth","KS","660485061","US","9135963940","",""
"1437108750","3550 S 4th St","","Leavenworth","KS","660485071","US","9136806000","",""
"1922213412","84 Marginal Way Ste 1000","","Portland","ME","041012477","US","2073472898","",""
"1477043990","3801 Howe St","","Oakland","CA","946115312","US","5107521190","","5107527684"
"1619921418","820 Prudential Dr","Suite 606","Jacksonville","FL","322078210","US","9043983356","","9043985397"
"1619921418","1600 SW Archer Rd","","Gainesville","FL","326103003","US","3522738610","58336","3522738612"
"1700409125","2700 Wayne Memorial Dr","","Goldsboro","NC","275349494","US","9195874394","",""
"1093389967","10000 Telegraph Rd Ste 100","","Taylor","MI","481803330","US","3138876000","",""
"1093389967","21031 Michigan Ave","","Dearborn","MI","481242339","US","3132776700","",""
"1295095412","22 Bramhall St","","Portland","ME","041023134","US","2077715549","",""
"1225877756","114 Gause Blvd W","","Slidell","LA","704602625","US","9856076363","",""
"1689677346","1000 E Primrose St Ste 210","","Springfield","MO","658075154","US","4172696850","",""
"1689677346","1000 E Primrose St Ste 400","","Springfield","MO","658075179","US","0000000000","",""
"1689677346","1000 E Primrose St Ste 270","","Springfield","MO","658075177","US","4178826900","",""
"1821256520","4164 Brockton Ave","","Riverside","CA","925013400","US","9516835193","365",""
"1821256520","835 Highland Springs Ave Ste 210","","Beaumont","CA","922235771","US","6263957100","",""
"1619495819","2931 Berry Hill Dr","","Nashville","TN","372043135","US","6156787028","",""
"1619495819","300 20th Ave N Ste G1","","Nashville","TN","372032132","US","6159418550","","6159418507"
"1205575974","203 S Water St","","Louisa","KY","412301347","US","6066492211","","6066381399"
"1437561974","2115 Chili Ave","","Rochester","NY","146243425","US","5857237600","","5852470075"
"1437561974","1200 Driving Park Ave Ste 4","","Newark","NY","145131090","US","3153592696","","3153592699"
"1437561974","50 Middle Rd","","Henrietta","NY","144679312","US","5857237600","","5853346373"
"1609196344","22 Bramhall St","","Portland","ME","041023134","US","2076625400","",""
"1558622860","22 Bramhall St","","Portland","ME","041023134","US","2076625400","",""
"1992749410","525 Technology Park Ste 109","","Lake Mary","FL","327467107","US","4076472346","",""
"1912260472","3551 Roger Brooke Dr","","Fort Sam Houston","TX","782344504","US","2105399582","",""
"1265478622","20 Foundry St Fl 2","","Concord","NH","033015419","US","8887318994","",""
"1265478622","173 Saint Patricks Dr Ste 104","","Waldorf","MD","206035530","US","8887318994","",""
"1265478622","601 Pennsylvania Ave NW Bldg Suite900","","Washington","DC","200042601","US","8887818994","",""
"1265478622","999 18th St. Unit 3000","","Denver","CO","80202","US","8887318994","",""
"1265478622","3010 Santa Fe Ct Fl 1","","Missoula","MT","598081730","US","8887318994","",""
"1225234818","4845 Alameda Ave","","El Paso","TX","799052705","US","9152155666","",""
"1518128222","1138 NORMAN DR","","MANTECA","CA","95336","US","2098231609","","2098232267"
"1518128222","501 E Romie Ln Ste A","","Salinas","CA","939014027","US","8317551701","",""
"1649653247","2500 N State St","","Jackson","MS","392164500","US","6018152005","",""
"1629274493","2116 Craig Rd","","Eau Claire","WI","547016118","US","7158584500","",""
"1629274493","800 E Carpenter St","","Springfield","IL","627691000","US","2175255643","",""
"1811559891","1000 E Primrose St Ste 270","","Springfield","MO","658075177","US","4178826900","",""
"1811559891","1000 E Primrose St Ste 210","","Springfield","MO","658075154","US","4172696850","",""
"1811559891","1000 E Primrose St Ste 400","","Springfield","MO","658075179","US","0000000000","",""
"1821438987","6360 Wilshire Blvd","Ste 414","Los Angeles","CA","900485603","US","3233970897","",""
"1659058261","4101 Herb Lewis Rd Apt 924","","Jeffersonville","IN","471309376","US","5023579211","","5025767400"
"1275104333","9401 General Dr Unit 140","","Plymouth","MI","481704663","US","7343656804","",""
"1184622565","10 N Alamos Dr","","Cottonwood","AZ","863264020","US","9286346641","","9284962043"
"1902161151","2700 Wayne Memorial Dr","","Goldsboro","NC","275349494","US","9195874394","",""
"1053983643","3224 Fendall Ave","","Richmond","VA","232222612","US","2025490171","",""
"1124469408","2700 Wayne Memorial Dr","","Goldsboro","NC","275349494","US","9195874394","",""
"1124469408","667 Eastland Ave SE","","Warren","OH","444844503","US","3308412378","","3307291591"
"1124469408","1044 Belmont Ave","","Youngstown","OH","445041006","US","3304807320","","3307291591"
"1336370188","1000 E Primrose St Ste 270","","Springfield","MO","658075177","US","4178826900","",""
"1336370188","1000 E Primrose St Ste 400","","Springfield","MO","658075179","US","0000000000","",""
"1336370188","1000 E Primrose St Ste 210","","Springfield","MO","658075154","US","4172696850","",""
"1194133082","6869 S Occidental Rd","","Tecumseh","MI","492869784","US","5174234777","","5174237257"
"1194133082","771 N Maple Grove Ave","","Hudson","MI","492471149","US","7348473802","",""
"1619859147","30 N Raymond Ave Ste 810","","Pasadena","CA","911034479","US","6268083424","",""
"1275086886","4600 McAuley Pl Ste 600","","Blue Ash","OH","452424778","US","5138538520","",""
"1124036280","3000 Medical Center Pkwy","","Bentonville","AR","727123217","US","4795531000","",""
"1124036280","1000 E Primrose St Ste 400","","Springfield","MO","658075179","US","0000000000","",""
"1124036280","1000 E Primrose St Ste 270","","Springfield","MO","658075177","US","4178826900","",""
"1124036280","1000 E Primrose St Ste 210","","Springfield","MO","658075154","US","4172696850","",""
"1124036280","3801 S National Ave","","Springfield","MO","658075297","US","4172697728","",""
"1902524374","6670 Alton Pkwy","","Irvine","CA","926183734","US","8335742273","",""
"1902524374","5017 E Chapman Ave","","Orange","CA","928694211","US","7149977090","",""
"1902524374","19191 Harvard Ave","","Irvine","CA","926124670","US","9495092298","",""
"1902524374","6041 Cadillac Ave","","Los Angeles","CA","900341702","US","8009548000","",""
"1447565817","1701 Rickenbacker Dr Ste 102","","Sun City Center","FL","335735363","US","8136348877","","8136342266"
"1447565817","612 N US Highway 41","","Ruskin","FL","335703769","US","8136453831","","8136454402"
"1447565817","3830 Sun City Center Blvd Ste N105","","Sun City Center","FL","335736820","US","8136346155","46155",""
"1316313505","1550 Ole Ambrose Rd","","Bells","TX","754144294","US","9039653600","",""
"1538613062","308 E 2nd St","","Bloomsburg","PA","178151869","US","5709613361","","5709613364"
"1538613062","1083 Bloom Rd","","Danville","PA","178216789","US","5709613361","","5709613364"
"1942633490","28494 Westinghouse Pl Ste 301","","Valencia","CA","913550935","US","6615134149","",""
"1932393592","1000 Mineral Point Ave","","Janesville","WI","535482982","US","6087566588","","6087566289"
"1932829520","2200 Rainier Ave S Ste 201","","Seattle","WA","981444642","US","2064179904","",""
"1265267991","140 Lincoln Ave","","Haverhill","MA","018306700","US","9789468336","",""
"1740067396","354 Santa Fe Dr","","Encinitas","CA","920245142","US","8582276894","",""
"1851586358","2200 Grande Blvd SE Ste B","","Rio Rancho","NM","871241695","US","5052186383","","5056366338"
"1477434363","321 Mulberry St SW","","Lenoir","NC","286455720","US","8287575504","",""
"1043315054","910 Cane River School Rd","","Burnsville","NC","287148302","US","8286882104","","8447720832"
"1043315054","139 S Toe School Rd","","Burnsville","NC","287148551","US","8286882104","","8447720832"
"1043315054","395 Burnsville School Rd","","Burnsville","NC","287148618","US","8286822104","","8447720832"
"1043315054","264 Mayland Dr","","Spruce Pine","NC","287778434","US","8286882104","","8447720832"
"1518839620","107 S Division St","","Spokane","WA","992021510","US","5098384651","",""
"1336810803","17944 Halsted St","","Homewood","IL","604302014","US","7082498346","",""
"1033936810","140 Lincoln Ave","","Haverhill","MA","018306700","US","9789468366","",""
"1154724607","1616 N Main St Ste 100A","","Marion","VA","243544473","US","2767839752","",""
"1306249669","1 Hospital Dr","","Columbia","MO","652121000","US","5738822663","",""
"1548985914","595 E Colorado Blvd Ste 533","","Pasadena","CA","911015223","US","3238136364","",""
"1548985914","222 S Hill St Ste 600","","Los Angeles","CA","900123523","US","2132559753","",""
"1740155787","530 E Ohio St","","Indianapolis","IN","462044600","US","2195775013","",""
"1497470652","203 S Water St","","Louisa","KY","412301347","US","6066492211","","6066381399"
"1013098821","210 Wisconsin American Dr","","Fond Du Lac","WI","549372999","US","9209077000","","9209077021"
"1407572696","315 Hospital Dr","","Madison","TN","371155030","US","6157327662","",""
"1922181932","1003 Holland Ave Ste 103","","Philadelphia","MS","393502180","US","6014829224","","6014829223"
"1922181932","2124 14th St","","Meridian","MS","393014040","US","6015536000","","6017030124"
"1407678220","1875 Stoneridge Dr","","Circleville","OH","431138956","US","7405001391","",""
"1407678220","1235 S Court St","","Circleville","OH","431132108","US","7405001391","",""
"1770662736","770 E 11th Ave","","Eugene","OR","974013746","US","4582057100","",""
"1346955333","5013 S Louise Ave # 1116","","Sioux Falls","SD","571082268","US","6055580107","","8008874041"
"1518676329","1170 Jimmy Buffett Mem Highway","","Satellite Beach","FL","32937","US","3213642822","","8776840805"
"1841366242","400 S Santa Fe Ave","","Salina","KS","674014144","US","7854526100","","7854526016"
"1750364204","2700 Wayne Memorial Dr","","Goldsboro","NC","275349494","US","9195874394","",""
"1508101650","1100 Wilford Hall Loop Bldg 4554","","San Antonio","TX","782365638","US","2105399582","",""
"1508101650","2000 E Lamar Blvd. Ste 400","MiraHealthcare of Texas, PLLC","Arlington","TX","76006","US","8178613994","",""
"1639880263","3601 The Vanderbilt Clinic","","Nashville","TN","37232","US","6153225000","",""
"1952584039","2 Embarcadero Ctr","","San Francisco","CA","941113823","US","8886636331","","4152527176"
"1952584039","1021 Valley St","","Seattle","WA","981094338","US","8882011937","",""
"1952584039","200 S 2nd St","","Renton","WA","980572011","US","4252667039","",""
"1952584039","955 Powell Ave SW","","Renton","WA","980572908","US","4252771566","",""
"1952584039","1500 NE Irving St","Suite 250","Portland","OR","972322243","US","5032334356","",""
"1851453377","1 Cooper Plz Dept Of","","Camden","NJ","081031461","US","8563422425","",""
"1205342896","530 New Brunswick Ave","","Perth Amboy","NJ","088613654","US","7323245080","",""
"1205342896","2501 Parkers Ln","","Alexandria","VA","223063209","US","7036647000","","7036647666"
"1053776377","557 Grants Ferry Rd","","Brandon","MS","390479023","US","6016654162","","8558303484"
"1508526039","1211 Medical Center Dr","","Nashville","TN","372320004","US","6153435030","",""
"1093672073","355 Philip Blvd","","Lawrenceville","GA","300468733","US","4046889300","",""
"1093672073","220 Cobb Pkwy N Ste 500","","Marietta","GA","300623580","US","4046889300","",""
"1861202152","7425 Spout Hill Rd","","Sykesville","MD","217847541","US","6673249484","49484",""
"1861202152","7448 Springfield Ave Ste B","","Sykesville","MD","217847550","US","6673249484","",""
"1285784884","83 India St","","Portland","ME","041014210","US","2073477132","",""
"1063226751","1211 Echelon Pl Ste A","","Helena","MT","596027693","US","4064610974","",""
"1083178461","92 Campus Dr Ste C","","Scarborough","ME","040747229","US","2077975753","","2077979571"
"1083178461","887 Congress St","","Portland","ME","041023100","US","2076625522","","2076625526"
"1083178461","50 Foden Rd","","South Portland","ME","041061718","US","2077800880","",""
"1083178461","4 Shape Dr","","Kennebunk","ME","040436760","US","2076625143","","2076618104"
"1083178461","22 Bramhall St","","Portland","ME","041023134","US","2076620111","","2076626006"
"1083178461","92 Campus Dr Ste B","","Scarborough","ME","040747229","US","2076625143","","2076618104"
"1356291843","2415 Saint Swithin Ln","","Melbourne","FL","329352958","US","8066738217","",""
"1710959200","100 N Village Ave Ste 26","","Rockville Centre","NY","115703712","US","5167290695","",""
"1043025026","4450 Oliver Ln","","Douglasville","GA","30135","US","4437358807","","4437358807"
"1326587643","9816 Memorial Blvd Ste 206","","Humble","TX","773384206","US","2814468114","",""
"1326587643","17510 W Grand Pkwy S Ste 220","","Sugar Land","TX","774792647","US","2812011338","",""
"1326587643","219 Oak Dr S Ste A","","Lake Jackson","TX","775665675","US","9792974033","",""
"1326587643","275 Lantern Bend Dr Ste 200","","Houston","TX","770902842","US","2814400101","",""
"1326587643","16902 Southwest Fwy Ste 108","","Sugar Land","TX","774793574","US","8327075011","","2816121992"
"1326587643","24510 Kingsland Blvd","","Katy","TX","774943429","US","8327075011","",""
"1326587643","9731 Wortham Blvd Ste 104","","Houston","TX","770653423","US","8327075011","",""
"1326587643","21814 Katy Fwy Ste 220","","Katy","TX","774498020","US","8327075011","",""
"1326587643","920 Medical Plaza Dr Ste 550","","Shenandoah","TX","773803259","US","2814400101","",""
"1326587643","18955 N Memorial Dr Ste 500","","Humble","TX","773384399","US","2814400101","",""
"1326587643","21212 Northwest Fwy Ste 425A","","Cypress","TX","774295884","US","8329214481","",""
"1326587643","19701 Kingwood Dr Bldg 2","","Kingwood","TX","773393773","US","8327075011","",""
"1326587643","1213 Hermann Dr Ste 278","","Houston","TX","770047009","US","8327075011","",""
"1326587643","26940 Kuykendahl Rd Ste 104","","Tomball","TX","773750158","US","8327075011","",""
"1326587643","24044 Highway 59 N","","Kingwood","TX","773391500","US","2815015652","",""
"1326587643","19701 Kingwood Dr Bldg 5","","Kingwood","TX","773393773","US","8327075011","",""
"1326587643","9180 Pinecroft Dr Ste 250","","Shenandoah","TX","773804261","US","8329347675","",""
"1326587643","25230 Kingsland Blvd Ste 102","","Katy","TX","774942097","US","2818693009","",""
"1326587643","1631 North Loop W Ste 510","","Houston","TX","770081531","US","7137772555","",""
"1326587643","6550 Fannin St Ste 2301","","Houston","TX","770302723","US","7137772555","",""
"1326587643","1240 Blalock Rd Ste 210","","Houston","TX","770556445","US","2818693009","",""
"1326587643","7737 Southwest Fwy Ste 840","","Houston","TX","770741819","US","7137772555","",""
"1326587643","2647 Cordes Dr","","Sugar Land","TX","774791353","US","8327075011","",""
"1316703895","8414 Farm Rd Ste 180","","Las Vegas","NV","891318007","US","7022497811","",""
"1659070118","2000 N Central Expy Ste 214","","Plano","TX","750745487","US","4055031015","",""
"1104327857","505 Parnassus Ave","","San Francisco","CA","941432204","US","4153531300","",""
"1104327857","3551 Roger Brooke Dr","","Jbsa Ft Sam Houston","TX","78234","US","2102286120","",""
"1104327857","3551 Roger Brooke Dr","","Jbsa Ft Sam Houston","TX","782344504","US","2102286120","",""
"1316646227","325 N Saint Paul St Ste 3100","","Dallas","TX","752013923","US","8887318994","",""
"1164179792","10012 Kennerly Rd Ste 101","","Saint Louis","MO","631282197","US","3142516970","",""
"1164179792","901 Patients First Dr Ste 2500","","Washington","MO","630904700","US","3142516970","",""
"1760337877","2121 9th St Ste C","","Tuscaloosa","AL","354012397","US","2057641358","","2056189706"
"1760337877","80 Herren Hill Rd Ste C","","Tallassee","AL","360781264","US","3346400300","","2056189706"
"1760337877","109 Foothills Pkwy Ste 113","","Chelsea","AL","350438236","US","2056189899","","2056189706"
"1326993429","14502 W Meeker Blvd","","Sun City West","AZ","853755282","US","6235244000","",""
"1326993429","9201 W Thomas Rd","","Phoenix","AZ","850373332","US","6233274000","",""
"1326993429","10503 W Thunderbird Blvd Ste 200","","Sun City","AZ","853512746","US","6238883370","",""
"1326993429","1400 S Dobson Rd","","Mesa","AZ","852024707","US","4804123000","",""
"1255286365","807 E South Temple Ste 100","","Salt Lake City","UT","841021236","US","8013171950","",""
"1124973235","130 E Oak St","","Little River","KS","674579185","US","6205048806","",""
"1689432205","3175 S Congress Ave Ste 103","","Palm Springs","FL","334612502","US","5617296631","",""
"1619418381","195 Page Mill Rd Ste 103","","Palo Alto","CA","943062073","US","8887318994","",""
"1821557018","50 Foden Rd Ste 3","","South Portland","ME","041061718","US","2075238500","","2075238591"
"1821557018","3073 White Mountain Hwy","","North Conway","NH","038607101","US","6033564835","","6033562604"
"1821557018","725 Albany St","","Boston","MA","021182526","US","6174145951","",""
"1649697061","148 Grand Oak Cir","","Pendleton","SC","296701647","US","5134709693","",""
"1043770902","21 Rancho Camino Dr Ste 108","","Pomona","CA","917667020","US","8552237123","","6193747134"
"1528529138","1717 S J St","","Tacoma","WA","984054933","US","2534266341","","2534266344"
"1629539143","3800 Reservoir Rd NW","","Washington","DC","200072113","US","2024445022","","2024447987"
"1629539143","110 Irving St NW","","Washington","DC","200103017","US","2028777000","",""
"1780435628","1800 Wilshire Blvd","","Los Angeles","CA","900573602","US","7146831472","","7146831473"
"1780435628","5871 Pine Ave Ste 120","","Chino Hills","CA","917096545","US","7146831472","","7146831473"
"1952796765","3600 Minnesota Dr Ste 800","","Edina","MN","554357915","US","9525951100","","6122944903"
"1952796765","39000 Bob Hope Dr","","Rancho Mirage","CA","922703221","US","7603403911","",""
"1962897553","1801 N Oregon St","","El Paso","TX","799023524","US","9155211200","",""
"1558823757","1035 San Pablo Ave Ste 5","","Albany","CA","947062276","US","5104086169","",""
"1447646484","3400 E Racine St","","Janesville","WI","535462344","US","6083738000","","6083738795"
"1447646484","420 Delaware St SE","MMC 294","Minneapolis","MN","554550341","US","6126254116","",""
"1003259235","3205 Randall Pkwy Ste 105","","Wilmington","NC","284032565","US","9107429243","","8887461787"
"1568881951","3000 Hospital Blvd","","Roswell","GA","300764915","US","7707021806","",""
"1568881951","1300 Ridenour Blvd NW Ste 300","","Kennesaw","GA","301524402","US","7707021806","",""
"1205223542","Brooke Army Medical Center","3551 Roger Brooke Drive","JBSA Fort Sam Houston","TX","78234","US","2109163808","",""
"1568025138","500 N Kobayashi Ste C","","Webster","TX","775984722","US","2818163092","",""
"1518454859","1700 Madison Ave Unit 10","","Lakewood","NJ","087011253","US","7323703700","",""
"1548823875","2946 E Banner Gateway Dr","","Gilbert","AZ","852342165","US","4802566444","",""
"1033807482","956 E Tournament Trl","","Westfield","IN","460746200","US","3173995004","","3178961900"
"1659338879","259 Main St","","Yarmouth","ME","040964703","US","2078469013","",""
"1790131597","336 S 8th St","","Raymondville","TX","785802526","US","9569929161","","9569929174"
"1790131597","2542 Central Palm Dr Ste 207","","Rio Grande City","TX","785826766","US","9563521008","","9569929174"
"1790131597","216 N Fm 3167 Unit 2","","Rio Grande City","TX","785827060","US","9563521008","","9569929174"
"1770273948","20330 Warrior Dr","","Onley","VA","234183060","US","7574140400","",""
"1770273948","5219 Lankford Hwy","","New Church","VA","234153332","US","7574140400","","7574140569"
"1770273948","24023 Fairview Rd","","Cape Charles","VA","233102153","US","7574140400","",""
"1770273948","24501 Parksley Rd","","Parksley","VA","234212519","US","7574140400","",""
"1770273948","17068 Charles M Lankford Jr Memorial Hwy","","Eastville","VA","23347","US","7573311086","",""
"1770273948","4208 Seaside Rd","","Exmore","VA","233502575","US","7574140400","",""
"1770273948","28480 Bobtown Rd","","Melfa","VA","234103508","US","7574140400","",""
"1538451950","1775 Dempster St","","Park Ridge","IL","600681143","US","8477232210","",""
"1619551967","50 Foden Rd","","South Portland","ME","041061718","US","2077808860","",""
"1215220850","55 Fruit St","","Boston","MA","021142696","US","6177262426","",""
"1174731533","60 Hospital Rd","","Leominster","MA","014532205","US","9784662685","","9784662746"
"1174731533","14 Prospect St","","Milford","MA","017573003","US","5088471190","","5088633687"
"1477710424","2775 Mosside Blvd","","Monroeville","PA","151462760","US","3122097285","","8442091579"
"1275271876","445 Bluegill Ln","","Johns Island","SC","294558353","US","5852953773","",""
"1275271876","5880 Breakwater Ave","","Cleveland","OH","441022199","US","5852953773","",""
"1588604169","50 Foden Rd","","South Portland","ME","041061718","US","2077808860","",""
"1003656133","1007 N 2nd St","","Ironton","OH","456381235","US","7404427045","","7404427046"
"1003656133","2727 S 3rd St","","Ironton","OH","456382760","US","7405342100","",""
"1003656133","104 E Main St","","Newark","OH","430555651","US","7405342939","",""
"1831713981","7047 HWY 190 E SVC RD","","COVINGTON","LA","704334955","US","9859512457","","9859512459"
"1033733860","8-10 Hill Way","","Cape Elizabeth","ME","04107","US","2077999950","",""
"1215386081","7470 Cimarron Market Ave Bldg 13","","El Paso","TX","799112216","US","9153378400","",""
"1932548096","317 Resource Pkwy","Unit 4B","Winder","GA","306808364","US","6789757471","","6789757055"
"1235814062","7470 Cimarron Market Ave Bldg 13","","El Paso","TX","799112216","US","9153378400","",""
"1336599430","1900 Woodland Dr","","Coos Bay","OR","974202099","US","5412675151","",""
"1750586475","15 Casco St","","Freeport","ME","040330001","US","2075238550","",""
"1750586475","1 Idexx Dr","","Westbrook","ME","040922040","US","2075566802","",""
"1205511789","300A E McKay St","","Elizabethtown","NC","283379037","US","9108625500","",""
"1205511789","6201 Raeford Rd","","Fayetteville","NC","283042425","US","9106093780","",""
"1780970251","11511 NE 10th St","","Bellevue","WA","980048578","US","4255023000","","8446201839"
"1255063418","84 Marginal Way Ste 900","","Portland","ME","041012476","US","2077808860","",""
"1730112350","1 Idexx Dr","","Westbrook","ME","040922040","US","2075566802","",""
"1477048528","6922 W Rayford Rd Ste 100","","Spring","TX","773893004","US","8328436619","",""
"1619900263","15 Casco St","","Freeport","ME","040332327","US","2075238550","",""
"1619900263","50 Foden Rd","","South Portland","ME","041061718","US","2077808860","","2077808857"
"1619900263","5 Campus Dr","","Freeport","ME","040332327","US","2075238550","",""
"1477075885","84 Marginal Way Ste 900","","Portland","ME","041012476","US","2077808860","",""
"1366129934","12129 620 N Ste 610","","Austin","TX","787501086","US","5129007800","",""
"1366129934","3201 S Austin Ave Ste 325","","Georgetown","TX","786267642","US","5127175077","","5127130844"
"1770069338","8270 Woodland Center Blvd","","Tampa","FL","336142401","US","8186926175","",""
"1366015307","13180 N Cleveland Ave Ste 133","","N Fort Myers","FL","339036299","US","7865043119","","9542062835"
"1366015307","13155 SW 134th St Ste 201","","Miami","FL","331864488","US","7865043119","","9542062835"
"1710667308","108 Airport Rd","","Greenville","SC","296072607","US","8439970826","",""
"1720714454","970 W El Camino Real Ste 1","","Sunnyvale","CA","940871180","US","6502825555","",""
"1932518800","259 Main St","","Yarmouth","ME","040966723","US","2077808860","",""
"1215710710","2550 Windy Hill Rd SE Ste 215","","Marietta","GA","300678654","US","8446207246","","7703708358"
"1992220222","1090 Vinehaven Dr NE","","Concord","NC","280252438","US","7044037580","",""
"1992220222","9555 S 52nd Ave","","Oak Lawn","IL","604533054","US","7086340950","",""
"1992220222","2550 Court Dr","Ste 202","Gastonia","NC","280542152","US","7044468100","",""
"1992220222","10660 Park Rd","Ste 4400","Charlotte","NC","282108413","US","7046672681","",""
"1679098883","15 Casco St","","Freeport","ME","040332327","US","2075238550","",""
"1679098883","5 Campus Dr","","Freeport","ME","040332327","US","2075238550","",""
"1679098883","50 Foden Rd","","South Portland","ME","041061718","US","2077808860","",""
"1699403618","690 Dallas Hwy Ste 101","","Villa Rica","GA","301801262","US","7704590620","","7704568956"
"1598164527","259 Main St","","Yarmouth","ME","040966723","US","2077808860","",""
"1861684342","100 N Academy Ave","","Danville","PA","178229800","US","5702715555","16302",""
"1275848046","2540 Monroeville Blvd","","Monroeville","PA","151462329","US","4122061411","",""
"1447971932","315 Hospital Dr","","Madison","TN","371155030","US","6158686503","",""
"1629479753","41 Grand Ave Ste 102","","River Edge","NJ","076611947","US","2016940332","",""
"1710867833","100 Pearl St","","Hartford","CT","061034506","US","3232057088","",""
"1184819237","400 Craven Rd","","San Marcos","CA","920784201","US","8772360333","","7605105495"
"1265980635","2320 S 48th St","","Lincoln","NE","685065515","US","4022184667","",""
"1265980635","10717 Virginia Plz Ste 113","","LA Vista","NE","681283255","US","4024144879","",""
"1265980635","1145 High St","","Lincoln","NE","685024440","US","4024236464","",""
"1073163150","1008 Patton St","","Fort Collins","CO","805244018","US","9704944200","",""
"1144836727","84 Marginal Way Ste 900","","Portland","ME","041012476","US","2077808860","",""
"1033889142","175 E 94th St Apt 1","","New York","NY","101282905","US","9177208099","",""
"1265156061","5 Campus Dr","","Freeport","ME","040332185","US","2075238550","",""
"1871217315","315 Hospital Dr","","Madison","TN","371155030","US","6157327662","",""
"1194449587","315 Hospital Dr","","Madison","TN","371155030","US","6157327662","",""
"1841289030","943 Campbell Ave","","Lake Wales","FL","338534234","US","2144224341","",""
"1427774793","1211 Medical Center Dr","","Nashville","TN","372320004","US","6153225000","",""
"1528343720","2 Hampstead Pl","","Greer","SC","296503659","US","8283516000","","8282877436"
"1942073127","5510 Cherokee Ave Ste 300","","Alexandria","VA","22312","US","5715202013","",""
"1669625869","1100 Wilford Hall Loop Bldg 4554","","Jbsa Lackland","TX","782365638","US","2109164373","",""
"1093017279","425 Haaland Dr Ste 104","","Thousand Oaks","CA","913615230","US","8054941948","",""
"1508681479","75 Francis St","","Boston","MA","021156106","US","6178607059","",""
"1184334443","4505 NW Fielding Rd","","Topeka","KS","666182651","US","7852700047","","7852700032"
"1184334443","2909 SE Walnut Dr","","Topeka","KS","666052189","US","7852700047","","7852663490"
"1184334443","1516 SW 6th Ave","","Topeka","KS","666061696","US","7852700047","","7852700086"
"1588846653","3201 S Austin Ave Ste 325","","Georgetown","TX","786267642","US","5077512717","","5127130844"
"1245308022","1775 Dempster St","","Park Ridge","IL","600681143","US","8477232210","",""
"1417615469","315 Hospital Dr","","Madison","TN","371155030","US","6157327662","",""
"1417615469","1216 2nd St SW","","Rochester","MN","559021906","US","5072555123","",""
"1366153652","1301 Medical Center Dr","","Nashville","TN","372320028","US","6153225000","",""
"1265070288","659 Junction Dr Apt D434","","Allen","TX","750135143","US","4055031015","",""
"1871132357","5585 Caruth Haven Ln","","Dallas","TX","752258157","US","9722900887","","9724025970"
"1871132357","3500 Old Denton Rd","","Carrollton","TX","750072994","US","4692081879","","2142477411"
"1871132357","1029 Seminole Trl","","Carrollton","TX","750076200","US","2147316733","","9724025559"
"1871132357","1295 Kinwest Pkwy","","Irving","TX","750633560","US","4693177621","","4692422699"
"1871132357","963 W Yellowjacket Ln Apt 323","","Rockwall","TX","750874947","US","9727227925","","9727227926"
"1871132357","2121 W State Highway 6","","Waco","TX","767104086","US","2546511010","","2542211365"
"1871132357","5417 Altamesa Blvd","","Fort Worth","TX","761232804","US","8173706222","","8173706244"
"1871132357","480 Bray Central Dr","","Allen","TX","750136418","US","9726497979","","9726497981"
"1871132357","680 N Watters Rd","","Allen","TX","750135126","US","4696569015","","4696569016"
"1871132357","2500 Windhaven Pkwy","","Lewisville","TX","750565824","US","9728100938","","9728100978"
"1871132357","1451 S Greenville Ave","","Allen","TX","750024186","US","2147857213","","2147857213"
"1871132357","2851 Orchid Dr","","McKinney","TX","750724091","US","4696785074","","4696785073"
"1871132357","3300 S Stonebridge Dr","","McKinney","TX","750705921","US","2145920655","","2145920674"
"1871132357","5400 Laurel Lake Dr","","Waco","TX","767102835","US","2543996633","","2548705008"
"1871132357","3209 Village Green Dr","","Waco","TX","767101469","US","2543005374","","2542943963"
"1871132357","2351 Oakmont Dr","","Round Rock","TX","786651561","US","5125141208","","5128463899"
"1871132357","302 Medical Pkwy","","Lakeway","TX","787385632","US","5125013488","","5123616924"
"1871132357","1921 S Mason Rd","","Katy","TX","774506258","US","2813944591","","3468880981"
"1871132357","24001 Cinco Village Center Blvd","","Katy","TX","774948419","US","2817692322","","2819751753"
"1871132357","10588 Legacy Dr","","Frisco","TX","750336516","US","9722945869","","4699917993"
"1871132357","4320 Creek Valley Blvd","","Carrollton","TX","750101238","US","4696692948","","4699222181"
"1871132357","10001 Stonelake Blvd","","Austin","TX","787596490","US","7377875775","","5128656969"
"1871132357","11424 Richmond Ave","","Houston","TX","770822519","US","3465940936","","3463557237"
"1871132357","1825 Arbor Creek Dr","","Carrollton","TX","750102014","US","2147316618","","4699027278"
"1871132357","350 S Hardin Blvd","","McKinney","TX","750721265","US","4693524096","","4693121157"
"1871132357","2600 Windhaven Pkwy","","Lewisville","TX","750566931","US","4693935685","","4694877817"
"1871132357","235 W Pleasant Run Rd","","Cedar Hill","TX","751045436","US","9723641840","",""
"1871132357","1905 S Lakeline Blvd","","Cedar Park","TX","786134299","US","5122158600","","5122014062"
"1871132357","12271 Coit Rd","","Dallas","TX","752512300","US","9726852780","","2144326078"
"1871132357","5550 Harvest Hill Rd","","Dallas","TX","752301684","US","2142387163","","9725352164"
"1871132357","5701 Virginia Pkwy","","MCKINNEY","TX","750715652","US","2145920212","","2145920445"
"1871132357","7210 Linkside Point Dr Apt 310","","McKinney","TX","750715159","US","2145920228","","2145920211"
"1871132357","11279 Taylor Draper Ln","","Austin","TX","787592467","US","5123945815","","5128067082"
"1871132357","6251 Overton Ridge Blvd","","Fort Worth","TX","761323755","US","8179451586","","8179451587"
"1871132357","200 Country Brook Dr","","Keller","TX","762482125","US","8173373082","","8134311434"
"1871132357","2820 Wind River Ln","","Denton","TX","762102993","US","9408080089","","9402282228"
"1871132357","800 College Pkwy","","Lewisville","TX","750773503","US","9724208543","","9722213070"
"1871132357","20302 Bulverde Rd","","San Antonio","TX","782593333","US","2104976703","","2109422617"
"1871132357","8103 North Holw","","San Antonio","TX","782402388","US","2103325383","","2105589010"
"1871132357","3701 N Loy Lake Rd","","Sherman","TX","750902501","US","9034870539","","9034622072"
"1871132357","3670 Mapleshade LN","","Plano","TX","750755867","US","4696260057","","4696260050"
"1871132357","7001 W Plano Pkwy","","Plano","TX","750938867","US","9728100131","","9728100152"
"1871132357","6203 Alden Bridge Dr","","The Woodlands","TX","773825121","US","9364488013","","9364488042"
"1871132357","504 Bering Dr","","Houston","TX","770571479","US","8326819050","","8329009437"
"1871132357","1815 Enclave Pkwy","","Houston","TX","770773671","US","2817415396","","3469804064"
"1871132357","8215 Cypresswood Dr","","Spring","TX","773797466","US","8327170877","","3468310072"
"1538490206","1200 E Savannah Ave Ste 18","","McAllen","TX","785031728","US","9569280600","",""
"1740727718","409 Washington St","","Cedar Falls","IA","506132812","US","3195536919","",""
"1811700479","6224 W Belmont Ave","","Fresno","CA","937239556","US","5592526844","",""
"1811700479","4862 E Clinton Ave","","Fresno","CA","937032873","US","5592526844","",""
"1811700479","4324 W Harvard Ave","","Fresno","CA","937225183","US","5597203604","",""
"1811700479","64 E Weldon Ave","","Fresno","CA","937045956","US","5594421947","",""
"1811700479","6250 N Millbrook Ave","","Fresno","CA","937105620","US","5592526844","",""
"1811700479","3894 E Gettysburg Ave","","Fresno","CA","937260901","US","5592526844","",""
"1811700479","2216 E Cambridge Ave","","Fresno","CA","937032123","US","5592526844","",""
"1376296327","822 S Atlantic Blvd","","Monterey Park","CA","917544714","US","6262844202","","6268282010"
"1730547787","1100 Wilford Hall Loop Bldg 4554","","Jbsa Lackland","TX","782365638","US","2105398588","",""
"1225621709","900 Lane Ave Ste 126","","Chula Vista","CA","919143515","US","8583336856","",""
"1841945847","29995 Technology Dr Ste 101A","","Murrieta","CA","925632633","US","9518162717","62717",""
"1255671301","1964 Ashley River Rd Unit 80901B","","Charleston","SC","294161637","US","8436147317","",""
"1740135862","9191 Kyser Way Ste 205","","Frisco","TX","750332783","US","9726438727","",""
"1184579203","129 N Collins Rd Ste 2214","","Sunnyvale","TX","751829509","US","4699671278","",""
"1396690418","146 Pike St","","Port Jervis","NY","127711808","US","8458581456","",""
"1376498402","44 S 3rd Ave","","Avondale","AZ","853232264","US","5204149916","",""
"1962037689","2262 Pacific Coast Hwy","","Lomita","CA","907172532","US","3105303790","",""
"1962037689","1 Gustave L Levy Pl # 1187","","New York","NY","100296504","US","2124234500","4738",""
"1063805703","118 Northport Ave","","Belfast","ME","049156009","US","2073382500","","2075054590"
"1063805703","20 Portland St","","Portland","ME","041012912","US","2076614701","","2078994969"
"1063805703","6 Glen Cove Dr","","Rockport","ME","048564272","US","2073018542","","2073015277"
"1598465619","990 Biscayne Blvd Ste 503","","Miami","FL","331321556","US","7862570607","",""
"1942769112","1611 NW 12th Ave","","Miami","FL","331361005","US","7862272341","",""
"1972252096","56 Franklin St","","Waterbury","CT","067061253","US","2037093518","",""
"1528640299","505 Washington Ave S","","Kent","WA","980325709","US","2538337444","",""
"1528640299","1701 18th Ave S","","Seattle","WA","981444317","US","2538337444","",""
"1528640299","Sister Rose Vincent Family Medicine Center","120 Hobart Street","Utica","NY","13501","US","3157981149","","3157343565"
"1215499181","1695 S San Jacinto Ave Ste A-D&f","","San Jacinto","CA","925835103","US","9513303100","","9513501050"
"1265721682","19 Franklin St","","Belfast","ME","049156765","US","2076910868","",""
"1902369226","833 Princeton Ave SW","","Birmingham","AL","352111323","US","2057837663","",""
"1073176442","2801 K St Ste 200","","Sacramento","CA","958165118","US","9167791160","","9167791166"
"1407476237","2100 Powell St Ste 400","","Emeryville","CA","946081872","US","5103502600","",""
"1497013858","822 S Atlantic Blvd","","Monterey Park","CA","917544714","US","6262844202","","6268282010"
"1114715778","119 Belmont St","","Worcester","MA","016052903","US","7744416468","",""
"1740778547","2 Dudley St","","Providence","RI","029053236","US","4014444000","",""
"1740778547","2109 Hartford Ave","","Johnston","RI","029193246","US","4015871000","",""
"1417302159","15300 S Jog Rd Ste 205","","Delray Beach","FL","334462166","US","5614937200","",""
"1043955933","122 Clinton St","","Hoboken","NJ","070302502","US","7866266180","",""
"1447638325","2440 Baton Rouge","","Lima","OH","458055104","US","4192353801","",""
"1134742182","10 Calle Casia","","San Juan","PR","009213200","US","7869254234","",""
"1093608085","5 Penn Plz Fl 23","","New York","NY","100011810","US","7183609370","",""
"1073041083","305 Cosby Hwy","","Newport","TN","378212914","US","4236237116","",""
"1225879026","2800 S Ventura Rd","","Oxnard","CA","930334905","US","8059840144","","8054877445"
"1376745992","185 Wadsworth Rd","Rundle Building","Wadsworth","OH","442819585","US","3302082720","","3302082721"
"1376745992","3780 Medina Rd Ste 110","","Medina","OH","442569312","US","3302082720","","3302082721"
"1376745992","3051 Graham Rd","","Stow","OH","442243654","US","3302082720","","3302082721"
"1376745992","1560 Corporate Woods Pkwy","","Uniontown","OH","446858730","US","3302082720","","3302082721"
"1376745992","9150 Market Square Dr","","Streetsboro","OH","442414571","US","3302082720","","3302082721"
"1902647621","12222 Merit Dr Ste 600","","Dallas","TX","752513294","US","9727155000","","9727159976"
"1902647621","1400 8th Ave","","Fort Worth","TX","761044110","US","8179262544","",""
"1710336151","9205 SW 166th Ct","","Miami","FL","331961020","US","7863166083","","3055095943"
"1134813413","377 Sylvan Lake Rd Ste 210","","Eagle","CO","816316779","US","9709266340","","9709266348"
"1134813413","50 Buck Creek Rd Ste 100","","Avon","CO","816205428","US","9709266340","",""
"1134813413","180 S Frontage Rd W Ste 5800","","Vail","CO","816575038","US","9709266340","",""
"1134813413","365 Dillon Ridge Rd Ste 1200","","Dillon","CO","804356344","US","9709266340","",""
"1134813413","377 Sylvan Lake Rd Ste 120","","Eagle","CO","816316779","US","9709266340","",""
"1134813413","3267 S 16th St Ste 103","","Milwaukee","WI","532154500","US","4146176120","",""
"1134813413","2025 W Oklahoma Ave","","Milwaukee","WI","532154455","US","4143893161","",""
"1497640627","4229 W Frontage Rd N","","Rochester","MN","559014310","US","5073223460","","5073223450"
"1497640627","1414 S Oak Ave Ste 2","","Owatonna","MN","550603957","US","5073223460","","5073223450"
"1508425810","322 W North River Dr","","Spokane","WA","992013208","US","5093246464","","5092412056"
"1912895319","602 Indiana Ave","","Lubbock","TX","794153364","US","8067610545","",""
"1730594011","455 Toll Gate Rd","","Warwick","RI","028862759","US","9724490540","",""
"1730594011","1 Hospital Dr","","Lewisburg","PA","178379350","US","5705222000","",""
"1730594011","100 Madison Ave Fl 7","","Morristown","NJ","079606136","US","9085222829","","9085226147"
"1730594011","7601 Southcrest Pkwy","","Southaven","MS","386714739","US","6627724000","",""
"1730594011","99 Beauvoir Ave Fl 5","","Summit","NJ","079013533","US","9085222829","","9085226147"
"1730594011","651 Willow Grove St","","Hackettstown","NJ","078401799","US","9085222829","","9085226147"
"1730594011","3 Hospital Dr Ste 206","","Lewisburg","PA","178379394","US","5705229771","",""
"1730594011","1265 Union Ave","","Memphis","TN","38104","US","9015162312","","9015167395"
"1730594011","97 W Parkway","","Pompton Plains","NJ","074441647","US","9085222829","","9085226147"
"1518488204","3186 S Maryland Pkwy","","Las Vegas","NV","891092317","US","7027318000","",""
"1518488204","950 E Bogard Rd Ste 103","","Wasilla","AK","996547184","US","9073522880","","9073522885"
"1619131166","7304 Alma Dr","","Plano","TX","750253563","US","9725620190","",""
"1619131166","2295 Bloomdale Rd","","Mckinney","TX","75071","US","9725620190","",""
"1619131166","7300 Alma Dr","","Plano","TX","750253565","US","9725620190","",""
"1619131166","209 N Benge St","","McKinney","TX","750693813","US","9725620190","",""
"1619131166","7308 Alma Dr","","Plano","TX","750253568","US","9725620190","",""
"1336303882","7308 Alma Dr","","Plano","TX","750253568","US","9725620190","",""
"1336303882","2295 Bloomdale Rd","","Mckinney","TX","75071","US","9725620190","",""
"1336303882","7304 Alma Dr","","Plano","TX","750253563","US","9725620190","",""
"1336303882","7300 Alma Dr","","Plano","TX","750253565","US","9725620190","",""
"1336303882","209 N Benge St","","McKinney","TX","750693813","US","9725620190","","9725623647"
"1386536159","3603 Davis Dr Ste 100","","Morrisville","NC","275606009","US","9192344888","",""
"1902329295","310 E Walnut St","","Garden City","KS","678465572","US","6202759752","","6202754306"
"1902329295","2400 S Avenue A","","Yuma","AZ","853647127","US","9287833050","","9283365673"
"1902329295","3801 Hollywood Blvd Ste 250","","Hollywood","FL","330216759","US","9549618303","",""
"1780026336","2114 West Grant Road","#27","Tucson","AZ","85745","US","5204011151","","5206284231"
"1780026336","1580 Valencia St","","San Francisco","CA","941104423","US","4156002229","",""
"1982339461","5020 Avenida Lugano Apt 1","","Chula Vista","CA","919130070","US","5108460297","60297",""
"1871321018","185 Lonesome Ln","","Anacoco","LA","714032951","US","3372084228","",""
"1831075787","10701 Riverside Dr","","Toluca Lake","CA","916022384","US","8187629966","",""
"1831075787","212 S El Molino Ave Ste 3","","Pasadena","CA","911016501","US","6267927900","",""
"1831866763","3301 W Purdue Ave","","Muncie","IN","473046356","US","7652840043","",""
"1831866763","39 Motif Blvd","","Brownsburg","IN","461121017","US","3173061837","",""
"1831866763","2598 E US Highway 36","","Markleville","IN","460569703","US","7656176813","",""
"1831866763","2010 Brentwood Dr","","Anderson","IN","460114042","US","7653930063","","7653933761"
"1346556297","2200 E Route 66","Suite 100","Glendora","CA","917402005","US","6268592089","218","6268596537"
"1821282211","3775 N Lecanto Hwy","","Beverly Hills","FL","344653559","US","3527460600","","3527460607"
"1942089743","205 Rice St","","Angleton","TX","775155273","US","3612125558","",""
"1942089743","201 16th Ave E","","Seattle","WA","981125226","US","2063263000","","8775152975"
"1174302418","313 Lennon Ln Ste 100","","Walnut Creek","CA","945982460","US","9254651585","","9254336555"
"1164513917","2925 Chicago Ave","","Minneapolis","MN","554071321","US","6512419700","","6512419683"
"1164513917","52 underwood st","","orlando","FL","328061110","US","8888050085","","3128967623"
"1164513917","1401 Roosevelt Ave","","York","PA","174042244","US","8772325807","",""
"1164513917","1300 Sentara Park # 3","","Virginia Beach","VA","234645884","US","7572523050","","7572223106"
"1124807201","1750 47th Ave S","","Grand Forks","ND","582017595","US","7017578700","",""
"1043090152","3250 Mary St Ste 300","","Miami","FL","331335293","US","3059081115","",""
"1891660197","22611 Markey Ct Ste 114","","Sterling","VA","201666925","US","7032494828","","7032816888"
"1922297191","137 S Compass Way","","Dania Beach","FL","330042369","US","9546422903","",""
"1023560406","861 Medical Park","","Smyrna","TN","37167","US","6154553000","",""
"1023560406","1001 Health Park Dr Ste 450","","Brentwood","TN","370275867","US","6154553000","","8339072263"
"1659813806","6372 Mechanicsville Tpke Ste 111","","Mechanicsville","VA","231114705","US","8045926654","","8045926971"
"1376251389","5150 E Pacific Coast Hwy Ste 100","","Long Beach","CA","908043394","US","5624907600","",""
"1871576835","205 E. HWY 80","Suite 155","Forney","TX","75126","US","9725620190","","9725623647"
"1871576835","2295 Bloomdale Rd","","Mckinney","TX","75071","US","9725620190","","9725623647"
"1871576835","7308 Alma Dr","","Plano","TX","750253568","US","9725620190","","9725623647"
"1871576835","7300 Alma Dr","","Plano","TX","750253565","US","9725620190","","9725623647"
"1871576835","209 N Benge St","","McKinney","TX","750693813","US","9725620190","","9725623647"
"1871576835","7304 Alma Dr","","Plano","TX","750253563","US","9725620190","","9725623647"
"1306554019","1910 Towne Centre Blvd Ste 250","","Annapolis","MD","214013599","US","4432565290","",""
"1578425914","11300 NE 2nd Ave","","Miami Shores","FL","331616628","US","5613228605","",""
"1679435895","10700 SW Beaverton Hillsdale Hwy Ste 560","","Beaverton","OR","970054791","US","5039410181","00785",""
"1336418847","70 Wildwood Rd","","Sag Harbor","NY","119632105","US","6312893939","","6312893934"
"1548126444","1000 Blythe Blvd","","Charlotte","NC","282035812","US","7043552000","",""
"1568176345","240 Williams St","","New London","CT","063205717","US","9148150561","",""
"1568176345","1A Chamber Way","","Westerly","RI","028912670","US","9148150561","",""
"1144039926","2230 Rucker Ave","","Everett","WA","982012772","US","4253579111","",""
"1801426465","81800 DOCTOR CARREON BLVD STE B","","INDIO","CA","922015595","US","7606477676","","7603470909"
"1801426465","81812 DOCTOR CARREON BLVD STE D","","INDIO","CA","922015594","US","7606477676","","7603470909"
"1801426465","36101 Bob Hope Dr Ste A","","Rancho Mirage","CA","922702001","US","7606321131","","7460321109"
"1801426465","12830 HESPERIA RD STE A-D","","VICTORVILLE","CA","923957788","US","7606848999","","7606848111"
"1801426465","12640 HESPERIA RD STE D","","VICTORVILLE","CA","923957753","US","7606844143","","7606848111"
"1801426465","1133 N Palm Canyon Dr Ste A","","Palm Springs","CA","922624431","US","7603208005","","7604066057"
"1801426465","7065 Indiana Ave Ste 100&110","","Riverside","CA","925064167","US","9514760115","","9514760116"
"1144082835","7500 Security Blvd","","Baltimore","MD","212441849","US","8666428136","",""
"1083310106","5537 N Clark St","","Chicago","IL","606400751","US","7732191107","",""
"1346871886","2805 Trent Rd","","New Bern","NC","285622029","US","8552237123","","6193747134"
"1346871886","5333 Mission Center Rd Ste 110","","San Diego","CA","921081347","US","8552237123","","6193747134"
"1164494894","921 Ballancee Ave","","Lusk","WY","822255245","US","3073344000","",""
"1447716758","1235 McHenry Ave Ste A&b","","Modesto","CA","953505370","US","2095274597","",""
"1013614668","540 LITCHFIELD ST","","TORRINGTON","CT","067906679","US","9724490540","",""
"1255286399","918 Lacey Road","","Forked River","NJ","08731","US","5716693400","",""
"1750820973","4006 Postal Way Unit A","","Myrtle Beach","SC","295793527","US","8432583976","","8432770730"
"1639539273","3782 E Amity Ave","","Nampa","ID","836871196","US","2085632972","","2089363422"
"1508664541","685 E Plumb Ln","","Reno","NV","895023505","US","7757708349","",""
"1912852062","8415 Wann Dr NW","","Madison","AL","357589534","US","2567041210","",""
"1710635271","28 Flint Dr","","North East","MD","219013746","US","3022911462","",""
"1710635271","3301 Green St","","Claymont","DE","197032052","US","3027971462","71462",""
"1235887647","1 Campus Rd","","Staten Island","NY","103014479","US","7183903100","",""
"1891445177","9300 W Sunset Rd","","Las Vegas","NV","891484844","US","7029165000","",""
"1831695519","2131 N State Road 7","","Margate","FL","330635713","US","9546913178","","8445012948"
"1215323043","1190 NE 125th St","","North Miami","FL","331615020","US","3058917500","","3059856233"
"1245673516","7640 N Wickham Rd Ste 121B","","Melbourne","FL","329408147","US","3214719917","","3214217363"
"1134740194","20930 Bonita St Ste Y","","Carson","CA","907463613","US","3103277969","",""
"1346776481","12125 Day St Ste E301","","Moreno Valley","CA","925576704","US","9513442166","",""
"1376710541","100 Goshen Rd","","Rincon","GA","313265545","US","9128266000","","9128266016"
"1376710541","1445 NW Boca Raton Blvd","","Boca Raton","FL","334321610","US","5613387722","364","5613387785"
"1376710541","4020 W Hillsboro Blvd","","Deerfield Beach","FL","334429416","US","8552266633","",""
"1619467305","17840 Mound Rd Ste E","","Cypress","TX","774336931","US","5127632186","","5127276364"
"1619467305","1502 Blue Ridge Dr Ste 300","","Georgetown","TX","786261002","US","5127632186","",""
"1619467305","2901 Caballo Ranch Blvd Ste 6A","","Cedar Park","TX","786414637","US","5127632186","",""
"1619467305","802 W Center St Unit F","","Kyle","TX","786409348","US","5127632186","","5127276364"
"1619467305","4361 S Congress Ave Unit 102","","Austin","TX","787451289","US","5127632186","","5127276364"
"1972556892","2300 N Commerce Pkwy","","Weston","FL","333263254","US","9542173101","",""
"1972556892","501 N Flamingo Rd","","Pembroke Pines","FL","330281016","US","9548896223","","9549623466"
"1083104665","172 N East Promontory Ste 270","","Farmington","UT","840252964","US","8013828238","","8665604702"
"1588013049","2900 N Military Trl Ste 201","","Boca Raton","FL","334316308","US","5612413883","","5612410025"
"1083143382","212 S 11th St Ste 5","","Coeur D Alene","ID","838144000","US","2086519400","",""
"1902580947","1000 Sutter St","","Yuba City","CA","959913504","US","5306739420","",""
"1104207992","1800 Mulberry St","","Scranton","PA","185102369","US","5708920224","",""
"1073139903","1600 Executive Pkwy Ste 200","","Eugene","OR","974017113","US","5416002300","","5416002324"
"1417477639","6271 SW 8th St","","N Lauderdale","FL","330682701","US","9546874777","","9549057516"
"1104857895","3618 W Market St Ste 200","","Fairlawn","OH","443332425","US","3304234444","","3307774414"
"1689025033","10201 Hammocks Blvd Ste 122","","Miami","FL","331963783","US","3055419709","","3055419304"
"1275028441","1101 NW 1st St","","Fort Lauderdale","FL","333118905","US","9547611020","","9547619983"
"1801413331","1740 E Hallandale Beach Blvd","","Hallandale Beach","FL","330094611","US","9544565533","",""
"1801413331","8895 Fontainebleau Blvd Apt 309","","Miami","FL","331724443","US","7866567338","",""
"1942722582","4972 Town Center Pkwy Unit 301","","Jacksonville","FL","322468596","US","9046426100","",""
"1942722582","550 Pope Ave NW","","Winter Haven","FL","338814679","US","8632932214","","8632933732"
"1942722582","20403 Fm 529 Rd Ste 200","","Cypress","TX","774335379","US","2816564041","",""
"1942722582","24422 Avenida De La Carlota Ste 300","","Laguna Hills","CA","926533628","US","9495992434","",""
"1942722582","1533 E Common St","","New Braunfels","TX","781303154","US","8306259153","",""
"1942722582","650 Howe Ave Ste 100","","Sacramento","CA","958254732","US","9169249337","",""
"1942722582","11260 Sullivan St","","Riverview","FL","335782140","US","8136897571","",""
"1043797178","10121 W Clearwater Ave Ste 115","","Kennewick","WA","993363500","US","5096857445","",""
"1336163153","5201 Hollywood Blvd","","Hollywood","FL","330216422","US","9549815200","","9549811614"
"1992487607","1681 Hickory Loop","","Las Cruces","NM","880056587","US","5755266682","",""
"1306125596","141 Parker St Ste 306","","Maynard","MA","017542180","US","8669912103","",""
"1811476351","1100 Johnson Fy Rd NE Bldg 1","","Atlanta","GA","303421709","US","4045319988","",""
"1811476351","2625 Peachtree Pkwy","","Suwanee","GA","300241048","US","6789655792","",""
"1700136934","444 W Fort St. Fl 2","","BOISE","ID","837024535","US","2084221018","",""
"1790405983","194 S Hwy 27 Ste C","","Clermont","FL","347112448","US","8632240857","",""
"1740902105","1968 Central Ave","","Needham","MA","024921410","US","7814494500","",""
"1386192631","4441 E Kings Canyon Rd","","Fresno","CA","937023604","US","5595406333","",""
"1629175294","19250 SW 65th Ave","","Tualatin","OR","970627452","US","5034137162","",""
"1538260856","24140 Turpin Meadow Loop","","Moran","WY","83013","US","9898580809","","9496952102"
"1255423521","32605 Temecula Pkwy Ste 150","","Temecula","CA","925926838","US","9513313660","","9513313661"
"1255423521","29791 Haun Rd Ste 102","","Menifee","CA","925866548","US","9512907145","","9512907146"
"1619639556","4801 S Lakeshore Dr Ste 204","","Tempe","AZ","852827157","US","4802569299","",""
"1629229596","4943 Old Greenwood Rd Ste 7","","Fort Smith","AR","729036923","US","4794383636","","8332021531"
"1013467216","11511 NE 10th St","","Bellevue","WA","980048578","US","4255023000","","8446201839"
"1013467216","1300 N Ventura Rd Ste 6","","Oxnard","CA","930303836","US","8059881180","","8057514749"
"1902059785","12515 SW 88TH ST","","MIAMI","FL","331861829","US","3056425366","",""
"1922384098","1316 N State Road 7","","Margate","FL","330632843","US","9549689993","","9549689910"
"1699854273","301 The City Dr S","","Orange","CA","928683205","US","5627600033","",""
"1477807030","4325 Windsor Centre Trl","Ste 200","Flower Mound","TX","750281863","US","9723385807","",""
"1710429485","1740 E Hallandale Beach Blvd","","Hallandale Beach","FL","330094611","US","9549328619","","8882044839"
"1144099284","333 NM-528,","Ste 301","Rio Ranch0","NM","87124","US","5052260575","",""
"1366212748","301 McCullough Dr Fl 4","","Charlotte","NC","282623310","US","8882790002","",""
"1366212748","1431 Opus Pl Ste 110","","Downers Grove","IL","605151164","US","8882790002","",""
"1689370454","500 Madison Ave","","Toledo","OH","436041222","US","4193608251","",""
"1811793888","922 Duff Ave","","LA Puente","CA","917441931","US","6417584409","",""
"1962357913","1509 State St","","LA Porte","IN","463503115","US","2193265700","",""
"1962357913","3777 N Frontage Rd","","Michigan City","IN","463607695","US","2198796262","",""
"1598610578","2561 Galiano Ave SW","","Palm Bay","FL","329081355","US","3213272682","","3218211997"
"1598610578","226 Abalone Rd NW","","Palm Bay","FL","329072964","US","3214738083","","3218211997"
"1952256935","2411 6th Ave SE Ste A-1","","Decatur","AL","356016515","US","2564480581","",""
"1184999005","1400 Reynolds Ave Ste 160","","Irvine","CA","926145515","US","9493874724","","9492090407"
"1689133167","14929 Channel Run","","Ellendale","DE","199412768","US","5165313753","",""
"1154071645","Elm and Carlton St","","Buffalo","NY","142630001","US","7168452300","",""
"1518087394","15251 National Ave Ste 106","","Los Gatos","CA","950322400","US","4084021849","","8312956206"
"1891435319","27005 76th Ave","","New Hyde Park","NY","110401402","US","7184707390","",""
"1598568735","111 Congress Ave Ste 500","","Austin","TX","787014076","US","8774182978","","8665002186"
"1104455120","19016 Keswick St","","Reseda","CA","913351725","US","7472228808","",""
"1104455120","9462 Wish Ave","","Northridge","CA","913252536","US","7472228808","",""
"1487233631","1 Baylor Plz","","Houston","TX","770303498","US","8328241000","",""
"1437890282","675 18th St","","San Francisco","CA","941434200","US","4154767527","",""
"1386386845","1 Baylor Plz","","Houston","TX","770303498","US","7137985588","",""
"1932954336","9 Chesapeake Plz","","Chesapeake","OH","456191003","US","7405053887","",""
"1538733530","640 Jackson St","","Saint Paul","MN","551012502","US","6514956600","","6512543123"
"1366616344","1 Galleria Blvd # 1420","","Metairie","LA","700012082","US","8333625364","",""
"1366616344","7 Medical Blvd","Comprehensive Care Clinic","Hattiesburg","MS","39401","US","6012962980","","6015795240"
"1194460386","801 E Douglas Ave Fl 2","","Wichita","KS","672023548","US","8887318994","",""
"1194460386","3636 S Geyer Rd Ste 100","","Saint Louis","MO","631271237","US","8887318994","",""
"1013444637","318 Gates Ave Ste C2","","Brooklyn","NY","112161306","US","9297887878","","3478031889"
"1538696778","1400 Reynolds Ave Ste 160","","Irvine","CA","926145515","US","9493874724","","9492090407"
"1750904397","6435 Bells Ferry Rd","","Woodstock","GA","301892317","US","7709264810","","7709264826"
"1750904397","14 Legacy Way Ste D","","Adairsville","GA","301032455","US","7707731584","","7707732773"
"1467663963","1198 Pacific Coast Hwy Ste 1","","Seal Beach","CA","907406251","US","5627997071","",""
"1770920365","909 Plantation Blvd","","Fairhope","AL","365322949","US","2512801211","","2513153892"
"1972543296","1400 Reynolds Ave Ste 160","","Irvine","CA","926145515","US","9493874724","","9492090407"
"1790986636","12853 El Camino Real Ste 205","","San Diego","CA","921302969","US","8587512221","",""
"1568620987","11112 Haviture Way","","Waco","TX","767087160","US","5132829239","",""
"1447149802","15372 Loretta Dr","","LA Mirada","CA","906381428","US","5626397802","",""
"1346924180","100 N Howard St Ste 5242","","Spokane","WA","992010508","US","4256782333","",""
"1235165226","1400 Reynolds Ave Ste 160","","Irvine","CA","926145515","US","9493874724","","9492090407"
"1487917530","2575 S State Road 7","","Wellington","FL","334149323","US","5617921205","",""
"1871163857","85 Patton Rd","","Devens","MA","014344401","US","9786155200","",""
"1336710441","2005 Boggs Rd # 104-107","","Duluth","GA","300964601","US","7704970085","",""
"1578059010","638 Brandywine Pkwy","","West Chester","PA","193804278","US","4847872294","",""
"1902826464","321 N Pecos Rd Ste 200","","Henderson","NV","890741348","US","7027980111","","8663330436"
"1902826464","6240 N Durango Dr Ste 110","","Las Vegas","NV","891493943","US","7027980111","","8663330436"
"1902826464","2100 E Calvada Blvd","","Pahrump","NV","890485805","US","7027980111","","8663330436"
"1902826464","801 S Rancho Dr Ste F4","","Las Vegas","NV","891063814","US","7027980111","","8663330436"
"1649905324","1630 23rd Ave Bldg 2","","Lewiston","ID","835016350","US","2087467784","","2087988652"
"1740703792","2255 Glades Rd Ste 324A","","Boca Raton","FL","334318571","US","3057760296","",""
"1326877580","806 NW 16th Ave Unit 172","","Gainesville","FL","326014012","US","3524488531","",""
"1770834228","2621 W Main St Ste 11","","Russellville","AR","728012551","US","4798806934","",""
"1861116790","5855 Bremo Rd Ste 601","","Richmond","VA","232261926","US","8049174050","",""
"1215699137","1290 Howard Ave Ste 202E","","Burlingame","CA","940104222","US","6508802266","19623",""
"1588852172","25 Monument Rd","Suite 140","York","PA","174035060","US","7177418003","","7177418016"
"1487106456","120 E Lake St Ste 313","","Sandpoint","ID","838641366","US","2087700504","",""
"1487106456","500 N Wenatchee Ave Ste C","","Wenatchee","WA","988016655","US","5096990355","",""
"1487106456","8382 W Gage Blvd Ste K","","Kennewick","WA","993368104","US","5098566603","",""
"1487106456","115 S 3rd Ave","","Walla Walla","WA","993622848","US","5097300644","",""
"1487106456","3591 E 3rd Ave Ste 108","","Post Falls","ID","838547301","US","2089482044","",""
"1487106456","1031 W Broadway Ave","","Moses Lake","WA","988372604","US","5097709744","",""
"1487106456","1107 Eastside St SE Ste D","","Olympia","WA","985012442","US","3609183196","",""
"1487106456","201 W North River Dr Ste 502","","Spokane","WA","992012262","US","5097030906","",""
"1487106456","1049 SW Baseline St Ste B250","","Hillsboro","OR","971233853","US","9716004948","",""
"1487106456","2910 S Meridian Ste 204","","Puyallup","WA","983731585","US","2533505772","",""
"1487106456","7017 27th St W Ste 7","","University Place","WA","984667833","US","2533324244","",""
"1487106456","12503 SE Mill Plain Blvd Ste 119B","","Vancouver","WA","986844007","US","3609779505","",""
"1487106456","530 Center St NE Ste 160","","Salem","OR","973013753","US","9717191083","",""
"1487106456","7440 SW Hunziker Rd Ste C","","Tigard","OR","972238243","US","9718953777","",""
"1487106456","371 NE Gilman Blvd","","Issaquah","WA","980272901","US","2068338422","",""
"1487106456","5257 W Fairview Ave Ste 220","","Boise","ID","837061772","US","9838881832","",""
"1487106456","504 Main St Ste 230","","Lewiston","ID","835011869","US","2087606302","",""
"1487106456","2819 Great Northern Loop Ste 5B","","Missoula","MT","598081751","US","4064999945","",""
"1487106456","160 NW Irving Ave Ste 104","","Bend","OR","977032252","US","5415884355","",""
"1487106456","901 Pier View Dr Ste 202B","","Idaho Falls","ID","834025034","US","2085814026","",""
"1487106456","10121 SE Sunnyside Rd Ste 115","","Clackamas","OR","970155715","US","9715002909","",""
"1487106456","1323 Commercial St Ste 208","","Bellingham","WA","982254307","US","3603064372","",""
"1487106456","19109 36th Ave W Ste 206","","Lynnwood","WA","980365767","US","2066960270","",""
"1487106456","706 Pacific Ave Ste 100","","Bremerton","WA","983371909","US","3606435056","",""
"1487106456","650 SE Bishop Blvd Ste 120","","Pullman","WA","991635970","US","2088749332","",""
"1487106456","5110 Tieton Dr Ste 370","","Yakima","WA","989083499","US","5099077872","",""
"1770209025","23357 Mulholland Dr # 9613","","Woodland Hills","CA","913642734","US","8182238240","",""
"1881779296","605 W H St Ste 110","","Brawley","CA","922272250","US","7603446355","47976","7603446921"
"1790506491","4104 Emporia Ct","","Naperville","IL","605647129","US","6302347702","",""
"1811604085","2235 E Garvey Ave N","","West Covina","CA","917911540","US","8552237123","",""
"1114084548","5255 E Stop 11 Rd Ste 400","","Indianapolis","IN","462376341","US","3175286640","","3175286650"
"1528877578","12720 Colorado Blvd Unit H","","Thornton","CO","802412823","US","7206000370","","7206000374"
"1528877578","27713 E 1st Pl","","Aurora","CO","800181913","US","5754423717","",""
"1518628767","645 Penn Street 5th Floor","","Reading","PA","19601","US","6108980770","204","6108980773"
"1972374759","2000 Tower Oaks Blvd Ste 500","","Rockville","MD","208524377","US","3014445001","",""
"1700350550","3125 Transverse Dr Ste L","","Toledo","OH","436148008","US","4193835695","","4193833031"
"1700350550","16101 Snow Rd","","Brookpark","OH","441422817","US","4402608300","",""
"1295066181","499 Beckett Rd Ste 103","","Swedesboro","NJ","080851766","US","8569755027","","8568324938"
"1063650315","4401 Campus Ridge Dr Ste 1100","","Midland","MI","486406125","US","9898379200","","9898379205"
"1184573917","19000 St Joes Pkwy Ste 160","","Livonia","MI","481521478","US","7348845200","",""
"1053810275","1 Cooper Plz","","Camden","NJ","081031461","US","8563422000","",""
"1548651946","110 Pine Grove Cmns","","York","PA","174035151","US","7177415257","","7177415336"
"1912604224","3800 Reservoir Rd NW","","Washington","DC","200072113","US","2024442000","",""
"1093174807","1405 Centerville Rd","Suite 5000","Tallahassee","FL","323084655","US","8504318346","","8504318349"
"1962355123","333 W Maude Ave Ste 208","","Sunnyvale","CA","940854373","US","4087201766","",""
"1962355123","14040 Blossom Hill Rd","","Los Gatos","CA","950325117","US","4086246176","",""
"1255965810","819 Cypress Village Blvd","","Sun City Center","FL","335736834","US","8139222660","","8337841539"
"1699532044","130 University Dr Ste 1300","","Marion","OH","433021118","US","7406924440","","7406924441"
"1902751993","7035 Orchard Lake Rd Ste 450","","West Bloomfield","MI","483223676","US","2488828698","",""
"1104771187","945 Stockton Dr Unit 7120","","Allen","TX","750136155","US","2145096313","",""
"1518812593","5405 Oberlin Dr Fl 2","","San Diego","CA","921211700","US","8589090770","","8589090880"
"1457206435","2210 Brooke St","","Panama City Beach","FL","324084116","US","8008699927","",""
"1457206435","107 White Cap Way","","Panama City Beach","FL","324074550","US","8008699927","",""
"1336094325","19829 N 27th Ave","","Phoenix","AZ","850274001","US","6238796100","",""
"1053266056","10190 Baltimore St NE Unit 200","","Blaine","MN","554496045","US","6124005731","",""
"1942768353","350 Heritage Way Ste 2100","","Kalispell","MT","599013167","US","4062578992","","4062578996"
"1942768353","1325 Spring St","","Greenwood","SC","296463860","US","8647253350","","8647253351"
"1235370024","1647 Woodbrooke Dr","","Salisbury","MD","218048502","US","4105462424","","4107426633"
"1033744149","3 Hidden Ln","","Branchburg","NJ","088763800","US","9082104427","",""
"1033744149","1945 State Route 33","","Neptune","NJ","077534859","US","7329740003","","7329740366"
"1982163168","24805 Pinebrook Rd Ste 105","","Chantilly","VA","201524127","US","5165620100","",""
"1730140146","104 Railroad St","","Bedford","PA","155221013","US","8142635804","",""
"1740817824","720 Washington Ave SE Ste 200","","Minneapolis","MN","554142924","US","6128840600","",""
"1790147999","9330 Washington Blvd","","Pico Rivera","CA","906603838","US","5622054200","",""
"1093392748","119 Belmont St Bldg G","","Worcester","MA","016052903","US","0833489425","","5083346490"
"1033670070","235 North Pearl St","","Brockton","MA","02301","US","5084272665","","5084272368"
"1033670070","10 Gove St","","East Boston","MA","02128","US","6175695800","",""
"1033670070","Msc 10 5610 1 University Of New Mexico","","Albuquerque","NM","871310001","US","5052726487","",""
"1033670070","736 Cambridge St","","Brighton","MA","02135","US","6177892762","",""
"1538666524","225 W 34th St Ste 1005","","New York","NY","101221005","US","2125647644","",""
"1538666524","1650 Grand Concourse","","Bronx","NY","104577679","US","7189927669","",""
"1013303080","100 E Carroll St","","Salisbury","MD","218015422","US","9724490540","",""
"1851825285","1920 W 1st St","Piedmont Plaza 1","Winston Salem","NC","271044220","US","3367163724","",""
"1851825285","104 Knox Ct","Suite 100","Davidson","NC","28036","US","7048925454","",""
"1487234399","11100 Euclid Ave","","Cleveland","OH","441061716","US","2168441000","",""
"1710306899","1127 University Blvd NE Dept Of","","Albuquerque","NM","871021740","US","5052722245","",""
"1679360069","1600 Rockland Rd","","Wilmington","DE","198033607","US","8004164441","",""
"1366062176","102 Jackson St","Ste A&B","Enterprise","AL","36330","US","8772313376","",""
"1215626957","525 Ehringhaus St","","Hendersonville","NC","28739","US","8288085694","",""
"1700297934","1849 Ferdinand St","","Scranton","PA","185081722","US","5706508736","",""
"1700297934","200 Abraham Flexner Way","","Louisville","KY","402022877","US","5025887600","87600",""
"1700297934","1 Medical Center Dr","","Lebanon","NH","037560001","US","6036505000","","6036401228"
"1164800173","2988 S Pontiac St","","Denver","CO","802242710","US","7143079572","",""
"1588871925","3200 MacCorkle Ave SE","","Charleston","WV","253041227","US","3043885432","",""
"1588871925","200 Abraham Flexner Way","","Louisville","KY","402022877","US","5025887600","87600",""
"1588871925","11109 Parkview Plaza Dr","","Fort Wayne","IN","468451701","US","2606726637","","2604585355"
"1194762161","22101 Moross Rd","","Detroit","MI","482362148","US","3133434000","",""
"1194762161","29992 Northwestern Hwy","","Farmington Hills","MI","483343292","US","2487358272","",""
"1790045144","7519 Hospital Dr","","Gloucester","VA","230614178","US","8046938800","",""
"1790045144","11600 Busy St Ste 203","","North Chesterfield","VA","232364066","US","8045060526","","8045060526"
"1235705989","3436 Spring Creek Dr","","Santa Rosa","CA","954057169","US","8432242673","",""
"1407859937","501 Dr Michael DeBakey Dr","","Lake Charles","LA","706015724","US","3374338400","","3374971173"
"1669048484","1110 Marshall Rd","","Greenwood","SC","296464299","US","8642277250","",""
"1033733159","2000 W Summerdale Ave Apt 403","","Chicago","IL","606251164","US","8476125859","",""
"1063297265","700 Childrens Dr","","Columbus","OH","432052664","US","6147222000","",""
"1053673160","1801 N Senate Blvd","","Indianapolis","IN","462021228","US","3179625820","","3179623916"
"1053673160","1701 N Senate Blvd","","Indianapolis","IN","462021239","US","8884843258","",""
"1053673160","200 Abraham Flexner Way","","Louisville","KY","402022877","US","5025887600","",""
"1851916944","1300 E Bradford Pkwy","","Springfield","MO","658044264","US","4177615000","","4177615011"
"1174750152","4440 W 95th St","","Oak Lawn","IL","604532600","US","7086845503","",""
"1447601109","1800 Orleans St, Tower 110","","Baltimore","MD","21287","US","4109555000","",""
"1447601109","VCUHS Dept of Cardiovascular Disease Fellowship, 980509","1250 E. Marshall Street","Richmond","VA","232980509","US","8048283149","",""
"1447601109","840 Harrison Ave Menino 2nd FL","Room 2635","Boston","MA","021182905","US","6176388702","","6176388770"
"1447601109","1425 Portland Ave","","Rochester","NY","146213001","US","5859224000","",""
"1447601109","732 Harrison Avenue, FL 3","Preston Building","Boston","MA","02118","US","6176387490","","6174148742"
"1447601109","736 Cambridge St","","Brighton","MA","021352907","US","6177893000","",""
"1447601109","15 Roche Brothers Way","Ste 110","North Easton","MA","023561000","US","7817926500","","7817926501"
"1255537304","3600 Minnesota Dr Ste 800","","Edina","MN","554357915","US","9525951100","",""
"1831395615","4041 Ed Dr Ste 108","","Raleigh","NC","276128092","US","9197838377","","9193243404"
"1417243528","2585 W Houghton Lake Dr","","Prudenville","MI","486519624","US","9893662900","",""
"1417243528","1619 Anderson Rd","","Petoskey","MI","497709256","US","2314176090","",""
"1417243528","14695 Park Ave Ste A","","Charlevoix","MI","497201920","US","2315472812","",""
"1417243528","8881 M 119","","Harbor Springs","MI","497409816","US","2319355880","",""
"1417243528","2147 Professional Dr","","Gaylord","MI","497350003","US","9897321753","",""
"1043998289","555 Carthage St","","Sanford","NC","273304104","US","9197746518","",""
"1821404260","701 E Rosser Ave","","Bismarck","ND","585014461","US","7017519500","",""
"1154055275","3000 Arlington Ave","","Toledo","OH","436142595","US","4193834000","","4193833058"
"1841863560","9858 N Wr Latham Dr","","Clarkton","NC","284339341","US","9108621217","","9106470208"
"1740444751","4500 Memorial Dr","","Belleville","IL","622265360","US","6182576220","36485","6182576679"
"1104552066","17 Limestone Dr Ste 5","","Williamsville","NY","142218601","US","7164580031","",""
"1619491099","34 Mountain Blvd Bldg C","","Warren","NJ","070592640","US","9082220515","",""
"1033662739","11169 E I25 Frontage Rd Ste C","","Firestone","CO","805045211","US","7206000370","","7206000374"
"1669201869","555 Second Ave Ste 5","","Collegeville","PA","194263600","US","6104952040","","6104952013"
"1184279002","118 Peace St","","N Wilkesboro","NC","286594519","US","3366677191","","3366676859"
"1447081799","11169 E I25 Frontage Rd Ste C","","Firestone","CO","805045211","US","7206000370","","7206000374"
"1063187714","900 Meadow Dr Ste A","","Mount Gilead","OH","433381063","US","5678766360","","6145331442"
"1841022035","201 Abraham Flexner Way Ste 1200","","Louisville","KY","402023841","US","5025887600","",""
"1235243122","10 Gove St","","East Boston","MA","021281920","US","6175695800","95800",""
"1922194448","1100 Reid Pkwy","","Richmond","IN","473741157","US","7659833000","",""
"1518290527","2054 Vista Pkwy Ste 400","","West Palm Beach","FL","334116742","US","5615791099","",""
"1164617379","1741 Dual Hwy Ste A","","Hagerstown","MD","217406626","US","3017900254","",""
"1588536924","1088 WASSERMAN WAY","","BATAVIA","OH","45103","US","5137358100","",""
"1588536924","2602 Victory Pkwy","","Cincinnati","OH","452061711","US","5137517747","",""
"1124379789","325 SW Frazier Ave","","Topeka","KS","666061963","US","7852325005","",""
"1790385938","13400 E Shea Blvd","","Scottsdale","AZ","852595499","US","4803018000","",""
"1760967269","701 Ostrum St Ste 602","","Fountain Hill","PA","180151184","US","4845266000","",""
"1619287661","2100 Harrisburg Pike","","Lancaster","PA","176012644","US","7175443172","","7175443229"
"1366318909","6232 S Church Ave","","Tampa","FL","336162304","US","8134049799","",""
"1225128846","4500 San Pablo Rd S","","Jacksonville","FL","322241865","US","9049532000","",""
"1891206439","2505 Harrison Ave","","Panama City","FL","324054423","US","8502333376","","8505228354"
"1891206439","106 Westside Dr","","Dothan","AL","36303","US","8502333376","",""
"1891206439","12907 Panama City Beach Pkwy","","Panama City Beach","FL","324072717","US","8502333376","","8505228354"
"1164243903","27 Hughes Rd","","Madison","AL","357582238","US","8502333376","","8505228354"
"1982905550","165 Lancaster St","","Portland","ME","041012406","US","2078741030","","2078741044"
"1861736027","22101 Moross Rd","Professional Building 1, Suite 212","Detroit","MI","482362148","US","3133434000","",""
"1144181843","71 US Route 1 Ste C","","Scarborough","ME","040747174","US","2078835532","","2078835552"
"1699639856","4725 US Highway 98 S Ste 101-102","","Lakeland","FL","338124334","US","8632749700","",""
"1770650517","3900 St Francis Way","Suite 200","Lafayette","IN","479054923","US","7657752800","","7657752831"
"1356052617","3903 E Lincoln Hwy","","Merrillville","IN","464105810","US","2197360900","","2197695803"
"1730243502","106 Westside Dr","","Dothan","AL","363031908","US","8502333376","","8505228354"
"1730243502","101 Cherry St","","Gadsden","AL","359015234","US","8502333376","","8505228354"
"1730243502","2017 Obrig Ave","","Guntersville","AL","359762156","US","8502333376","","8505228354"
"1346226511","150 S Warner Rd","ste 160","King Of Prussia","PA","194062826","US","6102549500","","6102549501"
"1417765462","1701 Library Blvd Ste A","","Greenwood","IN","461421567","US","3178819923","","3178819966"
"1952468969","475 Kilvert St","","Warwick","RI","028861379","US","4012908218","",""
"1194534164","8325 Greenbrier Rd","","Joelton","TN","370808864","US","6159252806","",""
"1194534164","3556 Tom Austin Hwy Ste 2","","Springfield","TN","371723960","US","6154924595","",""
"1396102745","36101 Bob Hope Dr Ste A","","Rancho Mirage","CA","922702001","US","7603211315","","7603211094"
"1972049609","24 Antrim Commons Dr","","Greencastle","PA","172251623","US","7175930512","","7178396810"
"1972049609","2149 S Queen St","","York","PA","174034845","US","7173564460","","7172603326"
"1972049609","601 E Main St","","Waynesboro","PA","172682332","US","7177655088","","7178572515"
"1972049609","46 Walnut Bottom Rd Ste 100","","Shippensburg","PA","172578219","US","7174772764","","7178396951"
"1972049609","7095 Westbranch Hwy Ste 1000","","Lewisburg","PA","178376864","US","5705233006","","5705230404"
"1972049609","96 Sofia Dr Ste 208","","Shrewsbury","PA","173615201","US","7178122400","","7178123005"
"1972049609","100 Eisenhower Dr Ste 360","","Hanover","PA","173315241","US","7176464201","","7176464202"
"1972049609","455 S Washington St Ste 12","","Gettysburg","PA","173252516","US","7173392875","","7173343921"
"1972049609","4050 N George Street Ext","","Manchester","PA","173459347","US","7173564370","","7172603316"
"1972049609","101 W Airport Rd","","Lititz","PA","175439274","US","7174662445","","7174662447"
"1972049609","446 N Reading Rd","","Ephrata","PA","175229802","US","7177385275","","7177385278"
"1972049609","717 Town Center Dr","","York","PA","174084824","US","7173564240","","7173564241"
"1972049609","1000 Norland Ave","","Chambersburg","PA","172014229","US","7172676363","","7178396421"
"1972049609","2250 E Market St","","York","PA","174022857","US","7178511566","","7178123950"
"1457122020","2499 Glades Rd Ste 109","","Boca Raton","FL","334317260","US","8134241401","","8449693738"
"1851250948","101 Cabarrus Ave E Ste 200","","Concord","NC","280253781","US","8557432247","",""
"1558122408","1146 Nc Highway 86 N","","Yanceyville","NC","273798646","US","3366941175","",""
"1033610969","700 Scott and White Dr","","College Station","TX","778456441","US","9792070100","","9792072161"
"1083152516","101 W Edison Ave Ste 246","","Appleton","WI","549157807","US","2622262006","",""
"1326630724","370 Minorca Ave Fl 2","","Coral Gables","FL","331344321","US","3054433001","",""
"1790482834","7200 Wyoming Springs Dr Ste 1600","","Round Rock","TX","786814307","US","5125881439","",""
"1790482834","1880 N Stonebridge Dr Ste 230","","McKinney","TX","750717562","US","9729545547","","8336512536"
"1790482834","5353 Williams Dr Ste 105","","Georgetown","TX","786332045","US","5128822889","",""
"1790482834","610 Uptown Blvd Ste 2000","","Cedar Hill","TX","751043528","US","2142958141","","8446896727"
"1790482834","1400 N Coit Rd","","McKinney","TX","750716655","US","4696388881","",""
"1790482834","3009 E Renner Rd","","Richardson","TX","750823571","US","4698081690","","8337604113"
"1790482834","1701 River Run Ste 1118","","Fort Worth","TX","761076557","US","8178653954","",""
"1790482834","4119 Montrose Blvd Ste 230","","Houston","TX","770064964","US","2819901506","",""
"1790482834","777 International Pkwy Ste 260","","Flower Mound","TX","750225303","US","9722217900","","9722217901"
"1790482834","1708 Coit Rd Ste 210","","Plano","TX","750755025","US","4693612743","",""
"1790482834","511 University Dr E","","College Station","TX","778405902","US","9797256404","","8446895600"
"1790482834","12603 Southwest Fwy Ste 510","","Stafford","TX","774773818","US","2814944471","",""
"1790482834","13701 Woodway Dr Fl 2","","Woodway","TX","767123146","US","2543435002","","8446899292"
"1790482834","7000 Bee Caves Rd Ste 325","","Austin","TX","787465009","US","5126849909","",""
"1790482834","5899 Preston Rd Ste 902","","Frisco","TX","750349593","US","4693532893","",""
"1790482834","950 E State Highway 114 Ste 160","","Southlake","TX","760925261","US","8889021704","",""
"1790482834","800 Crystal Falls Pkwy Bldg 9","","Leander","TX","786413666","US","5126147009","",""
"1790482834","5899 Preston Rd Ste 901","","Frisco","TX","750349593","US","4693532893","",""
"1790482834","768 Bandit Trl","","Keller","TX","762480182","US","8178653954","",""
"1790482834","3140 Legacy Dr Ste 130","","Frisco","TX","750347919","US","8889021704","",""
"1790482834","201 N Heatherwilde Blvd Ste 304","","Pflugerville","TX","786606448","US","8889021704","",""
"1790482834","1015 N Carroll Ave Ste 104","","Dallas","TX","752046607","US","4694423434","","8446892549"
"1790482834","2401 Callender Rd Ste 105","","Mansfield","TX","760638869","US","8173826797","",""
"1629437173","7630 SW 34th Mnr Ste 100","","Davie","FL","333281988","US","9549916810","","9549916811"
"1043965924","100 Foden Rd East, Ste 203","","South Portland","ME","04106","US","2078741489","","2075238590"
"1649076431","101 W Edison Ave Ste 246","","Appleton","WI","549157807","US","2622262006","",""
"1053265611","1401 Valley Rd","","Wayne","NJ","074702073","US","9732748439","",""
"1063914562","7700 W Sunrise Blvd","","Plantation","FL","333224113","US","9549396588","",""
"1063914562","Medical Center Blvd","","Winston Salem","NC","271570001","US","3367169252","","3367160567"
"1063914562","601 N Elm St","","High Point","NC","272624331","US","3368786000","","3368786010"
"1578418570","61 Delano St","","Pulaski","NY","131421400","US","3152986564","","3152983968"
"1578418570","3045 East Ave Ste G400","","Central Square","NY","130362611","US","3156759200","","3156303168"
"1578418570","510 S 4th St Ste 600","","Fulton","NY","130692952","US","3155984790","","3155936195"
"1578418570","7 Bridge St","","Phoenix","NY","131351906","US","3156954700","","3156954706"
"1578418570","5856 Scenic Ave","","Mexico","NY","131143012","US","3159634133","","3159634960"
"1356296354","900 Ridge St","","Stoughton","WI","535891864","US","6088736611","",""
"1356296354","2985 Triverton Pike Dr Ste 201","","Fitchburg","WI","537115803","US","6082389991","",""
"1215882220","10511 Northbrook Cir","","Palm Beach Gardens","FL","334127304","US","2397777198","",""
"1053879395","4415 Saint Andrews Rd","","Oakland","CA","946054531","US","8779337133","2",""
"1013048123","5650 Mount Ackerly Dr","","San Diego","CA","921114016","US","8584968205","2004",""
"1427027374","341 N Fayetteville St","","Asheboro","NC","272035501","US","8335104357","",""
"1427027374","12417 Ocean Gtwy Ste 7","","Ocean City","MD","218429522","US","8335104357","","8664602997"
"1427027374","5001 W Village Green Dr Ste 205","","Midlothian","VA","231124801","US","5138347063","",""
"1427027374","2205 N Parham Rd","","Richmond","VA","23229","US","8042702150","",""
"1699074039","Suite 400 Carimed Plaza","B1 Santa Cruz St.","Bayamon","PR","00961","US","7879985008","","7879985009"
"1134623820","4500 San Pablo Rd S","","Jacksonville","FL","32224","US","9049532000","",""
"1134623820","1620 W Harrison St","","Chicago","IL","606123801","US","3129425000","",""
"1679077291","Shands Hospital 1600 SW Archer Road","","Gainesville","FL","326100001","US","3523924104","",""
"1679077291","600 N Wolfe St","","Baltimore","MD","212870005","US","4432879494","",""
"1790244572","3345 Chambers Rd Ste 11","","Horseheads","NY","148451441","US","5854423411","","5854429550"
"1790244572","275 Parrish St","","Canandaigua","NY","144241785","US","5854423411","","5854429550"
"1558998328","501 W 14th St Ste 2N71","","Wilmington","DE","198011013","US","3023206485","","3023204536"
"1427752211","18905 I-10 Frontage Rd","","Vidor","TX","77662","US","4092340542","",""
"1699425512","2400 Kathleen Rd","","Lakeland","FL","338103077","US","8636871302","",""
"1487159711","111 Franklin Health Cmns","","Farmington","ME","049386144","US","2077792734","","2077792157"
"1487159711","24 Miles Center Way","","Damariscotta","ME","045434067","US","2075634811","","2078102380"
"1487159711","96 Campus Dr","","Scarborough","ME","040747163","US","2078859905","","2073965600"
"1487159711","1 Medical Center Dr","","Biddeford","ME","040059422","US","2072837937","","2072837018"
"1487159711","22 Bramhall St","","Portland","ME","041023134","US","2076626711","","2076626063"
"1487159711","25 June St","","Sanford","ME","040732621","US","2073244310","","2074907999"
"1013478171","1420 Renaissance Dr Ste 307","","Park Ridge","IL","600681343","US","8478031000","",""
"1073633442","860 Valley St.","","Dayton","OH","45404","US","9376413060","","9376413285"
"1134625817","12605 E 16th Ave","","Aurora","CO","800452545","US","8449452500","",""
"1104388941","600 N Kobayashi Ste 110","","Webster","TX","775984841","US","2813381701","",""
"1104388941","500 N Kobayashi Ste C","","Webster","TX","775984722","US","2818163092","",""
"1104388941","4615 Southwest Fwy Ste 1000","","Houston","TX","770277108","US","3462093001","",""
"1104388941","600 N Kobayashi Ste 309","","Webster","TX","775984841","US","2817248332","",""
"1104142744","4320 Seminary Rd","","Alexandria","VA","223041535","US","7035043000","","7035043388"
"1104142744","21785 Filigree Ct Ste 203","","Ashburn","VA","201476214","US","5714723270","","5714723271"
"1104142744","3025 Hamaker Ct Ste 101","","Fairfax","VA","220312229","US","5714723270","","5714723271"
"1104142744","44084 Riverside Pkwy","","Leesburg","VA","201768279","US","5714723270","","5714723271"
"1104142744","224D Cornwall St NW Ste 306","","Leesburg","VA","201762704","US","5714723270","","5714723271"
"1104142744","3300 Gallows Rd","","Falls Church","VA","220423307","US","7037764001","","7037767113"
"1104142744","44045 Riverside Pkwy","","Leesburg","VA","201765101","US","7038586000","","7038586900"
"1104142744","104 Selma Dr","","Winchester","VA","226013834","US","5406782800","",""
"1104142744","351 Valley Health Way # 200","","Front Royal","VA","226306480","US","5406360600","","5406360629"
"1104142744","190 Campus Blvd Ste 201","","Winchester","VA","22601","US","5406620306","","8552642066"
"1104142744","190 Campus Blvd Ste 201","","Winchester","VA","22601","US","5406620306","","8552642066"
"1518130418","1901 Mooney St","","Winston Salem","NC","271033027","US","3367168091","","3367169253"
"1659013431","1 Medical Center Dr","","Biddeford","ME","040059422","US","2072837980","","2072837793"
"1659013431","25A June St Ste 12","","Sanford","ME","040732642","US","2074907495","","2074907499"
"1699412148","101 W Edison Ave Ste 246","","Appleton","WI","549157807","US","2622262006","",""
"1871947267","355 Bard Ave","Department of Medicine Villa Bldg 1st floor","Staten Island","NY","103101664","US","7188182419","",""
"1871947267","100 Madison Ave","","Morristown","NJ","079606136","US","9739715198","","9085226147"
"1811131717","2255 W Hillsboro Blvd","","Deerfield Beach","FL","334421106","US","9545707270","","9545707548"
"1124319066","1360 E Venice Ave","","Venice","FL","342859066","US","9414882020","","9414842200"
"1538915582","601B W Washington St","","Geneva","NY","144562119","US","3157818448","","3157818444"
"1235752767","4530 E Ray Rd Ste 120","","Phoenix","AZ","850446095","US","6023579986","",""
"1851037162","950 E State Highway 114 Ste 160","","Southlake","TX","760925261","US","8889021704","",""
"1851037162","201 N Heatherwilde Blvd Ste 304","","Pflugerville","TX","786606448","US","8889021704","",""
"1851037162","1880 N Stonebridge Dr Ste 230","","McKinney","TX","750717562","US","9729545547","","8336512536"
"1851037162","800 Crystal Falls Pkwy Bldg 9","","Leander","TX","786413666","US","5126147009","","8334385165"
"1851037162","1015 N Carroll Ave Ste 104","","Dallas","TX","752046607","US","4694423434","","8446892549"
"1851037162","768 Bandit Trl","","Keller","TX","762480182","US","8178653954","",""
"1851037162","511 University Dr E","","College Station","TX","778405902","US","9797256404","","8446895600"
"1851037162","2401 Callender Rd Ste 105","","Mansfield","TX","760638869","US","8173826797","",""
"1851037162","5899 Preston Road Building 9","Suites 901-902","Frisco","TX","75034","US","4693532893","",""
"1851037162","7200 Wyoming Springs Dr Ste 1600","","Round Rock","TX","786814307","US","5125881439","",""
"1851037162","1701 River Run Ste 118","","Ft Worth","TX","761076529","US","9722217900","",""
"1851037162","4119 Montrose Blvd Ste 230","","Houston","TX","770064964","US","2819901506","",""
"1851037162","12603 Southwest Fwy Ste 510","","Stafford","TX","774773818","US","2814944471","",""
"1851037162","777 International Pkwy Ste 260","","Flower Mound","TX","750225303","US","9722217900","",""
"1851037162","5353 Williams Dr Ste 105","","Georgetown","TX","786332045","US","5128822889","","8337644909"
"1851037162","3140 Legacy Dr Ste 130","","Frisco","TX","750347919","US","8889021704","",""
"1851037162","7000 Bee Caves Rd Ste 325","","Austin","TX","787465009","US","5126849909","",""
"1851037162","1708 Coit Rd Ste 210","","Plano","TX","750755025","US","4693612743","",""
"1851037162","610 Uptown Blvd Ste 2000","","Cedar Hill","TX","751043528","US","2142958141","","8446896727"
"1851037162","13701 Woodway Dr Fl 2","","Woodway","TX","767123146","US","2543435002","","8446899292"
"1851037162","1400 N Coit Rd","","McKinney","TX","750716655","US","4696388881","",""
"1851037162","3009 E Renner Rd","","Richardson","TX","750823571","US","4698081690","","8337604113"
"1861607418","401 E Highland Ave Ste D","","San Bernardino","CA","924043800","US","9094752700","","9094752738"
"1922486505","606 Culver St","","Commerce","TX","754283608","US","9032593602","",""
"1922486505","2600 Commerce Way","","Kaufman","TX","751427325","US","9727503177","","9729327007"
"1922486505","106 Medical Cir","","Sulphur Springs","TX","754822138","US","9038851730","","9038850050"
"1922486505","91 W Side Sq","","Cooper","TX","754321725","US","9033950586","","9033950589"
"1922486505","1708 W Audie Murphy Pkwy Ste 400","","Farmersville","TX","754422708","US","9727826131","","9727826304"
"1922486505","3005 Joe Ramsey Blvd E Ste A","","Greenville","TX","754017776","US","9034554458","43025","9034551604"
"1194573295","5555 Old Airport Rd","","Moab","UT","845325105","US","4354199210","","4352163020"
"1053365916","3003 S Florida Ave Ste 203","","Lakeland","FL","338034050","US","8636882700","",""
"1053365916","2400 Kathleen Rd","","Lakeland","FL","338103077","US","8632846809","",""
"1649627928","834 Sheridan St","","Port Townsend","WA","983682443","US","3607748126","","3607748129"
"1649627928","1421 Narrow Lane Pkwy","","Montgomery","AL","361112654","US","3342843105","","3342843107"
"1649627928","14521 Forest Road","Suite D","FOREST","VA","24551","US","4344858500","",""
"1649627928","571 34th Ave S","","Jacksonville Beach","FL","322503919","US","8337674386","",""
"1649627928","2405 Atherholt Road","","LYNCHBURG","VA","24501","US","4344858517","",""
"1134172141","1000 N Allen St","","Robinson","IL","624541114","US","6185443131","","2173472932"
"1992597645","8001 Marketplace Dr Ste A","","Oak Ridge","NC","273109302","US","3366562705","",""
"1992597645","442 S Highway 27","","Stanley","NC","281642055","US","7042631416","",""
"1992597645","1685 S State Road 7 Ste 4","","Hollywood","FL","330236721","US","9543973251","",""
"1962294306","5003 Southpark Dr Ste 240","","Durham","NC","277139414","US","9193954614","",""
"1437506060","1100 Blythe Blvd","","Charlotte","NC","282035814","US","7043557760","",""
"1285013979","16250 Northland Dr Ste 239","","Southfield","MI","480755206","US","3138002497","",""
"1720828817","101 W Edison Ave Ste 246","","Appleton","WI","549157807","US","2622262006","",""
"1568990034","1001 E Leigh St Fl 11","","Richmond","VA","232985004","US","8048285348","",""
"1003344359","24200 US Highway 23 S","","Circleville","OH","431139002","US","7404777200","",""
"1205874930","593 Eddy St","","Providence","RI","029034923","US","4014445174","","4019219212"
"1740416783","1416 Brace Rd","","Cherry Hill","NJ","080343525","US","8567958020","",""
"1952340804","601 John St","","Kalamazoo","MI","490075341","US","2693417979","",""
"1194086348","5238-16 Norwood Avenue","","Jacksonville","FL","32208","US","9048611222","","9048612688"
"1467890723","72 Main St","","Kennebunk","ME","040437021","US","2074678810","","2074678811"
"1467890723","12 High St Ste 401","","Lewiston","ME","042407690","US","2077955710","","2077952559"
"1154769966","701 W Pratt St Fl 4","University of Maryland Medical Center","Baltimore","MD","212011023","US","4013283522","",""
"1487684353","700 NE 87th Ave","Suite 250","Vancouver","WA","986641913","US","3608822778","","3606041727"
"1336765528","1220 E Cumberland Ave Unit 211","","Tampa","FL","336024237","US","2245789250","",""
"1770214421","601 N Elm St","","High Point","NC","272624331","US","3368786000","","3368786010"
"1023853579","2113 Klockner Rd","","Hamilton","NJ","086903403","US","6097105526","","6095034194"
"1699392415","1611 S Baltimore St","","Kirksville","MO","635014518","US","6606657575","","6606657576"
"1699392415","530 Park Ln","","Chillicothe","MO","646011560","US","6607529006","","6602589006"
"1437048162","5826 Samet Dr Ste 103","","High Point","NC","272653661","US","3369056300","","3367169258"
"1437048162","Medical Center Blvd","","Winston Salem","NC","271570001","US","3367162255","",""
"1265694095","5643 NW 29th St","","Margate","FL","330631531","US","9549796900","",""
"1912685223","8228 SW 158th Ave","","Miami","FL","331935252","US","7863857838","",""
"1336348077","101 W Edison Ave Ste 246","","Appleton","WI","549157807","US","2622262006","",""
"1023017894","1135 Lake St","","Girard","PA","164171049","US","8147743155","","8144562375"
"1023017894","4401 Iroquois Ave","","Erie","PA","165112219","US","8144640509","","8144562375"
"1750765285","101 W Edison Ave Ste 246","","Appleton","WI","549157807","US","2622262006","",""
"1356639942","1221 N Highland Ave","","Aurora","IL","605061404","US","6308598700","",""
"1447667183","2550 Windy Hill Rd SE","","Marietta","GA","300678665","US","8502333376","","8505228354"
"1215829775","6340 S 3000 E Ste 200","","Cottonwood Heights","UT","841213552","US","4356556600","","4356552388"
"1215829775","380 E 1500 S Ste 103","","Heber City","UT","840323940","US","4356556600","","4356552388"
"1417956582","2300 N Commerce Pkwy","","Weston","FL","333263254","US","9542173101","",""
"1417956582","501 N Flamingo Rd","","Pembroke Pines","FL","330281016","US","9548896223","","9549622346"
"1467652149","7213 Green Slope Dr","","Zephyrhills","FL","335411306","US","8133554914","","8555475415"
"1215500087","130 W Ravine Rd","","Kingsport","TN","376603837","US","4232246431","",""
"1992485296","101 W Edison Ave Ste 246","","Appleton","WI","549157807","US","2622262006","",""
"1659254985","2790 Mosside Blvd Ste 720","","Monroeville","PA","151462755","US","4123722770","","4123724656"
"1659254985","419 W Pittsburgh St","","Greensburg","PA","156012211","US","7248375810","","7248378938"
"1598771677","1614 W 42nd Ave","","Pine Bluff","AR","716037006","US","8705346800","","8705346846"
"1558970202","8 City Blvd Ste 100","","Nashville","TN","372092558","US","6152630155","","6152630171"
"1770831984","2113 Klockner Rd","","Hamilton","NJ","086903403","US","6097105526","","6095034194"
"1003427196","701 Secretary Dr","","Arlington","TX","760151623","US","2142866565","","8175336015"
"1720754526","2824 Elkhart Rd","","Goshen","IN","465261014","US","5745351700","","5745351799"
"1174299705","10999 Reed Hartman Hwy Ste 207","","Blue Ash","OH","452428301","US","5137488012","",""
"1811771579","333 N Michigan Ave Ste 2400","","Chicago","IL","606014040","US","7736090361","77995","3128965595"
"1174242085","4357 Lafayette St","","Marianna","FL","324462929","US","8502333376","","8505228354"
"1174242085","75 Origins Main St Ste 203&204","","Watersound","FL","324618825","US","8502333376","","8505228354"
"1174242085","3089 Gulf Breeze Pkwy","","Gulf Breeze","FL","325633216","US","8502333376","","8505228354"
"1568896629","11501 SW 40th St","","Miami","FL","331653313","US","3056425366","","3056313828"
"1831406412","1101 26th St S","","Great Falls","MT","594055161","US","4067318888","","4067318318"
"1831406412","1402 E County Line Rd","","Indianapolis","IN","462270963","US","3178877000","","3178877606"
"1831406412","2609 Medical Office Pl","","Goldsboro","NC","275349428","US","9197341779","","9197347570"
"1386126936","3 Glory Days Dr","","New Gloucester","ME","042603888","US","2079263248","",""
"1386126936","21 Leach Hill Rd","","Casco","ME","040153229","US","2074158198","",""
"1386126936","223 Roosevelt Trl","","Casco","ME","040154217","US","2076551030","",""
"1386126936","25 Songo School Rd","","Naples","ME","040555500","US","2076936828","",""
"1457029381","2333 Ontario Rd NW","","Washington","DC","200092627","US","2024838196","",""
"1043611205","101 W Edison Ave Ste 246","","Appleton","WI","549157807","US","2622262006","",""
"1326032004","111 Brewster St","","Pawtucket","RI","028604400","US","4017292635","","4017292157"
"1326032004","455 Toll Gate Rd","","Warwick","RI","028862759","US","4017377010","","4017364546"
"1679660617","1400 NW 12th Ave","","Miami","FL","331361003","US","3052434357","",""
"1679660617","900 NW 17th Ave","","Delray Beach","FL","334452519","US","3053266111","",""
"1669467833","1324 Lakeland Hills Blvd","","Lakeland","FL","338054543","US","8636871100","",""
"1447087465","Ave Paseo de los Gigantes, via 21, RL-9","Urb. Villa Fonatana Segundo piso","Carolina","PR","00983","US","7872065967","",""
"1023845203","4321 Fir St","","East Chicago","IN","463123049","US","2193927466","","2193927470"
"1023845203","1500 S Lake Park Ave","","Hobart","IN","463426638","US","2193927466","","2193927470"
"1023845203","10215 Broadway","","Crown Point","IN","463078001","US","2193927466","","2193927470"
"1023845203","13043 W Thistle Ct","","Homer Glen","IL","604918703","US","2243100974","",""
"1023845203","4320 Fir St Ste 4141","","East Chicago","IN","463123052","US","2193927466","","2193927470"
"1023845203","901 MacArthur Blvd","","Munster","IN","463212901","US","2193927466","","2193927470"
"1235239286","55 Fruit St","","Boston","MA","021142621","US","6177262000","",""
"1235239286","311 Service Rd","","East Sandwich","MA","025371370","US","5088334000","",""
"1861163222","102 Medical Park Ct","","Clinton","SC","293257537","US","8643587387","","8649380229"
"1780155762","16001 W 9 Mile Rd","","Southfield","MI","480754818","US","2488495806","","2488495489"
"1780155762","14555 LeVan Rd Ste 311","","Livonia","MI","481545085","US","2488804880","",""
"1689909442","10755 Park Blvd","","Seminole","FL","337725420","US","7273920907","",""
"1689909442","501 N Howard Ave Ste 100","","Tampa","FL","336061213","US","7275818706","","7275882447"
"1689909442","3165 N McMullen Booth Rd Ste 1","","Clearwater","FL","337612032","US","7275818706","","7275882447"
"1689909442","6133 Central Ave","","St Petersburg","FL","337108529","US","7275818706","","7275882447"
"1699286104","1971 E Beltline Ave NE Ste 106","","Grand Rapids","MI","495257045","US","9549090270","","8448898133"
"1396934162","1 Childrens Plz","","Dayton","OH","454041815","US","9376413401","","9376413066"
"1881357432","2020 NE 48th Ct","","Fort Lauderdale","FL","333084522","US","9544911686","","8884641231"
"1588092662","316 Calhoun St","","Charleston","SC","294011113","US","8437242450","","8437242455"
"1679977490","1400 S Main St Ste 403","","Fort Worth","TX","76104","US","8177021100","","8173351805"
"1679977490","2900 N Interstate 35 Ste 100","","Denton","TX","76201","US","9403237961","","9403237969"
"1255974150","2494 SW 19th Avenue Rd","","Ocala","FL","344717859","US","3526714422","","3526714423"
"1972889343","9150 Baltimore National Pike Ste 15","","Ellicott City","MD","210422614","US","4434206182","",""
"1881555498","2017 Obrig Ave","","Guntersville","AL","359762156","US","8502333376","","8505228354"
"1578006532","333 N Michigan Ave Ste 1530","","Chicago","IL","606014000","US","7797071787","",""
"1942376033","211 Park St","","Attleboro","MA","027033143","US","5082225200","",""
"1942376033","125 Metro Center Blvd Ste 2000","","Warwick","RI","028861785","US","4014322500","","4014538220"
"1225366453","1106 W Seaboard St","","Bladenboro","NC","283206985","US","9106156949","",""
"1225366453","6201 Raeford Rd","","Fayetteville","NC","283042425","US","9106093780","",""
"1225366453","16 3rd Street","","Dublin","NC","283328903","US","9106156949","",""
"1225366453","300A E McKay St","","Elizabethtown","NC","283379037","US","9108625500","",""
"1467607788","920 2nd Ave S","Suite 400","Minneapolis","MN","55402","US","6122251534","",""
"1750986964","2120 Sarno Rd","","Melbourne","FL","329353084","US","3212416800","","3212416890"
"1588323216","12830 Hesperia Rd Ste A-D","","Victorville","CA","923957788","US","7606848999","","7606848111"
"1255847414","36101 Bob Hope Dr Ste A","","Rancho Mirage","CA","922702001","US","7603211315","","7603211094"
"1003110529","2 Stone Harbor Blvd","","Cape May Court House","NJ","082102138","US","6094632000","",""
"1134285448","11403 N Tryon St","","Charlotte","NC","282620408","US","8888526672","","3058914228"
"1134285448","504 Kintyre Dr","","Monroe","NC","281124111","US","8034480865","",""
"1134285448","8601 Six Forks Rd Ste 412","","Raleigh","NC","276155276","US","9842830333","","9842830433"
"1134285448","3057 Senna Dr","","Matthews","NC","281056727","US","8888526672","","3058914228"
"1326511981","12222 Merit Dr Ste 600","","Dallas","TX","752513294","US","9727155000","","9727159976"
"1912415985","3185 Macatawa Dr SW Ste A","","Grandville","MI","49418","US","6163914500","",""
"1912415985","806 Alger St SE","","Grand Rapids","MI","49507","US","6164528923","",""
"1548734528","810 E 4th St","","Duluth","MN","558052147","US","2187284491","","2187284404"
"1548734528","1401 E 1st St","","Duluth","MN","558052407","US","2187284491","","2187284404"
"1548734528","325 11th Ave","","Two Harbors","MN","556161300","US","2188345520","","2188344264"
"1548734528","40 11th St","","Cloquet","MN","557201817","US","2188794559","","2188790282"
"1568092781","9298 Central Ave NE Ste 306","","Blaine","MN","554344219","US","6519554633","","6514409827"
"1962482927","2201 E Nine Mile Rd","","Pensacola","FL","325147772","US","8506529122","","8506557949"
"1932255924","3112 Meridian St N","","Huntsville","AL","358111539","US","2564287110","","2564287561"
"1932255924","173 Wood St","","Gurley","AL","357489028","US","2567767308","","2564287561"
"1932255924","11588 Pulaski Pike","","Toney","AL","357739381","US","2566931006","","2564287561"
"1932255924","2755 Wilson Dr NW","","Huntsville","AL","358163949","US","2564287428","","2564287561"
"1932255924","4801 Bob Wallace Ave SW","","Huntsville","AL","358053308","US","2564287488","","2564287561"
"1003093253","600 N Kobayashi Ste 110","","Webster","TX","775984841","US","2813381701","",""
"1003093253","600 N Kobayashi Ste 309","","Webster","TX","775984841","US","2817248332","",""
"1003093253","500 N Kobayashi Ste C","","Webster","TX","775984722","US","2818163092","",""
"1003093253","4615 Southwest Fwy Ste 1000","","Houston","TX","770277108","US","3462719030","","3462752917"
"1730644030","910 Campisi Way","","Campbell","CA","950082340","US","4088274274","","4088274275"
"1912703224","704 S 75th St","","Omaha","NE","681144621","US","4025565290","","4025529242"
"1740135763","29 Calle Washington #608","ste 807","San Juan","PR","009071503","US","7876083423","",""
"1023963048","148 Wind Chime Ct","","Raleigh","NC","276156581","US","9192634348","",""
"1184579112","1100 13th Ave S","","Grand Forks","ND","582015415","US","7013173218","",""
"1063367092","5700 W Markham St","","Little Rock","AR","722053328","US","5072270184","",""
"1285765792","593 Eddy St","","Providence","RI","029034923","US","4016494090","","4016494091"
"1285765792","164 Summit Ave","","Providence","RI","029062853","US","4016494090","","4016494091"
"1295077063","3000 New Bern Ave","","Raleigh","NC","276101231","US","9193508000","","9193507687"
"1801472899","5901 E Fowler Ave Ste 100","","Temple Terrace","FL","336172305","US","8139789700","",""
"1376503003","1600 SW Archer Rd","","Gainesville","FL","326103003","US","3522650301","50301",""
"1508250846","100 Cook Street","Suite 306","Denver","CO","80206","US","7205166405","","7205169433"
"1679100879","2367B Cypress Cir","","Conway","SC","295268921","US","8433491001","","8433491008"
"1124550256","620 Johns Rd","","Laurinburg","NC","283525128","US","8002268874","",""
"1124550256","7 Mockingbird Ln","","Savannah","GA","314196020","US","9127552788","",""
"1124550256","2040 Colonial Dr","","Savannah","GA","314062226","US","8002268874","",""
"1700906294","235 N Pearl St","","Brockton","MA","023011794","US","5084272665","",""
"1700906294","41 Mall Rd","","Burlington","MA","018058042","US","7817448000","",""
"1700906294","736 Cambridge St","","Brighton","MA","021352907","US","6177893000","",""
"1841685112","1911 Hillandale Rd Ste 1050","","Durham","NC","277052666","US","8432702442","","8432702442"
"1104322999","1 Hospital Dr # D109","","Columbia","MO","652125302","US","5738823818","",""
"1104322999","4615 Southwest Fwy Ste 1000","","Houston","TX","770277108","US","2814076943","",""
"1104322999","500 N Kobayashi Ste C","","Webster","TX","775984722","US","2818163092","",""
"1104322999","600 N Kobayashi Ste 309","","Webster","TX","775984841","US","2817248332","",""
"1104322999","600 N Kobayashi Ste 110","","Webster","TX","775984841","US","2813381701","",""
"1235635657","200 S Andrews Ave Ste 504","","Fort Lauderdale","FL","333012066","US","6172978085","","6178121689"
"1235635657","767 Broadway Ste 1104","","New York","NY","100036803","US","6172978085","","6178121689"
"1811526692","2641 Rocky Ridge Ln","","Vestavia Hills","AL","352164809","US","6152214400","",""
"1811526692","510 20th St S Ste 858","","Birmingham","AL","352332028","US","2059345188","",""
"1679192751","600 N Kobayashi Ste 110","","Webster","TX","775984841","US","2813381701","81701",""
"1679192751","500 N Kobayashi Ste C","","Webster","TX","775984722","US","2818163092","",""
"1679192751","600 N Kobayashi Ste 309","","Webster","TX","775984841","US","2817248332","",""
"1851657241","106 Westside Dr","","Dothan","AL","363031908","US","8502333376","","8505228354"
"1851657241","2017 Obrig Ave","","Guntersville","AL","359762156","US","8502333376","","8505228354"
"1215679220","4301 W Markham St # 515","","Little Rock","AR","722057101","US","5016031656","",""
"1720585250","267 Grant St","","Bridgeport","CT","066102805","US","2033844677","","2033843135"
"1720585250","2 Palisades Dr","","Albany","NY","122051438","US","5184582000","","5184581524"
"1679797633","2810 W Charleston Blvd Ste 73","","Las Vegas","NV","891021910","US","7023312142","","7023311915"
"1639460959","4615 Southwest Fwy Ste 1000","","Houston","TX","770277108","US","3462505521","","3462003253"
"1639460959","500 N Kobayashi Ste C","","Webster","TX","775984722","US","2818163092","",""
"1639460959","21216 Northwest Fwy Ste 400","","Cypress","TX","774294696","US","3462099678","",""
"1639460959","4615 Southwest Fwy Ste 850","","Houston","TX","770277162","US","3466161330","",""
"1184078248","228 Saint Charles Way Ste 200","","York","PA","174024661","US","7178515503","",""
"1306427794","55 Fruit St","","Boston","MA","021142696","US","8506039841","",""
"1447216981","2 Shaws Cv","","New London","CT","06320","US","8607720380","","8607720382"
"1447216981","35 Wells St Unit 3","","Westerly","RI","028912962","US","4013159575","",""
"1093773673","15 Parkman St","WACC 440","Boston","MA","021143117","US","6176437647","","6176434714"
"1316238025","23501 Cinco Ranch Blvd Ste G205","","Katy","TX","774943286","US","2819822144","",""
"1316238025","120 Flag Lake Dr Ste A","","Lake Jackson","TX","775666292","US","2819161012","","2819161073"
"1316238025","600 N Kobayashi Ste 309","","Webster","TX","775984841","US","2817248332","",""
"1316238025","600 N Kobayashi Ste 110","","Webster","TX","775984841","US","2813381701","",""
"1316238025","500 N Kobayashi Ste C","","Webster","TX","775984722","US","2818163092","",""
"1073201935","390 Red Cedar St Ste 108","","Menomonie","WI","547512265","US","6122170584","","8887782961"
"1073201935","730 E 38th St Ste 101","","Minneapolis","MN","554075218","US","6122170584","","8887782961"
"1245086487","1 Hurley Plz # 2C2D","","Flint","MI","485035902","US","8102629406","","8102626607"
"1437732351","3095 Kettering Blvd","","Moraine","OH","454391983","US","9372938300","",""
"1063900496","7211 Wellington Dr Ste 101","","Knoxville","TN","379195968","US","8655888005","","8655887716"
"1417907361","300 Central Ave Fl 3","","East Orange","NJ","070182819","US","9734146806","",""
"1720039829","4413 US Highway 331 S","","Defuniak Springs","FL","324356307","US","8502333376","","8505228354"
"1720039829","2550 Pass Rd","","Biloxi","MS","395312726","US","8502333376","","8505228354"
"1720039829","75 Origins Main St Ste 203","","Watersound","FL","324618826","US","8502333376","","8505228354"
"1720039829","12907 Panama City Beach Pkwy","","Panama City Beach","FL","324072717","US","8502333376","","8505228354"
"1720039829","4357 Lafayette St","","Marianna","FL","324462929","US","8502333376","","8505228354"
"1720039829","3089 Gulf Breeze Pkwy","","Gulf Breeze","FL","325633216","US","8502333376","","8505228354"
"1710677919","701 Dellwood St S","","Cambridge","MN","550081920","US","7636898700","",""
"1225484959","1500 Waukegan Rd Ste 250","","Glenview","IL","600252165","US","8476579445","","8476579450"
"1558314757","593 Eddy St","","Providence","RI","029034923","US","4014443565","","4014445493"
"1558314757","164 Summit Ave","","Providence","RI","029062853","US","4017932928","","4017937401"
"1427269885","3 Racetrack Rd NE","","Fort Walton Beach","FL","325471875","US","8502333376","","8505228354"
"1427269885","2181 Orange Ave E","","Tallahassee","FL","323116144","US","7343062299","",""
"1427269885","1707 Riggins Rd","","Tallahassee","FL","323085317","US","8508774134","","8504029130"
"1689240954","980 W Ironwood Dr Ste 306","","Coeur D Alene","ID","838142668","US","2086254970","","2086254991"
"1730126624","593 Eddy St","","Providence","RI","029034923","US","4014447793","","4014448179"
"1730126624","180 Corliss St Ste E1","","Providence","RI","029042602","US","4017932928","",""
"1730126624","1125 N Main St","","Providence","RI","029045739","US","4017932928","","4017937401"
"1073714457","8402 Harcourt Rd Ste 815","","Indianapolis","IN","462602057","US","3173389660","",""
"1073714457","762 S Cleveland Massillon Rd","","Fairlawn","OH","443333024","US","3306654100","227","3306656748"
"1821612318","447 WOODBOURNE RD","","LANGHORNE","PA","190474300","US","2154868272","","2157573600"
"1891361440","102 Jackson St Ste A&b","","Enterprise","AL","363303175","US","8502333376","","8505228354"
"1891361440","989 Elba Hwy","","Troy","AL","360796050","US","8502333376","","8505228354"
"1023785334","1 Wahoo Ave","","Groton","CT","063492324","US","8606943736","1461",""
"1336552496","5255 E Stop 11 Rd Ste 400","","Indianapolis","IN","462376341","US","3175286640","","3175286650"
"1679835243","110 Hardin Ln Ste 4","","Somerset","KY","425033818","US","8592781316","","8592763847"
"1679835243","2187 Lexington Rd Ste B1","","Richmond","KY","404757919","US","8592781316","27035","8592763847"
"1124466511","500 N Kobayashi Ste F","","Webster","TX","775984722","US","2817241860","","2817241861"
"1043660822","11116 Medical Campus Rd","","Hagerstown","MD","217426710","US","3017908000","",""
"1043660822","835 5th Ave","","Chambersburg","PA","172014220","US","7172174312","","7172174314"
"1043660822","1 Hospital Dr","","Lewisburg","PA","178379350","US","5705222000","","5707683911"
"1043660822","1001 S George St","","York","PA","174033676","US","7178127687","","7178515250"
"1043660822","1 Cooper Plz Dept Of","","Camden","NJ","081031461","US","8563422425","",""
"1043660822","12 St Paul Dr Ste 100","","Chambersburg","PA","172011035","US","7172176072","","7172176952"
"1043660822","252 S 4th St","","Lebanon","PA","170426111","US","7172707500","","7172281642"
"1043660822","35 Erick Rd","","Lancaster","PA","176013111","US","7176900811","","7172834193"
"1043660822","4150 Barrett Blvd Ste 100","","Ephrata","PA","175228979","US","7178595160","","7177983935"
"1043660822","90 Medical Park Dr Ste 2000","","Lewisburg","PA","178376343","US","5705242722","","5705240362"
"1043660822","55 Monument Rd","","York","PA","174035023","US","7178126425","","7178515250"
"1043660822","169 Martin Ave","","Ephrata","PA","175221734","US","7177330311","","7177215861"
"1043660822","25 Monument Rd Ste 270","","York","PA","174035073","US","7177418250","","7177418289"
"1043660822","501 E Main St","","Waynesboro","PA","172682353","US","7177653425","","7177653478"
"1043660822","112 N 7th St","","Chambersburg","PA","172011720","US","7172677164","","7172677414"
"1366069296","5150 Linton Blvd Ste 405","","Delray Beach","FL","334846543","US","5615768513","68513",""
"1720764285","332 Santa Fe Dr Ste 110","","Encinitas","CA","920245143","US","7609436700","",""
"1659933778","164 Summit Ave","","Providence","RI","029062853","US","4017932500","",""
"1558048413","240 Geiger Rd","","Philadelphia","PA","191151008","US","2156770380","",""
"1558048413","6305 W 95th St Fl 2","","Oak Lawn","IL","604532255","US","7084241300","","7084241786"
"1912262999","5050 Williams Ave","","Woodward","OK","738017713","US","5802569700","","5802569704"
"1912262999","1115 E Tyler St","","Athens","TX","757512145","US","9032925015","","9032925021"
"1912262999","1327 Oklahoma Ave","","Woodward","OK","738014454","US","4054936455","",""
"1518222488","81800 Doctor Carreon Blvd Ste B","","Indio","CA","922015595","US","7606477676","","7603470909"
"1730731555","3112 Meridian St N","","Huntsville","AL","358111539","US","2564287276","","2564287561"
"1730731555","11588 Pulaski Pike","","Toney","AL","357739381","US","2566931676","","2564287561"
"1730731555","173 Wood St","","Gurley","AL","357489028","US","2567767308","","2564287561"
"1356188874","66 Hanover St Ste 200","","Manchester","NH","031012230","US","6037873140","",""
"1922028596","2 Keefer Dr","","Mercersburg","PA","172361732","US","7173282119","",""
"1922028596","300 W King St Ste C","","Littlestown","PA","173401446","US","7173392390","",""
"1922028596","820 Chambersburg Rd","","Gettysburg","PA","173253310","US","7173374410","",""
"1922028596","264 Granite Run Dr","","Lancaster","PA","176016804","US","7177218205","",""
"1922028596","100 Frederick St Ste 101","","Hanover","PA","173313518","US","7178517050","",""
"1922028596","6 Perri Ave","","Myerstown","PA","170673200","US","7179496581","",""
"1922028596","105 4th St # 727","","East Berlin","PA","173169638","US","7178124900","",""
"1922028596","755 S Pleasant Ave","","Dallastown","PA","173139252","US","7178511300","","7174617137"
"1922028596","4131A Oregon Pike","","Ephrata","PA","175229550","US","7178591123","",""
"1922028596","30 W Swartzville Rd","","Reinholds","PA","175699641","US","7174844347","",""
"1922028596","3193 Cape Horn Rd","","Red Lion","PA","173568810","US","7178125888","","7177413709"
"1922028596","1575 Bannister St Ste 1","","York","PA","174044946","US","7178122000","","7178122010"
"1922028596","1227 Baltimore St","","Hanover","PA","173314406","US","7178125190","","7176372245"
"1922028596","2060 Carlisle Rd","","Aspers","PA","173049707","US","7173392585","","7176774781"
"1922028596","30 N 4th St # 2","","Lebanon","PA","170465606","US","7172740474","",""
"1922028596","720 Norman Dr","","Lebanon","PA","170427481","US","7176393230","",""
"1922028596","935 Route 522","","Selinsgrove","PA","178709714","US","5703726102","",""
"1922028596","46 Walnut Bottom Rd Ste 200","","Shippensburg","PA","172578219","US","7175324148","",""
"1922028596","13515 Wolfe Rd Ste C","","New Freedom","PA","173499346","US","7178122501","","7174617178"
"1922028596","1790 Old Trail Rd Ste A","","Etters","PA","173199652","US","7179386588","",""
"1922028596","601 E Main St","","Waynesboro","PA","172682332","US","7177655085","",""
"1922028596","101 Fairview Cir","","Lebanon","PA","170429581","US","7172797303","","7172797471"
"1922028596","370 Saint Charles Way","","York","PA","174024647","US","7177418003","","7174617404"
"1922028596","354 Alexander Spring Rd Ste 3","","Carlisle","PA","170157451","US","7174626873","","7178392772"
"1922028596","22 St Paul Dr","","Chambersburg","PA","172011036","US","7172646511","","7172641081"
"1922028596","7095 Westbranch Hwy Ste 1100","","Lewisburg","PA","178376864","US","5705245050","","5705245250"
"1922028596","1135 Georgetown Rd Unit 201","","Christiana","PA","175099543","US","7174662462","","7177988433"
"1922028596","1401 Roosevelt Ave","","York","PA","174042244","US","7173566250","","7175531269"
"1922028596","7055 Westbranch Hwy","","Lewisburg","PA","178376808","US","5705244141","","5705245218"
"1922028596","40 V Twin Dr Ste 204","","Gettysburg","PA","173257878","US","7173392424","","7173346659"
"1992704381","326 W 64th St","St Bernard Hospital Dept Radiology","Chicago","IL","606213114","US","7739624030","3917","7739624399"
"1760905640","55 Lake Ave N","","Worcester","MA","016550002","US","5088565599","","5088568329"
"1831477769","800 Catalpa Ave Ste 1","","Teaneck","NJ","076661828","US","2013209907","",""
"1831355700","2017 Obrig Ave","","Guntersville","AL","359762156","US","8502333376","","8505228354"
"1831355700","201A Longwood Dr SE","","Huntsville","AL","358012742","US","8502333376","","8505228354"
"1831355700","3 Racetrack Rd NE","","Fort Walton Beach","FL","325471875","US","8502333376","","8505228354"
"1588218663","12830 Hesperia Rd Ste A-D","","Victorville","CA","923957788","US","7606848999","","7606848111"
"1235968421","119 White Water Dr","","Ocoee","TN","373613645","US","7068410500","","7068410502"
"1073123097","600 N Kobayashi Ste 110","","Webster","TX","775984841","US","2813381857","",""
"1972512754","4 Valley Health Plz","","Paramus","NJ","076523619","US","2014478210","",""
"1235657289","242 Green St","","Gardner","MA","014401336","US","9786695690","",""
"1235657289","81 Reservoir Dr","","Athol","MA","013314901","US","9782488558","",""
"1235657289","266 Main St","","Gardner","MA","014402927","US","9786695959","",""
"1992351225","245 Ruth St N Ste 101","","Saint Paul","MN","551194409","US","6519554633","","6514409827"
"1174515787","500 N Kobayashi Ste C","","Webster","TX","775984722","US","2818163092","",""
"1174515787","600 N Kobayashi Ste 110","","Webster","TX","775984841","US","2813381701","",""
"1174515787","600 N Kobayashi Ste 309","","Webster","TX","775984841","US","2817248332","",""
"1215044474","95 Sea Island Pkwy Ste 103","","Beaufort","SC","299071499","US","8433793991","22374",""
"1477546364","34 S Allison Ave","","Xenia","OH","453853622","US","9372816800","",""
"1932654415","3865 Wilder Rd Ste A","","Bay City","MI","487062136","US","9897781055","",""
"1932654415","114 N Tuscola Rd","","Bay City","MI","487086995","US","9898950788","",""
"1508050162","777 Lowndes Hill Rd Bldg 1","","Greenville","SC","296072101","US","7273482770","","7279330374"
"1508050162","11725 Illinois St","","Carmel","IN","460323008","US","3176885200","",""
"1760587125","1000 N Oak Avenue","","Marshfield","WI","544495703","US","7153875511","",""
"1699887323","423 Paradise Rd","","Swampscott","MA","019071333","US","3394405105","",""
"1922833706","431 Whiley Rd SW","","Lancaster","OH","431309556","US","7405903598","",""
"1992252159","2100 S Holland Sylvania Rd","","Maumee","OH","435371323","US","4198669622","",""
"1992252159","811 Madison Ave Fl 7","","Toledo","OH","436045626","US","4197257892","",""
"1992252159","2110 Tremainsville Rd","","Toledo","OH","436133409","US","4194753496","",""
"1992252159","2000 W Dean Rd","","Temperance","MI","481829427","US","7348509622","",""
"1992252159","2960 Pickle Rd","","Oregon","OH","436164051","US","4196913523","",""
"1992252159","1330 Michigan Ave","","Waterville","OH","435661011","US","4194410013","",""
"1992252159","13415 Eckel Junction Rd","","Perrysburg","OH","435511320","US","4192519622","",""
"1467123869","5321 John F Kennedy Blvd","","North Little Rock","AR","721166777","US","5016461812","",""
"1467123869","5015 Lochridge Rd","","North Little Rock","AR","721167551","US","5012145424","",""
"1467123869","420 W 4th St Ste A","","North Little Rock","AR","721145393","US","5014083431","",""
"1891574554","2002 Stadium Drive Ste A","","Bozeman","MT","59718","US","4066246007","",""
"1710766381","7710 NW 71st Ct Ste 206","","Tamarac","FL","333212931","US","7549990716","",""
"1750932000","915 E Owen K Garriott Rd Ste L","","Enid","OK","737016155","US","5803240182","","4056693517"
"1720750185","4614 Country Club Rd","","Winston Salem","NC","271043520","US","3367166099","","3367165074"
"1184612780","10755 Park Blvd","","Seminole","FL","337725420","US","7273920907","59001",""
"1003578782","19 Aviation Rd","","Albany","NY","122051275","US","5185454691","","5187044727"
"1003578782","75 New Scotland Ave","","Albany","NY","122083409","US","5185496500","",""
"1073155131","13450 N Meridian St Ste 135","","Carmel","IN","460321473","US","3175829355","",""
"1417723362","1150 State Highway 248 Ste 200","","Branson","MO","656164186","US","4173364112","","4173357588"
"1730432311","3 Racetrack Rd NE","","Fort Walton Beach","FL","325471875","US","8502333376","","8505228354"
"1730432311","1543 Professional Pkwy","","Auburn","AL","368302858","US","8502333376","","8505228354"
"1730432311","102 Jackson St Ste A&b","","Enterprise","AL","363303175","US","8502333376","","8505228354"
"1730432311","822 S Three Notch St Ste B","","Andalusia","AL","364205310","US","8502333376","","8505228354"
"1952487688","3214 W Tampa Bay Blvd","","Tampa","FL","336076616","US","8133742444","","8136447040"
"1689665309","15 Parkman St","WAC 458","Boston","MA","021143117","US","6177246101","","6177268700"
"1255105425","101 W Edison Ave Ste 246","","Appleton","WI","549157807","US","2622262006","",""
"1639714884","6753 Longshore St","","Dublin","OH","430172671","US","6142466900","","6144531547"
"1982078200","10401 Clayton Rd Ste 100","","Frontenac","MO","631312909","US","3148635556","35556",""
"1104396696","620 Tenaha St","","Center","TX","759353404","US","9365982716","","9365984499"
"1104396696","157 Wall St","","Tenaha","TX","759745413","US","9362484673","84673","9362484646"
"1164993382","1761 W Loop 281","","Longview","TX","756042734","US","9037582610","","9037587081"
"1164993382","825 Medical Dr Ste A","","Tyler","TX","757012143","US","9037582610","","9037587081"
"1164993382","2131 S Mobberly Ave","","Longview","TX","756023563","US","9037582610","","9037587081"
"1164993382","1711 S Henderson Blvd Ste 400","","Kilgore","TX","756623592","US","9037582610","","9037587081"
"1164993382","1001 W Fairmont St","","Longview","TX","756043511","US","9037582610","","9037587081"
"1164993382","602 Titus St Ste 130","","Gilmer","TX","756441780","US","9037582610","","9037587081"
"1164993382","1412 Sleepy Hollow Ln","","Longview","TX","756042723","US","9033876314","",""
"1164993382","1107 E Marshall Ave","","Longview","TX","756015602","US","9037582610","","9032127689"
"1164993382","201 E Loop 281","","Longview","TX","756057911","US","9037582610","","9037587081"
"1811585730","5701 W Charleston Blvd Ste 100","","Las Vegas","NV","891461256","US","7028779514","","7023123510"
"1063379709","5411 Wyndale Ave","","Philadelphia","PA","191311333","US","2672352119","",""
"1922562628","907 Mar Walt Dr Ste 2013","","Fort Walton Beach","FL","325476756","US","8507979438","","7734928765"
"1376967315","530 N Church St","","Las Cruces","NM","880013440","US","5755269878","","5755267835"
"1366247454","8591 S Broadway Ave","","Tyler","TX","757035470","US","9036068840","",""
"1952840647","350 14th Ave","POB 537","Skagway","AK","99587","US","9079832255","","9079832793"
"1730689381","10050 SW Innovation Way Ste 201","","Port Saint Lucie","FL","349872117","US","7728798700","","7728798710"
"1891110177","3257 19th St NW Ste 4","","Rochester","MN","559016797","US","6519554633","","6514409827"
"1891110177","9298 Central Ave NE Ste 310","","Blaine","MN","554344219","US","6519554633","","6514409897"
"1609575000","1601 Haddon Ave","","Camden","NJ","081033109","US","8567573700","",""
"1316288236","3683 S Miami Ave Ste 300","","Miami","FL","331334222","US","3057280505","","3057280515"
"1316288236","2161 E Commercial Blvd Fl 2","","Fort Lauderdale","FL","333083810","US","3057280505","","3057280515"
"1598610529","496 Old Route 66","","Saint Robert","MO","655843728","US","3142662066","",""
"1598610529","211 N Lindbergh Blvd Ste 101","","Saint Louis","MO","631417838","US","3142662066","",""
"1598610529","3095 Lexington Ave Ste 200","","Cape Girardeau","MO","637012629","US","3142662066","10196",""
"1598610529","1705 Christy Dr Ste 201","","Jefferson City","MO","651015195","US","3142662066","",""
"1477408417","705 11th St Apt 211","","Wilmette","IL","600912672","US","8474715882","",""
"1164377107","1254 E Main St","","Barnesville","OH","437139108","US","2162368755","","7404252927"
"1356296396","3111 S 70th St","","Fort Smith","AR","729035017","US","4794526650","","4794525847"
"1518812551","388 Pleasant St Ste 203","","Malden","MA","021488143","US","6172381360","89796",""
"1396690236","8385 Division Rd","","White City","OR","975031176","US","5415000989","",""
"1376676775","1201 Letort Springs Way","","Carlisle","PA","170158011","US","7176747600","",""
"1376676775","14781 Wolfe Rd","","New Freedom","PA","173499571","US","7173261880","",""
"1376676775","36 Robinhood Dr","","Etters","PA","173199528","US","7173887300","",""
"1376676775","35 Erick Rd","","Lancaster","PA","176013111","US","7176900785","",""
"1376676775","252 S 4th St","","Lebanon","PA","170426111","US","7172707732","",""
"1376676775","169 Martin Ave","","Ephrata","PA","175221734","US","7177386414","",""
"1376676775","147 Gettys St","","Gettysburg","PA","173252534","US","7173374207","",""
"1164953485","4921 Parkview Pl","Ste 6A/6B/12A","Saint Louis","MO","631101032","US","3147472551","","3147472598"
"1043339294","1032 E Jackson St","","Medford","OR","975047027","US","5417704559","","5417704511"
"1043339294","300 Randall Rd # LL","","Geneva","IL","601344200","US","6302084201","","6302083489"
"1275237778","49 Parsons St","","Brighton","MA","021352732","US","6178958383","",""
"1275237778","61 Lincoln St Ste 203","","Framingham","MA","017028264","US","7816662711","","7816662712"
"1275237778","67 Union St Ste 106","","Natick","MA","017607700","US","7816662711","","7816662712"
"1033171228","4502 Medical Dr","","San Antonio","TX","782294402","US","2103584000","",""
"1346828811","4510 Brockton Ave","","Riverside","CA","925014015","US","9517883536","",""
"1588160550","782 Medical Center Dr E Ste 305","","Clovis","CA","936116892","US","5593872140","",""
"1588160550","728 Pacific Ave Ste 406","","San Francisco","CA","941334449","US","4158413833","","4157279145"
"1780146787","128 N Fm 3167","","Rio Grande City","TX","785826211","US","9564879025","","9564874680"
"1780146787","2542 Central Palm Dr Ste 203","","Rio Grande City","TX","785826766","US","9568449303","",""
"1962964676","400 Colonnade Dr Ste 230","","Ponte Vedra","FL","320816237","US","9042021795","","9043763478"
"1275595076","88 Piikoi St Apt 4405","","Honolulu","HI","968144286","US","9525951100","","6122944903"
"1982993317","910 N Eisenhower Ave","","Mason City","IA","504011552","US","6414286470","","6414286465"
"1932166675","3000 32nd Ave S","","Fargo","ND","581036132","US","7013648900","",""
"1932166675","5966 W Curtisian Ave","","Boise","ID","837048801","US","2083025450","","2083025455"
"1932166675","1025 Marsh St","","Mankato","MN","560014752","US","5076254031","",""
"1932166675","55 Fruit St","","Boston","MA","021142621","US","6177243874","",""
"1255751343","2161 E Commercial Blvd Fl 2","","Fort Lauderdale","FL","333083810","US","3057280505","","3057280515"
"1053808618","1700 S Tamiami Trl","","Sarasota","FL","342393509","US","9419179000","",""
"1598111882","52 UNDERWOOD ST","","ORLANDO","FL","328061110","US","8888050085","","3128967623"
"1598111882","1300 Sentara Park # 3","","Virginia Beach","VA","234645884","US","7572523050","","7572223106"
"1598111882","51 Peters Rd","Suite 101","Lititz","PA","175437685","US","7176277687","","7176277688"
"1598111882","1401 Roosevelt Ave","","York","PA","174042244","US","7178515051","",""
"1366297376","389 Commerce Pkwy Ste 160","","Rockledge","FL","329554202","US","3212000346","",""
"1306223912","2097 Henry Tecklenburg Dr Ste 316W","","Charleston","SC","294145744","US","8437891800","","8436068036"
"1306223912","2093 Henry Tecklenburg Dr Ste 310E","","Charleston","SC","294145743","US","8437891800","","8436068036"
"1588622682","1725 W Harrison St","SUITE 456","Chicago","IL","606123841","US","3125634270","","3125634280"
"1851180392","593 Eddy St","","Providence","RI","029034923","US","4014445286","","4014447020"
"1972948875","105 S Banana River Blvd Fl 2","","Cocoa Beach","FL","329315041","US","3213615607","","3217519362"
"1508033408","1100 Southfield Dr","Suite 1330","Plainfield","IN","461684498","US","3178375510","","3178375520"
"1588611123","375 Wampanoag Trl","","Riverside","RI","029152232","US","4016494050","","4016494051"
"1588611123","593 Eddy St","","Providence","RI","029034923","US","4016494050","","4016494051"
"1073171781","1224 8th Street","","Rupert","ID","833501527","US","2084360481","","2084360500"
"1306338082","164 Summit Ave","","Providence","RI","029062853","US","4017932500","",""
"1306338082","593 Eddy St","","Providence","RI","029034923","US","4014444741","","4014444445"
"1780377010","391 E 149th St Ste 403","","Bronx","NY","104553907","US","7188196144","",""
"1780377010","355 Grand St","","Jersey City","NJ","073024321","US","2015366683","",""
"1205216389","245 Chapman St Ste 300","","Providence","RI","029054539","US","4014448344","","4014447870"
"1386688778","6161 S Yale Ave","","Tulsa","OK","741361902","US","9185021900","","9184946303"
"1346620101","2 Keewaydin Dr","","Salem","NH","030792839","US","8009952673","","8889796551"
"1588193239","5701 W Friendly Ave","","Greensboro","NC","274104112","US","3368521915","","3362943544"
"1588193239","5921 W Friendly Ave Ste D","","Greensboro","NC","274103268","US","3365515830","","3362683160"
"1588193239","4315 Physicians Blvd Ste 101","","Harrisburg","NC","280757431","US","7044556521","","7044553078"
"1053548917","4565 Daisy Reid Ave Ste 310","","Woodbridge","VA","221925672","US","7034516111","","7034516247"
"1528637113","8923 Bluebonnet Blvd","","Baton Rouge","LA","708102814","US","2257664133","",""
"1528637113","5439 Airline Hwy","","Baton Rouge","LA","708051712","US","2253582313","","2253582322"
"1528637113","7777 Bluebonnet Blvd Ste 100","","Baton Rouge","LA","708102209","US","2036466860","",""
"1780114074","13114 Fm 1960 Rd W Ste 120","","Houston","TX","770654296","US","2818906446","",""
"1780114074","1665 S Green St","","Tupelo","MS","388046556","US","6623772189","","6623772667"
"1265871503","11700 N Meridian St","","Carmel","IN","460324656","US","3175774200","",""
"1891791828","1245 Highland Ave","Ste 302","Abington","PA","190013724","US","2155178850","",""
"1467013136","Churchman Vlg","","Newark","DE","197132068","US","3029986900","",""
"1447665625","10690 NE Cornell Rd Ste 220","","Hillsboro","OR","97124","US","5038485861","","5038485863"
"1760794762","3209 Colonial Dr","Family Medicine Center","Columbia","SC","292036930","US","8034346113","","8034346562"
"1780035972","455 Toll Gate Rd","","Warwick","RI","028862759","US","4017377010","",""
"1780035972","375 Wampanoag Trl","","Riverside","RI","029152232","US","4016494070","","4016494071"
"1780035972","164 Summit Ave","","Providence","RI","029062894","US","4017934501","","4017934511"
"1043997190","455 Saint Michaels Dr","","Santa Fe","NM","875057601","US","5053911085","",""
"1043997190","2211 Lomas Blvd NE","","Albuquerque","NM","871062719","US","5052722111","",""
"1942870837","245 Ruth St N Ste 101","","Saint Paul","MN","551194409","US","6519954633","","6514409827"
"1932549987","4 Memorial Dr Ste 230","","Alton","IL","620026704","US","6184637874","","6184637846"
"1932549987","4700 Schaefer Rd Ste 240","","Dearborn","MI","481263743","US","3138270480","",""
"1932549987","101 Page St","","New Bedford","MA","027403464","US","5089735919","","5089735916"
"1952329096","9555 76th St","","Pleasant Prairie","WI","531581984","US","2625652211","",""
"1417847484","275 W 12th St","","Peru","IN","469701638","US","8778929815","","6592356176"
"1407230261","312 Waynebrook Dr","","Chester Springs","PA","194253840","US","4843021141","",""
"1205312279","99 Beauvoir Ave","","Summit","NJ","079013533","US","9085225545","","9085226147"
"1205312279","65 James Street","","Edison","NJ","08820","US","7323217010","","7326321584"
"1780997056","245 Ruth St N Ste 101","","Saint Paul","MN","551194409","US","6519554633","","6514409827"
"1457735805","109 Buffalo Creek Dr","","Elizabethtown","KY","427017518","US","2706002580","",""
"1760899751","801 7th Ave","","Fort Worth","TX","761042733","US","6828854054","","6828857497"
"1932872868","2000 S Mays St Ste 201","","Round Rock","TX","786647580","US","5122444272","","5122442895"
"1770897837","795 Middle St","","Fall River","MA","027211733","US","4014442672","",""
"1659628949","1159 W Jefferson St Ste 304","","Franklin","IN","461312795","US","3177365515","","3177380198"
"1861707150","4499 Medical Dr","Suite 289","San Antonio","TX","782293735","US","2106143264","122",""
"1093231631","3800 S W S Young Dr Ste 201","","Killeen","TX","765423340","US","2542459175","","2542137771"
"1093231631","1430 N Ih 35 Ste 106","","San Marcos","TX","786661496","US","5123536475","",""
"1215303953","130 W Kingsbridge Rd","","Bronx","NY","104683904","US","3475794362","",""
"1033366745","Yale University","330 Cedar Street, Boardman Building 204","New Haven","CT","06510","US","8183888899","",""
"1528842259","4855 E Cesar Chavez Blvd","","Fresno","CA","937273811","US","5592558395","",""
"1356019889","9720 S Tacoma Way","","Lakewood","WA","984994456","US","2066164001","",""
"1508384108","240 E. Huron St. Suite 1-200","","Chicago","IL","60611","US","3125037975","",""
"1760574099","41 Sanderson Rd Ste 201","","Smithfield","RI","029172603","US","4015955407","","4014346111"
"1750486130","85 Lincoln St","6th Floor","Framingham","MA","017028200","US","5083831078","","5083831085"
"1316724073","4250 Bethel Rd","","Olive Branch","MS","386548737","US","8775802303","",""
"1972330165","738 WASHINGTON ST","","Attleboro","MA","027036948","US","5087618025","",""
"1972330165","289 PLEASANT ST","","Fall River","MA","027213005","US","5086745600","",""
"1972330165","537 FAUNCE CORNER RD","","North Dartmouth","MA","027471242","US","5086893100","",""
"1972330165","535 FAUNCE CORNER RD","","North Dartmouth","MA","027471242","US","5089610998","",""
"1972330165","222 Milliken Blvd","","Fall River","MA","027211623","US","5086469470","",""
"1972330165","851 Middle St","","Fall River","MA","027211778","US","5086745600","",""
"1972330165","440 SWANSEA MALL DR","","Swansea","MA","027774114","US","5086755640","",""
"1558460535","7447 E Berry Ave","","Greenwood Village","CO","801112146","US","7196347246","","8555922816"
"1831280403","907 Mar Walt Dr Ste 2013","","Fort Walton Beach","FL","325476756","US","8507979438","","7734928765"
"1831280403","4400 E Highway 20 Ste 306","","Niceville","FL","325787703","US","8507972598","01230","7734928765"
"1215800917","11629 Clark St Ste 101","","Arcadia","CA","910066022","US","3103676360","",""
"1073393971","851042 US Highway 17 Ste A","","Yulee","FL","320972845","US","9042026683","","9043763062"
"1508685777","2001 Todays Woman Ave","","Winston Salem","NC","271055069","US","3367221818","","3367221826"
"1508685777","1811 E Innes St","","Salisbury","NC","281466030","US","7042168832","",""
"1356339626","5701 W Charleston Blvd Ste 100","","Las Vegas","NV","891461256","US","7028779514","","7023123510"
"1356123855","2125 S Neil St","","Champaign","IL","618207266","US","2173520200","","2176071139"
"1356123855","116 S Lombard St","","Mahomet","IL","618539202","US","2173520200","","2176071139"
"1164065439","4051 Upper Creek Dr Ste 106","","Sun City Center","FL","335736825","US","7277543879","",""
"1164065439","1035 Manatee Ave W","","Bradenton","FL","34205","US","7277543879","",""
"1164065439","802 40th St W","","Bradenton","FL","342051724","US","7277543879","",""
"1164065439","6399 38th Ave N","","St Petersburg","FL","337101647","US","7277543879","",""
"1164065439","3491 Gandy Blvd N","","Pinellas Park","FL","337812658","US","7277543897","",""
"1164065439","1988 Gulf To Bay Blvd","","Clearwater","FL","337653550","US","7277543879","",""
"1124784657","100 Crescent Ct","","Dallas","TX","752016900","US","9282788098","",""
"1659551737","435 W Centerton Blvd","","Centerton","AR","727198701","US","4797951260","",""
"1477928018","3630 Detrick Dr Unit 315","","Raleigh","NC","276097088","US","5083103299","",""
"1679381685","340 Kelley Pkwy","","Mexico","MO","652653811","US","5735821234","","5735821212"
"1679381685","581 Commons Dr","","Fulton","MO","652511408","US","5735821234","","5735821212"
"1740940642","18501 Pines Blvd Ste 348","","Pembroke Pines","FL","330291414","US","9543192628","","3058938131"
"1588349690","1400 Locust St","","Pittsburgh","PA","152195114","US","4125305470","",""
"1952647679","35 Tower Ln Ste 201","","Avon","CT","060014237","US","8602840048","",""
"1366252553","107 Ford Rd","","Carmel Valley","CA","939249649","US","8312331744","",""
"1801285663","115 Cass Ave","","Woonsocket","RI","028954705","US","4014884003","",""
"1295715704","127 E Main St","","Independence","VA","24348","US","2767732865","","2767730843"
"1033709100","715 S Taft Ave Ste 3B","","Fremont","OH","434203237","US","4192518025","",""
"1033709100","2222 Cherry St Ste 2300","","Toledo","OH","436082675","US","4192518013","",""
"1033709100","500 W Market St","","Tiffin","OH","448832610","US","4194558150","",""
"1033709100","1400 E 2nd St Ste 100","","Defiance","OH","435129905","US","4192518035","",""
"1033709100","2222 Cherry St Ste 2800","","Toledo","OH","436082675","US","4192518210","",""
"1033709100","730 W Market St","","Lima","OH","458014602","US","4192516430","",""
"1033709100","2222 Cherry St Ste 2000","","Toledo","OH","436082673","US","4192518047","",""
"1033709100","2222 Cherry St","","Toledo","OH","436082673","US","4192518015","",""
"1033709100","2222 Cherry St Ste 2600","","Toledo","OH","436082675","US","4192518015","",""
"1033709100","2702 Navarre Ave Ste 202","","Oregon","OH","436163224","US","4196966336","",""
"1033709100","1103 Village Square Dr Ste 202","","Perrysburg","OH","435511762","US","4192518013","",""
"1033709100","2222 Cherry St Ste 1800","","Toledo","OH","436082679","US","4192514300","",""
"1033709100","970 W Wooster St Rm 130","","Bowling Green","OH","434022652","US","4193526890","","4193532415"
"1033709100","44 W Samaria Rd","","Temperance","MI","481829680","US","4192510070","",""
"1033709100","3930 Sunforest Ct","","Toledo","OH","436234527","US","4192510070","",""
"1033709100","7223 Maumee Western Rd","","Maumee","OH","435379755","US","4192510070","",""
"1033709100","7435 Berridge Rd","","Whitehouse","OH","435719348","US","4192510070","",""
"1033709100","500 The Blvd Ste 504","","Maumee","OH","435377573","US","4193891444","",""
"1033709100","2222 Cherry St Ste M800","","Toledo","OH","436082676","US","4192511022","",""
"1033709100","2213 Franklin Ave","","Toledo","OH","436201402","US","4192512415","",""
"1033709100","45 St Lawrence Dr","","Tiffin","OH","448838310","US","4194557000","",""
"1033709100","3020 N McCord Rd Ste 100","","Toledo","OH","436151701","US","4195177658","",""
"1033709100","3521 Briarfield Blvd","","Maumee","OH","435379387","US","4197947259","",""
"1033709100","2222 Cherry St Ste 1000","","Toledo","OH","436082673","US","4192514880","",""
"1255193041","3101 Burnet Ave","","Cincinnati","OH","452293014","US","5133522924","",""
"1912203373","3155 Kearney St Ste 100","","Fremont","CA","945382268","US","5109314310","","5108940615"
"1912203373","27171 Calaroga Ave Ste 1-3","","Hayward","CA","945454344","US","5109314310","","5108940615"
"1912603606","12337 Jones Rd Ste 256","","Houston","TX","770704951","US","7133226768","",""
"1821852906","7474 Greenway Center Dr Ste 1200","","Greenbelt","MD","207703521","US","2027233000","",""
"1821852906","1730 Rhode Island Ave NW Ste 712","","Washington","DC","200363115","US","2027233000","",""
"1922546811","800 E 28th St","","Minneapolis","MN","554073723","US","6128636029","",""
"1902345192","680 Cohasset Rd","","Chico","CA","959262213","US","5303424395","","5308942325"
"1407357726","4801 Bob Wallace Ave SW","","Huntsville","AL","358053308","US","2564287488","","2564287561"
"1407357726","11588 Pulaski Pike","","Toney","AL","357739381","US","2566931006","","2564287561"
"1407357726","2755 Wilson Dr NW","","Huntsville","AL","358163949","US","2564287428","","2564287561"
"1407357726","3112 Meridian St N","","Huntsville","AL","358111539","US","2564287110","","2564287561"
"1538529953","799 W Lumsden Rd","","Brandon","FL","335116261","US","8139251903","","8137498370"
"1538529953","16521 S US Highway 301","","Wimauma","FL","335982032","US","8139251903","","8137498370"
"1538529953","3301 W Gandy Blvd","","Tampa","FL","336112931","US","8139251903","","8137498370"
"1538529953","6182 N US Highway 41","","Apollo Beach","FL","335721802","US","8139251903","","8137498370"
"1538529953","5464 Lithia Pinecrest Rd","","Lithia","FL","335472853","US","8139251903","","8137498370"
"1538529953","11406 US Highway 301 S","","Riverview","FL","335786170","US","8139251903","","8137498370"
"1255500674","250 N See Vee Ln","","Bishop","CA","935148130","US","7608738461","","7608733908"
"1134755747","406 Saint Julien Ave","","Lafayette","LA","705064622","US","3373666050","2003","3373666051"
"1215882154","30 7th St W Fl 4","","Dickinson","ND","586014335","US","7012220386","","7012583602"
"1215882154","7448 68th Ave NE","","Cando","ND","583249485","US","7012220386","","7012583602"
"1215882154","305 N 23rd St","","Bismarck","ND","585014992","US","7012220386","","7012583602"
"1124973078","3440 Viking Dr","","Sacramento","CA","958272844","US","9162628598","",""
"1124973078","505 M St","","Rio Linda","CA","956732218","US","9162874067","",""
"1821943770","11200 Waples Mill Rd Ste 100","","Fairfax","VA","220307475","US","7032372219","",""
"1902751852","437 S Bluff St Ste 201","","St George","UT","847703555","US","4355234040","",""
"1902751852","1492 W Antelope Dr Ste 211","","Layton","UT","840411158","US","3853821440","",""
"1902751852","1543 W 12600 S Ste 101","","Riverton","UT","840657176","US","8882098874","",""
"1902751852","947 S 500 E Ste 302","","American Fork","UT","840033370","US","8019216530","",""
"1902751852","2156 N Hill Field Rd Ste 1","","Layton","UT","840414780","US","8882098874","",""
"1255286100","7721 W Hope Ave","","Milwaukee","WI","532222041","US","4142179418","",""
"1053266908","321 S 3rd St Bldg 2","","Danville","KY","404222090","US","8592392318","",""
"1528238698","390 NE 191st St Ste 8333","","Miami","FL","331793899","US","5617302457","",""
"1578695292","169 Martin Ave","","Ephrata","PA","175221734","US","7177386414","",""
"1578695292","147 Gettys St","","Gettysburg","PA","173252534","US","7173374207","",""
"1578695292","252 S 4th St","","Lebanon","PA","170426111","US","7172707732","",""
"1578695292","36 Robinhood Dr","","Etters","PA","173199528","US","7173887300","",""
"1578695292","35 Erick Rd","","Lancaster","PA","176013111","US","7176900785","",""
"1578695292","1201 Letort Springs Way","","Carlisle","PA","170158011","US","7176747600","",""
"1578695292","14781 Wolfe Rd","","New Freedom","PA","173499571","US","7173261880","",""
"1710787668","1S443 Summit Ave Ste 201","","Oakbrook Terrace","IL","601813972","US","6306139800","03862",""
"1831551662","1717 W Woolbright Rd","","Boynton Beach","FL","334266319","US","5617375500","",""
"1225787625","534 21st Ave","","Paterson","NJ","075131337","US","9739255400","",""
"1225787625","34 Bloomfield Ave","","Newark","NJ","071042776","US","9734829400","",""
"1427176908","1400 River Pl","","Braselton","GA","305175600","US","7708488000","",""
"1427176908","2300 Opitz Blvd","","Woodbridge","VA","221913311","US","7035231199","",""
"1124878988","6415 Omo Rd","","North Chesterfield","VA","232345881","US","8135622925","",""
"1124878988","7641 Hull Street Rd Ste 102","","North Chesterfield","VA","232356444","US","8045022167","22167","8047093919"
"1891813515","17438 Hard Hat Dr.","","Covington","LA","70435","US","9852495600","","9857731145"
"1982354320","800 Rose St","","Lexington","KY","405360293","US","8593236162","","8592578934"
"1164765913","2319 S George St","","York","PA","174035009","US","7178124090","","7177413554"
"1164765913","25 Monument Rd Ste 290","","York","PA","174035073","US","7178124090","","7178124092"
"1164765913","19 Sprint Dr Ste 2","","Carlisle","PA","170157002","US","7179888135","","7172215600"
"1164765913","25 Monument Rd Ste 250","","York","PA","174035060","US","7178124090","","7178124092"
"1306966247","411 Wolf Ledges Pkwy Ste 100","","Akron","OH","443111051","US","2342552300","",""
"1306966247","2000 Noble Dr","","Wooster","OH","446915353","US","3302643232","",""
"1669904256","191 Innovation Ct Ste A","","Gray","LA","703593131","US","9853034100","","9853034101"
"1588305726","530 New Brunswick Ave","","Perth Amboy","NJ","088613654","US","7324423700","",""
"1487359691","1000 Blythe Blvd Fl 4","","Charlotte","NC","282035812","US","7043816800","",""
"1013973692","4357 Lafayette St","","Marianna","FL","324462929","US","8502333376","","8505228354"
"1013973692","989 Elba Hwy","","Troy","AL","360796050","US","8502333376","","8505228354"
"1013973692","102 Jackson St Ste A","","Enterprise","AL","363303175","US","8502333376","","8505228354"
"1013973692","1474 Market St","","Tallahassee","FL","323121768","US","8502333376","",""
"1013973692","822B S Three Notch St","","Andalusia","AL","364205310","US","8502333376","","8505228354"
"1447679451","1055 S Perry St","","Castle Rock","CO","801041949","US","3033818340","","3033818341"
"1447679451","7859 Lake Worth Rd","","Lake Worth","FL","334673225","US","5614651000","","5614651004"
"1447679451","21 W Clarke Ave","","Milford","DE","199631849","US","3023150002","","3027250030"
"1578358735","6377 S Revere Pkwy Ste 300","","Centennial","CO","801116488","US","9703103406","",""
"1174978233","275 E Morrison Rd Ste 1","","Brownsville","TX","78526","US","9564357705","",""
"1174978233","33044 US Hwy 27 N","","Haines City","FL","338447621","US","8634224977","","8634227786"
"1174978233","275 E Morrison Rd Ste 1","","Brownsville","TX","78526","US","9564357705","",""
"1598452468","9601 N Centennial Dr # 322","","Munster","IN","463214077","US","2198013937","","2193018734"
"1144803156","5915 Landerbrook Dr Ste 110","","Mayfield Heights","OH","441244034","US","2163813333","",""
"1376501700","1900 Bluegrass Ave Ste 300","","Louisville","KY","402151183","US","5023611222","","5023681258"
"1134178122","223 N Van Dien Avenue","The Valley Hospital","Ridgewood","NJ","07450","US","2014442019","","2014443604"
"1043424765","3841 Piper St Ste T100","","Anchorage","AK","995084674","US","9075613211","",""
"1962992776","585 Schenectady Ave","","Brooklyn","NY","112031851","US","7183636771","",""
"1962456723","1543 Professional Pkwy","","Auburn","AL","368302858","US","8502333376","","8505228354"
"1962456723","3120 Southride Ln","","Bonifay","FL","324253325","US","8502333376","","8505228354"
"1962456723","550 Highway 85 N Ste A","","Niceville","FL","325781045","US","8502333376","","8505228354"
"1962456723","4415 US Highway 331 S Ste 100","","Defuniak Springs","FL","324356307","US","8502333376","","8505228354"
"1962456723","12907 Panama City Beach Pkwy","","Panama City Beach","FL","324072717","US","8502333376","","8505228354"
"1073306684","7127 Ambassador Rd Ste 150","","Windsor Mill","MD","212443057","US","3123761327","",""
"1063453504","1011 E Montclair St","","Springfield","MO","658075075","US","4172690000","",""
"1356034904","4315 Houma Blvd","","Metairie","LA","700062940","US","5045036188","",""
"1912690066","6200 Aurora Ave Ste 305E","","Urbandale","IA","503222863","US","5157248920","",""
"1184283756","30 N Michigan Ave Ste 1126","","Chicago","IL","606023737","US","3124818181","",""
"1184283756","6992 Calle Del Paz W","","Boca Raton","FL","334336426","US","2488420883","",""
"1760224539","3276 Commerce Center Pl","","Louisville","KY","402111900","US","5024098740","",""
"1013750967","539 E Prudhomme St","","Opelousas","LA","705706499","US","3379483011","",""
"1477047546","4429 Bonney Rd","","Virginia Beach","VA","234623876","US","2392232751","",""
"1477047546","516 Innovation Dr Ste 334","","Chesapeake","VA","233203866","US","2392232751","",""
"1265847651","1 Diamond Hill Rd","","Berkeley Heights","NJ","079222104","US","9082778950","",""
"1972700581","49 Hooper St","","Wiscasset","ME","045784053","US","2078827911","","2078826178"
"1750014619","6315 N Center Dr Ste 202","","Norfolk","VA","235024006","US","2443152229","",""
"1033347018","1 Diamond Hill Rd","","Berkeley Heights","NJ","079222104","US","9082778950","",""
"1235757238","2312 N Nevada Ave Ste 305","","Colorado Springs","CO","809075318","US","7194717064","","7197765459"
"1013935329","41 Mall Rd","","Burlington","MA","018051923","US","7817448000","",""
"1013935329","1 Branch St","","Methuen","MA","018441923","US","9786839177","","9786888679"
"1255783411","1515 Holcombe Blvd","","Houston","TX","770304000","US","7137926161","",""
"1952689085","1550 E County Line Rd Ste 315","","Indianapolis","IN","462270990","US","3174976888","",""
"1871266874","1380 E Medical Center Dr Ste 2100","","St George","UT","847902129","US","4352513250","",""
"1134892599","6415 Omo Rd","","North Chesterfield","VA","232345881","US","8045022167","","8047093919"
"1134892599","7641 Hull Street Rd Ste 102","","North Chesterfield","VA","232356444","US","8045022167","","8047093919"
"1467134080","2770 Capital Medical Blvd Ste 220","","Tallahassee","FL","323088417","US","8503913880","",""
"1831190321","5231 Brittany Dr","","Baton Rouge","LA","708089100","US","2257690933","","2257696255"
"1982158119","325 N State Of Franklin","","Johnson City","TN","37614","US","4234396283","",""
"1982158119","2312 N Nevada Ave Ste 305","","Colorado Springs","CO","809075318","US","7194717064","","7197765459"
"1710266648","1000 36th St","","Vero Beach","FL","329604862","US","7725674311","",""
"1447704366","2114 N Jackson St","","Tullahoma","TN","373882208","US","9314549002","","9314549690"
"1447704366","1607 Westgate Cir Ste 200","","Brentwood","TN","370278077","US","6153768195","","6153768195"
"1700366325","410 Theatre Dr","","Johnstown","PA","159042817","US","8142693660","","8142692229"
"1912011420","1 Diamond Hill Rd","","Berkeley Heights","NJ","079222104","US","9082778950","",""
"1083963466","204 Emory Dr","","Greeneville","TN","37745","US","4236834151","","4236396861"
"1528316163","777 Cleveland Ave SW Ste 604","","Atlanta","GA","303157116","US","4703526556","","4045499650"
"1518417674","416 E 30th St","","Baltimore","MD","212183934","US","4108890727","","4108890729"
"1063247575","5508 W Woodside Dr","","Crystal River","FL","344292689","US","5616336635","",""
"1962784280","50 Union St","Suite 3200","Ellsworth","ME","046051534","US","2076645650","","2076645651"
"1962784280","3073 White Mountain Hwy","","North Conway","NH","038607101","US","6033569355","","6033568843"
"1184595282","1756 N Bayshore Dr Apt 27L","","Miami","FL","331321182","US","3053482000","",""
"1144703182","1154 Cadillac Dr","","Muskegon","MI","494451917","US","6168430623","","6166000259"
"1437765344","343 E 4th N","","Rexburg","ID","834406002","US","2086717013","","2089324319"
"1801446166","12337 Jones Rd Ste 256","","Houston","TX","770704951","US","7133226768","",""
"1366112567","65 James St","","Edison","NJ","088203947","US","7323217010","","7327445873"
"1255204624","7315 Green Slope Dr","","Zephyrhills","FL","335411314","US","8137780400","","8337783246"
"1134843964","390 Calle De Alegra Ste C","","Las Cruces","NM","880053280","US","5755232288","","5755232299"
"1093597163","14710 Bruce B Downs Blvd","","Tampa","FL","336132800","US","8137386691","",""
"1093597163","1307 S Pine Ave","","Ocala","FL","344716543","US","3523682238","",""
"1093597163","4503 N 22nd St","","Tampa","FL","336106201","US","8137386684","",""
"1093597163","5537 Sheldon Rd Ste N","","Tampa","FL","336153167","US","8137386692","",""
"1093597163","2701 W Dr Martin Luther King Jr Blvd","","Tampa","FL","336076303","US","8137386690","",""
"1093597163","401 Oakfield Dr","","Brandon","FL","335115710","US","8137361747","",""
"1093597163","505 Oakfield Dr","","Brandon","FL","335115700","US","8137386686","",""
"1093597163","9401 SW Highway 200 Bldg 90","","Ocala","FL","344819612","US","3523681661","",""
"1093597163","18923 State Road 54","","Lutz","FL","335585268","US","8138037150","",""
"1649781915","4126 Southwest Fwy Ste 200","","Houston","TX","770277316","US","8325711237","",""
"1649781915","25440 Interstate 45 N","","The Woodlands","TX","773861343","US","2816028160","",""
"1770772170","1990 Industrial Blvd","","Houma","LA","703637055","US","9858689300","1011","9858510053"
"1699492181","12907 Panama City Beach Pkwy","","Panama City Beach","FL","324072717","US","8502333376","","8505228354"
"1013887694","13559 Huron St Ste 201","","Westminster","CO","802341163","US","3037721600","","3037729317"
"1013887694","300 Exempla Cir Ste 200","","Lafayette","CO","800263391","US","3037721600","","3037729317"
"1336616275","405 N Center St Ste 25","","Westminster","MD","211575126","US","4103653839","",""
"1013730597","1607 Karr Rd","","Detroit","AL","355522817","US","2054315544","",""
"1871662049","USA MEDDAC","11050 Mount Belvedere BLVD","Fort Drum","NY","13602","US","3157728639","",""
"1588818207","2601 N Tenaya Way","","Las Vegas","NV","891280427","US","7022408155","","7022408161"
"1811654403","743 Spring St NE","","Gainesville","GA","305013899","US","7702199000","",""
"1386711489","4400 W 95th St","","Oak Lawn","IL","604532654","US","7086847100","",""
"1295697878","620 E City Route 40","","Greenville","IL","622462535","US","6186905012","","6186905023"
"1760345003","508 East Blvd","","Charlotte","NC","282035110","US","9803890619","",""
"1013871359","1000 Chinaberry Dr Ste 900","","Bossier City","LA","711112455","US","9126690869","",""
"1013871359","1100 S 3rd St Ste B&c","","Leesville","LA","714464930","US","9126690869","",""
"1124459359","612 East Jackson","","Hugo","OK","747430000","US","5803262200","","5803262200"
"1255634200","15 Casco St","","Freeport","ME","040333190","US","2075238550","",""
"1730996141","12902 S 30th St","","Bellevue","NE","681232145","US","4028129016","",""
"1659230852","8001 Youree Dr Ste 500","","Shreveport","LA","711152341","US","3182122722","","3182127336"
"1972573988","3 Racetrack Rd NE","","Fort Walton Beach","FL","325471875","US","8502333376","","8505228354"
"1972573988","12907 Panama City Beach Pkwy","","Panama City Beach","FL","324072717","US","8502333376","","8505228354"
"1578533840","927 Broadway St","","Quincy","IL","623012719","US","2172238400","",""
"1619827961","5318 McFarland Rd Ste 100","","Durham","NC","277076862","US","9196894858","",""
"1619391109","5106 Bartholomews Ln","","Greensboro","NC","274072726","US","3366099105","","3363132526"
"1649120114","15852 Gale Ave","","Hacienda Heights","CA","917451601","US","8552237123","","6193747134"
"1649120114","17462 Colima Rd","","Rowland Heights","CA","917481633","US","8552237123","","6193747134"
"1073652061","Unm Hospital Emergency Medicine","2211 Lomas Blvd NE","Albuquerque","NM","871310001","US","5052726225","",""
"1073652061","915 Highland Blvd","","Bozeman","MT","597156902","US","4064145000","",""
"1073012647","10202 Perkins Rowe Ste E160","","Baton Rouge","LA","708102067","US","7048791179","","7044904274"
"1437122009","1635 Caregiver Cir","","Rapid City","SD","577028529","US","6057556700","","6057557785"
"1437122009","211 Founders Park Dr Ste C","","Rapid City","SD","577018098","US","6057556850","","6057550785"
"1437122009","2929 5th St Ste 210A","","Rapid City","SD","577017338","US","6057554000","","6057554007"
"1245372366","502 Elm St NE","","Albuquerque","NM","871022512","US","5058411000","","5058432853"
"1245372366","1910 John Ralston Rd Ste 200","","Houston","TX","770135531","US","7136739000","","8558958185"
"1710685078","515 Taggart Dr NW Ste 150","","Salem","OR","973044149","US","5033636770","",""
"1134629769","55 Madison St Ste 240","","Denver","CO","802065451","US","9703103406","",""
"1194851147","850 Wh Smith Blvd","","Greenville","NC","278343763","US","2528471550","",""
"1033246715","38 Falcon Dr","","Auburn","ME","042104384","US","2077841356","",""
"1104241066","8195 Cazenovia Rd","","Manlius","NY","131049631","US","3154151510","",""
"1710686381","326 Nichols Rd","","Fitchburg","MA","014201914","US","9788788100","",""
"1235084104","1900 Sullivan Ave","","Daly City","CA","940152229","US","6509924000","",""
"1053266924","2810 Southampton Rd","","Philadelphia","PA","191541207","US","2153304116","","2153304118"
"1477408342","7800 E Orchard Rd Ste 350","","Greenwood Village","CO","801112550","US","7205980805","",""
"1720933690","230 E Ridgewood Ave","","Paramus","NJ","076524142","US","5512185160","",""
"1093056400","200 Tillary St","","Brooklyn","NY","112013010","US","9178305239","",""
"1093056400","902 Drew St","Suite 350","Brooklyn","NY","112085153","US","9178305239","",""
"1164057253","651 High St","","Burlington","NJ","080162737","US","6093860775","","6093864372"
"1841460318","31 Old Salt Rd","","Old Orchard Beach","ME","040641208","US","2077563819","",""
"1194351445","100 Foden Rd Ste 203","","South Portland","ME","041062327","US","2078741489","","2075238590"
"1063654911","15 Casco St","","Freeport","ME","040330002","US","2075238550","",""
"1063654911","1 Idexx Dr","","Westbrook","ME","040922040","US","2075566805","",""
"1952643645","31690 Chester","","Garden City","MI","48152","US","7343343570","",""
"1629432299","19206 Juniper Ln","","Mokena","IL","604488131","US","7087127149","",""
"1285374678","84 Marginal Way Ste 700","","Portland","ME","041012481","US","2077745816","","2075238597"
"1396060273","149 North St","","Waterville","ME","049014974","US","2078615000","","2078615001"
"1346604253","8138 Country Village Dr","","Cordova","TN","380162029","US","9017258606","","9017599254"
"1346604253","11209 N Tatum Blvd Ste B200","","Phoenix","AZ","850283091","US","4805304200","","8334651459"
"1346604253","6019 Walnut Grove Rd","","Memphis","TN","381202113","US","9012264910","","9012264774"
"1346604253","6225 Humphreys Blvd","","Memphis","TN","381202373","US","9012272727","","9012272477"
"1346604253","2100 Exeter Rd","","Germantown","TN","381383966","US","9017571350","","9017573496"
"1881488138","500 22nd St S","","Birmingham","AL","352333110","US","2059344681","",""
"1811423502","4065 Center Rd","","Brunswick","OH","442122918","US","3305580123","",""
"1457585382","781 Avent Ferry Rd Ste 110","","Holly Springs","NC","275407776","US","9197815600","","9198636821"
"1457585382","115 Kildaire Park Dr Ste 102","","Cary","NC","275188144","US","9197815600","","9198636821"
"1457585382","3001 EDWARDS MILL RD","# 200","RALEIGH","NC","276125243","US","9197815600","","9198636821"
"1912696659","301 Henry St","","North Vernon","IN","472651030","US","8123524200","",""
"1912696659","221 North Celia Avenue","","Muncie","IN","47303","US","7657473141","",""
"1043698061","153 Pioneer Ln Ste B","","Bishop","CA","935142517","US","7608732849","","7608732836"
"1952923039","10202 Perkins Rowe Ste E160","","Baton Rouge","LA","708102067","US","7048791179","","7044904274"
"1285843557","2220 Canterbury Dr","","Hays","KS","676012370","US","7856235701","","7856235781"
"1194463885","359 San Miguel Dr Ste 300","","Newport Beach","CA","926607809","US","9492008222","",""
"1194463885","8899 University Center Ln","","San Diego","CA","921221013","US","8009268273","","8885398781"
"1194463885","4168 Front St","","San Diego","CA","921032030","US","8009268273","","8885398781"
"1194463885","16950 Via Tazon","","San Diego","CA","921271607","US","8009268273","","8885398781"
"1689297699","9403 Mansfield Rd","","Shreveport","LA","711183815","US","3188618938","",""
"1245722834","483 Court St","","Elizabeth","WV","261431109","US","3042753301","","3042754798"
"1245722834","73 Nicolette Rd","","Parkersburg","WV","261047236","US","3048614141","","3049173750"
"1245722834","606 Washington St","","Ravenswood","WV","261641730","US","3042731033","","3042731034"
"1225418791","65 S Mario Capecchi Dr","","Salt Lake City","UT","841320005","US","8015812352","","8015815806"
"1225418791","295 Western Blvd","","Glastonbury","CT","060331256","US","8606780202","113","8606780277"
"1710189568","22 Bramhall St","","Portland","ME","041023134","US","2076622526","",""
"1487658415","2131 S 17th St","","Wilmington","NC","284017407","US","9108155830","",""
"1487658415","1515 Doctors Cir","","Wilmington","NC","284017403","US","9106627500","",""
"1487658415","1333 S Dickinson Dr","Unit 230","Leland","NC","284516430","US","9106627500","",""
"1487658415","1000 N Oak Ave","","Marshfield","WI","544495703","US","7153875511","",""
"1487658415","1509 Doctors Cir","Bldg C","Wilmington","NC","284017403","US","9106627500","",""
"1487658415","1960 S 16th St","","Wilmington","NC","284016676","US","9106627500","",""
"1265476774","3007 W Horizon Ridge Pkwy Ste 100","","Henderson","NV","890524199","US","7252268033","",""
"1548674096","550 University Blvd","","Indianapolis","IN","462025149","US","3179445000","",""
"1245467414","3333 Silas Creek Pkwy","","Winston Salem","NC","271033013","US","3367183550","",""
"1245073378","34290 Ford Rd","","Westland","MI","481853051","US","6507728097","",""
"1245073378","9315 Telegraph Rd","","Redford","MI","482391260","US","3134504500","",""
"1225522709","102 Jackson St Ste A&b","","Enterprise","AL","363303175","US","8502333376","","8505228354"
"1225522709","989 Elba Hwy","","Troy","AL","360796050","US","8502333376","","8505228354"
"1073033007","1 Childrens Pl","","Saint Louis","MO","631101002","US","3144542076","","3147478953"
"1073033007","750 Welch Rd Ste 315","","Palo Alto","CA","943041510","US","6507249954","","6507258351"
"1073033007","4650 W Sunset Blvd","","Los Angeles","CA","900276062","US","8886312452","","3233613748"
"1518253970","3719 Old Forest Rd","","Lynchburg","VA","245016903","US","4343847611","","4343845656"
"1164837761","9900 Bren Road East","Mail Route MN 008-B213","Minnetonka","MN","55343","US","2175528422","",""
"1609396274","2 Dobson Way","","Merrimack","NH","030544340","US","6034716069","","6034716068"
"1609396274","1420 Main St","","Sanford","ME","040733680","US","2078505744","",""
"1790168409","1615 Delaware St","","Longview","WA","986322367","US","3605013601","","3604426843"
"1790168409","830 Pennsylvania Ave","Women and Children's Medical Staff Office, Suite 103","Charleston","WV","253023302","US","3043882525","",""
"1063064491","11 Hills Beach Rd","","Biddeford","ME","040059599","US","2076022358","","2076025904"
"1063064491","47 Main St","","Coopers Mills","ME","04341","US","2075497581","",""
"1245752062","2311 10th Ave N Ste 3","","Lake Worth","FL","334616605","US","5618993017","","5614292622"
"1619658770","9 Nathan Ln","","Annville","PA","170036500","US","7176393350","",""
"1619658770","2350 Freedom Way Ste 200","","York","PA","174028200","US","7178125120","","7177413075"
"1619658770","717 Town Center Dr","","York","PA","174084824","US","7173564240","",""
"1619658770","2149 S Queen St","","York","PA","174034845","US","7173564460","",""
"1619658770","96 Sofia Dr Ste 208","","Shrewsbury","PA","173615201","US","7178122400","",""
"1619658770","601 E Main St","","Waynesboro","PA","172682332","US","7177655088","",""
"1619658770","46 Walnut Bottom Rd Ste 100","","Shippensburg","PA","172578219","US","7174772764","",""
"1619658770","2250 E Market St","","York","PA","174022857","US","7178511566","",""
"1619658770","4050 N George Street Ext","","Manchester","PA","173459347","US","7173564370","",""
"1619658770","101 W Airport Rd","","Lititz","PA","175439274","US","7174662445","",""
"1619658770","24 Antrim Commons Dr","","Greencastle","PA","172251623","US","7175930512","",""
"1619658770","455 S Washington St Ste 12","","Gettysburg","PA","173252516","US","7173392875","",""
"1619658770","100 Eisenhower Dr","","Hanover","PA","173315241","US","7176464201","",""
"1619658770","446 N Reading Rd","","Ephrata","PA","175229802","US","7177385275","",""
"1619658770","1000 Norland Ave","","Chambersburg","PA","172014229","US","7172676363","",""
"1659859015","100 Foden Rd Ste 203","","South Portland","ME","041062327","US","2078741489","",""
"1659859015","84 Marginal Way Ste 800","","Portland","ME","041012475","US","2077745816","",""
"1659859015","15 Casco St","","Freeport","ME","040330002","US","2075238550","",""
"1659859015","4 Horton Pl Ste 101","","Topsham","ME","040861748","US","2077986200","","2077986290"
"1659859015","1 Idexx Dr","","Westbrook","ME","040922040","US","2075566802","",""
"1659859015","259 Main St","","Yarmouth","ME","040964703","US","8078469013","",""
"1063768638","350 Blossom St","","Webster","TX","775984206","US","2813167966","","2813167963"
"1063768638","600 N Kobayashi Ste 212","","Webster","TX","775984841","US","2818163091","","8329053942"
"1063768638","600 N Kobayashi Ste 309","","Webster","TX","775984841","US","2817248332","","8329055977"
"1063768638","600 N Kobayashi Ste 110","","Webster","TX","775984841","US","2813381857","","2817241857"
"1063768638","2425 West Loop S Ste 200","","Houston","TX","77027","US","8327864970","","8557375542"
"1063768638","500 N Kobayashi Ste C","","Webster","TX","775984722","US","2818163092","","2813369318"
"1669202164","775 E Spruce Ave","","Fresno","CA","937203016","US","5594315073","",""
"1669202164","718 E Minarets Ave","","Fresno","CA","937203010","US","5594471114","",""
"1669202164","1853 E Niles Ave","","Fresno","CA","937202342","US","5593253892","",""
"1669202164","1942 E Niles Ave","","Fresno","CA","937202344","US","5593234957","",""
"1669202164","4291 N Millbrook Ave","","Fresno","CA","937263438","US","5592247967","",""
"1669202164","1415 W Barstow Ave","","Fresno","CA","937113018","US","5594389344","",""
"1669202164","1027 N Van Ness Ave","","Fresno","CA","937283429","US","5592687613","",""
"1669202164","10120 Lanes Bridge Dr","","Madera","CA","936368890","US","5594315532","",""
"1699151464","1325 E Fortification St","PO Drawer 16870","Jackson","MS","392022442","US","6013544488","326","6019141835"
"1649402843","715 E Idaho Ave","Bldg 2 Ste E","Las Cruces","NM","880014703","US","5759328915","",""
"1851400063","1120 15th St","","Augusta","GA","309120004","US","7067214078","","7067211459"
"1215604236","4455 S I 19 Frontage Rd","","Green Valley","AZ","856145884","US","5203934700","",""
"1699500017","12545 Orange Dr # 502503","","Davie","FL","333304306","US","8048954474","",""
"1770891608","3301 County Road 6 E","","Elkhart","IN","465147673","US","5742665342","","5742665847"
"1770891608","1815 E Ireland Rd","","South Bend","IN","466142845","US","5746471750","","5746471748"
"1770891608","600 East Blvd","","Elkhart","IN","465142483","US","5745233160","","5745233221"
"1770891608","701 N 1st St","","Springfield","IL","627810001","US","2177883030","",""
"1770891608","206 W Warren St","","Middlebury","IN","465409410","US","5743580042","","5743580157"
"1770891608","2222 Rieth Blvd Ste 100","","Goshen","IN","465265869","US","5748751200","","5748750362"
"1578964169","1700 N Illinois St","Eskenazi Health Midtown Community Mental Health","Indianapolis","IN","462021316","US","3175545798","","3175545778"
"1578964169","3266 N Meridian St","","Indianapolis","IN","462085846","US","8442255687","",""
"1578964169","2920 N Arlington Ave Ste B","","Indianapolis","IN","462183362","US","3173559315","","3173559319"
"1386314581","602 Beech St Ste 3100","","Clare","MI","486171467","US","9898028515","","9898025019"
"1386314581","2090 Jolly Rd Ste 150","","Okemos","MI","488646036","US","5173493900","","5173493704"
"1386193852","11588 Pulaski Pike","","Toney","AL","357739381","US","2566931006","","2564287561"
"1386193852","4801 Bob Wallace Ave SW","","Huntsville","AL","358053308","US","2564287488","","2564287561"
"1386193852","3112 Meridian St N","","Huntsville","AL","358111539","US","2564287110","","2564287561"
"1386193852","2755 Wilson Dr NW","","Huntsville","AL","358163949","US","2564287428","","2564287561"
"1710584834","928 Nuuanu Ave Lowr Level","","Honolulu","HI","968175193","US","7733950937","","8085156393"
"1235853243","2305 Genoa Business Park Dr Ste 240","","Brighton","MI","481147005","US","8104946820","","8102290747"
"1235853243","990 W Ann Arbor Trl Ste 210","","Plymouth","MI","481706202","US","7344554600","","7344555637"
"1235853243","49650 Cherry Hill Rd Ste 210","","Canton","MI","481874859","US","7343987899","","7343987895"
"1235853243","4200 Whitehall Dr Ste 210","","Ann Arbor","MI","481059694","US","7347693896","","7347693746"
"1235853243","4350 Jackson Rd Ste 100","","Ann Arbor","MI","481031889","US","7349719344","","7349712303"
"1235853243","14288 E Old US Highway 12 Ste 100","","Chelsea","MI","481182700","US","7344759175","","7344750120"
"1235853243","4936 W Clark Rd Ste 101","","Ypsilanti","MI","481970861","US","7344343000","","7344348040"
"1609186535","81 Lake Ave","","Rochester","NY","146081410","US","5853686900","","5853686955"
"1609186535","490 E Ridge Rd","","Rochester","NY","146211229","US","5859222500","","5859222664"
"1609186535","2 Coulter Rd","","Clifton Springs","NY","144321122","US","3154621050","","3154620145"
"1801763081","3800 Gaylord Pkwy Ste 1100","","Frisco","TX","750349416","US","8175278621","",""
"1801763081","2221 Lakeside Blvd Ste 1225","","Richardson","TX","750824370","US","8175278621","",""
"1801763081","3355 W Alabama St Ste 1100","","Houston","TX","770981868","US","3465371292","",""
"1801763081","600 Six Flags Dr Ste 600","","Arlington","TX","760116340","US","8175278621","",""
"1801763081","9600 N Mopac Expy Ste 650","","Austin","TX","787596507","US","5129558474","",""
"1801763081","10622 State Highway 151 Ste 209","","San Antonio","TX","782514864","US","7262075519","",""
"1801763081","8080 N Central Expy Ste 1250","","Dallas","TX","752061890","US","8175278621","",""
"1801763081","431 E State Highway 114 Ste 400","","Southlake","TX","760924414","US","8175278621","",""
"1801763081","1415 Legacy Dr Ste 220","","Frisco","TX","750346025","US","8175278621","",""
"1801763081","6500 West Fwy Ste 700","","Fort Worth","TX","761162180","US","8175278621","",""
"1801763081","18615 Tuscany Stone Ste 250","","San Antonio","TX","782583504","US","7262075519","",""
"1801763081","3 Sugar Creek Center Blvd Ste 600","","Sugar Land","TX","774782213","US","3465371292","",""
"1134202302","7100 Six Forks Rd Ste 235","","Raleigh","NC","276156260","US","9197823798","",""
"1922571843","2053 Fountain Professional Ct Ste B","","Navarre","FL","325665109","US","8502333376","","8505228354"
"1255808036","10202 Perkins Rowe Ste E160","","Baton Rouge","LA","708102067","US","7048791179","","7044904274"
"1124105499","1 Medical Center Dr","","Biddeford","ME","040059422","US","2072837040","","2072837850"
"1740881747","1250 E Marshall St","","Richmond","VA","232985023","US","8048282207","","8048288300"
"1740881747","5801 E Taft Rd","","Syracuse","NY","132123291","US","3154184140","",""
"1740881747","43 New Scotland Ave","","Albany","NY","122083412","US","5182623125","",""
"1215538269","1248 S Broadway","","Denver","CO","802101504","US","7206999095","",""
"1215538269","6235 S Main St Ste C-101","","Aurora","CO","800165373","US","3033449090","",""
"1215538269","1185 State Highway 7","","Broomfield","CO","800231013","US","3034492730","",""
"1912077918","15 E Putnam Ave","Ste 411","Greenwich","CT","068305424","US","2036616106","",""
"1629059084","15 Parkman St","Wang 835","Boston","MA","021143117","US","6177268459","","6177265043"
"1629059084","75 Francis St","","Boston","MA","021156106","US","6177325500","",""
"1326918715","3401 N Broad St","","Phila","PA","191405103","US","5803992203","",""
"1841014065","461 21st Ave S","","Nashville","TN","372401104","US","6153432683","",""
"1659840270","715 Mall Ring Cir Ste 202","","Henderson","NV","890146667","US","7024836200","","7024836202"
"1710644158","3401 Civic Center Blvd","","Philadelphia","PA","191044319","US","2155901000","",""
"1326107954","321 N Nellis Blvd Ste 110","","Las Vegas","NV","891105416","US","7024384003","",""
"1689819492","84 Campus Dr","","Scarborough","ME","040747133","US","2073967000","",""
"1689819492","22 Bramhall St","","Portland","ME","041023134","US","2076622526","",""
"1740267939","75 Rowland Way Ste 100","","Novato","CA","949455054","US","4154617800","","4157985892"
"1740267939","250 Bon Air Rd","","Greenbrae","CA","949041702","US","4159257591","","4159257604"
"1639614746","2239 S Caraway Rd Ste M","","Jonesboro","AR","724016234","US","8709103757","","8709104999"
"1639614746","1815 Pleasant Grove Rd","","Jonesboro","AR","724017870","US","8709336886","","8709339395"
"1316096647","3712 Gulfway Dr","","Port Arthur","TX","776422828","US","4093324300","","4097275933"
"1316096647","190 Strickland Dr","","Orange","TX","776304748","US","4099204037","","4097275933"
"1316096647","810 Hospital Dr Ste 320","","Beaumont","TX","777014655","US","4098332266","","4097275933"
"1366300311","PO Box 1022","","Grand Blanc","MI","484804022","US","9892956980","",""
"1841001492","3401 Pga Blvd","","Palm Beach Gardens","FL","334102823","US","5613664100","","5617668801"
"1841001492","4801 S Congress Ave Ste 400","","Palm Springs","FL","334614746","US","5613664100","","5614392717"
"1134666134","300 68th St SE","","Grand Rapids","MI","495486927","US","6164555000","",""
"1336770759","1532 Lone Oak Rd Ste 315","","Paducah","KY","420037942","US","2705385880","","2705385870"
"1922959105","7204 267th St NW Ste 103","","Stanwood","WA","982926271","US","3606295382","",""
"1922959105","651 SE Maylor St","","Oak Harbor","WA","982775413","US","3606758640","",""
"1992510077","1304 Grayson Dr","","Souderton","PA","189642286","US","2156922011","",""
"1649244401","501 1st Ave","","South Sioux City","NE","687761703","US","8008973840","","7122335102"
"1174062962","302 3rd St Ste 3","","Neptune Beach","FL","322665139","US","9043763800","","9043907427"
"1174062962","820 Prudential Dr Ste 510","","Jacksonville","FL","322078207","US","9043763800","",""
"1174062962","836 Prudential Dr Ste 1507","","Jacksonville","FL","322078342","US","9043763800","",""
"1447750328","2814 Procurement Cir","","Fayetteville","NC","283034852","US","8557728847","",""
"1720933609","1141 County Road 24","","Ironton","OH","456383186","US","7402374981","",""
"1720933609","35 Private Drive 1122 Ste A","","Ironton","OH","456389153","US","7402374981","",""
"1255286142","39000 Bob Hope Dr","","Rancho Mirage","CA","922703221","US","7603403911","",""
"1487509378","2006 W Chapman Ave","","Orange","CA","928682610","US","8588592651","",""
"1831413236","302 3rd St Ste 3","","Neptune Beach","FL","322665139","US","9043763800","","9043907427"
"1376002048","1848 Pineview Dr","","Columbia","SC","292095085","US","8038980210","","8037766998"
"1215906649","1747 Baptist Clay Dr Ste 350","","Fleming Island","FL","320038504","US","9043763800","","9043968977"
"1215906649","841 Prudential Dr Fl 10","","Jacksonville","FL","322078329","US","9043763800","","9043968975"
"1215906649","929 Peninsular Pl","","Jacksonville","FL","322042828","US","9043763800","",""
"1215906649","836 Prudential Dr Ste 1507","","Jacksonville","FL","322078342","US","9043763800","",""
"1215906649","836 Prudential Dr Ste 1006","","Jacksonville","FL","322078337","US","9043763800","",""
"1215906649","1650 Prudential Dr Ste 102","","Jacksonville","FL","322078148","US","9043763800","","9043763998"
"1215906649","851042 US Highway 17 Ste B","","Yulee","FL","320972845","US","9043763800","",""
"1215906649","98 Nocatee Village Dr","","Ponte Vedra Beach","FL","320816152","US","9043763800","",""
"1215906649","800 Prudential Dr","","Jacksonville","FL","322078202","US","9043763800","",""
"1215906649","836 Prudential Dr Ste 1506","","Jacksonville","FL","322078342","US","9043763800","",""
"1215906649","820 Prudential Dr Ste 512","","Jacksonville","FL","322078207","US","9043763800","",""
"1215906649","221 Riverside Ave","","Jacksonville","FL","322024907","US","9043763800","",""
"1215906649","1545 S 14th St","","Fernandina Beach","FL","320343049","US","9043763800","","9043907392"
"1215906649","900 Beach Blvd Ste 930","","Jacksonville Beach","FL","322504368","US","9043763800","","9043968968"
"1215906649","1660 Prudential Dr Ste 410","","Jacksonville","FL","322078197","US","9043763800","","9043763998"
"1215906649","30 Ardisia Ln","","Jacksonville","FL","322593881","US","9043763800","","9043907458"
"1215906649","4844 Deer Lake Dr W Ste 101","","Jacksonville","FL","322464406","US","9043763800","","9043907431"
"1215906649","1361 13th Ave S Ste 270","","Jacksonville Beach","FL","322503258","US","9043763800","","9043907398"
"1215906649","1325 San Marco Blvd Ste 300","","Jacksonville","FL","322078567","US","9043763800","","9043907392"
"1215906649","13241 Bartram Park Blvd Unit 1901","","Jacksonville","FL","322585228","US","9043763800","","9043968967"
"1215906649","1650 Prudential Dr Ste 210","","Jacksonville","FL","322078149","US","9043763800","","9043964942"
"1215906649","820 Prudential Dr Ste 510","","Jacksonville","FL","322078207","US","9043763800","","9042022436"
"1215906649","14540 Old Saint Augustine Rd Ste 2591","","Jacksonville","FL","322587420","US","9043763800","","9043763998"
"1215906649","302 3rd St Ste 3","","Neptune Beach","FL","322665139","US","9043763800","","9043763998"
"1215906649","400 Colonnade Dr Ste 230","","Ponte Vedra Beach","FL","320816237","US","9043763800","",""
"1215906649","1301 Palm Ave Ste 4A017","","Jacksonville","FL","322078457","US","9043763800","","9043968978"
"1528333192","74-517 Honokohau St","","Kailua Kona","HI","967402715","US","8083344400","",""
"1659830016","13 High St","","Portland","CT","064801616","US","8603584470","",""
"1134244635","123A Richmond St","","El Segundo","CA","902453716","US","3105467546","","3105466777"
"1952987778","1500 Oglethorpe Ave Ste 200C","","Athens","GA","306062165","US","7063893875","","7063893876"
"1356928717","5901 E Fowler Ave Ste 100","","Temple Terrace","FL","336172305","US","8139789700","",""
"1639132269","1400 N US Highway 441 Ste 540","","Lady Lake","FL","321598987","US","3527539777","","8664461888"
"1063866747","1100 S Akers St","","Visalia","CA","932778311","US","5596243300","",""
"1063866747","2185 Citracado Pkwy","","Escondido","CA","920294159","US","7607393012","",""
"1922748474","803 Poplar St","","Murray","KY","420712432","US","2707621100","",""
"1023570488","795 N 5th Ave","","Sequim","WA","983823080","US","2065286000","",""
"1023570488","1306 Roosevelt Ave","","Mount Vernon","WA","982732428","US","2065286000","",""
"1023570488","1412 SW 43rd St Ste 310","","Renton","WA","980574803","US","2065286000","",""
"1023570488","332 NE Northgate Way","","Seattle","WA","981256047","US","2065286000","",""
"1457980476","6500 Byron Center Ave SW","","Byron Center","MI","493159080","US","6164555270","",""
"1861455529","2575 S State Road 7","","Wellington","FL","334149323","US","5617921205","",""
"1407542442","1601 Ygnacio Valley Rd","","Walnut Creek","CA","945983122","US","9259393000","",""
"1487828869","175 Fulton Ave","","Hempstead","NY","115503718","US","5164810052","","5164812115"
"1487828869","10245 Centurion Pkwy N Ste 250","","Jacksonville","FL","322560561","US","9046743521","",""
"1487828869","900 Beach Blvd Ste 930","","Jacksonville Beach","FL","322504368","US","9043763800","",""
"1619723335","24440 Stone Springs Blvd","","Sterling","VA","201662247","US","5713494000","",""
"1609134816","900 Beach Blvd","Suite 930","Jacksonville Beach","FL","322504368","US","9043763800","","9043968968"
"1831988203","9960 Central Park Blvd N Ste 100","","Boca Raton","FL","334281702","US","5614460645","","5614310342"
"1891054029","425 Divisadero St","Suite 301","San Francisco","CA","941172242","US","4155510975","",""
"1740770098","75 Francis St","","Boston","MA","021156110","US","6177325500","",""
"1699566414","12110 Port Grace Blvd Ste 101","","LA Vista","NE","681283190","US","4063046620","",""
"1366650525","19650 Club House Rd # 101","","Montgomery Village","MD","208863003","US","3012081300","",""
"1366650525","625 N Shipley St","","Wilmington","DE","198012249","US","3026432715","","3026557234"
"1366650525","5001 Silver Hill Rd Ste 103","","Suitland","MD","207465208","US","2405631220","",""
"1972343705","4300 Long Beach Blvd Ste 100","","Long Beach","CA","908072008","US","8552237123","",""
"1033403381","3905 Oberlin Ave","","Lorain","OH","440532853","US","3304866092","","4409307833"
"1003075821","5200 DTC Pkwy","Suite 400","Greenwood Village","CO","801112719","US","3037450000","","3037081834"
"1487183133","164 Summit Ave","","Providence","RI","029062853","US","4017934501","","4017934511"
"1487183133","375 Wampanoag Trl","","Riverside","RI","029152232","US","4016494040","","4016494041"
"1831484112","1356 Lusitana St","7th floor","Honolulu","HI","968132409","US","8085867477","","8085867486"
"1740210244","245 Cahaba Valley Pkwy Ste 110","","Pelham","AL","351242217","US","2052727890","",""
"1457662314","4700 Lady Moon Dr Ste C2","","Fort Collins","CO","805284426","US","9708105996","",""
"1699062174","1 Cooper Plz","","Camden","NJ","081031461","US","8563826500","",""
"1528553393","900 Beach Blvd Ste 930","","Jacksonville Beach","FL","322504368","US","9043763800","",""
"1144953324","302 3rd St Ste 3","","Neptune Beach","FL","322665139","US","9043763800","",""
"1932463114","3401 Civic Center Blvd","","Philadelphia","PA","191044319","US","2155902564","",""
"1932463114","300 Pasteur Dr","","Stanford","CA","943052200","US","6507234000","",""
"1750307427","14540 Old Saint Augustine Rd Ste 2591","","Jacksonville","FL","322587420","US","9043763800","","9043907405"
"1750307427","7827 Wise Ave","","Baltimore","MD","212223339","US","4102827222","","4102820069"
"1174939615","130 Division St","","Derby","CT","064181326","US","2037321330","","2037321332"
"1174939615","2800 Main St","","Bridgeport","CT","066064201","US","2035766000","",""
"1174939615","100 Grand St","","New Britain","CT","060522016","US","8602245661","",""
"1366050981","422 S Centre Ave","","Lancaster","TX","751463829","US","9722181671","",""
"1366050981","3805 W University Dr Ste 100","","McKinney","TX","750712944","US","4694959102","","4694950702"
"1316176621","300 68th St SE","","Grand Rapids","MI","495486927","US","6162816372","",""
"1780362756","932 E 34th St","","Joplin","MO","648043932","US","4173471111","",""
"1942220637","5952 Berryhill Rd","","Milton","FL","325704009","US","8502333376","","8505228354"
"1942220637","3089 Gulf Breeze Pkwy","","Gulf Breeze","FL","325633216","US","8502333376","","8505228354"
"1477994994","709 Dearborn St","","Caldwell","ID","836054116","US","2083767083","","2083215069"
"1477994994","12553 W Explorer Dr Ste 190","","Boise","ID","837131612","US","2083767083","","2083215069"
"1972733632","200 7th St","","Buffalo","NY","142012161","US","6095851122","","6095850309"
"1972733632","100 Miller St","","Gowanda","NY","14070","US","7165325700","",""
"1215589551","820 Prudential Dr Ste 510","","Jacksonville","FL","322078207","US","9043763800","","9043968971"
"1215589551","900 Beach Blvd Ste 930","","Jacksonville Beach","FL","322504368","US","9043763800","",""
"1518374743","204 Elk Crest Drive","","Beatrice","NE","68310","US","4024401369","",""
"1518374743","3021 13th St","","Columbus","NE","686014831","US","4024401369","",""
"1295258200","2719 Calumet Ave","","Manitowoc","WI","542205546","US","9207836633","255","9207836804"
"1891701223","2400 Linden Blvd","","Brooklyn","NY","112084830","US","7182575800","","7186497040"
"1891701223","2351 Bedford Ave","","Brooklyn","NY","112265403","US","8556818700","","8457659325"
"1730918400","2253 Green Hedges Way Ste 101","","Wesley Chapel","FL","335446969","US","8137716851","",""
"1437535481","1990 Holton Ave E","","Big Stone Gap","VA","242193350","US","2765233111","",""
"1437535481","300 Med Tech Pkwy","","Johnson City","TN","376042277","US","4233021000","",""
"1437535481","127 Health Care Dr","","Pennington Gap","VA","242772853","US","2765465212","",""
"1437535481","58 Carroll St","","Lebanon","VA","242664510","US","2768838000","",""
"1437535481","15790 Paul Vega Md Dr","","Hammond","LA","704031436","US","9853452700","","9852306652"
"1437535481","1 Medical Dr Dept Of","","Lebanon","NH","037561000","US","6036505869","",""
"1437535481","130 W Ravine Rd","","Kingsport","TN","376603837","US","4232244000","",""
"1437535481","1 Medical Park Blvd","","Bristol","TN","376207430","US","4238441121","",""
"1437535481","2000 Brookside Dr","","Kingsport","TN","376604627","US","4238577000","",""
"1437535481","100 15ht St NW","","Norton","VA","242731616","US","2764391000","",""
"1437535481","1501 W Elk Ave","","Elizabethton","TN","376432874","US","4235421300","",""
"1437535481","400 N State of Franklin Rd","","Johnson City","TN","376046035","US","4234316111","",""
"1437535481","851 Locust St","","Rogersville","TN","378572407","US","4239217000","",""
"1437535481","1519 Main St","","Sneedville","TN","378693657","US","4237335070","",""
"1437535481","1901 S Shady St Ste 1","","Mountain City","TN","376832021","US","4237271103","",""
"1437535481","1420 Tusculum Blvd","","Greeneville","TN","377454279","US","4237875000","",""
"1437535481","16000 Johnston Memorial Dr","","Abingdon","VA","242117664","US","2762581000","",""
"1437535481","245 Medical Park Dr","","Marion","VA","243541100","US","2763781000","",""
"1437535481","312 Hospital Dr","","Clintwood","VA","242286786","US","2769260300","",""
"1033527155","007 Choosgai Drive","","Tohatchi","NM","87325","US","5057338400","","5757639154"
"1013681634","2155 Champlain St NW","","Washington","DC","200092795","US","2024073080","",""
"1013681634","2120 Bladensburg Rd NE","","Washington","DC","200181440","US","2024073080","",""
"1093498016","302 3rd St Ste 3","","Neptune Beach","FL","322665139","US","9043763800","",""
"1386363224","7711 N Military Trl Ste 214","","West Palm Beach","FL","334106506","US","5619433303","",""
"1770865750","9321 E Summer Trl","","Tucson","AZ","857498656","US","5207494391","",""
"1346599701","302 3rd St Ste 3","","Neptune Beach","FL","322665139","US","9043763800","","9043763998"
"1437307956","900 Beach Blvd","Suite 930","Jacksonville Beach","FL","322504368","US","9043763800","","9043968968"
"1255732921","300 68th St SE","","Grand Rapids","MI","495486927","US","6163278133","","6163276904"
"1417735630","9960 Central Park Blvd N Ste 100","","Boca Raton","FL","334281702","US","5614460645","","5614310342"
"1346725025","302 3rd St Ste 3","","Neptune Beach","FL","322665139","US","9043763800","","9043907427"
"1093533838","2 State Road 60 W","","Lake Wales","FL","338534118","US","8636799000","","8636799005"
"1093533838","1396 Whisper Cir","","Sebring","FL","338701204","US","8633851244","","8633856086"
"1124112016","6475 SW Borland Rd Ste L","","Tualatin","OR","970629708","US","5036922300","",""
"1831911593","9890 County Farm Rd","","Riverside","CA","925033678","US","9515098320","",""
"1164501243","1001 S Bradford St Ste 3","","Dover","DE","199044153","US","8338416078","","8338416078"
"1164501243","1074 S State St","","Dover","DE","199016925","US","3027253200","","3027253201"
"1013625284","2387 Huntcrest Way","","Lawrenceville","GA","300438126","US","6786487644","",""
"1306502109","900 Beach Blvd Ste 930","","Jacksonville Beach","FL","322504368","US","9043763800","","9043907394"
"1235643545","320 Coon Rapids Blvd NW Ste 100","","Coon Rapids","MN","554335640","US","7632018191","",""
"1578101358","17904 Georgia Ave Ste 200","","Olney","MD","208322277","US","2403043327","",""
"1225274251","2504 E Griffin Pkwy","","Mission","TX","785723348","US","9565192700","",""
"1457417164","302 3rd St Ste 3","","Neptune Beach","FL","322665139","US","9043763800","","9043763998"
"1033275680","804 Long Pond Rd","","Plymouth","MA","023602648","US","6178164833","",""
"1356208102","3471 5th Ave","","Pittsburgh","PA","152133215","US","4126924920","",""
"1316284011","1309 N Flagler Dr","","West Palm Beach","FL","334013406","US","5616506271","",""
"1316284011","1000 Medical Center Blvd","","Lawrenceville","GA","300467694","US","6783121000","","6783123282"
"1730684101","219 Idlewood Acres","","Hartwell","GA","306434176","US","7069617319","","7069617319"
"1942014055","5889 S Williamson Blvd Ste 1431","","Port Orange","FL","321287499","US","2408189499","","2132837741"
"1215328547","15132 Traditions Blvd","","Edmond","OK","730131182","US","4057030937","3","8882908567"
"1215328547","1703 Professional Cir Ste 101","","Yukon","OK","730996497","US","4057177955","","8882908567"
"1417348475","420 W 5th Ave","","Flint","MI","485032445","US","8103475472","",""
"1417348475","G3500 Flushing Rd","","Flint","MI","485044235","US","9894123137","",""
"1467085811","211 W Cherry St","","Nevada","MO","647723361","US","4174488960","","4174486555"
"1467085811","1035 Gulf St","","LaMar","MO","647591408","US","4174480565","","4176678700"
"1982749586","12865 Pointe Del Mar Way Ste 200","","Del Mar","CA","920143860","US","8585351894","","8585351863"
"1992945331","123A Richmond St","","El Segundo","CA","902453716","US","3105467546","","3105466777"
"1073905121","1300 Sentara Park # 3","","Virginia Beach","VA","234645884","US","7572523050","","7572223106"
"1073905121","52 Underwood St","","Orlando","FL","328061110","US","8888050085","","3128967623"
"1073905121","2925 Chicago Ave","","Minneapolis","MN","554071321","US","6512419700","","6512419683"
"1073905121","1401 Roosevelt Ave","","York","PA","174042244","US","7178511405","",""
"1609721463","2525 W Main St Ste 210","","Rapid City","SD","577022439","US","6056450100","","6057171009"
"1578418778","7800 Oakmont Blvd","","Fort Worth","TX","761324203","US","8173460094","",""
"1720403462","1500 SW 10th Ave","","Topeka","KS","666041301","US","7853546000","",""
"1275488165","23 S 8th St","","Ashton","ID","834205211","US","2083303007","","8008613329"
"1295680197","916 W Ironwood Dr Ste Ul1","","Coeur D Alene","ID","838142642","US","2085775380","",""
"1295680197","3423 Merlin Dr","","Idaho Falls","ID","834047430","US","2082179099","",""
"1295680197","1411 Falls Ave E Ste 1151A","","Twin Falls","ID","833013455","US","2085437995","",""
"1295680197","3015 E Goldstone Dr Ste 130","","Meridian","ID","836421224","US","8882098874","",""
"1295680197","11118 Moss Ln","","Nampa","ID","836518015","US","2085635910","",""
"1295680197","1750 W McMillan Rd Ste 120","","Meridian","ID","836466891","US","2089004480","",""
"1033064936","10511 Northbrook Cir","","Palm Beach Gardens","FL","334127304","US","2674211443","",""
"1780539692","4849 Van Nuys Blvd Ste 211","","Sherman Oaks","CA","914032127","US","8882098874","",""
"1780539692","2001 Santa Monica Blvd Ste 1160W","","Santa Monica","CA","904042120","US","8882098874","",""
"1780539692","2331A Montpelier Dr Ste 20","","San Jose","CA","951161614","US","8882098874","",""
"1780539692","1580 W El Camino Real Ste 5","","Mountain View","CA","940402461","US","8882098874","",""
"1780539692","151 N Sunrise Ave Ste 1203","","Roseville","CA","956612932","US","9168502559","",""
"1780539692","150 N Robertson Blvd Ste 206","","Beverly Hills","CA","902112144","US","8882098874","",""
"1780539692","435 Arden Ave Ste 460","","Glendale","CA","912031139","US","8882098874","",""
"1780539692","2321 W March Ln Ste 100","","Stockton","CA","952075278","US","2099213895","",""
"1780539692","2510 Webster St","","Berkeley","CA","947052557","US","8882098874","",""
"1780539692","2915 Telegraph Ave Ste 304","","Berkeley","CA","947052030","US","8882098874","",""
"1437004348","141 N Front St","","Talent","OR","975406656","US","5419730530","",""
"1871448787","5547 N Magnolia Ave Apt 3","","Chicago","IL","606401329","US","7083178629","",""
"1245930437","803 Poplar St","","Murray","KY","420712432","US","2707621100","",""
"1245930437","16400 Highland Dr","","Mc Kenzie","TN","382012007","US","7315140750","",""
"1245930437","803 Poplar St","","Murray","KY","420712432","US","2707621515","",""
"1942002746","1503 Riddick Lane","","Savannah","GA","31407","US","9124822182","",""
"1942002746","301 S McDowell St","Suite 125-2526","Charlotte","NC","28204","US","9124822182","",""
"1609018423","901 DuPont Rd Ste 100","","Louisville","KY","402074644","US","5025591855","","5023943658"
"1750842472","1396 W Herndon Ave","","Fresno","CA","937117126","US","5592560100","",""
"1750842472","1410 F St","","Fresno","CA","937061608","US","5592560100","",""
"1225788854","1400 8th Ave","","Fort Worth","TX","761044110","US","8179224529","",""
"1487231031","130 Fisher Rd","","Berlin","VT","056029516","US","8023714100","",""
"1811574353","2650 Ridge Ave.","IM/ICU Hospitalists","Evanston","IL","602011005","US","8475701010","","8477335108"
"1760061253","2116 Arlington Ave","","Los Angeles","CA","900181353","US","3233349000","",""
"1003435785","5732 Caruth Blvd","","Dallas","TX","752093534","US","9729741495","",""
"1972922169","1500 E Medical Center Dr","","Ann Arbor","MI","481095000","US","7349364000","",""
"1457146888","156 E Walnut St Apt 5","","Lancaster","PA","176024940","US","7174760782","",""
"1952155012","Ave Algarrobo # 175","","Mayaguez","PR","006826343","US","7878346900","",""
"1982048278","9402 W Lake Mead Blvd Ste 101","","Las Vegas","NV","891348312","US","4068503085","",""
"1295580082","23 S 8th St","","Ashton","ID","834205211","US","2083303007","","8008613329"
"1134816622","695 South St Ste 6","","Chardon","OH","440241474","US","4402861553","",""
"1134816622","500 W Main St","","Geneva","OH","440411213","US","4409984210","",""
"1689258022","2416 W Shaw Ave Ste 114","","Fresno","CA","937113303","US","5593743990","",""
"1649489287","1500 SW 10th Ave","","Topeka","KS","666041301","US","7853545225","","7852700005"
"1871728279","301 W 19th St Apt 52","","New York","NY","100113926","US","3124987726","",""
"1871728279","10021 Pines Blvd Ste 100","","Pembroke Pines","FL","330246191","US","9547874644","",""
"1265171086","3100 19th St NW Ste 200","","Rochester","MN","559016606","US","5073223460","",""
"1609814292","120 Madison Ave","","Mount Holly","NJ","080602055","US","6092611160","",""
"1750323440","98-211 Pali Momi St Ste 320","","Aiea","HI","967014306","US","8085230445","","8083563380"
"1750323440","94-673 Kupuohi St Ste C207","","Waipahu","HI","967975373","US","8085230445","","8083563380"
"1750323440","1029 Kapahulu Ave Ste 307","","Honolulu","HI","968161332","US","8085230445","","8083563380"
"1750323440","275 Ponahawai St Ste 202","","Hilo","HI","967203074","US","8085230445","","8083563380"
"1750323440","280 Home Olu Place","","Kaunakakai","HI","967480408","US","8085230445","","8083563380"
"1750323440","74-5588 Palani Rd Ste 29","","Kailua Kona","HI","967403120","US","8085230445","","8083563380"
"1942739784","2600 S Gessner Rd","","Houston","TX","770633200","US","7138827271","",""
"1598332306","2118 Greenspring Dr Ste 200","","Timonium","MD","210933112","US","5820410512","",""
"1891176038","16400 S Highway 25","","Weirsdale","FL","32195","US","3528219797","","3528210553"
"1033313143","2951 Maple Ave","","Zanesville","OH","437011406","US","7404545000","",""
"1033313143","11115 Parkview Plaza Dr","","Fort Wayne","IN","468451701","US","2606726443","","2606726459"
"1033313143","Mercy Medical Center","2175 Rosaline Ave","Redding","CA","96001","US","5309220476","",""
"1134797442","251 Rock Rd Ste 2C","","Glen Rock","NJ","074521797","US","2014450900","",""
"1134797442","1411 S Potomac St Ste 400","","Aurora","CO","800124540","US","3036956060","",""
"1134659550","208 N 29th St Ste 201","","Billings","MT","591011926","US","3039021536","",""
"1023372554","301 W Huntington Dr Ste 400","","Arcadia","CA","910073471","US","6262189840","","6262189860"
"1023372554","209 Fair Oaks Ave","","South Pasadena","CA","910301814","US","6263962900","","6267992889"
"1891081402","2300 Ramsey St","","Fayetteville","NC","283013856","US","9104825292","","9108227911"
"1891146569","1514 Jefferson Hwy","","New Orleans","LA","701212429","US","5048424000","",""
"1891146569","52 Underwood St","","Orlando","FL","328061110","US","8888050085","","3128967623"
"1891146569","1300 Sentara Park # 3","","Virginia Beach","VA","234645884","US","7572523050","",""
"1891146569","1425 Portland Ave","","Rochester","NY","146213001","US","5859224829","",""
"1891146569","1401 Roosevelt Ave","","York","PA","174042244","US","8772325807","",""
"1841498755","123 Summer St Ste 150S","","Worcester","MA","016081216","US","5083683110","","5083683113"
"1841498755","900 Union St","","Westborough","MA","015815408","US","5088709350","","5083683917"
"1811920028","4500 Williams Dr Ste 228","","Georgetown","TX","786331332","US","5122447200","207","5128683907"
"1811920028","605 Crystal Falls Pkwy","","Leander","TX","786413613","US","5122447200","","5128683907"
"1811920028","3204 Northwest Blvd Ste 100","","Georgetown","TX","786284201","US","5122447200","","5128683907"
"1598383861","3504 Cumberland Ave","","Middlesboro","KY","409652612","US","6062480737","","6062480739"
"1023856911","2221 Lakeside Blvd Ste 1225","","Richardson","TX","750824370","US","8175278621","",""
"1023856911","10622 State Highway 151 Ste 209","","San Antonio","TX","782514864","US","7262075519","","8018212613"
"1023856911","431 E State Highway 114 Ste 400","","Southlake","TX","760924414","US","8175278621","78621",""
"1023856911","1507 Lyndon B Johnson Fwy Ste 270","","Dallas","TX","752346088","US","8175278621","",""
"1023856911","3 Sugar Creek Center Blvd Ste 600","","Sugar Land","TX","774782213","US","3465371292","",""
"1023856911","18615 Tuscany Stone Ste 250","","San Antonio","TX","782583504","US","7262075519","",""
"1023856911","8080 N Central Expy Ste 1250","","Dallas","TX","752061890","US","8175278621","",""
"1023856911","9600 N Mopac Expy Ste 650","","Austin","TX","787596507","US","5129558474","",""
"1023856911","6500 West Fwy Ste 700","","Fort Worth","TX","761162180","US","8175278621","",""
"1023856911","3355 W Alabama St Ste 1100","","Houston","TX","770981868","US","3465371292","",""
"1023856911","9600 N Mopac Expy Ste 225","","Austin","TX","787596507","US","5129558474","",""
"1023856911","600 Six Flags Dr Ste 600","","Arlington","TX","760116340","US","8175278621","",""
"1568035681","1230 Baxter St","","Athens","GA","306063712","US","7063893410","","7063893411"
"1396091104","979 Don Floyd Dr Ste 216","","Midlothian","TX","760656695","US","6822428970","",""
"1487537007","510 N Cobb St","","Milledgeville","GA","310612635","US","4784141414","",""
"1891103149","2505 Harrison Ave","","Panama City","FL","324054464","US","8502333376","","8505228354"
"1891103149","3120 Southride Ln","","Bonifay","FL","324253325","US","8502333376","","8505228354"
"1023010592","8383 Millicent Way","","Shreveport","LA","711155207","US","3187976661","","3187958512"
"1801312053","3050 Military Rd NW","","Washington","DC","200151341","US","2029328149","","3012917071"
"1801312053","1818 Newton St NW","","Washington","DC","200101017","US","2029328149","","3012917071"
"1801312053","6200 Oregon Ave NW","","Washington","DC","200151543","US","2029328149","",""
"1801312053","200 Morgnec Rd","","Chestertown","MD","216201026","US","3013217741","","3012917071"
"1801312053","14300 Gallant Fox Ln Ste 202","","Bowie","MD","207154033","US","3013217741","","3012917071"
"1801312053","2811 Pennsylvania Ave SE","","Washington","DC","200203865","US","2028946811","",""
"1801312053","2015 E West Hwy","","Silver Spring","MD","209102602","US","3013217741","","3012917071"
"1770575177","11600 W 2nd Pl","","Lakewood","CO","802281527","US","7203210000","","7203214165"
"1770575177","790 Fuller Ave NE","","Grand Rapids","MI","495031918","US","6163363909","","6163368830"
"1053892174","308 S 12th St","","Murray","KY","420712342","US","2702060815","",""
"1497036933","101 S Prairie St","","Dayton","TX","775352819","US","9363405117","",""
"1578556098","1037 S State Road 7 Ste 303","","Wellington","FL","334146140","US","5613664100","","8663266396"
"1417206772","6414 Fannin St Ste G150","","Houston","TX","770301514","US","8323257125","","7135122200"
"1992252258","18 W Blackwell St","","Dover","NJ","078013841","US","9733283344","",""
"1275901241","1410 F St Ste 101","","Fresno","CA","937061608","US","5592302501","",""
"1275901241","1396 W Herndon Ave Ste 110","","Fresno","CA","937117126","US","5592302501","",""
"1710434584","126 N Franklin St","","Hempstead","NY","115501318","US","5164867200","","5164867291"
"1225511033","512 Sagamore Pkwy W","","West Lafayette","IN","479061458","US","7654973551","",""
"1255202552","857 Senate St","","Costa Mesa","CA","926273329","US","9499030344","",""
"1710238167","3800 Packard St Ste 120","","Ann Arbor","MI","481082073","US","7348455902","","7342227697"
"1912090895","9205 SW Barnes Rd","","Portland","OR","972256603","US","5032162906","",""
"1053286146","865 S 1st St","","Jesup","GA","315450210","US","9124276811","",""
"1215012000","2100 NW 35th Avenue Rd","","Ocala","FL","344754630","US","3522807400","",""
"1215012000","939 Caroline St","","Port Angeles","WA","983623909","US","3033901940","",""
"1215012000","1755 N Mecklenburg Ave","","South Hill","VA","239704080","US","4344473151","","4345844023"
"1215012000","1311 N Mildred Rd","","Cortez","CO","813212231","US","3033901940","",""
"1215012000","301 Riverview Ave Ste 700","","Norfolk","VA","235101065","US","7572529365","",""
"1215012000","3537 S I 35 E Ste 220","","Denton","TX","762106813","US","9727658484","","9402207527"
"1215012000","333 E 2nd St","","Richland Center","WI","535811914","US","3033901940","",""
"1215012000","1900 Sunrise Dr","","Saint Peter","MN","560825376","US","3033901940","",""
"1215012000","194 E Main St","","Fort Kent","ME","047431428","US","3033901940","",""
"1215012000","1720 Central Ave E Ste A","","Hampton","IA","504411867","US","3033901940","",""
"1215012000","20 Hartford St","","Houlton","ME","047301891","US","3033901940","",""
"1215012000","1111 11th St","","Hawarden","IA","510231903","US","3033901940","",""
"1215012000","1008 Minnequa Ave","","Pueblo","CO","810043733","US","3033901940","",""
"1215012000","502 W 4th Ave","","Toppenish","WA","989481616","US","5098653105","","5098651519"
"1215012000","18797 Alberta St","","Oneida","TN","378412127","US","3033901940","",""
"1770305229","13124 Cedarbrook Ave NE","","Albuquerque","NM","871113075","US","5057157528","",""
"1447850458","5320 Bridgers Rd Ste 4","","Shallotte","NC","284704737","US","9107544097","",""
"1447850458","201 Village Rd","","Shallotte","NC","284704441","US","9107544097","",""
"1811974900","6950 Central Ave","","St Petersburg","FL","337071210","US","7273433004","",""
"1811974900","35170 US Highway 19 N","","Palm Harbor","FL","346841929","US","7277895333","",""
"1134632334","2160 S 1st Ave","","Maywood","IL","601533328","US","7082160464","",""
"1134632334","950 Technology Way Ste 250","","Libertyville","IL","600485366","US","2244074400","",""
"1134632334","630 Dundee Rd Ste 200","","Northbrook","IL","600622765","US","2244074400","",""
"1134632334","40 Skokie Blvd Ste 110","","Northbrook","IL","600621614","US","2244074400","",""
"1134632334","3209 S 23rd St Ste 200","","Tacoma","WA","984051602","US","2532725127","",""
"1134632334","2202 S Cedar St Ste 330","","Tacoma","WA","984052318","US","2532725127","",""
"1134632334","1703 S Meridian Ste 305","","Puyallup","WA","983717590","US","2532725127","",""
"1134632334","2112 Harrisburg Pike Ste 202","","Lancaster","PA","176012644","US","7178694600","",""
"1790387033","1500 SW 10th Ave","","Topeka","KS","666041301","US","7853546000","",""
"1790387033","1102 Saint Marys Rd","","Junction City","KS","664414139","US","7852380325","","7855761113"
"1790387033","2660 SW 3rd St","","Topeka","KS","666062442","US","7852708880","","7852708881"
"1376145110","1802 E 10th St","","Jeffersonville","IN","471306016","US","8122882488","","8122886603"
"1194590885","7441 114th Ave Ste 604","","Largo","FL","337735124","US","7274925369","",""
"1336299122","620 Jhn Paul Jns Cir","","Portsmouth","VA","237082111","US","7579534545","","7579535026"
"1194269464","1313 Johnson Blvd","","Murray","KY","420712925","US","2709171401","","2709578811"
"1194484998","125 E Walker St","","Orland","CA","959631525","US","5308656165","","5308651001"
"1194484998","604 E Walker St","","Orland","CA","959632223","US","5308656129","","5308655505"
"1841886546","4801 S Congress Ave Ste 400","","Palm Springs","FL","334614746","US","5613664100","","5614392717"
"1841886546","1037 S State Road 7 Ste 303","","Wellington","FL","334146140","US","5613664100","","8663266396"
"1699362582","4926 Northfork Dr","","Pearland","TX","775848612","US","2819970857","",""
"1023096922","14500 99th Ave N Ste 1-210","","Maple Grove","MN","553694730","US","7638981778","","7638981771"
"1023096922","909 Fulton St SE Ste 5-540","","Minneapolis","MN","554554800","US","6126764483","","6126764039"
"1619440567","2200 Sunrise Blvd Ste 120","","Gold River","CA","956704378","US","9168521600","","9168520231"
"1619440567","6809 Five Star Blvd Ste 100A","","Rocklin","CA","956772687","US","9166242020","","9166243027"
"1619440567","2831 J St","","Sacramento","CA","958164315","US","9164425126","",""
"1619440567","421 Blue Ravine Rd Ste 300","","Folsom","CA","956303821","US","9169831066","",""
"1528838174","2000 Tower Oaks Blvd","","Rockville","MD","208524282","US","3014445001","",""
"1487190658","1830 Mesquite Ave Ste B","","Lake Havasu City","AZ","864035885","US","9286801209","","9286807914"
"1336789775","1716 Miramonte Ave","","Mountain View","CA","940403763","US","6509431272","",""
"1669658068","19221 I 45 S Ste 110","","Shenandoah","TX","773858759","US","8179220000","","8179225955"
"1669658068","14275 Midway Rd Ste 200","","Addison","TX","750013618","US","8179220000","","8179225955"
"1306436787","435 Midway Dr","","Mundelein","IL","600602885","US","8474454866","",""
"1295597086","9000 N Main St Ste 238","","Englewood","OH","454151184","US","9378366976","","9372082678"
"1295597086","30 E Apple St Ste 5254A","","Dayton","OH","454092939","US","9372084200","","9372082678"
"1295597086","3130 N County Road 25A Ste 114","","Troy","OH","453731337","US","9374407665","","9374407666"
"1295597086","200 Medical Center Dr Ste 325","","Middletown","OH","450055178","US","5137087620","","5137057065"
"1295597086","2300 Miami Valley Dr Ste 550","","Centerville","OH","454591298","US","9374387500","","9374387555"
"1538018338","1396 W Herndon Ave","","Fresno","CA","937117126","US","5592560100","","5599411775"
"1538018338","1410 F St","","Fresno","CA","937061608","US","5592560100","","5599411775"
"1619949815","4500 San Pablo Rd S","","Jacksonville","FL","322241865","US","9049532000","",""
"1649638560","333 University Ave Ste 200","","Sacramento","CA","958256540","US","8558326727","6101",""
"1992845895","1570 Nc 8 and 89 Hwy N","","Danbury","NC","270167360","US","3365935311","",""
"1992845895","1460 Orange St","","Coshocton","OH","438122229","US","7406226411","",""
"1548567498","3444 Kearny Villa Rd Ste 202","","San Diego","CA","921231960","US","8588107200","","8585008021"
"1316447246","1200 Garden View Rd","","Encinitas","CA","920242477","US","8009268273","",""
"1316447246","4168 Front St","","San Diego","CA","921032030","US","8009268273","",""
"1649125568","107 E Chestnut St","","West Chester","PA","193802631","US","6107154685","","2232624685"
"1609841931","2105 E South Blvd","","Montgomery","AL","361162409","US","3342862991","",""
"1760337687","33 N Gould St","","Sheridan","WY","828016317","US","9044411909","",""
"1285589101","2866 Stage Park Dr","","Memphis","TN","381344457","US","9145236754","",""
"1376498287","7358 N La Cholla Blvd Ste 100","","Tucson","AZ","857412305","US","8882098874","",""
"1376498287","6369 E Tanque Verde Rd Ste 220","","Tucson","AZ","857153834","US","8882098874","",""
"1376498287","2110 W 24th St Ste A","","Yuma","AZ","853648878","US","8882098874","",""
"1376498287","1760 E Pecos Rd Ste 301","","Gilbert","AZ","852953203","US","4808062100","",""
"1376498287","13657 W McDowell Rd Ste 204","","Goodyear","AZ","853952603","US","6232678520","",""
"1376498287","9125 W Thunderbird Rd Ste 105","","Peoria","AZ","853814921","US","6232674940","",""
"1376498287","20950 N Tatum Blvd Ste 350","","Phoenix","AZ","850504256","US","8882098874","",""
"1376498287","312 N Alma School Rd Ste 3","","Chandler","AZ","852244354","US","8882098874","",""
"1376498287","2065 Highway 95 Ste 31","","Bullhead City","AZ","864426068","US","8882098874","",""
"1376498287","13026 W Rancho Santa Fe Blvd Ste B100","","Avondale","AZ","853921709","US","8882098874","",""
"1376498287","4350 E Ray Rd Ste 108","","Phoenix","AZ","850444704","US","8882098874","",""
"1376498287","12301 W Bell Rd Ste A105","","Surprise","AZ","853789707","US","8882098874","",""
"1376498287","20185 E Ocotillo Rd Ste 105","","Queen Creek","AZ","851427663","US","8882098874","",""
"1376498287","3100 N Navajo Dr Ste B3","","Prescott Valley","AZ","863148654","US","8882098874","",""
"1376498287","7558 W Thunderbird Rd Ste 9","","Peoria","AZ","853816080","US","8882098874","",""
"1376498287","930 N Switzer Canyon Dr Ste 201","","Flagstaff","AZ","860014837","US","8882098874","",""
"1376498287","3555 Western Ave","","Kingman","AZ","864093291","US","8882098874","",""
"1376498287","5520 E Main St Ste 3","","Mesa","AZ","852058793","US","8882098874","",""
"1982559803","717 Encino Pl NE Ste 8","","Albuquerque","NM","871022624","US","8882098874","",""
"1982559803","2525 S Telshor Blvd Ste 15-202","","Las Cruces","NM","880115071","US","8882098874","",""
"1982559803","1800 Old Pecos Trl Ste E","","Santa Fe","NM","875054759","US","8882098874","",""
"1295435386","217 E High St Ste 200","","Lebanon","TN","370876709","US","6152273000","",""
"1295435386","1453 Hope Way","","Murfreesboro","TN","371293140","US","6158939390","",""
"1801857073","2895 Hueland Pond Blvd Ste 100","","Wesley Chapel","FL","335437504","US","8132797107","","8139731090"
"1497097984","6785 Horizon Rd Ste 110","","Heath","TX","750327711","US","2148141550","","2148141350"
"1124559091","7595 Anagram Dr","","Eden Prairie","MN","553447399","US","6125732200","","6125732250"
"1245693803","8300 Floyd Curl Dr Fl 4","","San Antonio","TX","782293931","US","2104509880","","2104504967"
"1245693803","4502 Medical Dr","","San Antonio","TX","782294402","US","2103584000","",""
"1235592890","14201 E Sam Houston Pkwy N","","Houston","TX","770446291","US","2814368888","","2814368889"
"1194143727","3001 Green Bay Rd","","North Chicago","IL","600643048","US","8476886755","",""
"1164085270","118 E Haskell St","","Winnemucca","NV","894453247","US","7756235222","",""
"1538740394","5106 W Loop 1604 N","","San Antonio","TX","782514408","US","7262432000","",""
"1538740394","1310 McCullough Ave","","San Antonio","TX","782125601","US","2107572200","",""
"1740634856","39755 Date St Ste 105","","Murrieta","CA","925632007","US","8589090770","",""
"1740634856","5405 Oberlin Dr Fl 2","","San Diego","CA","921211700","US","8589090770","",""
"1740634856","577 Third Ave","","Chula Vista","CA","919105619","US","8589090770","",""
"1740634856","15644 Pomerado Rd","","Poway","CA","920642400","US","8589090770","",""
"1356195374","2069 N Crossover Rd Ste 2","","Fayetteville","AR","727034327","US","4797186470","",""
"1508286568","261 N University Dr Ste 500-1086","","Plantation","FL","333242002","US","9549311803","","8883206434"
"1386864080","12460 Riley St","","Holland","MI","494248217","US","6163996500","",""
"1386864080","18223 E 10 Mile Rd","","Roseville","MI","480665821","US","5867785880","",""
"1386864080","5800 Foremost Dr SE Ste 100","","Grand Rapids","MI","495467062","US","6163891561","",""
"1386864080","6425 Harvey St","","Norton Shores","MI","494449739","US","2317373469","",""
"1386864080","145 Michigan St NE","Suite 3100","Grand Rapids","MI","495032562","US","6169549800","","6169542116"
"1386864080","15100 220th Ave","","Big Rapids","MI","493079248","US","2315159410","",""
"1386864080","302 Kensington Ave","","Flint","MI","485032044","US","8107628400","",""
"1386864080","1550 Watertower Pl Ste 500","","East Lansing","MI","488238053","US","5173336060","",""
"1386864080","6255 Inkster Rd Ste 306","","Garden City","MI","481352538","US","7344583279","",""
"1033773338","251 E Huron St","","Chicago","IL","606112908","US","3126954147","",""
"1033644133","27100 Chardon Rd","","Richmond Heights","OH","441431116","US","4405856553","","4405856141"
"1033644133","285 E State St Ste 500","","Columbus","OH","432154359","US","6145668888","","6145668098"
"1033644133","393 E Town St Ste 116","","Columbus","OH","432154799","US","6145669108","","6145669110"
"1033644133","290 E Town St","","Columbus","OH","432154602","US","6147885400","","6147885500"
"1033644133","2173 Normandie Dr","","Montgomery","AL","361112728","US","3344382642","",""
"1750816641","6202 Harry Hines Blvd","","Dallas","TX","75235","US","2146453999","",""
"1215382189","1 Barnes Jewish Hospital Plz","","Saint Louis","MO","631101003","US","3143621700","","3143629878"
"1164110805","84 Templeton Dr Ste 103","","Oswego","IL","605437015","US","6308442662","",""
"1184672545","81812 Doctor Carreon Blvd Ste D","","Indio","CA","922015594","US","7606477676","",""
"1972351716","948 S Cochran Ave","","Los Angeles","CA","900364739","US","2133333869","",""
"1548605256","1 Childrens Way","","Little Rock","AR","722023500","US","5013641000","",""
"1568109833","7120 Franklin Ave","","Los Angeles","CA","900463002","US","3238760550","",""
"1265880991","3182 W 73rd Pl","","Hialeah","FL","330185263","US","7864440963","",""
"1053204099","81-6587 Mamalahoa Hwy","","Kealakekua","HI","96750","US","8083232664","",""
"1912499989","1301 Route 72 W Ste 260","","Manahawkin","NJ","080502483","US","7322637960","","7322637961"
"1255992764","17421 Medical Center Pkwy","","Independence","MO","640571805","US","8164559975","","8164559985"
"1255992764","1805 E Walnut St","","Columbia","MO","652016425","US","5737777500","","5737777505"
"1255992764","800 S Park Ave","","Springfield","MO","658024855","US","4178937735","","4178623362"
"1457395360","1018 E Wheatland Rd","","Duncanville","TX","751164914","US","4695132666","","4695132667"
"1790134633","4502 Medical Dr","","San Antonio","TX","782294402","US","2103584000","",""
"1033952502","1000 Jason Witten Way","","Elizabethton","TN","376432970","US","4234394355","",""
"1033952502","102 E Ravine Rd","","Kingsport","TN","376603814","US","4232459600","",""
"1033952502","6923 Sandbur Ct # 1514","","Burlington","KY","410057851","US","8593082853","",""
"1467137687","169 Martin Ave","","Ephrata","PA","175221734","US","7177330311","","7177215861"
"1467137687","25 Monument Rd Ste 270","","York","PA","174035073","US","7177418250","","7177418289"
"1467137687","12 St Paul Dr Ste 100","","Chambersburg","PA","172011035","US","7172176072","","7172176952"
"1467137687","112 N 7th St","","Chambersburg","PA","172011720","US","7172677166","","7172677414"
"1467137687","252 S 4th St","","Lebanon","PA","170426111","US","7172707500","","7172281642"
"1467137687","90 Medical Park Dr Ste 2000","","Lewisburg","PA","178376343","US","5705242722","","5705240362"
"1467137687","35 Erick Rd","","Lancaster","PA","176013111","US","7176900811","","7172834193"
"1467137687","4150 Barrett Blvd Ste 100","","Ephrata","PA","175228979","US","7178595160","","7177983935"
"1467137687","501 E Main St","","Waynesboro","PA","172682353","US","7177653425","","7177653478"
"1467137687","55 Monument Rd","","York","PA","174035023","US","7178126425","","7178515250"
"1467137687","835 5th Ave","","Chambersburg","PA","172014220","US","7172174312","","7172174314"
"1467137687","1 Hospital Dr","","Lewisburg","PA","178379350","US","5705222000","","5707683911"
"1467137687","1001 S George St","","York","PA","174033676","US","7178127687","","7178515250"
"1730384181","19531 McLane St..","Suite B","Palm Springs","CA","92262","US","7602884579","",""
"1730384181","850 E Foothill Blvd","","Rialto","CA","923765230","US","9094219301","",""
"1700291085","4600 VALLEY ROAD","STE 200","LINCOLN","NE","685104882","US","4024834571","","4024835079"
"1801316179","859 S Yellowstone Hwy Ste 3301","","Rexburg","ID","834406200","US","2088499129","","2087542006"
"1285129429","1410 F St Ste 101","","Fresno","CA","937061608","US","5592314457","",""
"1285129429","1396 W Herndon Ave","","Fresno","CA","937117126","US","5592314457","",""
"1629814132","3115 Hennepin Ave","","Minneapolis","MN","554082620","US","8086409093","",""
"1730752502","101 E Satchwell St","","Burgaw","NC","284255064","US","9103006150","",""
"1730752502","5710 Oleander Dr Ste 209","","Wilmington","NC","284034722","US","9103006150","",""
"1720714694","1410 F St # 101","","Fresno","CA","937061608","US","5592560100","",""
"1720714694","1396 W Herndon Ave","","Fresno","CA","937117126","US","5592560100","",""
"1144103631","1415 Legacy Dr Ste 220","","Frisco","TX","750346025","US","8175278621","",""
"1144103631","3355 W Alabama St Ste 1100","","Houston","TX","770981868","US","3465371292","",""
"1144103631","6500 West Fwy Ste 700","","Fort Worth","TX","761162180","US","8175278621","",""
"1144103631","431 E State Highway 114 Ste 400","","Southlake","TX","760924414","US","8175278621","",""
"1144103631","3 Sugar Creek Center Blvd Ste 600","","Sugar Land","TX","774782213","US","3465371292","",""
"1144103631","3800 Gaylord Pkwy Ste 1100","","Frisco","TX","750349416","US","8175278621","",""
"1144103631","8080 N Central Expy Ste 1250","","Dallas","TX","752061890","US","8175278621","",""
"1144103631","1507 Lyndon B Johnson Fwy Ste 750","","Farmers Branch","TX","752346088","US","8175278621","",""
"1144103631","10622 State Highway 151 Ste 209","","San Antonio","TX","782514864","US","7262075519","",""
"1144103631","18615 Tuscany Stone Ste 250","","San Antonio","TX","782583504","US","7262075519","",""
"1144103631","600 Six Flags Dr Ste 600","","Arlington","TX","760116340","US","8175278621","",""
"1144103631","2221 Lakeside Blvd Ste 1225","","Richardson","TX","750824370","US","8175278621","",""
"1215547690","1396 W Herndon Ave","","Fresno","CA","937117126","US","5598071940","",""
"1215547690","1410 F St","","Fresno","CA","937061608","US","5598071940","",""
"1295283505","6051 N Fresno St Ste 202","","Fresno","CA","937105280","US","5598320728","",""
"1295283505","1410 F St # 101","","Fresno","CA","937061608","US","5592560100","",""
"1659703007","160 N Eagle Creek Dr Ste 400","","Lexington","KY","405092124","US","8592585220","","8592585405"
"1477228831","12 S 8th St","","Yakima","WA","989013020","US","5096638711","",""
"1073126439","1931 Jesse Jewell Pkwy SE","","Gainesville","GA","305012519","US","4702523185","",""
"1851409098","7400 France Ave S Ste 100","","Edina","MN","554354738","US","7635376000","","7635376666"
"1295834984","101 Meadow Green Dr","","Mifflinburg","PA","178449300","US","5709661122","",""
"1295834984","3 Hospital Dr Ste 214","","Lewisburg","PA","178379394","US","5705244242","","5705244201"
"1871465419","161 Wilmington W Chester Pike","","Chadds Ford","PA","193179041","US","3026234343","",""
"1801299078","6 Calle Medico","","Santa Fe","NM","875054761","US","5057154610","",""
"1801299078","400 Gold Ave SW Ste 1300W","","Albuquerque","NM","871023283","US","5057154610","","8003988610"
"1306120365","4020 Folker St","","Anchorage","AK","995085321","US","9075631000","",""
"1265307540","6002 N Lidgerwood St","","Spokane","WA","992081124","US","5094824402","","8775167881"
"1467641555","1160 Centre Pointe Dr","","Mendota Heights","MN","551201351","US","9524019359","",""
"1467641555","220 E Main St","","Mankato","MN","560013515","US","9524019359","",""
"1477541548","109 4th Avenue NW","","Aliceville","AL","35442","US","2053732653","","2053733386"
"1396527727","25571 Jeronimo Rd Ste 11","","Mission Viejo","CA","92691","US","9494464536","",""
"1396527727","4902 Irvine Center Dr Ste 101","","Irvine","CA","926043334","US","9495521701","",""
"1396527727","10092 Chapman Ave","","Garden Grove","CA","92840","US","7145393022","",""
"1801971791","2050 Larkin Ave","Ste. 202","Elgin","IL","601234405","US","8476972400","821","8476972438"
"1982009932","408 E Dekalb St Ste C","","Camden","SC","290204429","US","8034241142","","8037130836"
"1205470846","102 Park Place Blvd Ste C1","","Kissimmee","FL","347412358","US","4073850728","",""
"1093350589","47 Dew Fall Ct","","The Woodlands","TX","773802862","US","9368270702","",""
"1407512049","7001 E Fish Lake Rd","","Maple Grove","MN","553112841","US","6122605022","",""
"1992529523","1396 W Herndon Ave","","Fresno","CA","937117126","US","5592560100","",""
"1992529523","1410 F St Ste 101","","Fresno","CA","937061608","US","5592560100","",""
"1124843305","400 Northpointe Cir Ste 301","","Seven Fields","PA","160467867","US","7247760000","",""
"1336321488","3550 S 4th St","","Leavenworth","KS","660485071","US","9136806000","",""
"1336321488","9100 W 74th St","","Shawnee Mission","KS","662044004","US","9136762000","",""
"1629345905","1424 US Highway 331 S","","Defuniak Springs","FL","324353401","US","8502333376","","8505228354"
"1629345905","3 Racetrack Rd NE","","Fort Walton Beach","FL","325471875","US","8502333376","","8505228354"
"1104584515","2400 Hospital Dr Ste 490","","Bossier City","LA","711112391","US","3182127821","","3182127769"
"1861760605","4500 San Pablo Rd S","","Jacksonville","FL","322241865","US","9049532000","",""
"1497990782","100 Cambridge St Fl 14","","Boston","MA","021142509","US","8887318994","",""
"1497990782","999 18th St Ste 3000","","Denver","CO","802022449","US","8887318994","",""
"1497990782","3636 S Geyer Rd Ste 100","","Saint Louis","MO","631271237","US","8887318994","",""
"1497990782","1050 SW 6th Ave Ste 1100","","Portland","OR","972041153","US","8887318994","",""
"1497990782","801 E Douglas Ave Fl 2","","Wichita","KS","672023548","US","8887318994","",""
"1497990782","2010 Patton Chapel Rd Ste 103","","Hoover","AL","352165783","US","8887318994","",""
"1497990782","325 N Saint Paul St Ste 3100","","Dallas","TX","752013923","US","8887318994","",""
"1497990782","721 Depot Dr","","Anchorage","AK","995011615","US","8887318994","",""
"1770560666","4500 San Pablo Rd S","","Jacksonville","FL","322241865","US","9049532000","",""
"1770560666","1000 1st Dr NW","","Austin","MN","559122941","US","5074341928","1928","5074341927"
"1770560666","1000 1st Dr NW","","Austin","MN","559122941","US","5074341928","1928","5074341927"
"1023888922","82 Mack Bayou Loop","","Santa Rosa Beach","FL","324592637","US","8502333376","","8505228354"
"1023888922","3120 Southride Ln","","Bonifay","FL","324253325","US","8502333376","","8505228354"
"1669917332","11063 County Line Rd","","Spring Hill","FL","346095696","US","3526887744","","3526888822"
"1245828912","370 E South Temple","","Salt Lake City","UT","841111206","US","6143576567","",""
"1578070744","1396 W Herndon Ave","","Fresno","CA","937117126","US","5595798741","",""
"1578070744","1410 F St","","Fresno","CA","937061608","US","5593856200","",""
"1013254093","433 Plaza St","","Bogalusa","LA","704273729","US","9857306700","","9857306713"
"1508302522","4 Sun Valley Ln","","Clifton Park","NY","120651118","US","5182413330","",""
"1508302522","400 Patroon Creek Blvd Ste 102","","Albany","NY","122065015","US","5184454320","","5184757050"
"1508302522","2231 Burdett Ave Ste 160","","Troy","NY","121802453","US","5183261620","",""
"1831900356","125 NE 8th St Ste 4","","Homestead","FL","330304676","US","3052474678","",""
"1578741989","1396 W Herndon Ave","","Fresno","CA","937117126","US","5592564474","",""
"1578741989","1410 F St","","Fresno","CA","937061608","US","5598817408","",""
"1770021958","526 Maddox Dr Ste 101","","Ellijay","GA","305405566","US","8502333376","","8505228354"
"1023601143","301 E Saint Joseph St","","Green Bay","WI","543012241","US","9204333630","",""
"1295531978","1200 E Lane St","","Laredo","TX","780407210","US","9567220031","","9563385929"
"1508663063","9299 SW 152nd St Ste 200E","","Palmetto Bay","FL","331571776","US","3059645356","82885",""
"1508663063","10300 SW 72nd St Ste 467","","Miami","FL","331733028","US","7865367213","","7865283059"
"1689520512","5151 Flynn Pkwy Ste 514","","Corpus Christi","TX","784114384","US","3616333232","",""
"1235631185","1681 Hickory Loop","","Las Cruces","NM","880056587","US","5755266682","",""
"1205101227","1411 E 31st St","","Oakland","CA","946021018","US","5104374564","",""
"1205101227","1165 Montgomery Dr","","Santa Rosa","CA","954054801","US","7075255300","6207",""
"1316573173","1199 N Orange Ave","","Orlando","FL","328046425","US","4077014500","",""
"1316573173","1580 N Logan St Fl 5","","Denver","CO","802031939","US","7206748648","",""
"1801471271","505 Whipple St","","Prescott","AZ","863011747","US","9287784600","",""
"1982946455","1901 Babcock Rd Ste 301","","San Antonio","TX","782294546","US","2105625113","",""
"1881271385","111 E 77th St","","New York","NY","100751802","US","2124342810","",""
"1104676105","828 Healthy Way","","Virginia Beach","VA","234627958","US","7579658686","",""
"1528528551","5000 Hennessy Blvd","","Baton Rouge","LA","708084375","US","2257654050","","2257654046"
"1528528551","5246 Brittany Dr","","Baton Rouge","LA","708089136","US","2257574080","","2257574100"
"1972180776","425 S Cherry St Fl 10","","Denver","CO","802461226","US","7207120306","","7203021505"
"1972180776","6550 S Millrock Dr Ste 250","","Salt Lake City","UT","841212331","US","8018212781","","8019011194"
"1972180776","600 Six Flags Dr Ste 600","","Arlington","TX","760116340","US","8175278621","","9729301592"
"1972180776","1507 Lyndon B Johnson Fwy Ste 750","","Dallas","TX","752346088","US","8175278621","","9729301592"
"1972180776","2695 Rocky Mountain Ave Ste 350","","Loveland","CO","805389077","US","7207120306","","7203021505"
"1972180776","3355 W Alabama St Ste 1100","","Houston","TX","770981868","US","3465371292","","3462005131"
"1972180776","18615 Tuscany Stone Ste 250","","San Antonio","TX","782583504","US","7262075519","","7262450052"
"1972180776","1415 Legacy Dr Ste 220","","Frisco","TX","750346025","US","8175278621","","8175023632"
"1972180776","431 E State Highway 114 Ste 400","","Southlake","TX","760924414","US","8175278621","","8175023632"
"1972180776","3 Sugar Creek Center Blvd Ste 600","","Sugar Land","TX","774782213","US","3465371292","","3462005131"
"1972180776","2695 Rocky Mountain Ave Ste 260","","Loveland","CO","805389075","US","7207120306","","7203021505"
"1972180776","3800 Gaylord Pkwy Ste 1100","","Frisco","TX","750349416","US","8175278621","","8175023632"
"1972180776","8080 N Central Expy Ste 1250","","Dallas","TX","752061890","US","8175278621","","9729301592"
"1972180776","3300 N Triumph Blvd Ste 500","","Lehi","UT","840436475","US","8018212781","","8019011194"
"1972180776","255 S Routt St Ste 250","","Lakewood","CO","802282214","US","7207120306","","7203021505"
"1972180776","500 Discovery Pkwy Ste 250","","Superior","CO","800278762","US","7207120306","","7203021505"
"1972180776","9399 Crown Crest Blvd Ste 401","","Parker","CO","801388540","US","7207120306","","7203021505"
"1972180776","6500 West Fwy Ste 700","","Fort Worth","TX","761162180","US","8175278621","","8175023632"
"1972180776","9600 N Mopac Expy Ste 650","","Austin","TX","787596507","US","5129558474","","5129102840"
"1972180776","2221 Lakeside Blvd Ste 1225","","Richardson","TX","750824370","US","8175278621","",""
"1972180776","10622 State Highway 151 Ste 209","","San Antonio","TX","782514864","US","7262075519","",""
"1972180776","145 W 200 N Ste 600","","Provo","UT","846013016","US","8018212781","","8019011194"
"1972180776","2132 N Robins Dr Ste 300","","Layton","UT","840417077","US","8018212781","","8019011194"
"1073190898","1700 E Saunders St","","Laredo","TX","780415474","US","9567965000","4935",""
"1518351485","4502 Medical Dr","","San Antonio","TX","782294402","US","2103584000","","2103584775"
"1518351485","701 Park Ave","","Minneapolis","MN","554151623","US","6128733000","",""
"1841796778","2490 Hospital Dr Ste 106","","Mountain View","CA","940404117","US","6506950955","",""
"1841796778","23625 Holman Hwy","","Monterey","CA","939405902","US","8316245311","",""
"1558724948","8300 Floyd Curl Dr Fl 2","","San Antonio","TX","782293931","US","2106449300","",""
"1558724948","4502 Medical Dr","","San Antonio","TX","782294402","US","2103583555","","2107024239"
"1114556800","5742 S Semoran Blvd","","Orlando","FL","328224814","US","4072377942","","4072377943"
"1134652282","505 E Romie Ln Ste D","","Salinas","CA","939014031","US","8314649962","","8319013160"
"1134652282","23625 Holman Hwy","","Monterey","CA","939405902","US","8316245311","",""
"1124581293","1959 NE Pacific St","","Seattle","WA","981950001","US","4253153822","",""
"1891324141","3112 Meridian St N","","Huntsville","AL","358111539","US","2564287276","","2564287561"
"1891324141","11588 Pulaski Pike","","Toney","AL","357739381","US","2566931676","","2564287561"
"1891324141","173 Wood St","","Gurley","AL","357489028","US","2567767308","","2564287561"
"1891324141","6941 Eastchase Loop","","Montgomery","AL","361176876","US","2053821108","",""
"1891324141","5607 NW 27th Ave","","Miami","FL","331422826","US","3058051700","",""
"1841619582","1018 Chase Dr","","Johnson City","TN","376041402","US","4232823379","","4234306227"
"1841619582","116 W 133rd St.  New York, NY 10030","","New York","NY","100303366","US","6503084790","","6507548529"
"1841619582","2426 Lee Hwy STE 104","","Bristol","VA","242025965","US","6503084790","","6507548529"
"1841619582","709 Saint John St","","Lafayette","LA","705016705","US","4232182117","","4232644049"
"1841619582","770 SE Indian St Ste 105","","Stuart","FL","349975604","US","6503084790","","6507548529"
"1841619582","8840 Cypress Waters Blvd","","Coppell","TX","750194594","US","6503084790","","6507548529"
"1922505403","3890 Charlevoix Rd","","Petoskey","MI","497708422","US","2315477638","",""
"1518752658","1410 F St","","Fresno","CA","937061608","US","5594572302","",""
"1518752658","1396 W Herndon Ave","","Fresno","CA","937117126","US","5592560100","",""
"1548889298","209 Fair Oaks Ave","","South Pasadena","CA","910301814","US","6263962900","","6263962900"
"1326364282","23625 Holman Hwy","","Monterey","CA","939405902","US","8316245311","",""
"1326364282","600 Coffee Rd","","Modesto","CA","953554201","US","2095241211","",""
"1750735700","203 SE Park Plaza Dr Ste 140","","Vancouver","WA","986845887","US","8008132000","","3604497005"
"1568636926","1410 F St","","Fresno","CA","937061608","US","5593530879","",""
"1568636926","1396 W Herndon Ave","","Fresno","CA","937117126","US","5593530879","",""
"1003106436","75 Rowland Way # 230","","Novato","CA","949455037","US","4159242515","","4159242661"
"1003106436","250 Bon Air Rd","","Greenbrae","CA","949041702","US","4159242515","","4159242661"
"1538503461","525 E 68th St","","New York","NY","100654870","US","2127466445","","6469620477"
"1306533989","9393 West 110th St., 51 Corporate Woods, Suite 500","","Overland Park","KS","662101442","US","8558326727","","7726759100"
"1073001046","925 Half St SE","","Washington","DC","200033658","US","7717723907","",""
"1508500356","9930 O Loughlin Manor Ave","","Las Vegas","NV","891491299","US","2024891403","",""
"1124763818","5473 Blair Rd.","Ste 100 #390921","Dallas","TX","752314227","US","8177859117","",""
"1740845718","1327 3rd St","","Floresville","TX","781141961","US","8303105300","","8303105300"
"1396368924","Kayenta Health Center","HWY 160 M.P. 394.3","Kayenta","AZ","86033","US","9286974000","",""
"1811510506","1616 Grand Ave Ste A","","Waukegan","IL","600853676","US","8472491733","","8477824515"
"1548798630","4502 Medical Dr","","San Antonio","TX","782294402","US","2103584000","",""
"1548798630","101 W 8th Ave Ste 4300","","Spokane","WA","992042307","US","5097476707","",""
"1720717218","425 Haaland Dr Ste 104","","Thousand Oaks","CA","913615230","US","8054941948","41948","8054941947"
"1477178721","7404 W Hood Pl","","Kennewick","WA","993366718","US","5095794133","",""
"1609257799","701 E Marshall Ave Ste 200","","Longview","TX","756015544","US","9032362222","",""
"1558856435","7900 NW 23rd St","","Bethany","OK","730084961","US","4054703232","",""
"1558856435","1200 S Air Depot Blvd","","Midwest City","OK","731104866","US","4054955154","",""
"1568499408","10884 Santa Monica Blvd Ste 2","","Los Angeles","CA","900254646","US","8188659499","","8185480447"
"1831395888","1 Genesys Pkwy","","Grand Blanc","MI","484398065","US","8106065000","",""
"1699086355","100 E 33rd St","Suite 100","Vancouver","WA","986632776","US","3605147550","","3605147553"
"1831876119","2575 Yorba Linda Blvd","","Fullerton","CA","928311615","US","7144497400","",""
"1326066648","1401 Harrodsburg Rd Ste A100","","Lexington","KY","405043746","US","8592584271","","8592584296"
"1992695399","2550 W Union Hills Dr","","Phoenix","AZ","850275163","US","9159757028","","9152927561"
"1669106787","1410 F St Ste 202","","Fresno","CA","937061608","US","5592561000","","5599788647"
"1669106787","1396 W Herndon Ave","","Fresno","CA","937117126","US","5592560100","",""
"1750805727","3409 Ludington St Ste 100","","Escanaba","MI","498294213","US","9067894414","","9067894406"
"1467976423","1037 S State Road 7 Ste 303","","Wellington","FL","334146140","US","5613664100","","8663266396"
"1205381589","645 Parfet St","","Lakewood","CO","802155574","US","3032326301","",""
"1205381589","777 Bannock St","","Denver","CO","802045574","US","3031111111","",""
"1205381589","7155 E 38th Ave","","Denver","CO","802071630","US","8002307526","",""
"1457079113","1396 W Herndon Ave","","Fresno","CA","937117126","US","8318094066","",""
"1457079113","1412 F street","","Fresno","CA","93706","US","5596146869","",""
"1205668233","1396 W Herndon Ave","","Fresno","CA","937117126","US","5592161997","",""
"1205668233","1410 F St","","Fresno","CA","937061608","US","5599031385","",""
"1013267608","5952 Berryhill Rd","","Milton","FL","325704009","US","8502333376","","8505228354"
"1013267608","3120 Southride Ln","","Bonifay","FL","324253325","US","8502333376","","8505228354"
"1013267608","75 Origins Main St Ste 203","","Watersound","FL","324618826","US","8502333376","","8505228354"
"1013267608","2053 Fountain Professional Ct","","Navarre","FL","325665109","US","8502333376","","8505228354"
"1013267608","3089 Gulf Breeze Pkwy","","Gulf Breeze","FL","325633216","US","8502333376","","8505228354"
"1790404390","4502 Medical Dr","","San Antonio","TX","782294402","US","2107432100","","2107026215"
"1316597578","1401 F street","#101","Fresno","CA","93706","US","5594572302","",""
"1316597578","1396 W Herndon Ave","","Fresno","CA","937117126","US","5592560100","",""
"1598427296","5050 NE Hoyt St Ste B55","","Portland","OR","972132957","US","5032335393","","5036598984"
"1255206728","1396 W Herndon Ave","","Fresno","CA","937117126","US","5597166015","","5597166015"
"1255206728","1410 F St","","Fresno","CA","937061608","US","5599413315","",""
"1285969360","1410 F St","","Fresno","CA","937061608","US","5598816584","",""
"1285969360","1396 W Herndon Ave Ste 101","","Fresno","CA","937117126","US","5592560100","",""
"1841165677","15910 Ventura Blvd","","Encino","CA","914362802","US","2133547207","",""
"1093186355","1396 W Herndon Ave","","Fresno","CA","937117126","US","5592560100","",""
"1093186355","1410 F St Ste 101","","Fresno","CA","937061608","US","5594572302","",""
"1609696475","411 E 53rd St Apt 11D","","New York","NY","100225110","US","9176708368","",""
"1205905429","8150 Perry Hwy Ste 101","","Pittsburgh","PA","152375232","US","4123642664","","4123648037"
"1205905429","8150 Perry Hwy Ste 201","","Pittsburgh","PA","152375200","US","4128470010","","4128470063"
"1205905429","188 Enclave Dr","","New Castle","PA","161053208","US","7246573221","","7246573223"
"1205905429","4001 Stonewood Dr Ste 200","","Wexford","PA","150908398","US","7249355330","","7249355098"
"1205905429","213 Executive Dr Ste 200","","Cranberry Township","PA","160666405","US","4123699550","","7247410040"
"1205905429","480 E Jefferson St","","Butler","PA","160014780","US","7242821530","","7242821451"
"1205905429","3601 McKnight East Dr","","Pittsburgh","PA","152376400","US","1236999434","","4123699447"
"1205905429","9104 Babcock Blvd Ste 3111","","Pittsburgh","PA","152375818","US","4123662950","","4123662775"
"1205905429","1020 Center Ave","","Pittsburgh","PA","152291724","US","4123699550","","4129399965"
"1205905429","103 Clearview Circle, Unit A","","Butler","PA","16001","US","7242821530","","7242821541"
"1205905429","5700 Corporate Dr Ste 700","","Pittsburgh","PA","152375829","US","4126302670","","4126302613"
"1205905429","4001 Stonewood Dr Ste 200","","Wexford","PA","150908398","US","7249355330","","7249355098"
"1205905429","1140 Perry Hwy","","Pittsburgh","PA","152372160","US","4123644402","","4123643850"
"1205905429","105 Burgess Dr","","Zelienople","PA","160632525","US","4126302670","","4126302613"
"1104462548","1396 W Herndon Ave","","Fresno","CA","937117126","US","5598405389","",""
"1104462548","1410 F St","","Fresno","CA","937061608","US","5592560100","",""
"1780450825","520 E Euclid Ave","","San Antonio","TX","782124414","US","2105812817","",""
"1285391250","1 East Main Street","","Marathon","NY","13803","US","6078493900","","6076624918"
"1851254270","645 Aerick St Ste 2","","Inglewood","CA","903014883","US","3108101058","",""
"1558639104","4681 College Park Dr","","Round Rock","TX","786651526","US","5126711100","",""
"1558639104","741 Generations Dr Ste 205","","New Braunfels","TX","781300513","US","7374051502","","5126319963"
"1558639104","700 Scott and White Dr","","College Station","TX","778456441","US","9792070100","",""
"1902614100","690 Courtenay Dr NE","","Atlanta","GA","303063421","US","4705489328","",""
"1659969756","1000 Sutter St","","Yuba City","CA","959913504","US","5306739420","",""
"1811601024","5100 S Eastern Ave Ste 100","","Los Angeles","CA","900402964","US","3236476740","",""
"1811601024","6635 Florence Ave Ste 101","","Bell Gardens","CA","902014968","US","3236476740","",""
"1821393471","4281 Katella Ave Ste 117","","Los Alamitos","CA","907203590","US","5625965500","","5625960058"
"1407278294","1107 S Atkinson Ave","","Roswell","NM","882037154","US","5752542804","",""
"1740051192","801 Jefferson St Ste 4&35&6","","Fairfield","CA","945335557","US","8552237123","","6193747134"
"1073143251","1396 W Herndon Ave","","Fresno","CA","937117126","US","5592560100","",""
"1073143251","1410 F St","","Fresno","CA","937061608","US","5592560100","",""
"1487369237","1401 S Edgewood St Ste 100","","Halethorpe","MD","212271145","US","4102750928","",""
"1366940959","800 W Meeting St","","Lancaster","SC","297202202","US","8032851082","","8032834329"
"1053902379","12555 Navajo Rd","","Apple Valley","CA","923087256","US","7602478001","",""
"1952166795","920 S Oak St","","Iowa Falls","IA","501262400","US","6416487000","","6416487095"
"1952166795","1000 10th Ave","","Ackley","IA","506011701","US","6418472625","","6418472509"
"1265298814","1028 N Federal Hwy","","Lake Worth","FL","334602352","US","5619098980","","5614296889"
"1598611451","11181 Health Park Blvd Ste 1115","","Naples","FL","341105742","US","2395974440","",""
"1477010445","2606 Hospital Blvd Ste F","","Corpus Christi","TX","784051804","US","3619026100","",""
"1477010445","5638 Saratoga Blvd Ste 114","","Corpus Christi","TX","784144134","US","3614445280","",""
"1477010445","4938 S Staples St","","Corpus Christi","TX","784113809","US","3614529620","",""
"1477010445","5802 Saratoga Blvd Ste 300","","Corpus Christi","TX","784144252","US","3616966200","",""
"1427598945","4357 Lafayette St","","Marianna","FL","324462929","US","8502333376","","8505228354"
"1427399047","4205 W Figarden Dr","","Fresno","CA","937226051","US","5592211680","",""
"1427399047","1396 W Herndon Ave","","Fresno","CA","937117126","US","5592560100","",""
"1427399047","1410 F St Ste 101","","Fresno","CA","937061608","US","5592560100","",""
"1295681153","300 E 7th St Ste 2G","","Upland","CA","917866778","US","9095261914","",""
"1295681153","12820 Victory Blvd","","Valley Glen","CA","916063013","US","9095261914","",""
"1295681153","1001 E Chapman Ave","","Fullerton","CA","928313851","US","9095261914","",""
"1790631646","36275 N Gantzel Rd Ste 102","","San Tan Valley","AZ","851407320","US","4805907147","",""
"1679429534","1401 Fulton St Ste 200","","Fresno","CA","937211646","US","5593489225","",""
"1700732666","28 Sturgis Corner Dr","","Iowa City","IA","522465617","US","3193851430","",""
"1093661951","2201 Jasmine St","","Oxnard","CA","930362304","US","8053851501","2276",""
"1093661951","450 E Elm St","","Oxnard","CA","930333646","US","8053851501","2276",""
"1093661951","220 S Driskill St","","Oxnard","CA","930305544","US","8053851501","2276",""
"1093661951","1400 Martin Luther King Jr Dr","","Oxnard","CA","930307600","US","8053851501","2276",""
"1609722560","43 S Broad St Ste 201","","Brevard","NC","287123985","US","8285770378","",""
"1528914488","253 Calle Mendez Vigo","","Dorado","PR","006464905","US","7877961120","",""
"1306604277","1515 W Cameron Ave","","West Covina","CA","917902726","US","3236520564","",""
"1104624774","1221 S Valley Grove Way Ste 160","","Pleasant Grove","UT","840626758","US","8014777189","","8887459274"
"1649972324","325 9th Ave # 359780","","Seattle","WA","981042420","US","2067441832","",""
"1518281542","700 W Ironwood Dr Ste 320","","Coeur D Alene","ID","838144485","US","2086255250","","2086255251"
"1518281542","680 Centre St","","Brockton","MA","023023308","US","1508941700","",""
"1518281542","1225 Graham Rd Ste C-2310","","Florissant","MO","630318023","US","3149536300","","3149536309"
"1518281542","4502 Medical Dr","","San Antonio","TX","782294402","US","2103584000","","2103584775"
"1518281542","4502 Medical Dr","","San Antonio","TX","782294492","US","2103584000","",""
"1073975660","2500 Rocky Mountain Ave Ste 340","","Loveland","CO","805389004","US","9704957421","","9702037179"
"1073975660","1725 E Boulder St Ste 101","","Colorado Springs","CO","809095740","US","7193656300","","7193656094"
"1073975660","175 N Medical Drive East 5th Floor","","Salt Lake City","UT","841320001","US","8015812121","",""
"1578068490","525 Technology Park Ste 109","","Lake Mary","FL","327467107","US","4076472346","",""
"1396595179","680 S Military Trl","","West Palm Beach","FL","334153904","US","5613357600","",""
"1942002118","1396 W Herndon Ave Ste 101","","Fresno","CA","937117126","US","5592567444","60100",""
"1942002118","1410 F St Ste 101","","Fresno","CA","937061608","US","5592564474","60100",""
"1588304588","600 Ivy St Ste 206","","Elmira","NY","149051627","US","6072712050","","6072712071"
"1033475124","12554 Riata Vista Cir","","Austin","TX","787276431","US","5127955100","","5127955100"
"1033475124","11700 W 2nd Pl Ste 100","","Lakewood","CO","802281707","US","7203218230","","7203218231"
"1033475124","990 Johns Hopkins Dr","","Greenville","NC","278347224","US","2525658951","",""
"1033475124","100 Cook St","","Denver","CO","802065322","US","7205169420","","7205169448"
"1033475124","1500 Park Central Dr","","Highlands Ranch","CO","801296688","US","7205162100","",""
"1841042900","1396 W Herndon Ave","","Fresno","CA","937117126","US","5592161997","",""
"1841042900","1410 F St # 101","","Fresno","CA","937061608","US","5594572302","",""
"1841515574","5492 N Ronald Reagan Pkwy Ste 250","","Brownsburg","IN","461125618","US","3178523851","","7079396077"
"1063475358","620 N 9th St","","Bismarck","ND","585014112","US","7012222020","",""
"1073803722","5900 State Farm Dr","","Rohnert Park","CA","949282149","US","7075777500","",""
"1659017309","779 Kristine Way","","The Villages","FL","321630099","US","8448849355","","3526746030"
"1275388944","9815 Carroll Canyon Rd Ste 103","","San Diego","CA","921311123","US","9162516379","",""
"1215519400","1200 S Cedar Crest Blvd","","Allentown","PA","181036202","US","6104025100","",""
"1356752687","6410 Fannin Street","Suite 600","Houston","TX","770305389","US","8323257211","","7135122245"
"1356752687","4500 San Pablo Rd S Ste 600","","Jacksonville","FL","322241865","US","9049532000","",""
"1952140675","6051 N Fresno St Ste 202","","Fresno","CA","937105280","US","5592560100","",""
"1952140675","275 S Madera Ave Ste 403404","","Kerman","CA","936301403","US","8553431057","",""
"1952140675","1410 F St # 101","","Fresno","CA","937061608","US","5592560100","",""
"1952140675","380 Coalinga Plz","","Coalinga","CA","932101704","US","8553431057","",""
"1952140675","3636 N 1st St Ste 162","","Fresno","CA","937266869","US","5594762166","",""
"1952140675","1690 W Shaw Ave Ste 201","","Fresno","CA","937113519","US","8553431057","",""
"1952140675","258 N Blackstone Ave","","Fresno","CA","937011913","US","5592740299","",""
"1952140675","3800 McCall Ave Ste 104","","Selma","CA","936622217","US","8553431057","",""
"1952140675","2570 Jensen Ave Ste 103","","Sanger","CA","936572269","US","5593998144","",""
"1952140675","1396 W Herndon Ave","","Fresno","CA","937117126","US","5594707647","",""
"1841814753","300 S Line Ave","","Inverness","FL","344524606","US","3524195760","","8772095265"
"1467945048","510 E Moeller St","","Prescott","AZ","863012612","US","9285177200","","9285177500"
"1467945048","450 W Goodwin St Ste 103B","","Prescott","AZ","863033781","US","9285177200","","9285177500"
"1326607417","67 Robert Baker Ct","","Hinesville","GA","313130032","US","6099491661","",""
"1326607417","3911 Appalachian Trl","","Killeen","TX","765496902","US","6099491661","",""
"1225713829","3709 Flatlands Ave","","Brooklyn","NY","112343507","US","7184447766","",""
"1225713829","21534 Devonshire St Ste I #1049","","Chatsworth","CA","913112992","US","8184437035","",""
"1841641503","421 Fayetteville St Ste 1100","","Raleigh","NC","276013000","US","8887318994","",""
"1841641503","601 Pennsylvania Ave NW","","Washington","DC","200042601","US","8887318994","",""
"1841641503","10440 Little Patuxent Pkwy Ste 300","","Columbia","MD","210443648","US","8887318994","",""
"1841641503","1201 Lake James Dr Ste 200","","Virginia Beach","VA","234646780","US","7575230022","","7579371326"
"1548609498","3322 Beltline Ct NE Ste 110","","Grand Rapids","MI","495259480","US","6168412615","","6168281752"
"1851731053","2445 E Baseline Rd Ste 133","","Phoenix","AZ","850427090","US","4806778282","","8444702777"
"1588397269","1040 N 10th St Ste 100","","Kalamazoo","MI","490096150","US","4192998648","",""
"1063021970","1925 E Dakota Ave","","Fresno","CA","937264821","US","5596009180","",""
"1568718179","315 W Madison Ave","","Chester","MT","595227801","US","4067595181","","4067595799"
"1568718179","802 2nd St SE","","Cut Bank","MT","594273329","US","4068732251","","4068733118"
"1568718179","640 Park Ave","","Shelby","MT","594741663","US","4064343200","",""
"1568718179","805 Sunset Blvd","","Conrad","MT","594251717","US","4062573211","","4062713917"
"1952302861","43211 Dalcoma Dr","Ste. 3","Clinton Twp","MI","480386309","US","5862636812","","5862636835"
"1407538150","329 N Salina St","","Syracuse","NY","132031755","US","3154711564","",""
"1497482194","3606 San Pedro Pl","","Colorado Springs","CO","809064915","US","7193604709","",""
"1437527728","3 Allied Dr Ste 303","","Dedham","MA","020266148","US","7813841998","","7815704169"
"1043868052","6340 S 3000 E Ste 200","","Cottonwood Heights","UT","841213552","US","4356556600","","4356552388"
"1043868052","380 E 1500 S Ste 103","","Heber City","UT","840323940","US","4356556600","","4356552388"
"1063133544","4121 Residence Dr","","Fort Myers","FL","339019221","US","3096451100","",""
"1205661733","205 W Hampden Ave","","Englewood","CO","801102401","US","3037890772","",""
"1568711398","418 W Madison Ave","","Chester","MT","59522","US","4067595181","","4067595105"
"1568711398","1333 Surgical Services Way","","Kalispell","MT","599014844","US","4067515406","","4062578996"
"1568711398","315 W Madison Ave","","Chester","MT","595227801","US","4067595181","","4067595799"
"1568711398","802 2nd St SE","","Cut Bank","MT","594273329","US","4068732251","","4068733118"
"1568711398","226 9th Ave SE","","Cut Bank","MT","594273332","US","4068735507","","4068733133"
"1568711398","8420 Aspi Blvd","","Moses Lake","WA","988373601","US","5097939782","","5097643281"
"1710972922","2301 Midwestern Pkwy. Ste. 212","","Wichita Falls","TX","76308","US","9406960181","",""
"1508739020","10920 W Alameda Ave Ste 205","","Lakewood","CO","802262680","US","7203784895","",""
"1134909799","337 N Vineyard Ave Ste 301","","Ontario","CA","917644455","US","8667278274","",""
"1093477689","510 E Moeller St","","Prescott","AZ","863012612","US","9285177200","","9285177500"
"1093477689","450 W Goodwin St Ste 103B","","Prescott","AZ","863033781","US","9285177200","","9285177500"
"1043300874","6225 N Fresno St","STE 104","Fresno","CA","937105268","US","5592654444","","5592654454"
"1336016062","400 Crooked Hill Rd","","Brentwood","NY","117171039","US","6312313232","",""
"1689951550","200 15th Ave E","","Seattle","WA","981125260","US","2063263000","","8775152975"
"1972908960","440 West St Ste 303","","Fort Lee","NJ","070245028","US","6466859836","","8885122123"
"1972908960","80 5th Ave Rm 1405","","New York","NY","100118002","US","2017316244","","8885122123"
"1740824390","1396 W Herndon Ave","","Fresno","CA","937117126","US","5598818139","",""
"1740824390","1410 F St","","Fresno","CA","937061608","US","5598818139","",""
"1578386561","721 S Airport Dr","","Weslaco","TX","785966617","US","9569688502","","9563066941"
"1437012291","3604 Fair Oaks Blvd Ste 200","","Sacramento","CA","958647256","US","8552237123","",""
"1184431314","4225 Hoyt Ave Ste D","","Everett","WA","982032351","US","4253178025","","4253179516"
"1245878636","102 Jackson St Ste A&b","","Enterprise","AL","363303175","US","8502333376","","8505228354"
"1245878636","106 Westside Dr","","Dothan","AL","363031908","US","8502333376","","8505228354"
"1639686645","3700 Fettler Park Dr","","Dumfries","VA","220252050","US","7034417500","",""
"1558901546","1410 F St","","Fresno","CA","937061608","US","5599999999","",""
"1558901546","1396 W Herndon Ave","","Fresno","CA","937117126","US","5592560100","",""
"1265242887","825 Brickell Bay Dr Ste 246","","Miami","FL","331312968","US","3054008685","","8502703640"
"1851713523","8580 Scarborough Dr Ste 125","","Colorado Springs","CO","809207584","US","7196226522","",""
"1851713523","1259 Lake Plaza Dr Ste 200","","Colorado Springs","CO","809063516","US","7196226522","",""
"1851713523","7750 N Union Blvd Ste 203","","Colorado Springs","CO","809204082","US","7196024535","",""
"1851713523","1840 Woodmoor Dr Ste 102","","Monument","CO","801329083","US","7196226522","","7196226520"
"1487350005","450 W Goodwin St Ste 103B","","Prescott","AZ","863033781","US","9289106153","",""
"1932808276","450 W Goodwin St Ste 103B","","Prescott","AZ","863033781","US","9289106153","",""
"1619392107","27 Castilian Ct","","Newbury Park","CA","913203657","US","8182057384","",""
"1487154191","213 W Institute Pl Ste 500","","Chicago","IL","606108792","US","3122194781","",""
"1801652433","163 2nd St","","Woodland","CA","956953316","US","5306466321","","5306466321"
"1801652433","1204 W Shaw Ave # 102","","Fresno","CA","937113706","US","5596811947","",""
"1801652433","1410 F St","","Fresno","CA","937061608","US","5592560100","",""
"1801652433","1396 W Herndon Ave","","Fresno","CA","937117126","US","5592560100","",""
"1841265659","1310 N Main St Ste 207","","Sandwich","IL","605481399","US","8157863684","","8157863683"
"1841265659","875 Roosevelt Rd","","Glen Ellyn","IL","601376101","US","6303151830","","6303156490"
"1841265659","626 Bethany Rd","","Dekalb","IL","601154939","US","8157488378","","8157488356"
"1982238408","1274 Center Court Dr Ste 211","","Covina","CA","917243668","US","6263394999","",""
"1558864561","1400 Broadfield Blvd Ste 200","","Houston","TX","770845162","US","9149199200","","8339132393"
"1558864561","617 S 8th St","","Nashville","TN","372063819","US","6152273000","",""
"1558864561","3455 Peachtree Rd NE Ste 500","","Atlanta","GA","303263236","US","9149199200","","8339132393"
"1558864561","4625 Lindell Blvd Fl 2","","Saint Louis","MO","631083739","US","9149199200","",""
"1558864561","30 Broad St Fl 41","","New York","NY","100042935","US","9149199200","","8339132393"
"1568096576","156 William St Rm 303","","New York","NY","100385307","US","8888033370","",""
"1568096576","830 Morris Tpke Ste 401","","Short Hills","NJ","070782620","US","8888033370","",""
"1568096576","462 1st Ave.","Emergency Department","New York","NY","10016","US","2125624141","",""
"1083569131","399 Alameda De La Loma","","Novato","CA","949495935","US","4157985411","",""
"1083569131","755 Sutro Ave","","Novato","CA","949471937","US","4157985411","",""
"1083569131","1320 Lynwood Dr","","Novato","CA","949474629","US","4157985411","",""
"1770439648","4 Haig Pl","","Kings Park","NY","117545111","US","6319718772","",""
"1760338636","208 Oak St","","Bakersfield","CA","933042433","US","6612155066","",""
"1457207326","9353 S Broadway","","Saint Louis","MO","631251600","US","3146310540","",""
"1891641775","9555 S Howell Ave Ste 700","","Oak Creek","WI","531545000","US","4146762112","","4146762122"
"1578419453","132 S Main St Ste B","","Soda Springs","ID","832761428","US","2083323566","",""
"1578419453","37 S State St","","Preston","ID","832631242","US","2088520363","",""
"1578419453","862 Washington St","","Montpelier","ID","832541423","US","2088470197","",""
"1578419453","307 W Judicial St","","Blackfoot","ID","832212123","US","2087858965","",""
"1659227536","1800 Mulberry St","","Scranton","PA","185102369","US","5707038000","",""
"1447106323","15925 Lexington Blvd Ste B","","Sugar Land","TX","774792314","US","7132705900","","7132705910"
"1447106323","23531 Kingsland Blvd Ste 300B","","Katy","TX","774943962","US","7132705900","","7132705910"
"1447106323","4655 Sweetwater Blvd Ste 600","","Sugar Land","TX","774793128","US","7132705900","","7132705910"
"1124087135","11050 Parkview Circle Dr","","Fort Wayne","IN","46845","US","8337248326","","2604256845"
"1811690712","2225 E Evesham Rd","","Voorhees","NJ","080431557","US","8563253737","",""
"1285166280","2902 McFarland Rd Ste 300","","Rockford","IL","611076801","US","8153989491","","8153817498"
"1104567411","500 University Blvd Ste 2440","","Indianapolis","IN","462025149","US","3178805964","",""
"1053016691","801 Massachusetts Ave, 6th Floor Crosstown Primary Care","","Boston","MA","02119","US","6174145951","","6174149251"
"1952153801","10651 95th St","","Ozone Park","NY","114171541","US","6463308476","",""
"1992095798","1860 SW Fountainview Blvd","","Port St Lucie","FL","349864535","US","5619545151","","8575781200"
"1346869898","300 Medical Pavilion Dr Ste 250","","Raeford","NC","283760018","US","9109048035","",""
"1346869898","4500 Parsons Blvd","","Flushing","NY","113552205","US","7186705440","",""
"1346869898","6387 Ramsey St Unit 240","","Fayetteville","NC","283119442","US","9106153999","",""
"1710474127","99 Beauvoir Ave","","Summit","NJ","079013533","US","9085226414","","9085982337"
"1013590272","1030 E Fleetwood Ct","","Boise","ID","837065176","US","2087775122","","2087775122"
"1568754729","915 E 1st St","","Duluth","MN","558052107","US","2182495439","",""
"1568754729","915 E 1st St","","Duluth","MN","558052107","US","2182495616","","2182495180"
"1568754729","3551 Roger Brooke Dr","","Jbsa Ft Sam Houston","TX","782344504","US","2105399582","",""
"1689364002","1201 W University Dr","","Edinburg","TX","785392909","US","9566657049","",""
"1457731986","1441 Kapiolani Blvd Ste 512","","Honolulu","HI","968144403","US","8085567984","67984",""
"1982965364","17875 Von Karman Ave Ste 150","","Irvine","CA","926146212","US","3103544200","",""
"1629427869","9990 County Farm Rd","","Riverside","CA","925033542","US","9519557320","",""
"1629427869","455 Silicon Valley Blvd","","San Jose","CA","951381858","US","6699001731","",""
"1003545773","2931 Breezewood Ave Ste 104","","Fayetteville","NC","283035281","US","9104911134","","9104911332"
"1275846370","35040 Chardon Rd Ste 105","","Willoughby Hills","OH","440949004","US","4407663876","","4407563876"
"1043524325","4928 Holland Church Rd","","Raleigh","NC","276039729","US","9198962249","","9195910331"
"1689674632","3030 N Fresno St","Suite 100","Fresno","CA","937031124","US","5592271622","","5592277668"
"1467905257","7753 Mall Rd Ste E","","Florence","KY","410423451","US","8594750849","",""
"1467905257","7819 Kenwood Rd","","Cincinnati","OH","452362805","US","5137768499","",""
"1447134978","3046 Peachtree Dr NE","","Atlanta","GA","303057900","US","4043098888","",""
"1164253290","740 W Alluvial Ave Ste 101","","Fresno","CA","937115509","US","8007973543","",""
"1487265781","675 North Euclid Street","Suite 623","Anaheim","CA","928014639","US","3239164602","",""
"1679129084","106 Heymann Blvd","","Lafayette","LA","705032322","US","3375044279","",""
"1588210223","1410 F St","","Fresno","CA","937061608","US","5593650931","",""
"1588210223","1396 W Herndon Ave","","Fresno","CA","937117126","US","5592560100","",""
"1881427326","12485 SW 137th Ave Ste 212","","Miami","FL","331864217","US","7865051892","",""
"1780304857","312 Martin Luther King Jr Blvd","","Baltimore","MD","212011221","US","4435128337","",""
"1255211140","4911 N 26th St Ste 106","","Lincoln","NE","685214739","US","4028263222","","4028263228"
"1689668535","921 N Winstead Ave","","Rocky Mount","NC","278048749","US","2529370300","","2529373018"
"1457022253","106 S Lincolnway","","North Aurora","IL","605421663","US","6308011669","",""
"1598851891","1151 S Rogers St","SUITE 7 & 8","Clarksville","AR","728309158","US","4797548610","","4797548788"
"1821188905","98-1247 Kaahumanu St","","Aiea","HI","967015311","US","8326043771","",""
"1821188905","Landstuhl Regional Medical Center, Unit 33100","","APO","AE","091803100","US","3145908530","",""
"1144946328","138 Hopmeadow St","","Weatogue","CT","060899793","US","8604132073","",""
"1144946328","168 Denslow Rd","","East Longmeadow","MA","010283188","US","4135269924","",""
"1326860594","5808 W 110th St","","Overland Park","KS","662112504","US","9136968000","",""
"1104794122","261 N University Dr Ste 500-1086","","Plantation","FL","333242002","US","9549311803","",""
"1164246757","2000 Powell St Ste 900","","Emeryville","CA","946081888","US","4434307570","",""
"1821813205","9378 Olive Blvd","","Olivette","MO","631323215","US","6362550002","","6366344777"
"1811608755","40 S Church St Ste 105","","Westminster","MD","211575435","US","4434879122","","4434879032"
"1568230217","2255 Glades Rd Ste 324A","","Boca Raton","FL","334318571","US","3057760296","",""
"1255495586","1410 F St","","Fresno","CA","937061608","US","5594304000","04000",""
"1255495586","1396 W Herndon Ave # 118","","Fresno","CA","937117126","US","5594304000","",""
"1689386468","15 Francis St","","Boston","MA","021156105","US","6177327678","",""
"1689386468","55 Lake Ave N","","Worcester","MA","016550002","US","5083343278","","5083347828"
"1861541757","901 N Pine St","Suite 307","Rolla","MO","654013141","US","5736366727","","5737615819"
"1639885296","854 N Pearl St","","Denver","CO","802033314","US","7207054632","",""
"1093160145","2035 E Ball Rd Ste 200","","Anaheim","CA","928065157","US","7145176300","",""
"1164476131","222 N 2nd St Ste 215","","Boise","ID","837026130","US","2083817336","",""
"1164476131","1 Childrens Way # 653","","Little Rock","AR","722023500","US","5013641100","",""
"1164476131","305 E Jefferson St","","Boise","ID","837126273","US","2083817336","",""
"1124061627","285 E State St","Suite 260","Columbus","OH","432154354","US","6145669035","","6145669302"
"1124061627","285 E State St","Suite 260","Columbus","OH","432154354","US","6145669035","","6145669302"
"1124061627","707 W 2nd St","","Bloomington","IN","474032209","US","8123345081","","8123398344"
"1013320787","4716 Alliance Blvd","","Plano","TX","750935371","US","4698006000","",""
"1548820863","1108 Lapeer Rd","","Flint","MI","485032704","US","8102327919","",""
"1750307740","615 6th St SE","","Stanley","ND","587844444","US","7016282505","",""
"1043227713","613 Marquette Rd","","Brandon","MS","39042","US","6018240342","","6018240349"
"1780790071","25350 Eureka Rd","","Taylor","MI","481805050","US","3429100077","","3132812235"
"1780790071","3120 Carpenter St Ste 211","","Hamtramck","MI","482122783","US","3133070088","","3132812235"
"1780790071","8594 N Canton Center Rd","","Canton","MI","481871310","US","3133070088","","3132812235"
"1780790071","19445 W Warren Ave","","Detroit","MI","482283361","US","3133070088","",""
"1265089593","1895 Kingsley Ave Ste 805","","Orange Park","FL","320734410","US","9042762220","","9042762578"
"1972373785","3207 Gregory Manor Ct","","Cary","NC","275187152","US","3369776537","",""
"1053390021","4440 W 95th St","","Oak Lawn","IL","604532600","US","7086846949","",""
"1073104535","200 Memorial Ave","","Westminster","MD","211575726","US","4108483000","",""
"1518619758","661 E Altamonte Dr Ste 331","","Altamonte Springs","FL","327015103","US","4074992826","","4074992823"
"1518619758","1919 E Highway 50 Ste 201","","Clermont","FL","347111975","US","4072432622","","4072436277"
"1356731426","1200 S Detroit Ave","","Toledo","OH","436145903","US","4192137670","",""
"1467999367","19001 Kermier Rd Ste 1012","","Waller","TX","774848810","US","9369315200","",""
"1740252220","1200 S Columbia Rd","","Grand Forks","ND","582014036","US","7017805280","","7017804477"
"1740252220","1201 W 12th Ave","","Emporia","KS","668012504","US","6203436800","","6203417755"
"1194022772","11011 Sheridan St Ste 210","","Hollywood","FL","330261531","US","9545526668","41497",""
"1689914269","9 N Crane Ave","","Spencer","IN","474601507","US","8128292237","",""
"1881540771","6730 Horizon Rd Ste D","","Rockwall","TX","750322075","US","4698471482","",""
"1457207359","3600 E Harry St","","Wichita","KS","672183713","US","3162685000","",""
"1033350814","1250 S Cedar Crest Blvd","","Allentown","PA","181036224","US","6104028900","",""
"1033350814","3535 Southern Blvd","","Dayton","OH","454291221","US","9373958627","",""
"1033350814","1176 5th Ave","","New York","NY","100296503","US","2122418426","",""
"1275092520","265 Western Ave Ste 2","","South Portland","ME","041062458","US","2076610200","","2076610299"
"1275092520","830 Harrison Avenue","3rd FL","Boston","MA","021182526","US","6176386428","","6176385756"
"1689815680","112 N 7th St","","Chambersburg","PA","172011720","US","7172174300","","7172174399"
"1962906180","185 S Orange Ave","","Newark","NJ","071032757","US","9739726056","","9739723129"
"1679374169","4310 W State Highway 29","","Georgetown","TX","786287009","US","5129240703","",""
"1356090575","111 Colchester Ave","","Burlington","VT","054011473","US","8028472345","",""
"1356090575","75 Park Street","","Elizabethtown","NY","12932","US","5188736377","",""
"1356090575","133 Park St","","Malone","NY","129531244","US","5184833000","",""
"1356090575","75 Beekman St","","Plattsburgh","NY","129011438","US","5185612000","",""
"1356090575","115 Porter Dr","","Middlebury","VT","057538629","US","8023884430","",""
"1356090575","130 Fisher Rd Unit 1","","Berlin","VT","056028132","US","8023714100","",""
"1356090575","25 June St","","Sanford","ME","040732621","US","2073244310","","2074907999"
"1356090575","1 Medical Center Dr","","Biddeford","ME","040059422","US","2072837937","","2072837018"
"1780926147","887 Congress St Ste 100","","Portland","ME","041023100","US","2077610125","",""
"1437736428","1 Medical Center Dr","","Lebanon","NH","037560001","US","6036505000","",""
"1942761663","44 Thornton St","","Newton","MA","024581532","US","6172442700","",""
"1871054544","2900 E 29th St Ste 100","","Bryan","TX","778022623","US","9794360485","",""
"1821520131","22 S Greene St # S2A19","","Baltimore","MD","212011544","US","6314731320","",""
"1821520131","720 Westview Dr SW","","Atlanta","GA","303101458","US","4047561368","","4047561313"
"1194257139","1001 N Waldrop Dr Ste 403","","Arlington","TX","760124703","US","8177014253","",""
"1093178527","29 NW 1st Ln","","LaMar","MO","647598105","US","4176815100","",""
"1093178527","3801 S National Ave Ste 1122","","Springfield","MO","658076090","US","4172697728","",""
"1093178527","1000 E Hwy 60","","Monett","MO","657088258","US","4173541269","",""
"1093178527","525 Branson Landing Blvd Ste 201A","","Branson","MO","656162052","US","4173357000","",""
"1922129170","4480 Gretna Rd","","Branson","MO","656167202","US","4177615492","",""
"1922129170","840 Passover Rd","","Osage Beach","MO","65065","US","5733020319","",""
"1922129170","1805 E Walnut St","","Columbia","MO","652016425","US","5737777500","",""
"1922129170","800 S Park Ave","","Springfield","MO","658024855","US","4178937735","",""
"1922129170","17844 E 23rd St S","","Independence","MO","640571840","US","8162543652","",""
"1346669017","1 Medical Center Dr","DHMC, Department of Psychiatry","Lebanon","NH","037561000","US","6036506150","","6036401228"
"1841557170","887 Congress St Ste 100","","Portland","ME","041023100","US","2076612072","",""
"1457858797","1020 Jefferson St","","Greenfield","OH","451238319","US","9374039108","","7403621385"
"1891282042","14520 W Granite Valley Dr Ste 210","","Sun City West","AZ","853755855","US","8669742673","",""
"1891282042","8952 E Desert Cove Ave Ste 113","","Scottsdale","AZ","852606776","US","8669742673","",""
"1891282042","18444 N 25th Ave Ste 210","","Phoenix","AZ","850231264","US","8669742673","",""
"1891282042","3591 S Mercy Rd Ste 204","","Gilbert","AZ","852972240","US","8669742673","",""
"1891282042","1500 S Dobson Rd Ste 200","","Mesa","AZ","852024724","US","8669742673","",""
"1760801880","4375 Fair Lakes Ct","","Fairfax","VA","220334234","US","5714322724","",""
"1972184554","2160 S 1st Ave","","Maywood","IL","601533328","US","7082169000","",""
"1942054960","955 N 21st St","","Newark","OH","430552921","US","6144918137","",""
"1144285065","7200 Montgomery Blvd NE","","Albuquerque","NM","871091510","US","5052815180","","5057028171"
"1518132448","505 S Aspen Ave","","Broken Arrow","OK","740122296","US","5395259900","",""
"1366297350","1 Kneeland St","","Boston","MA","021111527","US","2037067348","",""
"1174580948","8501 Old Troy Pike Ste 120","","Huber Heights","OH","454241061","US","9372374945","","9372374925"
"1174580948","1425 N Fairfield Rd Ste 120","","Beavercreek","OH","454322674","US","9373203888","","9373203848"
"1174580948","1152 W 3rd St Ste 102","","Dayton","OH","454026848","US","9372683483","","9372681884"
"1174580948","3333 W Tech Rd Ste 120","","Miamisburg","OH","453420956","US","9377486116","","9372916956"
"1174580948","200 Rockridge Rd Ste 110","","Englewood","OH","453222751","US","9378369921","","9378361298"
"1891221594","7895 Grand Blvd","","Hobart","IN","463426665","US","2199471910","","2199473117"
"1891221594","631 Professional Dr Ste 300","","Lawrenceville","GA","300463371","US","7709629977","","7703399804"
"1891221594","2202 LaPorte Ave Ste C","","Valparaiso","IN","463835936","US","2192462338","","2192867394"
"1891221594","309 W Johnson Rd Ste E","","LA Porte","IN","463501983","US","2193795559","","2193690777"
"1134617988","4200 Munson St NW Ste A","","Canton","OH","447182981","US","3309152907","","3309152958"
"1134617988","5611 Hudson Dr Ste 400","","Hudson","OH","442364452","US","3309152907","","3309152958"
"1578854261","4000 Coliseum Dr","Ste 445","Hampton","VA","236665906","US","7578272127","",""
"1578854261","100 Sentara Cir Rm 2C","","Williamsburg","VA","231885713","US","7579847217","","7579847210"
"1578854261","118 Northport Ave","","Belfast","ME","049156009","US","2073382500","","2075054590"
"1497165229","1001 S George St","York Hospital","York","PA","174033676","US","7178512311","","7178513469"
"1497165229","252 S 4th St","","Lebanon","PA","170426111","US","7172707688","",""
"1497165229","147 Gettys St","","Gettysburg","PA","173252534","US","7173374168","",""
"1497165229","169 Martin Ave","","Ephrata","PA","175221734","US","7177386420","",""
"1619598125","75 Maverick St","","Rockland","ME","048412448","US","2073016000","","2078004144"
"1619598125","543 Broadway","","Bangor","ME","044013337","US","2079221300","",""
"1619598125","24 Miles Center Way","","Damariscotta","ME","045434067","US","2075634379","","2078102368"
"1962991562","601 N Flamingo Rd Ste 307","","Pembroke Pines","FL","330281010","US","9542657750","","9542760280"
"1962991562","1951 SW 172nd Ave Ste 404","","Miramar","FL","330295614","US","9542657550","","9542760287"
"1962991562","801 N Flamingo Rd","","Pembroke Pines","FL","330281019","US","9542657900","","9548440839"
"1962991562","603 N Flamingo Rd Ste 260","","Pembroke Pines","FL","330281013","US","9542657750","","9542760280"
"1962991562","1150 N 35th Ave Ste 440","","Hollywood","FL","330215430","US","9542656356","","9549855154"
"1174574941","5825 N Highway 27","","Sebring","FL","338701216","US","8133211786","","8133211787"
"1326426370","1331 State St","","LA Porte","IN","463503112","US","2193261234","",""
"1790275139","593 Eddy St","","Providence","RI","029034923","US","4014445891","",""
"1790275139","20 York St","","New Haven","CT","065103220","US","2036884242","",""
"1790275139","9 Healthcare Dr Ste 105","","Biddeford","ME","040059445","US","2072823666","","2072943552"
"1790275139","22 Bramhall St","","Portland","ME","041023134","US","2078859905","","2073965600"
"1174189534","2229 Marsh View Dr Unit 203","","Wesley Chapel","FL","335444718","US","2522676580","",""
"1174189534","655 E River Rd Unit 201","","Tucson","AZ","857045853","US","2068954292","","8339734034"
"1174189534","828 Healthy Way Ste 330","","Virginia Beach","VA","234627959","US","2068954292","","8337603946"
"1174189534","6100 Harris Pkwy Ste 140","","Fort Worth","TX","761324130","US","2068954292","","8337603930"
"1174189534","1560 Turf Ln","","East Lansing","MI","488236392","US","2068954292","","8336033927"
"1174189534","200 Perimeter Park Dr Ste C","","Morrisville","NC","275609714","US","2068954292","","8334505528"
"1174189534","5323 4th Avenue Cir E","","Bradenton","FL","342085623","US","2068954292","","8339734033"
"1538726260","4055 Valley View Ln","","Dallas","TX","752445074","US","4694667420","",""
"1538726260","530 S Jackson St","","Louisville","KY","402021675","US","5025623000","",""
"1225474612","70 Doctors Park","","Cape Girardeau","MO","637034928","US","5733346071","",""
"1801232608","1 Medical Center Dr","","Biddeford","ME","040059422","US","2072837937","","2072837018"
"1801232608","25 June St","","Sanford","ME","040732621","US","2073244310","","2074907999"
"1801232608","300 Main St","","Lewiston","ME","042407027","US","2077957575","","2077957133"
"1912571704","500 Little Keswick Ln","","Keswick","VA","229472406","US","4342950457","",""
"1700179942","375 Wampanoag Trl","","Riverside","RI","029152232","US","4016494070","","4016494071"
"1659319457","11 N Locust St","","Buckhannon","WV","262014707","US","3044721600","",""
"1659319457","812 Gorman Ave","","Elkins","WV","262413181","US","3046373948","",""
"1801156088","1402 E County Line Rd","","Indianapolis","IN","462270963","US","3178877000","","3178877606"
"1114210267","62 Amaral St","","Riverside","RI","029152205","US","4016494030","","4016494031"
"1114210267","593 Eddy St","","Providence","RI","029034923","US","4014444741","","4014444445"
"1114210267","950 Warren Ave Ste 302","","East Providence","RI","029141432","US","4014442701","","4014442740"
"1962930677","543 Taylor Ave","","Columbus","OH","432031278","US","6142932225","","6142938557"
"1730568601","3 Racetrack Rd NE","","Fort Walton Beach","FL","325471875","US","8502333376","","8505228354"
"1730568601","2505 Harrison Ave","","Panama City","FL","324054464","US","8502333376","","8505228354"
"1477446623","505 S Aspen Ave","","Broken Arrow","OK","740122296","US","9185087601","",""
"1003709452","7315 Green Slope Dr","","Zephyrhills","FL","335411314","US","8137780400","","8337783246"
"1053205666","1100 Blythe Blvd","","Charlotte","NC","282035814","US","7043554300","",""
"1053205666","52 Bear Dr","","Greenville","SC","296054458","US","8644167131","",""
"1053205666","107A Aaron Tippin Dr","","Greer","SC","296501217","US","8644167131","",""
"1033734363","4945 SW 49th Pl","","Ocala","FL","344749673","US","2392748200","",""
"1033734363","1630 SE 18th St Ste 602","","Ocala","FL","344715472","US","2392748200","",""
"1033849195","890 W Faris Rd Ste 580","","Greenville","SC","296054281","US","8644557874","","8644558933"
"1124471685","5501 Old York Road","Albert Einstein Medical Center","Philadelphia","PA","19141","US","2154566500","",""
"1124471685","830 Oak St","Suite 205W","Brockton","MA","02301","US","5085834440","","5085837401"
"1154352797","3 Glen Cove Dr Ste 1","","Rockport","ME","048564232","US","2073018900","","2073015296"
"1154352797","621 10th St","","Niagara Falls","NY","143011813","US","7162784000","",""
"1154352797","16 Fahy St Ste 108","","Belfast","ME","049156029","US","2075054332","","2075363201"
"1568982106","72 E Concord St","","Boston","MA","021182642","US","6176388902","",""
"1568982106","732 Harrison Avenue, FL 3","Preston Bldg","Boston","MA","021182309","US","6176387490","","6174148742"
"1295175271","621 S Illinois Ave Ste 100","","Mason City","IA","50401","US","6414286900","","6414286909"
"1508352626","75 Beekman St","","Plattsburgh","NY","129011438","US","5185612000","",""
"1790347524","104 E Culver Rd Ste 102","","Knox","IN","465342241","US","5747727918","",""
"1760009971","1161 E Dayton Yellow Springs Rd","","Fairborn","OH","453246325","US","9373183930","",""
"1093291882","155 Medical Way Ste A","","Riverdale","GA","302744940","US","7709912747","",""
"1093291882","1991 Fordham Dr Ste 102","","Fayetteville","NC","283043774","US","9104844653","","9104839256"
"1093291882","150 Burnetts Way Ste 230","","Suffolk","VA","234348168","US","7579422022","","7575128997"
"1093291882","2350 NW Century Dr Ste 100","","Corvallis","OR","97330","US","5417541265","",""
"1528896479","5218 S Puget Sound Ave","","Tacoma","WA","984094317","US","7737667081","","3313365644"
"1528896479","2501 Chatham Rd Ste R","","Springfield","IL","627044188","US","7737667081","","3313365644"
"1528896479","2002 Pennwood Dr","","Melbourne","FL","329015934","US","7737665644","","3313365644"
"1780413906","35 Parkwood Dr Ste 205","","Hopkinton","MA","017481727","US","5082995424","",""
"1740665553","3315 S Alameda St","","Corpus Christi","TX","784111820","US","8773324602","","3618570572"
"1740665553","25 June St","","Sanford","ME","040732621","US","2073244310","","2074907999"
"1740665553","1 Medical Center Dr","","Biddeford","ME","040059422","US","2072837937","","2072837018"
"1902579683","3600 N Saginaw Rd","","Midland","MI","486402301","US","9895107626","",""
"1669751871","13920 SW 47th St Ste 105","","Miami","FL","331754405","US","7864086651","","7867061738"
"1669751871","1212 S Maryland Pkwy","","Las Vegas","NV","891041728","US","7028058688","",""
"1922239086","610 French Rd","","New Hartford","NY","134131014","US","3157381662","",""
"1528733144","100 Madison Ave","","Morristown","NJ","079606136","US","9739715000","",""
"1558374124","310 Eisenhower Dr","BLDG 7","Savannah","GA","314062632","US","9123556503","","9123559837"
"1558374124","191 Roosevelt Ave Ste 2000","","Selinsgrove","PA","178707998","US","5705244446","","5707684623"
"1558374124","289 S Market St","","Elysburg","PA","178249737","US","5705244446","","5707684623"
"1558374124","7095 Westbranch Hwy Ste 1300","","Lewisburg","PA","178376865","US","5707683100","",""
"1558374124","435 River Ave Ste 2","","Williamsport","PA","177013722","US","5705244446","","5707684623"
"1558374124","112 N 15th St Ste 1000","","Lewisburg","PA","178371224","US","5705244446","","5707684623"
"1649646035","116 Northport Ave","Suite # 114","Belfast","ME","049156095","US","2079302639","",""
"1811413768","16201 NE 13th Ave","","North Miami Beach","FL","331624607","US","3059244747","",""
"1639162340","315 Whispering Brook Dr","","Nicholasville","KY","403568893","US","8598810742","",""
"1992816243","709 N Justice St Ste B","","Hendersonville","NC","287913455","US","8286961234","",""
"1003928623","1400 W Main St","","Bellevue","OH","448119088","US","4194834040","",""
"1093963860","17844 E 23rd St S","","Independence","MO","640571840","US","8162543652","43652",""
"1093963860","323 E Grand St","","Springfield","MO","658071447","US","4177615600","",""
"1093963860","800 S Park Ave","","Springfield","MO","658024855","US","4178937735","",""
"1093963860","1300 E Bradford Pkwy","","Springfield","MO","658044294","US","4177615000","","4177615011"
"1649376187","2730 5 Mile Rd NE Ste 101","","Grand Rapids","MI","495256518","US","6164269401","",""
"1063239770","920C E Blanco Rd","","Boerne","TX","780061710","US","2102536055","","2102536053"
"1063239770","503 FM 1431 E, Suite102","","Marble Falls","TX","78654","US","8302180402","","8302240868"
"1801305578","6600 City West Pkwy Ste 200","","Eden Prairie","MN","553447707","US","6123562756","701","6127129214"
"1801305578","3460 Washington Dr Ste 207","","Eagan","MN","551224302","US","6123562756","","6127129214"
"1518746502","7601 W Jefferson Blvd","","Fort Wayne","IN","468044133","US","2604368686","",""
"1477541902","2601 Holme Ave","Nazareth Hospital","Philadelphia","PA","19152","US","2153356000","",""
"1619065398","1906 Wilmington Rd Ste 2","","New Castle","PA","161051945","US","7246543182","","7249811658"
"1619065398","801 1/2 E DuBois Ave","","Du Bois","PA","158013635","US","8143758882","","8143751159"
"1619065398","244 N Findley St","","Punxsutawney","PA","157672021","US","8149381770","","8149381771"
"1710768320","8839 Bryan Dairy Rd Ste 240B","","Largo","FL","337771203","US","7274616026","",""
"1710768320","1011 Jeffords St Bldg B","","Clearwater","FL","337564070","US","7274465993","",""
"1073394524","300 Longwood Ave","","Boston","MA","021155724","US","6175398884","","6177300913"
"1306562178","3059 Hopyard Rd","","Pleasanton","CA","945885258","US","9256235511","",""
"1275409245","303 Oak Grove Ave","","Greeneville","TN","377453911","US","4235524703","",""
"1407454887","43 Rainbow Ct SE","","Cedar Rapids","IA","524031549","US","3194407923","",""
"1194368530","3251 N Windsong Dr","","Prescott Valley","AZ","863141222","US","9287721673","","8772191729"
"1194368530","3257 N Windsong Dr","","Prescott Valley","AZ","863141222","US","9287722582","","8772191729"
"1619844040","701 Leon Ave","","Palmyra","PA","170783554","US","7172738835","",""
"1619844040","845 Helen Dr","","Lebanon","PA","170427493","US","7172738835","",""
"1669984019","100 Hospital Ave","","Du Bois","PA","158011440","US","4129962244","",""
"1669984019","2051 S Atherton St","","State College","PA","168017608","US","8442784600","","8142316879"
"1356854202","688 Walnut St","","Macon","GA","312012677","US","4782901465","",""
"1356854202","777 Hemlock St","","Macon","GA","312012102","US","4786331000","",""
"1013160415","101 Page St","","New Bedford","MA","027403464","US","5089735425","",""
"1013160415","235 North Pearl St","","Brockton","MA","02301","US","5084273000","",""
"1508166851","593 Eddy St","","Providence","RI","029034923","US","4014444741","","4014444445"
"1508166851","375 Wampanoag Trl","","Riverside","RI","029152232","US","4016494060","","4016494061"
"1154302610","5 Regional Cir Ste B&c","","Pinehurst","NC","283749863","US","9102951761","","9102952937"
"1750756466","3702 Washington St Ste 403","","Hollywood","FL","330218284","US","9542657550","","9542760130"
"1750756466","1951 SW 172nd Ave Ste 305","","Miramar","FL","330295614","US","9542650000","","9548936347"
"1750756466","8649 NW 186th St","","Hialeah","FL","330152553","US","9542657550","","9542760130"
"1891200424","1600 Haddon Avenue","6th Floor Main","Camden","NJ","08103","US","8567573500","","8563654088"
"1891930780","830 Oak St","Suite 205W","Brockton","MA","02301","US","5085834440","","5085837401"
"1326479585","601 N Flamingo Rd Ste 316","","Pembroke Pines","FL","330281015","US","9542657900","","9548440839"
"1326479585","603 N Flamingo Rd Ste 260","","Pembroke Pines","FL","330281013","US","9542657900","","9548440839"
"1326479585","1951 SW 172nd Ave Ste 404","","Miramar","FL","330295614","US","9542657900","","9548936361"
"1326479585","1150 N 35th Ave Ste 600","","Hollywood","FL","330215431","US","9542657900","","9542760271"
"1326479585","801 N Flamingo Rd","","Pembroke Pines","FL","330281019","US","9542657900","","9548440839"
"1326479585","20803 Biscayne Blvd Ste 204","","Aventura","FL","331801429","US","9542657900","","9542760259"
"1326479585","1150 N 35th Ave Ste 620","","Hollywood","FL","330215432","US","9542657900","",""
"1326479585","8649 NW 186th St","","Hialeah","FL","330152553","US","9542657900","",""
"1326479585","603 N Flamingo Rd Ste 255","","Pembroke Pines","FL","330281013","US","9544379116","","9544339734"
"1326479585","17180 Royal Palm Blvd Ste 1&2","","Weston","FL","333262394","US","9542657900","","9542760259"
"1932063633","386 Symmes Center Dr","","Winchester","IN","473949401","US","7655846600","",""
"1558178087","9401 Southwest Fwy","","Houston","TX","770741407","US","7139707000","",""
"1710281654","14781 Wolfe Rd","","New Freedom","PA","173499571","US","7173261880","",""
"1710281654","35 Erick Rd","","Lancaster","PA","176013111","US","7176900785","",""
"1710281654","252 S 4th St","","Lebanon","PA","170426111","US","7172707732","",""
"1710281654","36 Robinhood Dr","","Etters","PA","173199528","US","7173887300","",""
"1710281654","1201 Letort Springs Way","","Carlisle","PA","170158011","US","7176747600","",""
"1710281654","169 Martin Ave","","Ephrata","PA","175221734","US","7177386414","",""
"1710281654","147 Gettys St","","Gettysburg","PA","173252534","US","7173374207","",""
"1336127539","4049 Main St","","Chincoteague","VA","233362406","US","7574140400","","7574140569"
"1336127539","17068 Lankford Highway","","Eastville","VA","23347","US","7574140400","","7574140569"
"1336127539","25228 Lankford Highway","","Onley","VA","23418","US","7574140400","","7574140569"
"1336127539","5219 Lankford Hwy","","New Church","VA","234153332","US","7574140400","","7574140569"
"1326343856","4354 Stockton Dr","","North Little Rock","AR","721172917","US","5019557600","","5019557612"
"1326343856","172 Highway 62 W Ste 2","","Salem","AR","725768059","US","8665331762","","8708953172"
"1770769176","18697 BAGLEY RD","","Middleburg Heights","OH","441303417","US","4408168000","",""
"1770769176","17236 Park Dr","","Chagrin Falls","OH","440234641","US","4403900967","",""
"1770769176","2420 Lake Ave","","Ashtabula","OH","440044954","US","4409972262","",""
"1770769176","2601 Holme Ave","","Philadelphia","PA","191522007","US","2154425040","","2159572875"
"1194962829","709 Dearborn St","","Caldwell","ID","836054116","US","2083767083","",""
"1659137297","2424 Springer Dr Ste 300","","Norman","OK","730693966","US","4052163747","","4053390377"
"1326556630","2801 Centerville Rd Fl 1","","Wilmington","DE","19808","US","8886792353","",""
"1790635969","4565 Daisy Reid Ave","","Woodbridge","VA","221925670","US","7035238750","",""
"1043775232","2838 SW 30th St","","Cape Coral","FL","339142000","US","8337426276","","8334500911"
"1588258107","222 Picadilly St","","West Palm Beach","FL","334076017","US","5615788585","","5615788601"
"1801937495","202 N Main St","","San Angelo","TX","769034842","US","3256587750","333","3256587381"
"1801937495","250 N Magdalen St","","San Angelo","TX","769035443","US","3256587750","333","3256588381"
"1801937495","424 S Oakes St","","San Angelo","TX","769035944","US","3256587750","333","3256588381"
"1801937495","244 N Magdalen St","","San Angelo","TX","769035434","US","3256587750","333","3256588381"
"1801937495","242 N Magdalen St","","San Angelo","TX","769035434","US","3256587750","333","3256588381"
"1386883205","164 Summit Ave","","Providence","RI","029062853","US","4017932928","","4017937401"
"1275127805","3401 E Raymond St","","Indianapolis","IN","462034744","US","3179572070","",""
"1275090268","10347 Onondaga Rd","","Onondaga","MI","492649608","US","5179603007","",""
"1275090268","5001 W St Joe Hwy Ste 6","","Lansing","MI","489174023","US","5177983677","",""
"1275090268","1568 Lake Lansing Rd","","Lansing","MI","489123707","US","5177983677","",""
"1396137063","1700 N. Oregon","Suite 710","El Paso","TX","799023583","US","9152254470","","9155338055"
"1053945840","1995 E State St","","Salem","OH","444602400","US","3303321551","7266",""
"1053945840","615 Churchill Hubbard Rd","","Youngstown","OH","445051379","US","3307592700","",""
"1417803321","4220 N Roxboro St","","Durham","NC","277041826","US","9194718344","",""
"1487500393","315 S Manning Blvd","","Albany","NY","122081707","US","5185251550","",""
"1386590297","4930 Enterprise Dr NW","","Warren","OH","444818706","US","3303698022","154",""
"1710489687","1301 N High St","","Columbus","OH","432012460","US","6142996600","",""
"1710489687","1490 E Main St","","Columbus","OH","43205","US","6142520731","",""
"1396877064","24 Frank Lloyd Wright Dr","","Ann Arbor","MI","481059484","US","7349986022","",""
"1538748470","220A Washington Heights Med Ctr","","Westminster","MD","211575633","US","4108616362","",""
"1396106613","1315 Corporate Dr Ste B","","Hudson","OH","442364453","US","3306555000","","3303008030"
"1396106613","201 5th St NE Ste 5","","Barberton","OH","442033017","US","3308648501","",""
"1396106613","799 White Pond Dr Ste A","","Akron","OH","443201189","US","3308648501","",""
"1093275612","24 Miles Center Way","","Damariscotta","ME","045434067","US","2075634811","","2078102380"
"1093275612","25 June St","","Sanford","ME","040732621","US","2073244310","","2074907999"
"1093275612","96 Campus Dr","","Scarborough","ME","040747163","US","2078859905","","2073965600"
"1093275612","1 Medical Center Dr","","Biddeford","ME","040059422","US","2072837937","","2072837018"
"1093275612","121 Medical Center Dr Ste 3100","","Brunswick","ME","040112672","US","2077297939","","2078087894"
"1356797906","203 S Western Ave","","Tonasket","WA","988558803","US","5094862151","","5092231640"
"1710513726","1245 16th St Ste 309","","Santa Monica","CA","904041239","US","3103194377","",""
"1376074021","75 Francis St","","Boston","MA","021156106","US","6177325500","",""
"1841795416","127 S San Vicente Blvd Ste A3100","","Los Angeles","CA","900483311","US","3102486719","",""
"1518256775","676 N Saint Clair St","Suite 800","Chicago","IL","606112927","US","3126953755","",""
"1013545797","372 Inverness Dr S","","Englewood","CO","801125899","US","2817243050","","5126283314"
"1013545797","12605 E 16th Ave","","Aurora","CO","800452545","US","7208480000","",""
"1215469986","601 W 2nd St","","Bloomington","IN","474032317","US","8123535630","","8123535441"
"1215469986","1300 N 12th St","Suite 320","Phoenix","AZ","850062848","US","6028396775","",""
"1215499264","N2950 State Road 67","","Lake Geneva","WI","531472655","US","2622450535","",""
"1215499264","1604 S Hillcrest St","","Urbana","IL","618015006","US","2175214796","",""
"1215499264","1000 Mineral Point Ave","","Janesville","WI","535482940","US","6087566000","",""
"1881222065","508 N 9th St Unit 142","","Immokalee","FL","341422948","US","2396583000","",""
"1881222065","535 Pine Island Rd Ste M","","North Fort Myers","FL","339033700","US","2396567700","",""
"1518089606","282 County Road","","Barrington","RI","028062412","US","4012452688","","4012477776"
"1518089606","600 Wampanoag Trl","","Riverside","RI","029151511","US","4018618830","","4013512378"
"1700907920","4354 Stockton Dr","","North Little Rock","AR","721172917","US","5019557600","","5019557612"
"1700907920","902 W Court St","Suite R","Paragould","AR","724505921","US","8702150766","",""
"1588160956","750 Redwood Hwy Frontage Rd Ste 1204","","Mill Valley","CA","949412483","US","4153844778","","4153844779"
"1972036556","25 June St","","Sanford","ME","040732621","US","2073244310","","2074907999"
"1972036556","720 Eskenazi Ave","","Indianapolis","IN","462025187","US","3178807666","",""
"1972036556","2637 Midpoint Dr Ste B","","Fort Collins","CO","805254408","US","9704881666","",""
"1972036556","1 Medical Center Dr","","Biddeford","ME","040059422","US","2072837937","","2072837018"
"1891229001","395 W 12th Ave Rm 460","","Columbus","OH","432101267","US","6142938315","",""
"1528755576","12340 Bandera Rd Ste 104","","Helotes","TX","780234575","US","2107040161","",""
"1528755576","2606 Hospital Blvd","","Corpus Christi","TX","784051833","US","3619024789","",""
"1831987023","10615 Montgomery Rd Ste 202","","Montgomery","OH","452424460","US","5132968332","",""
"1831987023","3310 Mercy Health Blvd Ste 220","","Cincinnati","OH","452111120","US","5139845133","",""
"1831987023","6507 Harrison Ave","","Cincinnati","OH","452472816","US","5139845133","",""
"1831987023","563 Wessel Dr","","Fairfield","OH","450143668","US","5138586500","",""
"1831987023","1945 Cei Dr","","Blue Ash","OH","452425664","US","5139845133","",""
"1831987023","6150 Radio Way","","Mason","OH","450404520","US","5137704020","",""
"1104092675","1360 Montgomery Hwy Ste 114","","Vestavia Hills","AL","352162750","US","2055781799","",""
"1154731743","146 W River St Ste 11A","","Providence","RI","029042609","US","4017938770","","4017938709"
"1154731743","375 Wampanoag Trl","","Riverside","RI","029152232","US","4016494020","","4016494021"
"1578797049","4550 W 109th St Ste 200","","Overland Park","KS","662111354","US","9137213387","","8168752597"
"1255997136","2823 Fresno St","","Fresno","CA","937211324","US","5594593770","",""
"1255997136","300 Pasteur Dr","","Stanford","CA","943052200","US","6507234000","",""
"1174732705","8750 SW 144th St","","Palmetto Bay","FL","331767296","US","7865951850","",""
"1932723392","1221 S Broadway","","Lexington","KY","405042701","US","8592584000","",""
"1851652077","145 Sunset Ct Ste 200","","West Columbia","SC","291692464","US","8033149360","","8033149361"
"1427787530","4030 Wake Forest Rd Ste 349","","Raleigh","NC","276090010","US","6094184045","","6094184045"
"1174527121","203 S Western Ave","","Tonasket","WA","988558803","US","5094862151","","5092231640"
"1164099172","947 49th St Ste 1A","","Brooklyn","NY","112192923","US","7182838193","",""
"1437562089","1001 S George St","","York","PA","174033676","US","7178512450","",""
"1437562089","169 Martin Ave","","Ephrata","PA","175221734","US","7177386420","",""
"1114957354","611 N Central Ave","","Eureka","MO","630251232","US","6367772937","","6367772161"
"1114957354","653 Big Bend Rd","","Manchester","MO","630217723","US","6366857770","","3145905944"
"1588281547","1840 S Stapley Dr Ste 137","","Mesa","AZ","852046683","US","1480558374","",""
"1174887319","300 Highland Ave","","Hanover","PA","173312297","US","7173163711","",""
"1548642788","5601 Ironbridge Pkwy Ste 107","","Chester","VA","238317771","US","8047326000","","8045041900"
"1134746951","161 E Rivulon Blvd Ste 210","","Gilbert","AZ","852970087","US","6027398836","","4805344087"
"1457249351","2205 Oak Dr","","Bartow","FL","338309224","US","8635217283","",""
"1457249351","1129 N Missouri Ave","","Lakeland","FL","338054411","US","8662348534","",""
"1982199295","100 Medical Center Dr","","Slidell","LA","704615520","US","9856497070","",""
"1386321826","525 Branson Landing Blvd Ste 201A","","Branson","MO","656162052","US","0000000000","",""
"1366963332","815 Main St Ste A","","Peoria","IL","616021080","US","3096724977","",""
"1376064212","34 Maple St","","Norwalk","CT","068503815","US","2038522025","",""
"1568024537","901 Tamiami Trl S Ste A2","","Venice","FL","342853668","US","9414843531","","9414861701"
"1568024537","714 Doctors Dr","","Englewood","FL","342233992","US","9414601300","","8665043674"
"1467478974","350 Fording Island Rd Ste 100","","Bluffton","SC","299105168","US","8438374400","","8438374440"
"1467478974","1813 Richmond Ave","","Port Royal","SC","299352014","US","8438374400","","8438374440"
"1467478974","7 Arley Way Ste 202","","Bluffton","SC","299104302","US","8438374400","74400","8438374440"
"1467478974","7 Arley Way Ste 101","","Bluffton","SC","299104301","US","8438374400","74400","8438374440"
"1467478974","11 Arley Way Ste 102","","Bluffton","SC","299104883","US","8438374400","","8438374440"
"1073825626","4027 Hillsboro Pike Ste 801","","Nashville","TN","372152734","US","6153852201","","6153838590"
"1750909339","3955 156th St NE","","Marysville","WA","982714831","US","4256595073","",""
"1831573674","5729 Lebanon Rd Ste 120","","Frisco","TX","750347259","US","4697314888","",""
"1831573674","3515 W Fm 120 Ste 103","","Denison","TX","750201556","US","9033371362","",""
"1831573674","7777 Warren Pkwy Ste 380","","Frisco","TX","750346549","US","9723774111","",""
"1831573674","863 W Oglethorpe Hwy Ste 210","","Hinesville","GA","313134491","US","9123680534","",""
"1831573674","2336 Elson Green Ave Ste 106","","Virginia Beach","VA","234566939","US","7572761661","",""
"1063433563","203 S Western Ave","","Tonasket","WA","988558803","US","5094862151","","5092231640"
"1164908778","2012 Highway 62 412","","Highland","AR","725429477","US","8708561291","","8708561294"
"1164908778","4354 Stockton Dr","","North Little Rock","AR","721172917","US","5019557600","","5019557612"
"1134140924","12142 S Yukon Ave","","Glenpool","OK","740336621","US","9184888840","","9184888842"
"1134140924","6585 S. Yale Ave","Ste 200","Tulsa","OK","74136","US","9184812767","","9184817611"
"1447823414","920 Church St N","","Concord","NC","280252927","US","7045125363","",""
"1447823414","1350 S Kings Dr","","Charlotte","NC","282072134","US","7044464490","",""
"1447823414","2001 Vail Ave","","Charlotte","NC","282071248","US","7045125363","",""
"1447823414","10628 Park Rd","","Charlotte","NC","282108407","US","7045125363","",""
"1295563427","12222 Merit Dr Ste 600","","Dallas","TX","752513294","US","9727155000","","9727159976"
"1922238120","1000 Mineral Point Ave","","Janesville","WI","535482940","US","6087566868","","6087566289"
"1255687539","3609 Hughes St","","Huntington","WV","257041952","US","3045257851","","3045251073"
"1255687539","203 Kenova Ave","","Wayne","WV","255709795","US","3045257851","",""
"1255687539","710 Viand St","","Point Pleasant","WV","255501250","US","3045257851","",""
"1710997283","70 Wildwood Rd","","Sag Harbor","NY","119632105","US","5165090725","",""
"1699320481","1025 executive park blvd","","kingsport","TN","376604309","US","4238308110","",""
"1962834259","7 Arley Way Ste 101","","Bluffton","SC","299104301","US","8438374400","74400","8438374440"
"1962834259","25 Hospital Center Cmns Ste 200","","Hilton Head Island","SC","299262841","US","8438374400","","8438374440"
"1962834259","1813 Richmond Ave","","Port Royal","SC","299352014","US","8438374400","","8438374440"
"1962834259","11 Arley Way Ste 102","","Bluffton","SC","299104883","US","8438374400","","8438374440"
"1962834259","7 Arley Way Ste 202","","Bluffton","SC","299104302","US","8438374400","74400","8438374440"
"1679304976","501 Executive Pl","","Fayetteville","NC","283055390","US","9104235550","","9104235552"
"1215284187","4301 W Markham St","","Little Rock","AR","722057101","US","5014424201","",""
"1477939791","25 Hospital Center Cmns Ste 200","","Hilton Head Island","SC","299262841","US","8438374400","","8438374440"
"1477939791","11 Arley Way Ste 102","","Bluffton","SC","299104883","US","8438374400","","8438374440"
"1477939791","1813 Richmond Ave","","Port Royal","SC","299352014","US","8438374400","","8438374440"
"1477939791","7 Arley Way Ste 202","","Bluffton","SC","299104302","US","8438374400","74400","8438374440"
"1477939791","7 Arley Way Ste 101","","Bluffton","SC","299104301","US","8438374400","","8438374440"
"1366125809","3175 S Congress Ave Ste 103","","Palm Springs","FL","334612502","US","5617293361","","5617716630"
"1710653266","18503 Pines Blvd Ste 309","","Pembroke Pines","FL","330291406","US","7866832225","",""
"1215655170","3252 Inverness Ct","","Orlando","FL","328066309","US","2397842323","",""
"1205142833","4302 Gateway Dr","","Geneseo","NY","144549449","US","5852956760","","5852436681"
"1205142833","10 Hagen Dr Ste 200","","Rochester","NY","146252659","US","5854424141","","5854426259"
"1205142833","2685 E Henrietta Rd","","Henrietta","NY","144679370","US","5854440058","","5854440108"
"1205142833","601 Elmwood Ave","BOX 619-13","Rochester","NY","146420001","US","5852757575","",""
"1205142833","1425 Portland Ave","","Rochester","NY","146213011","US","5853381200","","5855441359"
"1205142833","1881 Monroe Ave","","Rochester","NY","146181902","US","5856133099","","5852419483"
"1205142833","8103 Oak Orchard Rd","","Batavia","NY","140201092","US","5858156715","","5853445410"
"1205142833","229 Summit St Ste 4","","Batavia","NY","140201645","US","5854424141","","5853447279"
"1205142833","1790 Long Pond Rd","","Rochester","NY","146064032","US","5854133520","","5853604181"
"1205142833","3170 Chili Ave Ste T1A","","Rochester","NY","146245452","US","5855712025","","5855712044"
"1538279005","7 Arley Way Ste 202","","Bluffton","SC","299104302","US","8438374400","","8438374440"
"1538279005","7 Arley Way Ste 101","","Bluffton","SC","299104301","US","8438374400","","8438374440"
"1538279005","25 Hospital Center Cmns Ste 200","","Hilton Head Island","SC","299262841","US","8438374400","","8438374440"
"1538279005","1813 Richmond Ave","","Port Royal","SC","299352014","US","8438374400","","8438374440"
"1538279005","11 Arley Way Ste 102","","Bluffton","SC","299104883","US","8438374400","","8438374440"
"1033302625","1 Medical Center Dr","","Lebanon","NH","037560001","US","6036505000","","6036505000"
"1427206374","4354 Stockton Dr","","North Little Rock","AR","721172917","US","5019557600","","5019557612"
"1427206374","339 Highway 463 N","","Trumann","AR","724723505","US","8704837039","","8704830590"
"1881029965","1813 Richmond Ave","","Port Royal","SC","299352014","US","8438374400","","8438374440"
"1881029965","11 Arley Way Ste 102","","Bluffton","SC","299104883","US","8438374400","","8438374440"
"1881029965","7 Arley Way Ste 101","","Bluffton","SC","299104301","US","8438374400","","8438374440"
"1881029965","7 Arley Way Ste 202","","Bluffton","SC","299104302","US","8438374400","","8438374440"
"1881029965","25 Hospital Center Cmns Ste 200","","Hilton Head Island","SC","299262841","US","8438374400","","8438374440"
"1245609726","929 SW Mulvane St","","Topeka","KS","666061677","US","7852704100","","7852704202"
"1447087093","41000 Woodward Ave Ste 350","","Bloomfield Hills","MI","483045092","US","7344891601","",""
"1356336903","919 6th Ave","","Huntington","WV","257012305","US","3045257851","","3045251073"
"1356336903","2 Bonnie Blvd","","Huntington","WV","257053066","US","3045257851","","3045251073"
"1356336903","145 Kenova Ave","","Wayne","WV","255709793","US","3045257851","","3045251073"
"1356336903","400 Dingess St","","Logan","WV","256013617","US","3045257851","","3045251073"
"1356336903","4020 US Route 60","","Huntington","WV","257052944","US","3045257851","","3045251073"
"1356336903","25 Lincoln Plz","","Branchland","WV","255069786","US","3045257854","","3045251073"
"1356336903","710 Viand St","","Point Pleasant","WV","255501250","US","3045257853","","3045251073"
"1356336903","3738 Teays Valley Rd Ste B","","Hurricane","WV","255269718","US","3045257852","","3045251073"
"1356336903","203 Kenova Ave","","Wayne","WV","255709795","US","3045257855","","3045251073"
"1356336903","630 8th St","","Huntington","WV","257012120","US","3045257851","","3045251073"
"1356336903","712 Main St","","Point Pleasant","WV","255501227","US","3045257851","","3045251073"
"1356336903","216 Main St","","Huntington","WV","257021539","US","3045257851","","3045251073"
"1356336903","3609 Hughes St","","Huntington","WV","257041952","US","3045257851","","3045251073"
"1356336903","5600 US Route 60","","Huntington","WV","257052146","US","3045257851","","3045251073"
"1356336903","6007 US Route 60 E Ste 308","","Barboursville","WV","255041045","US","3045257851","","3045251073"
"1356336903","452 Main St","","Clay","WV","250430036","US","3045257851","","3045251073"
"1356336903","55 Donohoe Dr","","Huntington","WV","257058887","US","3045257851","","3045251073"
"1356336903","3375 US Route 60","","Huntington","WV","257052837","US","3045257851","","3045251073"
"1356336903","511 Morris St","","Charleston","WV","253011326","US","3045257851","","3045251073"
"1356336903","376 Kenmore Dr","","Danville","WV","250537083","US","3045257851","","3045251073"
"1356336903","1 Prestera Way","","Huntington","WV","257052069","US","3045257851","","3045251073"
"1356336903","313 MacCorkle Ave SW","","South Charleston","WV","253031205","US","3045257851","","3045251073"
"1700984002","1500 N Ritter Ave","","Indianapolis","IN","462193027","US","3173551411","",""
"1700984002","11115 Parkview Plaza Dr","","Fort Wayne","IN","468451701","US","2606726443","","2606726459"
"1235852286","26 Crest Wood Cir","","Pittsford","NY","145349556","US","5853299383","",""
"1932706512","1708 Dayton Ave","","Wichita Falls","TX","763016110","US","9405004408","3","9403861318"
"1619348174","490 E Ridge Rd","","Rochester","NY","146211229","US","5859224395","","5859225715"
"1619348174","1425 Portland Ave","","Rochester","NY","146213011","US","5859224395","","5859225715"
"1619348174","1200 Driving Park Ave","","Newark","NY","145131090","US","3153322311","",""
"1619348174","2 Coulter Road; North Entrance","","Clifton Springs","NY","144321122","US","3154621050","","3154620145"
"1619348174","35 North St","","Canandaigua","NY","144241075","US","5853940530","","5853943872"
"1134726466","1500 SW 10th Ave","","Topeka","KS","666041301","US","7853546000","",""
"1548341340","11 Arley Way Ste 102","","Bluffton","SC","299104883","US","8438374400","","8438374440"
"1548341340","350 Fording Island Rd Ste 100","","Bluffton","SC","299105168","US","8438374400","","8438374440"
"1548341340","25 Hospital Center Cmns Ste 200","","Hilton Head Island","SC","299262841","US","8438374400","","8438374440"
"1548341340","1813 Richmond Ave","","Port Royal","SC","299352014","US","8438374400","","8438374440"
"1548341340","7 Arley Way Ste 202","","Bluffton","SC","299104302","US","8438374400","74400","8438374440"
"1497622740","7500 Greenway Center Dr Ste 1300","","Greenbelt","MD","207703575","US","3015859595","",""
"1417729187","1455 Dixon Ave","","Lafayette","CO","800268879","US","3034438500","",""
"1194803585","800 Scott and White Dr","","College Station","TX","778456440","US","9792074000","","9792074562"
"1194803585","4502 Medical Dr","","San Antonio","TX","782294402","US","2103584000","","2103588002"
"1396452942","10689 N Kendall Dr","","Miami","FL","331768710","US","7867035921","",""
"1831602333","1005 N Glebe Rd Ste 525","","Arlington","VA","222015792","US","7274001951","",""
"1831602333","3300 Gallows Rd","","Falls Church","VA","220423300","US","7037764001","",""
"1689749822","593 Eddy St","","Providence","RI","029034923","US","4016494050","","4016494051"
"1720625171","325 Angell St","","Providence","RI","029063245","US","4012172835","",""
"1922962646","127 N Lafayette St","","South Lyon","MI","481781210","US","2485737417","",""
"1184788671","1701 E Woodfield Rd Ste 1050","","Schaumburg","IL","601735141","US","6302169238","",""
"1184788671","237 Rosehall Dr","","Lake Zurich","IL","600476224","US","8472078702","",""
"1093671554","3806 Roland View Ave","","Baltimore","MD","212157641","US","4435700421","",""
"1437137361","203 S Western Ave","","Tonasket","WA","988558803","US","5094862151","","5092231640"
"1467782813","501 Village Green Pkwy Ste 16","","Bradenton","FL","342093401","US","9417952811","","9419272424"
"1275682965","8110 N Brother Blvd Ste 100","","Bartlett","TN","381332760","US","9013739221","","9012025995"
"1922697242","1200 Garden View Rd","","Encinitas","CA","920242477","US","8009268273","","8885398781"
"1922697242","4250 1st Ave","","San Diego","CA","92103","US","8009268273","","8885398781"
"1922697242","9400 Campus Point Dr","","La Jolla","CA","920931350","US","8009268273","","8885398781"
"1922697242","3855 Health Sciences Dr","","La Jolla","CA","920931503","US","8009268273","","8885398781"
"1922697242","1701 Manor Dr","","Vista","CA","920843015","US","7608096997","",""
"1013453018","9981 S Healthpark Dr","","Fort Myers","FL","339083618","US","2393432606","","2393433695"
"1013453018","6360 Techster Blvd Ste 1","","Fort Myers","FL","33966","US","2392232751","",""
"1215359815","11550 Olive Blvd","","Creve Coeur","MO","631417111","US","3145427690","","3145427698"
"1215359815","455 S Kirkwood Rd","","Kirkwood","MO","631226119","US","3149656871","","3148213245"
"1215359815","774 Gravois Bluffs Blvd Ste A","","Fenton","MO","630267758","US","6363435223","","6363435345"
"1215359815","12304 Manchester Rd","","Des Peres","MO","631314315","US","3149656871","","3148213245"
"1215359815","2345 Dougherty Ferry Rd","","Saint Louis","MO","631223313","US","3149669100","",""
"1215359815","8857A LaDue Rd","","Saint Louis","MO","631242045","US","3145768189","","3145768162"
"1215359815","5551 Winghaven Blvd Ste 100","","O Fallon","MO","633683618","US","6366952500","","6366952515"
"1215359815","233 Clarkson Rd","","Ellisville","MO","630112219","US","6362568644","","6362309796"
"1215359815","232 S Woods Mill Rd Ste 130E","","Chesterfield","MO","630173467","US","3142056900","",""
"1215359815","17421 Chesterfield Airport Rd","","Chesterfield","MO","630051308","US","6366857720","","6366857723"
"1215359815","832 Arnold Commons Dr","","Arnold","MO","630102164","US","6366857899","","6366857898"
"1215359815","774 Gravois Bluffs Blvd","","Fenton","MO","630267716","US","6363435223","","6363435345"
"1891507018","4401 Iroquois Ave","","Erie","PA","165112219","US","8144640509","","8144534857"
"1891507018","1135 Lake St","","Girard","PA","164171049","US","8147743155","","8144534857"
"1831780311","3326 Oakwell Court","","SAN ANTONIO","TX","78218","US","2108295180","","2108295030"
"1831780311","5000 Schertz Pkwy Ste 400","","Schertz","TX","781541457","US","2108295180","","2108295030"
"1831780311","3349 S Highway 181 Ste 13A","","Kenedy","TX","781195247","US","2108295180","",""
"1831780311","21727 Ih 10 W Fl 2","","San Antonio","TX","782572106","US","2108295180","",""
"1831780311","3320 Oakwell Ct","","San Antonio","TX","782183128","US","2108295180","","2108295030"
"1831780311","1763 Medical Way Ste B","","New Braunfels","TX","781325415","US","2108295180","",""
"1235276411","707 E Marshall Ave","","Longview","TX","756015545","US","9033154880","",""
"1235276411","4502 Medical Dr","","San Antonio","TX","782294492","US","2103584000","",""
"1275031866","121 Saint Lukes Center Dr Ste 404","","Chesterfield","MO","630173519","US","3148648720","","3149976969"
"1275031866","450 N New Ballas Rd Ste 206S","","Saint Louis","MO","631416859","US","3149916969","","3149976969"
"1275031866","874 Arnold Commons Dr","","Arnold","MO","630102164","US","3147290088","","3145905949"
"1275031866","10004 Kennerly Rd Ste 185B","","Saint Louis","MO","631282196","US","3147290088","","3145905975"
"1710518329","5250 Leetsdale Dr Ste 300","","Denver","CO","802461451","US","3033938050","",""
"1669178364","2009 Independence Dr Ste 1202","","Sherman","TX","750900215","US","2145928159","45157","9496952287"
"1699429118","205 Brandywine Blvd Ste A","","Fayetteville","GA","302147651","US","4046666721","",""
"1205250404","3520 SW 6th Ave","","Topeka","KS","666062806","US","7853549591","","7853540542"
"1205250404","1611 NW 12th Ave","","Miami","FL","331361005","US","7864662940","","3053552307"
"1609375005","550 N 19th St","","Lincoln","NE","685880046","US","4024725000","",""
"1932964806","10503 W Thunderbird Blvd Ste 104","","Sun City","AZ","853513047","US","6239750879","","6235844282"
"1821796335","1035 W Eads Pkwy","","Lawrenceburg","IN","470251162","US","8125770921","",""
"1023145315","205 Rockaway Pkwy","Medical Practice","Brooklyn","NY","112123444","US","7186887000","7006","7186887185"
"1730836396","420 Delaware St SE","","Minneapolis","MN","554550341","US","6126240123","","6126256919"
"1457946063","15884 SW 137th Ave","","Miami","FL","331771204","US","3054566002","","3055038222"
"1780530600","7573 Haverford Ave","","Philadelphia","PA","191512228","US","2678509413","","6105373078"
"1306792221","732 S 6th St Ste N","","Las Vegas","NV","891016928","US","5097682249","",""
"1306792221","5441 S MacAdam Ave Ste N","","Portland","OR","972393822","US","5097682249","",""
"1205782026","3375 Park Ave Ste 4006","","Wantagh","NY","117933799","US","5163508564","",""
"1568318384","3909 Woodley Rd","","Toledo","OH","436061169","US","4197253330","",""
"1801742622","722 W 14th St","","Anderson","IN","46016","US","7655512252","",""
"1134075955","3633 W 95th St","","Overland Park","KS","662062034","US","9133381200","","9135214104"
"1265133854","1060 First Colonial Rd","","Virginia Beach","VA","234543002","US","7573958000","",""
"1265133854","830 Kempsville Rd","","Norfolk","VA","235023920","US","7572616000","",""
"1265133854","134 Business Park Dr","","Virginia Beach","VA","234626523","US","7574730044","",""
"1265133854","12222 Merit Dr Ste 600","","Dallas","TX","752513294","US","9727155000","","9727159976"
"1760451009","3611 Jaguar Pkwy","","San Antonio","TX","782243271","US","7262369560","","2107026896"
"1760451009","1033 Ada St","","San Antonio","TX","782231703","US","2106447951","","2106447959"
"1760451009","3860 E Ih 10","","San Antonio","TX","782204063","US","2107026926","","2103588536"
"1760451009","4647 Medical Dr","","San Antonio","TX","782294403","US","2103585510","","2103588536"
"1518669894","300 Longwood Ave","","Boston","MA","021155724","US","8502967752","",""
"1871053215","3 Hospital Dr Ste 100","","Lewisburg","PA","178379394","US","5705245056","","5705245061"
"1871170993","1900 N Bayshore Dr","","Miami","FL","331323001","US","9544003251","","9544064175"
"1821559733","164 Summit Ave","","Providence","RI","029062894","US","4017933920","",""
"1063973766","4755 Ogletown Stanton Rd","","Newark","DE","197182200","US","3027331840","",""
"1336644988","835 E 18th Ave Ste 110","","Denver","CO","802181024","US","7202456015","",""
"1336644988","14300 Orchard Pkwy","","Westminster","CO","800239206","US","7206273761","","7206272758"
"1992190821","1300 Jefferson Park Ave","","Charlottesville","VA","229033363","US","4349245485","","4342449436"
"1992190821","960 E Mound Rd","","Decatur","IL","625262099","US","2178775050","","2178779711"
"1326742586","2470 Daniells Bridge Rd Ste 251","","Athens","GA","306066192","US","7063893440","","7063532205"
"1104388826","11331 James Watt Dr Ste 400","","El Paso","TX","799366405","US","9155323912","93153","9155338442"
"1104388826","3900 E Lohman Ave","","Las Cruces","NM","880118268","US","9155323912","","9155338442"
"1417698499","7405 Three Rivers Dr","","Pasco","WA","993016944","US","5094885256","8512","5094889939"
"1013597285","60 S Medical Ct","","Marion","NC","287524972","US","8286520205","",""
"1013597285","2315 Asheville Hwy Ste 10","","Hendersonville","NC","287911561","US","8286978686","",""
"1740714054","2005 Technology Pkwy Ste 400","","Mechanicsburg","PA","170509413","US","7177912520","","7177030061"
"1740714054","2790 Clay Edwards Dr Ste 1235","","North Kansas City","MO","641163276","US","8164725157","","8164727201"
"1740714054","630 Eaton Ave","","Hamilton","OH","450132767","US","5138672000","",""
"1740714054","13001 E 17th Pl","","Aurora","CO","800452570","US","3037244330","",""
"1740714054","207 Foote Ave","","Jamestown","NY","147017077","US","4126924920","52435",""
"1588051353","1025 SW Woods St Unit B","","Portland","OR","972393099","US","9196073940","",""
"1588051353","244 E Ellendale Ave Ste 4","","Dallas","OR","973381523","US","9712391624","",""
"1588051353","155 Hickory St NW # A","","Albany","OR","973211724","US","5419281509","",""
"1588051353","8250 N Cortaro Rd Ste 110","","Tucson","AZ","857437304","US","5205790900","",""
"1588051353","9565 E 22nd St Ste 143","","Tucson","AZ","85748","US","5208855431","",""
"1285691063","5551 Winghaven Blvd Ste 180","","O Fallon","MO","633683618","US","3142056699","","3145905923"
"1689808313","9091 Ellerbe Rd Ste 200","","Shreveport","LA","711066737","US","3182185434","",""
"1114977915","5828 Pearl Dr","","Evansville","IN","477128116","US","8124249291","","8124212722"
"1356919658","57 W Ferndale Dr","","Council Bluffs","IA","515034889","US","7123251344","",""
"1629360458","3900 E Lohman Ave","","Las Cruces","NM","880118268","US","9155323912","23912","9155338442"
"1629360458","11331 James Watt Dr Ste 400","","El Paso","TX","799366405","US","9155323912","93153","9155338442"
"1467863555","601 Ivy Gtwy Ste 2100","","Cincinnati","OH","452452052","US","5132161263","",""
"1467863555","211 Northparke Dr","","Springfield","OH","455031117","US","9375239050","","9375239059"
"1467863555","904 Scioto St","","Urbana","OH","430782226","US","9375346618","",""
"1467863555","200 Medical Center Dr Ste 200","","Springfield","OH","455042688","US","9375239050","","9375239059"
"1043876246","2230 Stockton Blvd","","Sacramento","CA","958171353","US","9162150237","",""
"1942737374","4327 Barnett Rd","","Wichita Falls","TX","763102303","US","9407645200","",""
"1942737374","2424 Springer Dr Ste 300","","Norman","OK","730693966","US","4052163747","","4053390377"
"1942737374","108 S 5th St","","Ringling","OK","73456","US","5806622316","",""
"1881954352","111 Franklin Health Cmns","","Farmington","ME","049386144","US","2077792734","","2077792157"
"1881954352","22 Bramhall St","","Portland","ME","041023134","US","2076622414","","2076626006"
"1881954352","149 North St","","Waterville","ME","049014974","US","2078721800","","2078721049"
"1881954352","181 Franklin Health Cmns","","Farmington","ME","049386144","US","2077793120","","2077792901"
"1073991477","1221 W Harvard Ave","","Roseburg","OR","974712836","US","5413578346","","5418330857"
"1538052220","2119 10th Ave N","","Lake Worth Beach","FL","334613345","US","5614442814","",""
"1386092005","2424 Springer Dr Ste 300","","Norman","OK","730693966","US","4052163747","","4053390377"
"1386092005","4301 Wilson St","","Fort Sill","OK","735034472","US","5805588559","",""
"1609305655","4422 3rd Ave","","Bronx","NY","104572545","US","9198840698","",""
"1609305655","1701 S Creasy LN","","Lafayette","IN","479054972","US","7655024866","","7655024401"
"1497049449","1601 Kirkwood Hwy","","Wilmington","DE","198054917","US","3029942511","",""
"1497049449","500 N Kobayashi Ste C","","Webster","TX","775984722","US","2818163092","",""
"1427496868","1601 Washington St","","Boston","MA","021181951","US","6174252000","","6174252041"
"1073006318","1000 Regency Ct Ste 100","","Toledo","OH","436233074","US","4198820588","","4198853070"
"1073006318","960 W Wooster St Ste 216","","Bowling Green","OH","434022650","US","4193525500","","4193525577"
"1154980282","4231 Ambassador Caffery Pkwy Ste 102","","Lafayette","LA","705087270","US","3378893100","","3375410865"
"1154980282","108 Rue Louis Xiv","","Lafayette","LA","705085739","US","3372358007","","3372358008"
"1154980282","6331 Cameron St Ste 102","","Scott","LA","705835021","US","3378893113","","3375410865"
"1184005332","603 S Chestnut St","","Ellensburg","WA","989263875","US","3033901940","",""
"1184005332","1000 3rd St","","Tillamook","OR","971413430","US","5038424444","",""
"1184005332","1016 Tacoma Ave","","Sunnyside","WA","989442263","US","3033901940","",""
"1124467097","301 N 8th St","4b","Springfield","IL","627011041","US","2175457500","","2175457305"
"1124467097","724 North Main Street","","Laconia","NH","032462742","US","6035245151","","6035241755"
"1124467097","905 N Maple St","","Effingham","IL","624016401","US","2172584186","","2173484185"
"1508029356","593 Eddy St","","Providence","RI","029034923","US","4014443565","","4014445493"
"1609806371","1010 4th St SW","Suite 305","Mason City","IA","504012856","US","6414285700","","6414282515"
"1518488592","2424 Springer Dr Ste 304","","Norman","OK","730693966","US","4059062191","","4059206420"
"1649840679","201 Berkley St","","Taunton","MA","027804925","US","7742234535","",""
"1043943558","9900 Adleta Blvd Apt 2012","","Dallas","TX","752439263","US","9044227752","",""
"1043943558","4600 Greenville Ave Ste 252","","Dallas","TX","752065037","US","2146188402","",""
"1497010482","2875 Saint Rose Pkwy Ste 110","","Henderson","NV","890524842","US","8009660535","",""
"1770935280","5228 NE Hoyt St","","Portland","OR","972133055","US","5032154860","",""
"1306220017","8702 Wandering Way","","Freeland","MI","486239557","US","9899998463","",""
"1306220017","11870 Woodland Dr","","Lennon","MI","484499601","US","8102873289","",""
"1306220017","145 Margies Ln","","Wewahitchka","FL","324653693","US","8108751099","",""
"1639309388","3322 Beltline Ct NE Ste 110","","Grand Rapids","MI","495259480","US","6168412615","","6168281752"
"1518480904","2939 Regency Dr","","Edinburg","TX","785392216","US","9562874567","",""
"1730602756","477 Pleasant Country Ln","","Rigby","ID","834425278","US","2083596781","",""
"1730602756","360 E Main St","","Rexburg","ID","834402015","US","2083569550","",""
"1770191462","2424 Springer Dr Ste 300","","Norman","OK","730693966","US","4052163747","","4053390377"
"1982432449","12001 South Fwy Ste 208","","Burleson","TX","760287214","US","8172931180","",""
"1205480332","991 N Willis St","","Abilene","TX","796034620","US","9702319542","",""
"1205480332","7th Medical Group","697 Louisiana Dr","Dyess AFB","TX","79607","US","3256963287","",""
"1205480332","Us Hwy 491 N","","Shiprock","NM","87420","US","5053686001","",""
"1063643542","2003 Kootenai Health Way","","Coeur D Alene","ID","838146051","US","2086256900","","2086256910"
"1144639840","1900 S Country Club Rd","","El Reno","OK","730365427","US","4052952900","","4052124480"
"1144639840","18961 NE 23rd St","","Harrah","OK","730458109","US","4053901800","","4053903846"
"1144639840","1800 Teague Dr Ste 219","","Sherman","TX","750902640","US","9033575320","","9032428750"
"1164077822","103 Hilltop Village Shopping Center Dr.","","Eureka","MO","63025","US","6365876350","","6365290699"
"1013892116","2300 Freeport Rd Ste 1A","","New Kensington","PA","150684669","US","4124067734","","4124067742"
"1013892116","1350 Old Freeport Rd Ste 1A","","Pittsburgh","PA","152383122","US","4124067734","","4124067742"
"1013892116","300 Northpointe Cir Ste 105","","Seven Fields","PA","160467862","US","4124067734","","4124067742"
"1871504258","200 Jefferson Ave SE","","Grand Rapids","MI","495034502","US","6166856258","",""
"1841801768","7301 E 2nd St","Ste 206","Scottsdale","AZ","85251","US","8303864234","",""
"1427935006","501 Village Green Pkwy Ste 16","","Bradenton","FL","342093401","US","9417952811","","9419272424"
"1174350946","104 N Bryan St","","Borger","TX","790074010","US","8062743627","","8062749176"
"1508850975","795 Middle St","","Fall River","MA","027211733","US","5082355229","",""
"1609201334","939 Caroline St","","Port Angeles","WA","983623909","US","3033901940","",""
"1609201334","800 Alder St","","South Bend","WA","985864900","US","3033901940","",""
"1609201334","110 S Apple Blossom Dr","","Chelan","WA","988168810","US","3033901940","",""
"1609201334","603 S Chestnut St","","Ellensburg","WA","989263875","US","3033901940","",""
"1609201334","1221 Highland Ave","","Clarkston","WA","994032829","US","3033901940","",""
"1609201334","502 W 4th Ave","","Toppenish","WA","989481616","US","3033901940","",""
"1609201334","1016 Tacoma Ave","","Sunnyside","WA","989442263","US","3033901940","",""
"1609201334","820 Prudential Dr Ste 515","","Jacksonville","FL","322078207","US","9043964886","","9043907487"
"1609201334","530 Bogachiel Way","","Forks","WA","983319120","US","3033901940","",""
"1689450538","2352 Meadows Blvd Ste 255","","Castle Rock","CO","801098417","US","3037381100","","3037381310"
"1689450538","7780 S Broadway Ste 280","","Littleton","CO","801222633","US","3037381100","","3037381310"
"1730800897","477 Pleasant Country Ln","","Rigby","ID","834425278","US","2083599840","",""
"1073154266","477 Pleasant Country Ln","","Rigby","ID","834425278","US","2083560234","",""
"1184173551","13227 Hastings Ln","","Fort Myers","FL","339137815","US","5852245666","",""
"1265429831","5493 Maple Ln","","Fayetteville","WV","258406872","US","3042532628","",""
"1679560684","950 Warren Ave Ste 302","","East Providence","RI","029141432","US","4014442701","","4014442740"
"1679560684","50 Maude St","","Providence","RI","029084325","US","4014562309","","4014566701"
"1679560684","375 Wampanoag Trl","","Riverside","RI","029152232","US","4016494030","","4016494031"
"1841765872","1708 Dayton Ave","","Wichita Falls","TX","763016110","US","9405004408","","9403861318"
"1275621070","5551 Winghaven Blvd Ste 270","","O Fallon","MO","633683629","US","3146823630","","3146823647"
"1750471249","5002 Cowhorn Creek Rd","","Texarkana","TX","755039766","US","9036143003","",""
"1750471249","4301 W Markham St # 518","","Little Rock","AR","722057101","US","5012961800","","5012961711"
"1578014809","1250 W 146th St","","Westfield","IN","460749870","US","3178445050","",""
"1578014809","625 E Water St","","Pendleton","IN","460648551","US","7657782384","",""
"1578014809","300 Jh Walker Dr","","Pendleton","IN","460648730","US","7657787501","",""
"1578014809","1380 E County Line Rd","","Indianapolis","IN","462270962","US","3178857050","",""
"1578014809","1701 McDowell Rd","","Evansville","IN","477125431","US","8129859955","",""
"1578014809","725 N Bell Trace Cir","","Bloomington","IN","474084408","US","8123232858","",""
"1578014809","118 Medical Dr","","Carmel","IN","460323323","US","3178444211","",""
"1578014809","1111 Church Ave","","Jasper","IN","475463761","US","8126347750","",""
"1578014809","621 S Sugar St","","Brownstown","IN","472202066","US","8123582504","",""
"1578014809","559 W Longest St","","Paoli","IN","474549670","US","8127232595","",""
"1578014809","205 Marine Dr","","Anderson","IN","460165937","US","7656494558","",""
"1578014809","1925 Reeves Rd","","Plainfield","IN","461685501","US","3178387070","",""
"1578014809","937 Fry Rd","","Greenwood","IN","461421820","US","3178813535","",""
"1578014809","1667 Sheridan Rd","","Noblesville","IN","460628723","US","3177703400","",""
"1578014809","1667 Sheridan Rd","","Noblesville","IN","460628723","US","3177703400","",""
"1578014809","326 COUNTRY CLUB DR","","NEW ALBANY","IN","471504618","US","8129481311","",""
"1578014809","868 S Washington St","","Morristown","IN","461619633","US","7657636012","",""
"1578014809","55 Willow St","","Nashville","IN","474487013","US","8129886666","",""
"1578014809","11851 Cumberland Rd","","Fishers","IN","460378273","US","3178134444","",""
"1578014809","3701 Hodgin Rd","","Richmond","IN","473747443","US","7659393701","",""
"1578014809","3154 S State Road 135","","Greenwood","IN","461439609","US","3175353344","",""
"1134670367","2315 Dougherty Ferry Rd Ste 109B","","Saint Louis","MO","631223383","US","3149659133","","3149842793"
"1245708031","501 Village Green Pkwy Ste 16","","Bradenton","FL","342093401","US","9417952811","","9419272424"
"1477732535","3303 S Bond Ave","","Portland","OR","972394501","US","5034941775","","5034944749"
"1477732535","501 N Graham St Ste 200","","Portland","OR","972272000","US","5034134710","",""
"1174514657","1815 Pleasant Grove Rd","","Jonesboro","AR","72401","US","8709336886","9430","8709339395"
"1194267179","800 Audubon Dr","","Jonesville","LA","713432432","US","3186572273","",""
"1659973790","655 S Dobson Rd Ste 214","","Chandler","AZ","852245671","US","4808572381","","4808572407"
"1174280762","7 Fayette Ctr","","Washington Court House","OH","431602120","US","7403358228","",""
"1588908164","1 Veterans Dr","","Minneapolis","MN","554172309","US","6124673406","",""
"1528133683","3322 Beltline Ct NE Ste 110","","Grand Rapids","MI","495259480","US","6168412615","","6168281752"
"1992342166","1200 Post Oak Blvd Apt 602","","Houston","TX","770563175","US","2818583710","",""
"1992342166","4131 Spicewood Springs Rd Ste J1","","Austin","TX","787598600","US","7136869194","69194",""
"1386065605","271 S Main St","","Ephraim","UT","846271313","US","4352834690","","4352834689"
"1245389063","2106 Woodruff Rd","","Greenville","SC","296076944","US","7275040332","","8553123643"
"1245389063","209 Millstone Dr","","Hillsborough","NC","272788776","US","7275040332","","8553123643"
"1245389063","715 S Pear Orchard Rd","","Ridgeland","MS","391574807","US","7275040332","","8553123643"
"1245389063","2100 Riveredge Pkwy Ste 400","","Atlanta","GA","303284663","US","7275040332","","8553128643"
"1245389063","5850 US Highway 431 Ste 34","","Albertville","AL","359502083","US","7275040332","","8553123643"
"1194962068","3400 Ministry Pkwy","","Weston","WI","544765220","US","7153931000","",""
"1518356583","336 S Jefferson St","","Neosho","MO","648501769","US","4174554200","","4174554314"
"1568514149","420 S 5th Ave","","West Reading","PA","196112143","US","4846285455","",""
"1568514149","5845 Winter Garden Vineland Rd","","Windermere","FL","347866124","US","4072031682","",""
"1568514149","9580 W Colonial Dr","","Ocoee","FL","347616947","US","3218882511","",""
"1609384981","6161 S Yale Ave","","Tulsa","OK","741361902","US","9184952685","","9184952660"
"1215083894","1055 Ada St","","San Antonio","TX","782231703","US","2103585515","","2103585530"
"1215083894","15102 Huebner Rd","","San Antonio","TX","782311739","US","2106442400","","2107026980"
"1013548189","3860 E Interstate Highway 10","","San Antonio","TX","782204063","US","2106445060","","2107026926"
"1013548189","11212 State Highway 151 Ste 215","","San Antonio","TX","782514498","US","2104908888","",""
"1013548189","4647 Medical Dr","","San Antonio","TX","782294403","US","2103585510","","2103588536"
"1013548189","3611 Jaguar Pkwy","","San Antonio","TX","782243271","US","7262369560","","2107026896"
"1841885019","6161 S Yale Ave","","Tulsa","OK","741361902","US","9184952685","","9184952660"
"1841885019","6424 Tideline Dr","","Apollo Beach","FL","335721571","US","8134178270","",""
"1598802480","903 W Martin St # MS 49-2","","San Antonio","TX","782070903","US","2103585510","","2103585944"
"1598802480","3611 Jaguar Pkwy","","San Antonio","TX","782243271","US","7262369560","","2107026896"
"1598802480","11930 W US Highway 90 Ste 110","","San Antonio","TX","782459613","US","2106442500","",""
"1598802480","3860 E Interstate Highway 10","","San Antonio","TX","782204063","US","2106445060","","2107026926"
"1780447623","150 47th ST SE","","Paris","TX","754627417","US","8722313162","",""
"1104777416","9211 Southwood Dr","","Munster","IN","463213021","US","7733164301","",""
"1699014928","5551 Winghaven Blvd Ste 230","","O Fallon","MO","633683631","US","3148646590","","3145905965"
"1699014928","121 Saint Lukes Center Dr Ste 403","","Chesterfield","MO","630173519","US","3145767013","","3145905965"
"1760704738","2650 Ridge Ave","","Evanston","IL","602011700","US","8475702878","","8475701846"
"1740044635","103 Oakland Dr","","Waco","TX","767051227","US","2543007015","",""
"1124296843","600 E Hospital St","","San Augustine","TX","759722123","US","9362754420","","9362754425"
"1124296843","620 Tenaha St","","Center","TX","759353404","US","9365982716","","9365985059"
"1124296843","1375 N Dickinson Dr","","Rusk","TX","757851051","US","9036830093","","9036830069"
"1124296843","304 Logansport St","","Center","TX","759353521","US","9365918380","","9365984499"
"1124296843","820 W Panola St","","Carthage","TX","756332336","US","9036908395","","9036908692"
"1124296843","12815 US Highway 84 E","","Joaquin","TX","759542440","US","9362201442","","9362201449"
"1124296843","821 W Frank Ave","","Lufkin","TX","759043310","US","9032348695","","9362348696"
"1508719758","5906 Balmoral Dr","","San Diego","CA","921144107","US","6198309552","",""
"1477208338","10490 Shelbyville Rd","","Louisville","KY","402233120","US","5022458853","",""
"1477208338","6710 Highway 311","","Sellersburg","IN","471721864","US","8663892727","",""
"1881499184","14245 NW 145th Ave","","Williston","FL","326967496","US","3522343078","",""
"1801742630","2575 E Evergreen Dr","","Appleton","WI","549138910","US","9209695353","",""
"1235936360","102 S Main St","","Andrews","TX","797147125","US","8063703705","",""
"1649247321","2222 Cherry St","","Toledo","OH","436082673","US","4192518035","",""
"1649247321","225 Smith Ave N Ste 201","","Saint Paul","MN","551022697","US","6512415321","","6512415248"
"1649247321","4126 N Holland Sylvania Rd Ste 220","","Toledo","OH","436233537","US","4192518035","",""
"1649247321","1103 Village Square Dr Ste 202","","Perrysburg","OH","435511762","US","4192518035","",""
"1649247321","2401 Gillham Rd","","Kansas City","MO","641084619","US","8162343000","",""
"1588510325","2732 W Michigan St","","Indianapolis","IN","462223750","US","3175544600","",""
"1467308205","16854 Ivy Ave","","Fontana","CA","923351504","US","9097911000","","9097816000"
"1467308205","16465 Sierra Lakes Pkwy Ste 115","","Fontana","CA","923361242","US","9097911000","","9097816000"
"1295681039","2601 E Roosevelt St","","Phoenix","AZ","850084973","US","6023445011","",""
"1760985808","194 E Elm Ave Ste 101","","Coalinga","CA","932102800","US","5594018382","",""
"1760985808","1396 W Herndon Ave","","Fresno","CA","937117126","US","5593965003","",""
"1760985808","1410 F St","","Fresno","CA","937061608","US","5593935003","",""
"1023142650","8228 Brentwood Industrial Dr","","Brentwood","MO","631442815","US","3147810679","","3149611147"
"1891236360","121 Saint Lukes Center Dr Ste 305","","Chesterfield","MO","630173519","US","3142051926","","3142051076"
"1316189194","222 S Woods Mill Rd Ste 400N","","Chesterfield","MO","630173610","US","3148648790","","3145905421"
"1477130581","1925 E Dakota Ave","","Fresno","CA","937264821","US","5596009180","",""
"1356461032","1375 N Dickinson Dr","","Rusk","TX","757851051","US","9036830093","","9036830069"
"1356461032","821 W Frank Ave","","Lufkin","TX","759043310","US","9362348695","","9362348696"
"1356461032","304 Logansport St","","Center","TX","759353521","US","9365918380","","9365984499"
"1356461032","820 W Panola St","","Carthage","TX","756332336","US","9036908395","","9036908691"
"1356461032","600 E Hospital St","","San Augustine","TX","759722123","US","9362754420","","9362744425"
"1356461032","620 Tenaha St","","Center","TX","759353404","US","9365982716","18380","9365984499"
"1356461032","12815 US Highway 84 E","","Joaquin","TX","759542440","US","9362201442","","9362201449"
"1225157415","11649 Boyette Rd","","Riverview","FL","335695531","US","8136728100","","8136776061"
"1225157415","1940 E State Road 60","","Valrico","FL","335943624","US","8136532244","","8136539200"
"1669904801","660 S Mount Juliet Rd Ste 220","","MT Juliet","TN","371223920","US","6158851093","","6158851110"
"1669904801","920 S Hartmann Dr Ste 310","","Lebanon","TN","370904137","US","6158851093","","6158851110"
"1669904801","5653 Frist Blvd Ste 530","","Hermitage","TN","370762067","US","6158851093","","6158851110"
"1245791474","2315 Dougherty Ferry Rd Ste 109B","","Saint Louis","MO","631223383","US","3149655553","","3145905972"
"1619505344","12345 W Bend Dr Ste 200","","Saint Louis","MO","631282253","US","6366857830","","3145905971"
"1619505344","111 Saint Lukes Center Dr Ste 24B","","Chesterfield","MO","630173509","US","6366857830","","3145905971"
"1285374975","1 Cooper Plz Dept Of","","Camden","NJ","081031461","US","8563422425","",""
"1770111080","1740 W Taylor St","","Chicago","IL","606127232","US","8666002273","",""
"1609338508","6785 Horizon Rd Ste 110","","Heath","TX","750327711","US","2148141550","","2148141350"
"1023351590","4647 Medical Dr","","San Antonio","TX","782294403","US","2103585510","","2103588536"
"1023351590","3860 E Interstate Highway 10","","San Antonio","TX","782204063","US","2106445060","45060","2107026926"
"1023351590","3611 Jaguar Pkwy","","San Antonio","TX","782243271","US","7262369560","","2107026896"
"1336438910","1202 State St","","Erie","PA","165011914","US","8144524262","","8144534857"
"1760123897","903 W Martin St # MS 49-2","","San Antonio","TX","782070903","US","2103580572","",""
"1760123897","3860 E Interstate Highway 10","","San Antonio","TX","782204063","US","2106445060","","2107026926"
"1437682564","234 Goodman St","","Cincinnati","OH","452192364","US","5135844505","","5135840468"
"1437682564","2598 W White River Blvd","","Muncie","IN","473035251","US","7657022817","","7652222198"
"1437682564","1508 John St","Ste B","Cincinnati","OH","45214","US","5133479999","",""
"1164276275","115 Christopher Columbus Dr","","Jersey City","NJ","073025526","US","8628233736","",""
"1831831775","7447 W Talcott Ave Ste 200","","Chicago","IL","606313713","US","7733262244","",""
"1194305011","8700 Beverly Blvd","Ste 3634","Los Angeles","CA","90048","US","3104237417","",""
"1194305011","2001 W 86th St","","Indianapolis","IN","462601902","US","3174157921","",""
"1326601113","20201 Crawford Ave","","Olympia Fields","IL","604611010","US","7087474000","",""
"1326601113","101 Nicolls Rd","","Stony Brook","NY","117941010","US","6303400045","",""
"1083833602","2646 E. Banner Gateway Drive","","Gilbert","AZ","852342165","US","4802566444","","4802564734"
"1114371473","1135 Lake St","","Girard","PA","164171049","US","8147743155","","8144534857"
"1114371473","4401 Iroquois Ave","","Erie","PA","165112219","US","8144640509","",""
"1336383157","375 Wampanoag Trl","","Riverside","RI","029152232","US","4016494070","","4016494071"
"1619235033","350 Park St Ste 203B","","Bowling Green","KY","421011784","US","2707810075","",""
"1619235033","OBHG @ Tristar Centennial","2221 Murphy Avenue","Nashville","TN","37203","US","6153422899","","5135586138"
"1619235033","301 Fisher St","","Biloxi","MS","395342508","US","2283760432","","5135586138"
"1619235033","2000 Church St","","Nashville","TN","372364400","US","9195227658","",""
"1538427802","426 Montauk Hwy","","East Quogue","NY","119423952","US","6316534479","",""
"1770371320","1260 Elm St","","Manchester","NH","031011305","US","6032334174","",""
"1134918220","320 Manktown Rd","","Waldoboro","ME","045725816","US","2078325566","","2078104965"
"1134918220","592 W Main St","","Waldoboro","ME","045726030","US","2078326394","","2078324392"
"1134918220","27 Mill St","","Waldoboro","ME","045726013","US","2078322300","","2078322323"
"1457796245","3860 E Interstate Highway 10","","San Antonio","TX","782204063","US","2106445060","","2107026926"
"1457796245","3611 Jaguar Pkwy","","San Antonio","TX","782243271","US","7262369560","","2107026896"
"1457796245","4647 Medical Dr","","San Antonio","TX","782294403","US","2103585437","","2103585890"
"1861607137","3959 Broadway","BHN 12-1201","New York","NY","100321559","US","2123058500","",""
"1326604364","823 Gateway Center Way","","San Diego","CA","921024541","US","6195152300","",""
"1720298912","361 3rd St Ste J","","San Rafael","CA","949013580","US","4157576100","","7075755509"
"1699715813","250 Centerville Rd Bldg E","","Warwick","RI","028864400","US","4016494070","","4016494071"
"1699715813","1 James P Murphy Ind Hwy","","West Warwick","RI","028932447","US","4016155878","",""
"1235186735","950 Warren Ave Ste 302","","East Providence","RI","029141432","US","4014442701","","4014442740"
"1235186735","62 Amaral St","","Riverside","RI","029152205","US","4016434030","","4016494031"
"1447570395","5551 Winghaven Blvd Ste 170","","O Fallon","MO","633683630","US","3142056788","","3145905954"
"1447570395","111 Saint Lukes Center Dr Ste 44","","Chesterfield","MO","630173509","US","3145762424","","3145762381"
"1275272734","555 N 30th St","","Omaha","NE","681312136","US","5313556621","",""
"1316981988","164 Summit Ave","","Providence","RI","029062853","US","4016494070","","4016494071"
"1316981988","593 Eddy St","","Providence","RI","029034923","US","4016494070","","4016494071"
"1033777917","11511 Shadow Creek Pkwy","","Pearland","TX","775847298","US","7134420000","",""
"1033777917","6624 Fannin St","","Houston","TX","770302312","US","7134420000","",""
"1235332032","3611 Jaguar Pkwy","","San Antonio","TX","782243271","US","7262369560","","2107026896"
"1235332032","3860 E Interstate Highway 10","","San Antonio","TX","782204063","US","2106445060","","2107026926"
"1235332032","4647 Medical Dr","","San Antonio","TX","782294403","US","2103585510","","2103588536"
"1720717176","72 Main St","","Kennebunk","ME","040437021","US","2074678810","","2074678811"
"1720717176","123 Medical Center Dr","","Brunswick","ME","040112652","US","2073736000","","2073736080"
"1720717176","22 Station Ave","","Brunswick","ME","040112092","US","2077259065","",""
"1720717176","14 Maine St","","Brunswick","ME","040112049","US","2077259065","",""
"1437598208","3333 Silas Creek Pkwy","","Winston Salem","NC","271033013","US","3367187594","","3362774239"
"1437598208","228 Saint Charles Way Ste 200","","York","PA","174024661","US","7178515503","",""
"1346276540","243 Elm St","","Claremont","NH","037434921","US","8582279187","",""
"1346276540","4725 Market St","","San Diego","CA","921024715","US","6195152560","",""
"1265727572","336 S Jefferson St","","Neosho","MO","648501769","US","4174554200","","4174554314"
"1235669474","58 Amaral St","","Riverside","RI","029152205","US","4016064260","","4016064261"
"1114213881","680 Centre St","","Brockton","MA","023023308","US","5089417000","",""
"1114213881","1110 N Sarah DeWitt Dr","","Gonzales","TX","786293311","US","8168009020","",""
"1114213881","1110 N Sarah DeWitt Dr","","Gonzales","TX","786293311","US","8168009020","",""
"1396477568","7031 SW 62nd Ave","","South Miami","FL","331434701","US","3052847761","",""
"1114605037","1410 F St","","Fresno","CA","937061608","US","5595089038","",""
"1114605037","1396 W Herndon Ave","","Fresno","CA","937117126","US","5595089038","",""
"1124373188","1100 S Main St Ste 113","","Las Cruces","NM","880052921","US","5752945724","",""
"1295734408","6785 Horizon Rd Ste 110","","Heath","TX","750327711","US","2148141550","","2148141350"
"1033133152","22 Bramhall St","","Portland","ME","041023134","US","2077063280","","2078102407"
"1992378384","2355 Dougherty Ferry Rd.","Ste 408","Chesterfield","MO","63017","US","3148354873","","3143366475"
"1306254925","1629 K St NW Ste 300","","Washington","DC","200061631","US","2406718131","",""
"1992084669","20612 NW 27th Ave","","Miami Gardens","FL","330561469","US","3056376400","","3056365155"
"1992084669","490 Opa Locka Blvd Ste 100","","Opa Locka","FL","330543563","US","3056376400","","3056365155"
"1992359889","4405 Whitmer Dr Apt 10","","Woodbridge","VA","221932925","US","5712747059","",""
"1992359889","8401 Mayland Dr Ste S","","Richmond","VA","232944648","US","8042201262","","5712009478"
"1033466479","1425 N McDowell Blvd Ste 206","","Petaluma","CA","949546525","US","8552237123","",""
"1033466479","1160 N Dutton Ave Ste 140","","Santa Rosa","CA","954014652","US","8552237123","",""
"1033466479","1001 Sneath Ln Ste 100","","San Bruno","CA","940662349","US","8552237123","",""
"1942810445","6410 98th St Ste 100","","Lubbock","TX","794249709","US","8063703705","",""
"1942810445","102 S Main St","","Andrews","TX","797147125","US","8063703705","","8003806717"
"1366875338","3100 Superior Ave","","Sheboygan","WI","530811948","US","9207831236","",""
"1366875338","1441 Branding Ave Ste 310","","Downers Grove","IL","605155624","US","8442840381","","4142033788"
"1659828291","131 Providence Rd Ste 100","","Charlotte","NC","282071251","US","9802658869","","7045858039"
"1659828291","141 Providence Rd Ste 112","","Charlotte","NC","282071217","US","9803905990","","7045858039"
"1306724927","1135 Lake St","","Girard","PA","164171049","US","8147743155","","8144534857"
"1306724927","4401 Iroquois Ave","","Erie","PA","165112219","US","8144640509","","8144534857"
"1316618051","6206 N Military Hwy Ste H","","Norfolk","VA","235185447","US","7572715282","",""
"1437550092","2719 N Air Fresno Dr","","Fresno","CA","937271547","US","5596009180","",""
"1437550092","1925 E Dakota Ave","","Fresno","CA","937264821","US","5596009180","",""
"1366313470","2800 E Ajo Way Bldg 100","","Tucson","AZ","857136204","US","5206948888","",""
"1588270466","3181 SW Sam Jackson Park Rd","","Portland","OR","972393011","US","5034947641","","5034944661"
"1295921989","700 W Ironwood Dr Ste 320","","Coeur D Alene","ID","838144485","US","2086255250","","2086255250"
"1134227473","5551 Winghaven Blvd Ste 132","","O Fallon","MO","633683618","US","6366952525","","6366952528"
"1629329404","8901 W Capitol Dr","","Milwaukee","WI","532221706","US","4142655770","","4142608980"
"1629329404","4201 N 27th St Fl 7","","Milwaukee","WI","532161807","US","4145545538","","4144857162"
"1730339193","4401 Iroquois Ave","","Erie","PA","165112219","US","8144640509","","8144534857"
"1730339193","1135 Lake St","","Girard","PA","164171049","US","8147743155","",""
"1154758530","6161 S Yale Ave","","Tulsa","OK","741361902","US","9184952685","","9184952660"
"1154758530","9600 Broadway Ext","","Oklahoma City","OK","731147408","US","4052309000","",""
"1154758530","721 W Britton Rd","","Oklahoma City","OK","731142909","US","4056326688","",""
"1366793523","600 Orondo Ave","","Wenatchee","WA","988012800","US","5096626000","",""
"1366793523","820 N Chelan Ave","","Wenatchee","WA","988012028","US","5096638711","",""
"1558872176","300 Lee Street","","Bristol","VA","24201","US","2766457303","","2766457302"
"1285720169","17417 Chesterfield Airport Rd","","Chesterfield","MO","630051308","US","6366857724","","3145905955"
"1568337129","17800 Kedzie Ave","","Hazel Crest","IL","604292029","US","7087998000","","7082130144"
"1215308945","2325 Dougherty Ferry Rd Ste 100","","Saint Louis","MO","631223356","US","3149091359","","3149091370"
"1215308945","5551 Winghaven Blvd Ste 250","","O Fallon","MO","633683630","US","3144341211","","3144344419"
"1215308945","226 S Woods Mill Rd Ste 49W","","Chesterfield","MO","630173663","US","3144341211","","3144344419"
"1215308945","5551 Winghaven Blvd Ste 230","","O Fallon","MO","633683631","US","3148646590","","3149091370"
"1558238345","3701 Hodgin Rd","","Richmond","IN","473747443","US","7659393701","",""
"1558238345","300 Jh Walker Dr","","Pendleton","IN","460648730","US","7657787501","",""
"1558238345","55 Willow St","","Nashville","IN","474487013","US","8129886666","",""
"1558238345","326 Country Club Dr","","New Albany","IN","471504618","US","8129481311","",""
"1558238345","205 Marine Dr","","Anderson","IN","460165937","US","7656494558","",""
"1558238345","1111 Church Ave","","Jasper","IN","475463761","US","8126347750","",""
"1558238345","868 S Washington St","","Morristown","IN","461619633","US","7657636012","",""
"1558238345","11851 Cumberland Rd","","Fishers","IN","460378273","US","3178134444","",""
"1558238345","559 W Longest St","","Paoli","IN","474549670","US","8127232595","",""
"1558238345","1667 Sheridan Rd","","Noblesville","IN","460628723","US","3177703400","",""
"1558238345","937 Fry Rd","","Greenwood","IN","461421820","US","3178813535","",""
"1558238345","621 S Sugar St","","Brownstown","IN","472202066","US","8123582501","",""
"1558238345","3154 S State Road 135","","Greenwood","IN","461439609","US","3175353344","",""
"1558238345","1250 W 146th St","","Westfield","IN","460749870","US","3178445050","",""
"1558238345","725 N Bell Trace Cir","","Bloomington","IN","474084408","US","8123232858","",""
"1558238345","1380 E County Line Rd","","Indianapolis","IN","462270962","US","3178857050","",""
"1558238345","1667 Sheridan Rd","","Noblesville","IN","460628723","US","3177703400","",""
"1558238345","1701 McDowell Rd","","Evansville","IN","477125431","US","8129859955","",""
"1558238345","1925 Reeves Rd","","Plainfield","IN","461685501","US","3178387070","",""
"1558238345","3525 E Hanna Ave","","Indianapolis","IN","462371230","US","3177884261","",""
"1558238345","625 E Water St","","Pendleton","IN","460648551","US","7657782384","",""
"1033753280","1200 S Detroit Ave","","Toledo","OH","436145903","US","4192592000","",""
"1972105237","5130 Evergreen Way","","Everett","WA","982032875","US","4256830800","",""
"1912070632","800 E Dawson St","","Tyler","TX","757012036","US","9036065956","",""
"1275494189","9250 E Costilla Ave Ste 540","","Greenwood Village","CO","801123648","US","7206449355","",""
"1598236325","1135 Lake St","","Girard","PA","164171049","US","8147743155","","8144534857"
"1598236325","4401 Iroquois Ave","","Erie","PA","165112219","US","8144640509","","8144534857"
"1972748531","903 W Martin St # MS 49-2","","San Antonio","TX","782070903","US","2103585437","","2103585890"
"1972748531","3611 Jaguar Pkwy","","San Antonio","TX","782243271","US","7262369560","","2107026896"
"1972748531","4647 Medical Dr","","San Antonio","TX","782294403","US","2103585510","","2103588536"
"1972748531","3860 E Interstate Highway 10","","San Antonio","TX","782204063","US","2106445060","","2107026926"
"1972748531","3130 SE Military Dr","Suite 101","San Antonio","TX","782233892","US","2105437334","","2103145044"
"1093146300","35 Gabrity Rd","","Highland","NY","125282109","US","8452022007","",""
"1417492729","6161 S Yale Ave","","Tulsa","OK","741361902","US","9184952685","","9184952660"
"1346307303","1925 E Dakota Ave","","Fresno","CA","937264821","US","5596009180","",""
"1265398689","132 Yellow Bird Ln","","Gray","KY","407346656","US","6062276010","",""
"1265398689","1344 Paris Karr Rd","","Keavy","KY","407372641","US","6065218062","","6065218062"
"1265398689","583 W Laurel Rd Ste 4","","London","KY","407418330","US","6062276010","",""
"1912546391","780 Lynnhaven Pkwy Ste 110","","Virginia Beach","VA","234527351","US","7573018747","",""
"1821561531","600 Oakmont Ln Ste 600C","","Westmont","IL","605595548","US","6305751980","",""
"1558783019","701 Superior Ave","","Munster","IN","463214037","US","2198642022","","2198642659"
"1558783019","24 Joliet St","","Dyer","IN","463111705","US","2198642580","",""
"1558783019","9130 Columbia Ave Ste A","","Munster","IN","463212932","US","2197032428","","2197036918"
"1558783019","303 W Ogden Ave","","Westmont","IL","605591419","US","6309687025","",""
"1831241272","601 Martin Luther King Drive","Suite 244","Winston Salem","NC","271100001","US","3367503300","","3367503303"
"1558728584","7390 W 950 N","","Fairland","IN","461269804","US","3178618017","",""
"1235317264","2815 Dustin Rd","Suite B","Oregon","OH","436163495","US","4196930676","","4196930807"
"1154076263","1202 S Tyler St","","Covington","LA","704332330","US","9858984000","",""
"1619620291","1866 Old Lebanon Rd","","Campbellsville","KY","427189663","US","2704653588","",""
"1437518347","345 Highland Ave","","Cheshire","CT","064102550","US","2035991492","",""
"1104241678","25228 Lankford Highway","","Onley","VA","23418","US","7574140400","","7574140569"
"1104241678","5219 Lankford Hwy","","New Church","VA","234153332","US","7574140400","","7574140569"
"1104241678","4049 Main St","","Chincoteague","VA","233362406","US","7574140400","","7574140569"
"1104241678","17068 Lankford Highway","","Eastville","VA","23347","US","7574140400","","7574140569"
"1447843081","8912 S 49th Ave","","Oak Lawn","IL","604531334","US","7089216795","",""
"1649770447","13535 Nemours Pkwy","","Orlando","FL","328277402","US","4075674000","","4075675924"
"1952107112","4939 E Yale Ave Apt 122","","Fresno","CA","937271523","US","5594434800","50577",""
"1952107112","2560 W Shaw Ln Ste 104","","Fresno","CA","937112777","US","5594434800","50577",""
"1952107112","2020 High St Ste E","","Selma","CA","936623518","US","5594434800","",""
"1548567779","100 Cambridge St","","Boston","MA","021142509","US","8887318994","",""
"1083911143","1800 E Park Ave","","State College","PA","168036701","US","8142317000","","8142351133"
"1083911143","5615 H Mark Crosswell Jr St","","Houston","TX","770211080","US","7135001500","","7135002714"
"1598610941","252 Carter Dr","","Middletown","DE","197095855","US","3026559494","",""
"1598610941","3401 Brandywine Pkwy","","Wilmington","DE","198031554","US","3026559494","",""
"1598610941","1082 Old Churchmans Rd","","Newark","DE","197132143","US","3026559494","",""
"1699621433","1042 Teres View Dr","","Sioux Center","IA","512502604","US","7124417516","",""
"1962358705","37 Johnson Ferry Rd Ste 100","","Marietta","GA","300684906","US","6789046611","",""
"1750237509","1009 City Ave N","","Ripley","MS","386631414","US","6628372245","",""
"1811843667","1516 Bridge St Ste 1","","Charlevoix","MI","497208951","US","2315470380","","2315470395"
"1629924477","540 E Grand Ave","","Beloit","WI","535116314","US","6083688087","",""
"1497601256","6297 Emery Xing","","Loveland","OH","451401638","US","5133138910","",""
"1417459207","2315 Dougherty Ferry Rd Ste 109A","","Saint Louis","MO","631223383","US","3147291725","","3147291732"
"1164490611","14651 W Upright St","","Charlevoix","MI","497201266","US","2315474477","",""
"1164490611","14700 Lake Shore Dr","","Charlevoix","MI","497201999","US","2315473840","",""
"1164490611","400 Hobart St","","Cadillac","MI","496012331","US","2318767200","",""
"1164490611","1250 E Michigan Ave Ste C","","Grayling","MI","497387074","US","9893480550","",""
"1164490611","829 N Center Ave Ste 200","","Gaylord","MI","497351598","US","9897361210","",""
"1164490611","1000 1st Dr NW","","Austin","MN","559122941","US","5074337351","",""
"1053582221","2801 N Gantenbein Ave","","Portland","OR","972271623","US","5034132200","",""
"1053582221","1012 E Willetta St","","Phoenix","AZ","850062749","US","6028396305","","6028392522"
"1053582221","2790 Clay Edwards Dr Ste 1235","","North Kansas City","MO","641163276","US","8164725157","","8164727201"
"1053582221","2400 S Avenue A","","Yuma","AZ","853647127","US","9283442000","",""
"1053582221","2211 NE 139th St","","Vancouver","WA","986862742","US","3604871000","",""
"1053582221","630 Eaton Ave","","Hamilton","OH","450132767","US","5138672000","",""
"1205805900","5446 Hampton Pl","Ste A","Saginaw","MI","486048213","US","9897972663","","9897974263"
"1750083101","1364 Clifton Rd NE","","Atlanta","GA","303221059","US","4047122000","",""
"1295129401","111 E 210th St","","Bronx","NY","104672401","US","7189204321","",""
"1194967851","3030 Harden Blvd","","Lakeland","FL","338037952","US","8632846800","","8632846825"
"1417418856","333 E Ontario St Apt 813","","Chicago","IL","606116945","US","6087709649","",""
"1134547029","6071 W Outer Dr","","Detroit","MI","482352624","US","3139663300","","3139664901"
"1619728664","3860 E Interstate Highway 10","","San Antonio","TX","782204063","US","2106445060","","2107026926"
"1619728664","3611 Jaguar Pkwy","","San Antonio","TX","782243271","US","7262369560","","2107026896"
"1619728664","903 W Martin St # MS 49-2","","San Antonio","TX","782070903","US","2103583441","","2103585944"
"1861810525","7750 College Town Dr Ste 204","","Sacramento","CA","958262362","US","8884283223","","3238661881"
"1548899578","8200 Walnut Hill Ln","","Dallas","TX","752314402","US","2143456789","",""
"1508561952","MSC10 5590 1 University of New Mexico","","Albuquerque","NM","817310001","US","5052722345","","5052722374"
"1598227670","5000 Schertz Pkwy Ste 400","","Schertz","TX","781541457","US","2108295180","","2108295030"
"1598227670","1763 Medical Way Ste B","","New Braunfels","TX","781325415","US","2108295180","",""
"1598227670","21727 Ih 10 W Fl 2","","San Antonio","TX","782572106","US","2108295180","",""
"1598227670","3326 Oakwell Court","","SAN ANTONIO","TX","78218","US","2108295180","","2108295030"
"1598227670","1 Baylor Plz","","Houston","TX","770303411","US","7137984951","",""
"1598227670","8019 S New Braunfels Ste 120","","San Antonio","TX","782351069","US","2108295180","",""
"1598227670","3349 S Highway 181 Ste 13A","","Kenedy","TX","781195247","US","2108295180","",""
"1750843876","1397 US 41 N","","Calhoun","GA","307015510","US","8122842273","",""
"1831778505","5901 E Fowler Ave Ste 100","","Temple Terrace","FL","336172305","US","8139789700","",""
"1467778134","5841 S Maryland Ave","P220/MC2026","Chicago","IL","606371447","US","7737026024","",""
"1356904726","505 E 70th St Fl 6","","New York","NY","100214872","US","2127463278","",""
"1366839086","1540 Maple Rd","","Williamsville","NY","142213647","US","7165683600","",""
"1841045861","111 Colchester Ave","","Burlington","VT","054011473","US","8028472415","",""
"1265014542","30141 Antelope Rd # D-666","","Menifee","CA","925847001","US","9095101584","",""
"1194102327","10102 Johnston Rd","","Charlotte","NC","282108203","US","4234581426","",""
"1447814181","103 Hilltop Village Shopping Center","","Eureka","MO","63025","US","3145769797","","3144697517"
"1447814181","5551 Winghaven Blvd Ste 170","","O Fallon","MO","633683630","US","3145769797","","3144697517"
"1447814181","226 S Woods Mill Rd Ste 55W","","Chesterfield","MO","630173664","US","3145769797","","3145905968"
"1023674058","5900 N Lotz Rd","","Canton","MI","481874331","US","7343944500","",""
"1376862151","2373 64th St SW","","Byron Center","MI","493157974","US","6166858750","","6166858002"
"1245619527","4605 Sawmill Rd","","Columbus","OH","432202246","US","6148271050","",""
"1669818399","630 Eaton Ave","","Hamilton","OH","450132767","US","5138672000","",""
"1669818399","2790 Clay Edwards Dr Ste 1235","","North Kansas City","MO","641163276","US","8164725157","","8164727201"
"1669818399","2400 S Avenue A","","Yuma","AZ","853647127","US","9283442000","",""
"1669818399","13400 E Shea Blvd","","Scottsdale","AZ","852595452","US","4803018000","",""
"1629569140","220 Highway 12 W","","Kosciusko","MS","390903208","US","6622903315","","6019746245"
"1629569140","100 Hospital St","","Booneville","MS","388293354","US","6625382110","","6625382593"
"1629569140","140 Burke Calhoun City Rd","","Calhoun City","MS","389169690","US","6626286611","","6626286300"
"1629569140","1100 Belk Blvd","","Oxford","MS","386555242","US","6625131609","","6622328555"
"1629569140","631 Rb Wilson Dr","","Huntingdon","TN","383441727","US","7319867021","","7319867288"
"1629569140","1500 W Poplar Ave","","Collierville","TN","380170601","US","9012278140","","9012272477"
"1629569140","2100 N 7th St","","West Memphis","AR","723012017","US","8703947800","","9012275145"
"1629569140","2520 5th St N","","Columbus","MS","397052008","US","6622441670","","6622441058"
"1629569140","1100 Highway 16 E","","Carthage","MS","390514222","US","6012671100","","6012671469"
"1629569140","1995 Highway 51 S","","Covington","TN","380193635","US","9014762621","","9014755321"
"1629569140","6019 Walnut Grove Rd","","Memphis","TN","381202113","US","9012264910","","9012264774"
"1629569140","2799 W Grand Blvd","","Detroit","MI","482022608","US","3139162600","","3138761305"
"1629569140","4800 E Johnson Ave","","Jonesboro","AR","724058413","US","8709361000","","8709360224"
"1629569140","1201 Bishop St","","Union City","TN","382615403","US","7318852410","","7318848212"
"1629569140","6225 Humphreys Blvd","","Memphis","TN","381202373","US","9012272727","","9012272477"
"1629569140","823 Grand Ave","","Yazoo City","MS","391943233","US","6627462261","","6627464839"
"1629569140","200 State Highway 30 W","","New Albany","MS","386523112","US","6625387631","","6625382593"
"1629569140","7601 Southcrest Pkwy","","Southaven","MS","386714739","US","6627724000","","6627722111"
"1932838695","3611 Jaguar Pkwy","","San Antonio","TX","782243271","US","7262369560","","2107026896"
"1932838695","2425 Babcock Rd Ste 111","","San Antonio","TX","782294899","US","2103583108","",""
"1932838695","903 W Martin St # MS 49-2","","San Antonio","TX","782070903","US","2013583441","","2103585944"
"1932838695","3860 E Interstate Highway 10","","San Antonio","TX","782204063","US","2106445060","","2107026926"
"1386165223","68 Harris Bushville Rd","","Harris","NY","12742","US","8453338484","","8457945675"
"1386165223","800 Stony Brook Ct","","Newburgh","NY","125506526","US","8455616111","",""
"1053572420","20480 Route 19 Ste 101","","Cranberry Township","PA","160667501","US","7244730660","","7244730665"
"1285084491","1414 E Walnut St","","Seguin","TX","781555175","US","8305494913","",""
"1285084491","825 NE 10th St","","Oklahoma City","OK","731045417","US","4052711368","",""
"1285084491","825 NE 10th St","","Oklahoma City","OK","731045417","US","4052711368","",""
"1285084491","903 W Martin St # MS 49-2","","San Antonio","TX","782070903","US","2103589658","","2107024205"
"1366603763","845 Helen Dr Ste 200","","Lebanon","PA","170427493","US","8662443492","",""
"1366603763","1101 Edgar St Ste E","","York","PA","174032862","US","7178124602","",""
"1366603763","1001 S George St","","York","PA","174033676","US","7178512722","",""
"1366603763","35 Monument Rd Ste 202","","York","PA","174035074","US","7178512722","",""
"1366603763","435 South St Ste 380","","Morristown","NJ","079606481","US","9739717080","","9732908312"
"1366603763","1001 S George St","","York","PA","174033645","US","7178512348","",""
"1366603763","22 St Paul Dr Ste 101","","Chambersburg","PA","172011036","US","8777221757","",""
"1366603763","175 Martin Ave Ste 105","","Ephrata","PA","175221761","US","8662443492","",""
"1366603763","455 S Washington St Ste 21","","Gettysburg","PA","173252516","US","7173383292","",""
"1720518996","2330 E Meyer Blvd Ste 209","","Kansas City","MO","641321149","US","8162353932","",""
"1235168410","111 Saint Lukes Center Dr Ste 10","","Chesterfield","MO","630173509","US","3142056818","","3142056770"
"1235168410","14709 Olive Blvd","","Chesterfield","MO","630172221","US","3143175700","",""
"1235168410","14709 Olive Blvd","","Chesterfield","MO","630172221","US","3143175700","",""
"1235168410","2345 Dougherty Ferry Rd","","Saint Louis","MO","631223313","US","3149669100","",""
"1235168410","1630 Market Center Dr Ste 201","","O Fallon","MO","633688407","US","3142056030","",""
"1720017882","1025 Beal Pkwy N Ste C","","Fort Walton Beach","FL","325471481","US","8503743806","","8508620605"
"1720017882","1025 Beal Pkwy N Ste A","","Fort Walton Beach","FL","325471481","US","8503748220","","8508620605"
"1720017882","417 Racetrack Rd NW","","Fort Walton Beach","FL","325474612","US","8508623979","","8508620605"
"1720017882","1326 Lewis Turner Blvd","","Fort Walton Beach","FL","325471139","US","8508554048","","8508554068"
"1720017882","1921 E Nine Mile Rd","","Pensacola","FL","325147747","US","8509995837","","8508620605"
"1720017882","351 N Ferdon Blvd","","Crestview","FL","325362727","US","8508623979","","8508620605"
"1720017882","1710 Lisenby Ave","","Panama City","FL","324053730","US","8508074420","","8508620605"
"1720017882","137 Crystal Beach Dr Ste 121","","Destin","FL","325413573","US","8508074388","","8508620605"
"1104189653","593 Eddy St","","Providence","RI","029034923","US","4014447793","","4014448179"
"1104189653","1010 S Main St","","Fall River","MA","027242855","US","5086751054","",""
"1104189653","180 Corliss St","","Providence","RI","029042602","US","4017932928","","4017937401"
"1851288054","4721 Chamblee Dunwoody Rd","Bldg 100, Ste 150","Dunwoody","GA","303386068","US","4044587810","","4045669260"
"1639796485","101 Jordan Rd Ste 100","","Troy","NY","121808323","US","5182749126","",""
"1639796485","2215 Burdett Ave","","Troy","NY","121802466","US","5182713280","","5182713772"
"1104209915","201 W Van Asche Loop","","Fayetteville","AR","727034996","US","4799664491","","4799664311"
"1104209915","609 SW 8th St Ste 900","","Bentonville","AR","727127579","US","4793347030","","4793347029"
"1568089860","333 Green End Ave","","Middletown","RI","028425620","US","4018497100","",""
"1568089860","593 Eddy St","","Providence","RI","029034923","US","4016494090","","4016494091"
"1629554514","5001 Rockside Rd","","Independence","OH","441312172","US","2169864000","",""
"1023636107","4710 Bellaire Blvd Ste 150","","Bellaire","TX","774014589","US","3462005618","",""
"1124540703","2795 W Lincoln Ave Ste D","","Anaheim","CA","928016334","US","7142298553","",""
"1700309929","1925 E Dakota Ave","","Fresno","CA","937264821","US","5596009180","",""
"1598079659","4201 Saint Antoine St","2 E - UHC","Detroit","MI","482012153","US","3137457999","","3137454502"
"1659659969","6785 Horizon Rd","","Heath","TX","750327711","US","2148151550","","2148151350"
"1447636022","195 N Grant Ave","","Columbus","OH","432152855","US","8885229174","",""
"1780294579","5841 Thunderbird Rd Ste I","","Indianapolis","IN","462364792","US","3178230662","",""
"1083193460","919 Locke St","","San Antonio","TX","782082127","US","2103588255","","2106448726"
"1801312616","540 Lincoln Park Blvd","","Kettering","OH","454296401","US","9372976306","",""
"1003818642","1919 E Thomas Rd","","Phoenix","AZ","850167710","US","6029330016","","6029334309"
"1376658658","2200 W. Dupont Avenue","","Morris","IL","60450","US","8157057837","",""
"1376658658","1600 W US Route 6 Ste B","","Morris","IL","604508854","US","8153648927","",""
"1376658658","1450 E Division St","","Diamond","IL","604166050","US","8156343500","","8157051718"
"1376658658","2200 W. Dupont Avenue","","Morris","IL","60450","US","8157057828","",""
"1376658658","27240 W Saxony Dr Ste 202","","Channahon","IL","604101417","US","8155214600","","8154679460"
"1376658658","27240 W Saxony Dr Ste 201","","Channahon","IL","604101417","US","8154671518","","8154677419"
"1376658658","1450 E Division St","","Diamond","IL","604166050","US","8156343500","",""
"1376658658","101 S Prairie Ave","","Dwight","IL","604201350","US","8155843291","","8155843475"
"1376658658","409 N Route 53","","Gardner","IL","60424","US","8152370413","","8152370514"
"1376658658","580 Sycamore St","","Marseilles","IL","613411366","US","8157952122","","8157953507"
"1376658658","100 Gore Rd","","Morris","IL","604509466","US","8159420545","",""
"1376658658","1450 E Division St","","Diamond","IL","604166050","US","8156343500","","8157051718"
"1376658658","1450 E Division St","","Diamond","IL","604166050","US","8153643500","","8157051718"
"1376658658","1450 E Division St","","Diamond","IL","604166050","US","8156343500","",""
"1376658658","1450 E Division St","","Diamond","IL","604166050","US","8153643500","",""
"1376658658","948 W US Route 6","","Morris","IL","604508858","US","8159425474","","8159425498"
"1376658658","5 N Johnson St","","Newark","IL","605410002","US","8156955042","","8156959483"
"1376658658","1300 Starfire Dr","","Ottawa","IL","613501624","US","8153249700","","8153249499"
"1376658658","522 Depot St","","Mazon","IL","604443706","US","8154482423","","8154482033"
"1376658658","603 W Mondamin St","","Minooka","IL","604479057","US","8155211010","","8155211826"
"1376658658","151 W High St Uppr Level","","Morris","IL","604501407","US","8157023300","",""
"1376658658","1802 N Division St Ste 703","","Morris","IL","604503104","US","8159418000","","8157051712"
"1376658658","1345 Edwards St Ste 2","","Morris","IL","604501692","US","8159421421","","8154882033"
"1376658658","425 E US Route 6","","Morris","IL","604509042","US","8159428080","","8159414105"
"1376658658","1306 Gemini Cir Ste 1","","Ottawa","IL","613501695","US","8154339200","","8157051716"
"1376658658","271 N Main St","","Seneca","IL","613609323","US","8153578511","","8153571238"
"1376658658","151 W High St Lowr Level","","Morris","IL","604501407","US","8157051000","","8157052709"
"1376658658","1306 Gemini Cir Ste 2","","Ottawa","IL","613501695","US","1543308508","","8154333655"
"1376658658","1051 W US Route 6","","Morris","IL","604504200","US","8159424875","","8159425046"
"1376658658","27240 W Saxony Dr Ste 203","","Channahon","IL","604101417","US","8157051300","","8157051301"
"1376658658","27240 W Saxony Dr Ste 203","","Channahon","IL","604101417","US","8157051000","","8157052709"
"1376658658","1499 Lakewood Dr Ste H","","Morris","IL","604501711","US","8159417533","","8159416876"
"1376658658","237 W Waverly St","","Morris","IL","604501334","US","8159410441","","8159410472"
"1376658658","1499 Lakewood Dr Unit I","","Morris","IL","604501709","US","8159424506","","8157446729"
"1891306429","7210 Still Haven Dr","","Richmond","TX","774077131","US","7138854836","",""
"1215217278","20480 ROUTE 19 STE 101","","Cranberry Township","PA","160667501","US","7244730660","","7244730665"
"1811091986","854 Washington Ave","Suite 200","Holland","MI","494237143","US","6163929430","","6163925257"
"1598379976","32 Remick Blvd","","Springboro","OH","450669168","US","3307746288","",""
"1689288938","700 N Estrella Pkwy Ste 235","","Goodyear","AZ","853389332","US","4809273800","","8882198102"
"1689288938","2580 Highway 95 Ste 110","","Bullhead City","AZ","864427324","US","9284448094","","8882198102"
"1689288938","520 N Camino Mercado Ste 2","","Casa Grande","AZ","851225754","US","5206076099","","8882198102"
"1689288938","2451 E Baseline Rd Ste 450","","Gilbert","AZ","852342473","US","4804851879","","8882198102"
"1689288938","312 N Alma School Rd Ste 10","","Chandler","AZ","852244354","US","4806133128","","8882198102"
"1689288938","560 Continental Rd, Ste 107","","Green Valley","AZ","856141825","US","5202011877","","8882198102"
"1689288938","297 Lake Havasu Ave S Ste 100","","Lake Havasu City","AZ","864036526","US","4809273800","","8882198102"
"1689288938","808 Ainsworth Dr Ste 103","","Prescott","AZ","863011625","US","9282723814","","8882198102"
"1689288938","14869 W Bell Rd Ste 101","","Surprise","AZ","853747608","US","6028983171","","8882198102"
"1689288938","1773 W Saint Marys Rd Ste 101","","Tucson","AZ","857452654","US","5208273003","","8882198102"
"1689288938","3530 E Campo Abierto Ste 100","","Tucson","AZ","857183328","US","5205251068","","8882198102"
"1689288938","5920 N La Cholla Blvd Ste 110","","Tucson","AZ","857413693","US","5202573328","","8882198102"
"1558466268","100 Gore Rd","","Morris","IL","604509466","US","8153648919","",""
"1558466268","1450 E Division St","","Diamond","IL","604166050","US","8156343500","",""
"1558466268","27240 W Saxony Dr","","Channahon","IL","604101416","US","8155211500","",""
"1710765896","5888 Edinger Ave","","Huntington Beach","CA","926491705","US","5627040879","",""
"1710765896","2029 Century Park E Ste 400","","Los Angeles","CA","900672905","US","8004653203","",""
"1215754031","1351 N ZARAGOZA RD","BLDG O, STE 1","EL PASO","TX","799367902","US","9153038977","","9157799988"
"1568659464","2100 Reston Pkwy Ste 200","","Reston","VA","201911244","US","3019018309","",""
"1730805763","3623 William Penn Hwy","","Monroeville","PA","151462123","US","7247553020","",""
"1659190387","4805 Golden Foothill Pkwy","","El Dorado Hills","CA","957629651","US","5306442412","",""
"1053887695","3860 E Interstate Highway 10","","San Antonio","TX","782204063","US","2106445020","","2107026922"
"1053887695","903 W Martin St # MS 49-2","","San Antonio","TX","782070903","US","2103583441","",""
"1053887695","9142 Sahara Woods","","Universal City","TX","781484627","US","2108277760","",""
"1750371399","1455 Main St Ste 100","","Windsor","CO","805505559","US","9706863950","","9706863960"
"1235847344","5917 Crosstown Expy","","Corpus Christi","TX","784173504","US","3618540811","113","3618065040"
"1235847344","5323 Harry Hines Blvd","","Dallas","TX","753909090","US","3619604432","",""
"1538763743","2795 W Lincoln Ave Ste D","","Anaheim","CA","928016334","US","7142298553","",""
"1487726949","5966 Bond St","","Cumming","GA","300400205","US","7708879936","",""
"1134291388","226 S Woods Mill Rd Ste 58W","","Chesterfield","MO","630173664","US","3148782888","","3145768187"
"1134291388","5551 Winghaven Blvd Ste 270","","O Fallon","MO","633683629","US","6366857745","","3145768167"
"1417613266","59 Glenn Rd NW","","Alexandria","MN","563084007","US","3202197644","",""
"1417613266","9201 Old Cedar Ave S","","Bloomington","MN","554252401","US","9528541800","",""
"1417613266","108 Doctors Park","","Saint Cloud","MN","563031207","US","3207743915","",""
"1417613266","19437 Evans St NW","","Elk River","MN","553301074","US","7635153532","",""
"1417613266","109 Doctors Park","","Saint Cloud","MN","563031207","US","3207741908","",""
"1417613266","7938 College Rd","","Baxter","MN","564258636","US","2182702918","",""
"1235202482","1351 N ZARAGOZA RD","BLDG O, STE 1","EL PASO","TX","799367902","US","9153038977","","9157799988"
"1194360826","102 Westlake Dr Ste 105","","West Lake Hills","TX","787469818","US","5128137272","",""
"1730554742","2930 Wellington Cir","","Tallahassee","FL","323096890","US","8508778174","",""
"1811402209","700 E Marshall Ave","","Longview","TX","756015580","US","9033152000","",""
"1811402209","707 E Marshall Ave","","Longview","TX","756015545","US","9033154880","",""
"1568326270","5165 McCarty Ln","","Lafayette","IN","479058764","US","7658387511","",""
"1265853949","268 Stillwater Ave","","Bangor","ME","044013945","US","2079736100","",""
"1952061202","22722 29th Dr SE Ste 100","","Bothell","WA","980214420","US","7256663717","","7253025174"
"1972669414","2521 13th St Ste F","","Saint Cloud","FL","347694103","US","4079004885","",""
"1053883140","927 Broadway St","","Quincy","IL","623012719","US","2172146230","","2172145854"
"1396101341","315 S College Rd Ste 287","","Lafayette","LA","705033212","US","3374464707","","3374464715"
"1346229531","403 1st St SE","","Belmond","IA","504211201","US","6414443500","","6414445688"
"1346229531","840 W US Highway 18","","Garner","IA","504381023","US","6419251500","","6419251507"
"1346229531","215 13th Ave SW","","Clarion","IA","505252078","US","8444744321","","5155322523"
"1346229531","1924 Superior St","","Webster City","IA","505953146","US","8444744321","","5158321114"
"1750033072","701 Beville Rd","","South Daytona","FL","321191823","US","3863130053","",""
"1467507897","1925 E Dakota Ave","","Fresno","CA","937264821","US","5596009180","",""
"1811452055","516 W Esther St","","Long Beach","CA","908131529","US","5625377475","","3104962013"
"1841054525","220 Hartford Ave","","Des Moines","IA","503151355","US","2027902340","",""
"1770628596","640 Alden St","","Meadville","PA","163352348","US","8143735255","","8143735259"
"1265407209","676 N Michigan Ave","Suite 3120","Chicago","IL","606112883","US","3127802301","","3127802304"
"1033915848","120 N Oak St","","Hinsdale","IL","605213829","US","6308566782","","6308565703"
"1437124583","75 Francis St","","Boston","MA","021156110","US","6177325500","",""
"1174279483","801 S Milwaukee Ave","","Libertyville","IL","600483204","US","8479905350","",""
"1346046836","2727 W Holcombe Blvd","","Houston","TX","770251669","US","7134420000","",""
"1356107551","3611 Jaguar Pkwy","","San Antonio","TX","782243271","US","7262369560","","2107026896"
"1356107551","9140 Guilbeau Rd","","San Antonio","TX","782503080","US","2105205183","",""
"1356107551","7235 Littlefoot Ln","","San Antonio","TX","782534268","US","2107120786","",""
"1356107551","903 W Martin St","","San Antonio","TX","782070903","US","2103583441","","2103585944"
"1124443288","500 W Medical Center Blvd","","Webster","TX","775984220","US","2813322511","",""
"1083313811","1300 114th Ave SE Ste 101","","Bellevue","WA","980046928","US","8447668717","",""
"1649126400","1200 E 42nd St","","Indianapolis","IN","462052004","US","3174268601","",""
"1922248772","1500 E Sherman Blvd","","Muskegon","MI","494441849","US","2316723027","",""
"1922248772","6401 Prairie St Ste 1700","","Norton Shores","MI","494447843","US","2316727944","",""
"1922248772","1675 Leahy St Ste 301A","","Muskegon","MI","494425543","US","6166853098","",""
"1922248772","1675 Leahy St Ste 401A","","Muskegon","MI","494425547","US","2316724243","",""
"1922248772","1675 Leahy St Ste 301A","","Muskegon","MI","494425543","US","2316728300","",""
"1386590149","3220 E Pueblo Ave","","Mesa","AZ","852044099","US","4804721707","",""
"1194671958","2937 Veneman Ave Ste A100","","Modesto","CA","953560639","US","2096489661","","2095660150"
"1639025497","2400 Carolina Rd","","Chesapeake","VA","233221428","US","7576555566","",""
"1841146602","2895 Hiawatha St","","Columbus","OH","432244020","US","6145516198","",""
"1568318335","1032 Boll Weevil Cir Ste E-G","","Enterprise","AL","363301381","US","3344752006","","3344752021"
"1871293779","12550 Hesperia Rd","","Victorville","CA","923955873","US","7603817703","","7603817703"
"1871293779","18310  CA-18 W","","Apple Valley","CA","92307","US","7609616555","",""
"1629519392","1200 S Detroit Ave","","Toledo","OH","436145903","US","4192137509","",""
"1396493607","2323 McCue Rd Apt 2307","","Houston","TX","770564693","US","7133679473","",""
"1386104677","1720 S Beckham Ave Ste 104","","Tyler","TX","757014437","US","9035972002","",""
"1386104677","800 E Dawson St","","Tyler","TX","757012036","US","9035938441","",""
"1386104677","1441 N Beckley Ave","","Dallas","TX","752031201","US","2145426620","",""
"1831892207","3520 E Shields Ave Ste 102","","Fresno","CA","937266923","US","5595381230","",""
"1831892207","3147 N Millbrook Ave","","Fresno","CA","937031425","US","5594531008","",""
"1831892207","3133B N Millbrook Ave","","Fresno","CA","937031425","US","5594531008","",""
"1831892207","3127 N Millbrook Ave","","Fresno","CA","937031425","US","5594531008","",""
"1558480731","550 S Palos Verdes St Apt 559","","San Pedro","CA","907315122","US","8186344783","",""
"1881089670","375 Wampanoag Trl","","Riverside","RI","029152232","US","4016494070","","4016494071"
"1881089670","455 Toll Gate Rd","","Warwick","RI","028862759","US","4012730641","",""
"1881156628","4405 N Holland Sylvania Rd","","Toledo","OH","436233529","US","4198472720","",""
"1033230404","5165 McCarty Ln","","Lafayette","IN","479058764","US","7654488000","",""
"1033230404","Vanderbilt Medical Ctr","1301 Medical Center Drive, 4648 TVC","Nashville","TN","372325614","US","6153439419","","6159366493"
"1124260385","1324 Woodland Dr Ste A","","Elizabethtown","KY","427012651","US","2707655921","","2709823324"
"1013037993","7145 N Chestnut Ave Ste 101","","Fresno","CA","937200359","US","5596037270","",""
"1902501521","901 Water St","","Meadville","PA","163353434","US","8143335711","","8143335712"
"1174849517","225 Cabrillo Hwy S Ste 200A","","Half Moon Bay","CA","940197210","US","6507266369","","6507264963"
"1750607388","629 N Sandusky Ave","","Bucyrus","OH","448201821","US","4195624677","",""
"1750607388","269 Portland Way S","","Galion","OH","448332312","US","4194684841","",""
"1750607388","715 Richland Mall","","Ontario","OH","449063802","US","5673077557","",""
"1750607388","5100 W Broad St","","Columbus","OH","432281607","US","6145442089","",""
"1033851266","1125 N Church St","","Greensboro","NC","274011007","US","3368328035","",""
"1184914293","5255 E Stop 11 Rd Ste 400","","Indianapolis","IN","462376341","US","3175286640","","3175286650"
"1902469000","622 W 168th St Ste 1-301","","New York","NY","100323720","US","2123054928","",""
"1528649183","1008 Minnequa Ave","","Pueblo","CO","810043733","US","8002284039","",""
"1245456532","22 Astral St","","Warwick","RI","028885006","US","4017324666","",""
"1245456532","224 Buttonwoods Ave","","Warwick","RI","028867541","US","4019212391","",""
"1215425145","704 E Wonsley Dr Ste 100","","Austin","TX","787536562","US","5124537356","",""
"1740247956","2425 Garden Way Ste 102","","Hermitage","PA","161485215","US","7249811777","","7243422879"
"1427316058","1707 W Charleston Blvd Ste 270","","Las Vegas","NV","891022326","US","7026715060","","7026715198"
"1326250226","12605 E 16th Ave","","Aurora","CO","800452545","US","7208480000","",""
"1396004768","1219 Gusdorf Rd Ste A","","Taos","NM","875716499","US","5757580009","","5757588736"
"1861442071","1048 Union St","","Bangor","ME","044013016","US","2079922152","",""
"1083025027","North Shore University Hospital","300 Community Drive","Manhasset","NY","11030","US","5165624970","",""
"1083025027","1 Gustave L Levy Pl","Mount Sinai Hospital","New York","NY","100296504","US","2122419061","",""
"1013407147","11 Circle Ave","","Lynn","MA","019053050","US","7813469941","",""
"1013407147","814 Elm St Ste 313","","Manchester","NH","031012130","US","6033210084","",""
"1659538197","5904 Holly Ave NE","","Albuquerque","NM","871132472","US","5052982505","","5052982985"
"1881631489","55 Lake Ave N","UMass Memorial Medical Center","Worcester","MA","016550002","US","5083343452","",""
"1598990996","1400 N Ritter Ave Ste 230","","Indianapolis","IN","462193046","US","3173552960","","3173552969"
"1003858978","701 S Zarzamora St","","San Antonio","TX","782075209","US","2103587717","","2103587555"
"1003858978","4502 Medical Dr","","San Antonio","TX","782294402","US","2103584000","","2103584775"
"1003858978","8300 Floyd Curl Dr","","San Antonio","TX","782293931","US","2106449300","","2104509300"
"1003858978","9522 Huebner Rd","","San Antonio","TX","782401548","US","2104785400","","2107839730"
"1003858978","903 W Martin St","","San Antonio","TX","782070903","US","2013583400","","2103586777"
"1558985895","1125 S Ball St Ste 105","","Grapevine","TX","760514038","US","8177226156","","8177226159"
"1023056744","3587 Henry St Ste 200","","Norton Shores","MI","494416732","US","2316726700","","2316726749"
"1023056744","1675 Leahy St Ste 301A","","Muskegon","MI","494425543","US","2317285000","","2317285041"
"1023056744","6401 Prairie St Ste 2800","","Norton Shores","MI","494447841","US","2317247848","","2317247850"
"1023056744","2006 Holton Rd","","Muskegon","MI","494451505","US","2316723333","","2316726520"
"1023056744","1150 E Sherman Blvd Ste 1175","","Muskegon","MI","494441885","US","2316726740","","2316726749"
"1023056744","3443 Farr Rd","","Fruitport","MI","494158779","US","2316722900","","2316722901"
"1023056744","1310 Wisconsin St Ste 301","","Grand Haven","MI","494172472","US","6168471860","","6168444527"
"1023056744","1310 Wisconsin St Ste 100","","Grand Haven","MI","494172472","US","6168444701","","6168471863"
"1023056744","1223 Mercy Dr","","Muskegon","MI","494441829","US","2316723177","","2316723178"
"1023056744","221 S Quarterline Rd","","Muskegon","MI","494421432","US","2316727180","","2316727181"
"1023056744","6401 Prairie St Ste 2600","","Norton Shores","MI","494447842","US","2317277900","","2317277914"
"1023056744","15151 Stanton St","","West Olive","MI","494608543","US","6162961020","","6162961030"
"1023056744","1778 Sanford St","","Muskegon","MI","494412537","US","2317274444","","2317274451"
"1023056744","601 W Savidge St","","Spring Lake","MI","494561620","US","2316723100","","2316723102"
"1023056744","1150 E Sherman Blvd Ste 1100","","Muskegon","MI","494444607","US","2316722203","","2316722992"
"1023056744","1675 Leahy St Ste 201A","","Muskegon","MI","494425542","US","2316727800","","2316727801"
"1023056744","6207 Harvey St Ste A","","Norton Shores","MI","494447861","US","2316722230","","2316722231"
"1023056744","3535 Park St Ste 110","","Norton Shores","MI","494443795","US","2316723155","","2316723157"
"1023056744","1909 Ruddiman Dr","","Muskegon","MI","494453147","US","2316727466","","2317449027"
"1023056744","1310 Wisconsin St Ste 103","","Grand Haven","MI","494172472","US","6168462640","","6168463100"
"1538572896","1454 S County Trl","","East Greenwich","RI","028181749","US","4016494050","","4016494051"
"1932301330","164 Summit Ave","","Providence","RI","029062853","US","4017932928","","4017937401"
"1932301330","101 Dudley Street","Infectious Disease","Providence","RI","02905","US","4014537950","",""
"1528682481","2440 Texas Pkwy Ste 370B","","Missouri City","TX","774894000","US","8327101156","",""
"1629010384","6401 Prairie St Ste 2300","","Norton Shores","MI","494447842","US","2317277928","","2317277844"
"1629010384","1500 E Sherman Blvd","","Muskegon","MI","494441849","US","2316723883","",""
"1629010384","1310 Wisconsin St Ste 200","","Grand Haven","MI","494172472","US","6168444790","","6168444794"
"1629363486","650 Howe Ave Ste 600","","Sacramento","CA","958254797","US","9169537571","","9167718515"
"1649206889","1720 E Melrose Ave","","Findlay","OH","458404413","US","5672507100","",""
"1831629872","200 Waymont Court #126","# 2","Lake Mary","FL","32746","US","4074171605","",""
"1952961070","14781 Wolfe Rd","","New Freedom","PA","173499571","US","7173261880","",""
"1952961070","36 Robinhood Dr","","Etters","PA","173199528","US","7173887300","",""
"1447600432","408 N 1st St Ste C","","Glenwood","AR","719439252","US","8703567404","",""
"1477935807","7700 Washington Village Dr Ste 120","","Centerville","OH","454594071","US","9374254144","","9374254146"
"1477935807","475 Seaview Avenue","","Staten Island","NY","10305","US","7182269000","",""
"1477935807","5841 S Maryland Ave # Mc4076","","Chicago","IL","606371443","US","7737951824","","7737022182"
"1588185623","1396 W Herndon Ave","","Fresno","CA","937117126","US","5593411001","11001",""
"1588185623","1410 F St","","Fresno","CA","937061608","US","5593411001","11001",""
"1912577099","1102 Poplar Pl","","Rogers","AR","727564249","US","4793726464","","4793726460"
"1912577099","1108 Poplar Pl","","Rogers","AR","727564249","US","4793726464","","4793726460"
"1538680343","200 Industrial Blvd","","Dublin","GA","310212981","US","4782752000","",""
"1619176021","1611 W Harrison St","Ste 400","Chicago","IL","606123841","US","3122434244","","3129421517"
"1164312476","4094 4th Ave","","San Diego","CA","921032143","US","6195152545","",""
"1841216256","1180 Smith St","","Providence","RI","029082034","US","4013318873","","4013319144"
"1750308300","5005 Signal Bell Ln Ste 206","","Clarksville","MD","210292608","US","4105315639","",""
"1750694675","3710 SW US Veterans Hospital Rd","","Portland","OR","972392964","US","5032208262","",""
"1124042700","1560 E Sherman Blvd Ste 309","","Muskegon","MI","494441850","US","2316728643","",""
"1124042700","1277 Mercy Dr","","Muskegon","MI","494444605","US","2316726186","2",""
"1124042700","1212 E Sherman Blvd","","Muskegon","MI","494441879","US","2316723648","",""
"1770007056","1125 S Ball St Ste 105","","Grapevine","TX","760514038","US","8177226156","","8177226159"
"1598776296","111 N 17th St","","Mount Vernon","WA","982733440","US","3608738356","",""
"1598776296","2801 Commercial Ave Unit 1","","Anacortes","WA","982212700","US","3604667458","",""
"1336573393","1212 E Sherman Blvd","","Muskegon","MI","494441879","US","2316723500","","2316726199"
"1235018656","8202 Glencarin Blvd Ste 300","","Fort Wayne","IN","468045783","US","2604848551","","2604825060"
"1235018656","11136 Parkview Circle Dr","","Fort Wayne","IN","468451730","US","2604848551","","2604825060"
"1972597151","871 Venetia Bay Blvd","","Venice","FL","342858047","US","8716220013","",""
"1972597151","2106 Woodruff Rd","","Greenville","SC","296076944","US","8888521988","",""
"1972597151","5850 US Highway 431 Ste 34","","Albertville","AL","359502083","US","2568785811","",""
"1972597151","715 S Pear Orchard Rd","","Ridgeland","MS","391574807","US","2054343087","",""
"1972597151","2100 Riveredge Pkwy Ste 400","","Atlanta","GA","303284663","US","8778423210","",""
"1033211685","21634 Retreat Pkwy","","Corona","CA","928836100","US","9516836370","",""
"1902353980","2700 Old Rosebud Rd Ste 330","","Lexington","KY","405098630","US","8595231776","","8597887150"
"1588441190","1015 S Governors Ave","","Dover","DE","199046901","US","3027304800","",""
"1891243317","806 Tuuri Pl","","Flint","MI","485032465","US","8107675750","","8102377567"
"1205662384","13875 W 115th Ter","","Olathe","KS","660627937","US","8003810822","",""
"1225547219","9180 Pinecroft Dr Ste 500","","Shenandoah","TX","773803883","US","7138975900","",""
"1225547219","27700 Northwest Fwy Ste 360","","Cypress","TX","774338028","US","7138975900","",""
"1225547219","20203 Bridgeland Creek Pkwy Ste 200","","Cypress","TX","774330812","US","2819552650","","2819555875"
"1225547219","10425 Huffmeister Rd Ste 320","","Houston","TX","770653429","US","2819552650","","2819555875"
"1225547219","601 Rockmead Dr Ste 100","","Kingwood","TX","773392107","US","2819552650","","2819555875"
"1184715328","4303 W Broad St","","Richmond","VA","232303305","US","8048194200","",""
"1184715328","1700 Front St","","Richmond","VA","232224098","US","8048194000","",""
"1184715328","12224 Parker Ln","","Chester","VA","238315014","US","8048198700","",""
"1184715328","2825 Rady St","","Richmond","VA","232224097","US","8048194000","",""
"1609473503","740 Peoria St","","Aurora","CO","800118231","US","7205317111","","7206433317"
"1861099467","279 E 44th St Apt 15C","","New York","NY","100174353","US","6468532445","",""
"1598953093","11001 River Run Blvd Ste 102","","Bakersfield","CA","933118981","US","2134237200","",""
"1598953093","1127 Wilshire Blvd Ste 1620","","Los Angeles","CA","900174007","US","2134237200","",""
"1760792352","6064 S Fort Apache Rd Ste 100","","Las Vegas","NV","891485350","US","7029408007","","7028321940"
"1174165971","300 Flatbush Ave","","Brooklyn","NY","112172812","US","7186222000","",""
"1568283687","525 Plaza Dr Ste 200","","Santa Maria","CA","934546954","US","8055445567","",""
"1922519867","1550 Oakbridge Dr","","Powhatan","VA","231398063","US","8453277111","","8458759420"
"1972323590","851 E 5th St Ste 320","","Washington","MO","630903130","US","6362391633","","6363908633"
"1548570062","6401 Prairie St Ste 2100","","Norton Shores","MI","494447842","US","2316727939","","2317277935"
"1043815426","4864 Jackson St","","Monroe","LA","712026400","US","3183307000","",""
"1295247492","12012 Boyette Rd","","Riverview","FL","335695631","US","8136053950","",""
"1295988350","1542 Tulane Ave","Room 734","New Orleans","LA","701122865","US","7139060750","",""
"1164187258","7300 Eldorado Pkwy Ste 270","","McKinney","TX","750703590","US","4697125481","",""
"1881418127","3500 18th St NE","","Washington","DC","200182738","US","2025296510","",""
"1942967856","1200 Pecan St SE","","Washington","DC","200322652","US","7714446200","",""
"1821496696","1125 S BALL ST","STE 105","GRAPEVINE","TX","760514038","US","8177226156","","8177226159"
"1992669873","3430 Worthington Blvd Ste 205","","Urbana","MD","217047019","US","3019331547","","3017324878"
"1992669873","810 Gleneagles Ct Ste 204","","Towson","MD","212862236","US","4433513376","","4102965463"
"1558178939","301 New Bridge Rd","","Bergenfield","NJ","076214038","US","9737679883","","9734358627"
"1699582007","3135 Highland Rd Ste A","","Hermitage","PA","161484511","US","7243464180","",""
"1326686361","5761 S Fort Apache Rd","","Las Vegas","NV","891485506","US","7023416610","",""
"1073478087","7500 Greenway Center Dr Ste 1300","","Greenbelt","MD","207703575","US","3015859595","",""
"1346227212","2160 S First Ave","101 1740 Loyola University Medical Center","Maywood","IL","60153","US","7082169000","","7082169033"
"1649787359","11335 Ssg Sims St","","Fort Bliss","TX","79918","US","9157421321","",""
"1356329163","702 S Ridgewood Ave","","Daytona Beach","FL","321145332","US","8005394228","",""
"1356329163","1880 San Sebastian Vw Ste 4201","","St Augustine","FL","320848684","US","8005394228","",""
"1356329163","301 Justice Ln","","Bunnell","FL","321104487","US","8005394228","",""
"1356329163","330 Kay Larkin Dr","","Palatka","FL","321772307","US","8005394228","",""
"1356329163","225 Fentress Blvd Ste A","","Daytona Beach","FL","321141203","US","8005394228","",""
"1760531198","15425 Los Gatos Blvd Ste And120","","Los Gatos","CA","950322553","US","4083543920","","4083405700"
"1760531198","365 Hawthorne Ave Ste 301","","Oakland","CA","946093113","US","5108931700","",""
"1760531198","319 Diablo Rd","","Danville","CA","945263428","US","9253140260","",""
"1760531198","350 30th St Ste 311","","Oakland","CA","946093425","US","5104650941","",""
"1760531198","2577 Samaritan Dr Ste 845","","San Jose","CA","951244110","US","4083588507","",""
"1760531198","2900 Whipple Ave Ste 145","","Redwood City","CA","940622844","US","6503680520","",""
"1760531198","15400 National Ave Ste 95032","","Los Gatos","CA","950322433","US","4083588444","",""
"1760531198","2557 Mowry Ave Ste 34","","Fremont","CA","945381614","US","5107945320","",""
"1760531198","100 A San Pablo Towne Center","","San Pablo","CA","94806","US","5104521345","",""
"1760531198","2101 Forest Ave Ste 124","","San Jose","CA","951281424","US","4088863856","",""
"1760531198","825 Pollard Rd Ste 108","","Los Gatos","CA","950321435","US","4083703774","",""
"1760531198","2305 Camino Ramon Ste 200","","San Ramon","CA","945831316","US","9252420647","",""
"1760531198","2500 Hospital Dr Ste 4A","","Mountain View","CA","940404110","US","6509401006","",""
"1760531198","5725 W Las Positas Blvd Ste 100","","Pleasanton","CA","945884007","US","9257348130","",""
"1760531198","5601 Norris Canyon Rd Ste 300","","San Ramon","CA","945832180","US","9258309293","",""
"1760531198","5201 Norris Canyon Rd Ste 220","","San Ramon","CA","945835405","US","9252771900","",""
"1760531198","20126 Stanton Ave Ste 100","","Castro Valley","CA","945465270","US","5105373556","",""
"1760531198","365 Hawthorne Ave Ste 201","","Oakland","CA","946093114","US","5104521345","",""
"1760531198","388 9th St Ste 250","","Oakland","CA","946074294","US","5102710133","",""
"1760531198","798 S Winchester Blvd","","San Jose","CA","951282928","US","4089847226","",""
"1760531198","14777 Los Gatos Blvd Fl 2","","Los Gatos","CA","950322059","US","8889241036","",""
"1760531198","2222 East St Ste 260","","Concord","CA","945202074","US","9256950030","",""
"1760531198","5575 W Las Positas Blvd Ste 130","","Pleasanton","CA","945885800","US","9254630590","",""
"1760531198","5565 W Las Positas Blvd Ste 260","","Pleasanton","CA","945885807","US","9254165470","",""
"1760531198","700 W Parr Ave Ste A","","Los Gatos","CA","950321416","US","4088661135","",""
"1760531198","4456 Black Ave Ste 100","","Pleasanton","CA","945666147","US","9254628100","",""
"1760531198","2623 Shadelands Dr Ste 1","","Walnut Creek","CA","945982512","US","9259338462","",""
"1760531198","5575 W Las Positas Blvd Ste 330","","Pleasanton","CA","945885804","US","9257349294","",""
"1760531198","911 Moraga Rd Ste 201","","Lafayette","CA","945494500","US","9252843040","",""
"1760531198","3100 Telegraph Ave Ste 2102","","Oakland","CA","946093210","US","5102868160","",""
"1760531198","20126 Stanton Ave Ste 201","","Castro Valley","CA","945465270","US","5105812559","",""
"1760531198","3000 Colby St Ste 206","","Berkeley","CA","947052058","US","5108931700","",""
"1760531198","5575 W Las Positas Blvd Ste 210","","Pleasanton","CA","945885802","US","9254165430","",""
"1760531198","106 La Casa Via Ste 140","","Walnut Creek","CA","945983084","US","9252742860","",""
"1760531198","14251 Winchester Blvd Ste 200","","Los Gatos","CA","950321811","US","4084265540","",""
"1760531198","50 E Hamilton Ave Ste 120","","Campbell","CA","950080251","US","4083571410","",""
"1760531198","455 OConnor Dr Ste 210","","San Jose","CA","951281632","US","4089955453","",""
"1760531198","2204 Grant Rd Ste 203","","Mountain View","CA","940403877","US","6504505120","",""
"1760531198","1133 E Stanley Blvd Ste 101","","Livermore","CA","945504270","US","9254544280","",""
"1760531198","3100 Telegraph Ave Ste 2109","","Oakland","CA","946093210","US","5106459900","",""
"1760531198","1133 E Stanley Blvd Ste 203","","Livermore","CA","945504246","US","9253734129","",""
"1760531198","2204 Grant Rd Ste 203","","Mountain View","CA","940403877","US","6509640060","","5109401335"
"1760531198","2410 Samaritan Dr Ste 201","","San Jose","CA","951243909","US","4083719010","",""
"1760531198","321 Middlefield Rd Ste 260","","Menlo Park","CA","940254010","US","6504986500","",""
"1760531198","1300 Crane St","","Menlo Park","CA","940254260","US","6504986500","",""
"1760531198","1133 E Stanley Blvd Ste 205","","Livermore","CA","945504246","US","9253734129","",""
"1760531198","1133 E Stanley Blvd Ste 207","","Livermore","CA","945504246","US","9254546390","",""
"1760531198","27212 Calaroga Ave","","Hayward","CA","945454339","US","5107855000","",""
"1760531198","4725 1st St Ste 100","","Pleasanton","CA","945667366","US","9254627060","",""
"1760531198","5725 W Las Positas Blvd Ste And110","","Pleasanton","CA","945884054","US","9254166767","",""
"1760531198","5565 W Las Positas Blvd Ste 200","","Pleasanton","CA","945885806","US","9254165460","",""
"1760531198","15151 National Ave","","Los Gatos","CA","950322627","US","4083560431","",""
"1760531198","6475 Camden Ave Ste 105","","San Jose","CA","951202847","US","4089979155","",""
"1386623262","1221 S Gear Ave","","West Burlington","IA","526551679","US","3197683628","",""
"1689096752","12850 E Montview Blvd","","Aurora","CO","800452605","US","3037240532","",""
"1689096752","12605 E 16th Ave","","Aurora","CO","800452545","US","3127302501","",""
"1942359591","2320 E 93rd St","","Chicago","IL","606173983","US","7739672000","",""
"1700475795","650 W Taylor St","","Vandalia","IL","624711227","US","6182835531","",""
"1700475795","400 Maple Summit Rd","","Jerseyville","IL","620522028","US","6184986402","","6184988153"
"1700475795","8643 Fruit Rd","","Edwardsville","IL","620256521","US","6184099700","",""
"1700475795","1201 Ricker Rd","","Salem","IL","628814263","US","6185483194","",""
"1992516330","110 110th Ave NE Ste 110","","Bellevue","WA","980045840","US","4256282072","",""
"1508917261","149 North St","","Waterville","ME","049014974","US","2078721800","","2078721049"
"1508917261","46 Fairview Ave","","Skowhegan","ME","049761481","US","2074745121","",""
"1508917261","910 W 5th Ave Ste 900","","Spokane","WA","992042948","US","5098382531","",""
"1528038130","252 S 4th St Fl 2","","Lebanon","PA","170426111","US","7172703751","",""
"1528038130","108 Court House South Dennis Rd","","Cape May Court House","NJ","082101971","US","6099265000","","6069262020"
"1528038130","310 Chris Gaupp Dr Ste 100A","","Galloway","NJ","082054461","US","6099265000","","6099262020"
"1528038130","179 N Reading Rd","","Ephrata","PA","175221647","US","7177380167","",""
"1740251230","1000 Medical Center Blvd","","Lawrenceville","GA","300467694","US","6783121000","","6783123282"
"1740251230","10350 E Dakota Ave","","Denver","CO","802471314","US","3033384545","",""
"1508364860","5133 N Central Ave Ste 100","","Phoenix","AZ","850121438","US","4806160356","",""
"1508364860","5925 W Chandler Blvd","","Chandler","AZ","852263422","US","4806160356","",""
"1437124021","300 N Graham St Ste 125","","Portland","OR","972271683","US","5034133714","",""
"1437124021","1000 N Oak Ave","","Marshfield","WI","544495703","US","7153875511","",""
"1386101608","75 Sylvania Dr","","Dayton","OH","454403237","US","9373205050","","9373205060"
"1386101608","3551 Roger Brooke Dr","","Jbsa Ft Sam Houston","TX","782344504","US","2102925077","",""
"1083569529","700 Childrens Dr","","Columbus","OH","432052664","US","6147222000","",""
"1104772987","9400 S Cicero Ave","","Oak Lawn","IL","604532536","US","7733473145","","2242413132"
"1104772987","5960 N Milwaukee Ave","","Chicago","IL","606465424","US","7733473145","","2242413132"
"1104772987","2450 Westfield Dr","","Elgin","IL","601247836","US","7733473145","","2242413132"
"1104772987","2749 Grand Ave","","Waukegan","IL","600852406","US","7733473145","","2242413132"
"1104772987","6202 W Montrose Ave","","Chicago","IL","606341556","US","7733473145","","2242413132"
"1104772987","2701 W Peterson Ave","","Chicago","IL","606593919","US","7733473145","","2242413132"
"1104772987","15 Crystal Lake Rd","","Lake In The Hills","IL","601561206","US","7733473145","","2242413132"
"1104772987","5310 W Cermak Rd","","Cicero","IL","608042816","US","7733473145","","2242413132"
"1104772987","2100 S. Morgan St.","Suite C101","Chicago","IL","60608","US","7733473145","","2242413132"
"1104772987","301 S Prospect Rd Ste 2","","Bloomington","IL","617044908","US","7733473145","","2242413132"
"1104772987","140 S River St Ste 102104","","Aurora","IL","605066077","US","7733473145","","2242413132"
"1104772987","707 E 47th St","","Chicago","IL","606534201","US","7733473145","","2242413132"
"1104772987","814 N Franklin St","","Chicago","IL","606103813","US","7733473145","","2242413132"
"1104772987","3033 W Jefferson St","","Joliet","IL","604355261","US","7733473145","","2242413132"
"1104772987","3139 W 111th St","","Chicago","IL","606552205","US","7733473145","","2242413132"
"1104772987","14701 S La Grange Rd Fl 2","","Orland Park","IL","604623226","US","7733473145","","2242413132"
"1104772987","1823 S Neil St","","Champaign","IL","618207272","US","7733473145","","2242413132"
"1104772987","4145 W Armitage Ave","","Chicago","IL","606393644","US","7733473145","","2242413132"
"1881086544","1000 Medical Center Blvd","","Lawrenceville","GA","300467694","US","6783121000","","6783123282"
"1356297121","506 Prospect St","","Fall River","MA","027205239","US","5089737888","",""
"1811843691","1950 Doctors Park Dr","","Columbus","IN","472032375","US","8123736103","",""
"1164378949","2460 Burton St SE Ste 301","","Grand Rapids","MI","495464800","US","5175075892","",""
"1679429450","139 Centre St Ste 814","","New York","NY","100134558","US","2129661288","",""
"1790631588","300 2nd Ave","","Long Branch","NJ","077406395","US","7322225200","",""
"1790631588","911 E County Line Rd Ste 201","","Lakewood","NJ","087012069","US","7323679299","",""
"1043778954","501 Smyth Road., Room LM13","","Ottawa","Ontario","K1H 8L6","CA","6137378899","70241",""
"1891370409","3031 Fair Ridge Way","","Conway","SC","295262366","US","8436874803","",""
"1073754321","530 S Jackson St","","Louisville","KY","402021675","US","5028525851","",""
"1073754321","920 Stanton L Young Blvd","","Oklahoma City","OK","731045036","US","4052715251","",""
"1477255040","32813 Middlebelt Rd Ste G","","Farmington Hills","MI","483341702","US","2485745222","",""
"1932735040","41700 Gardenbrook Rd Ste 110","","Novi","MI","483751320","US","7345319328","",""
"1902290448","2330 Post St Ste 219","","San Francisco","CA","941153465","US","4153532002","",""
"1043770985","5250 Competition Dr Ste 100","","Bettendorf","IA","527228837","US","5633220971","","5633240615"
"1801357793","1 Baylor Plz","","Houston","TX","770303411","US","8184567942","",""
"1427808856","3611 Jaguar Pkwy","","San Antonio","TX","782243271","US","7262369560","","2107026896"
"1427808856","4647 Medical Dr","","San Antonio","TX","782294403","US","2103588145","","2103588536"
"1427808856","903 W Martin St","","San Antonio","TX","782070903","US","2103583441","","2103585944"
"1427808856","3860 E Interstate Highway 10","","San Antonio","TX","782204063","US","2106445060","","2107026926"
"1184374571","17 Davis Blvd Ste 308","","Tampa","FL","336063438","US","8139742201","",""
"1982136800","903 Drew St Apt 524","","Brooklyn","NY","112085166","US","9294442335","",""
"1639675416","50 E Hospital St Ste 2","","Manning","SC","291023149","US","8034330797","",""
"1639675416","706 N 8th Ave","","Dillon","SC","295362540","US","8438413825","",""
"1639675416","101 E Wood St","","Spartanburg","SC","293033040","US","8645606000","",""
"1538691019","3015 E Skelly Dr","Suite 103","Tulsa","OK","741056317","US","9187120859","457","9183889708"
"1518464361","9850 Emmett F Lowry Expy Ste C103","","Texas City","TX","775912000","US","4099382234","","4099382200"
"1518464361","4700 Broadway St Ste 100","","Galveston","TX","775514241","US","4099382234","","4099382200"
"1306069596","10 Cross St","","Newport","RI","028402510","US","6177806476","",""
"1053053033","15852 Gale Ave","","Hacienda Heights","CA","917451601","US","8552237123","","6193747134"
"1053053033","17462 Colima Rd","","Rowland Heights","CA","917481633","US","8552237123","",""
"1316528078","1275 N High St","","Hillsboro","OH","451338273","US","9373936100","","6142932809"
"1316528078","475 Seaview Ave","","Staten Island","NY","103053436","US","7182262000","",""
"1164665410","1200 S Detroit Ave","","Toledo","OH","436145903","US","4192137525","",""
"1194570705","305 Estill St","","Berea","KY","404031742","US","8599851415","",""
"1265229595","125 S Division St","","Powell","WY","824352409","US","3077547970","","3073330470"
"1265229595","507 N Clark St","","Powell","WY","824351915","US","3077547970","","3073330470"
"1144965583","5151 Mochel Dr","","Downers Grove","IL","605155076","US","6306531000","",""
"1316682560","127 North St","","Batavia","NY","140201631","US","5853436030","","5853447464"
"1316682560","2 Coulter Rd","","Clifton Springs","NY","144321122","US","3154621911","","3154621927"
"1316682560","750 E Adams St","","Syracuse","NY","132102306","US","3154644363","",""
"1316682560","1425 Portland Ave","","Rochester","NY","146213011","US","5859222000","","5859222951"
"1316682560","1555 Long Pond Rd","","Rochester","NY","146264164","US","5857237070","","5857237045"
"1003293473","811 W John St","","Yorkville","IL","605609249","US","6305539100","8055","6305530167"
"1033774559","250 Centerville Rd Bldg E","","Warwick","RI","028864400","US","4016494060","","4016494061"
"1063948826","840 Tuck St","","Lebanon","PA","170427477","US","7176752545","",""
"1437537917","245 Chapman St Ste 300","","Providence","RI","029054539","US","4016494050","","4016494051"
"1437537917","1454 S County Trl","","East Greenwich","RI","028181749","US","4016494050","","4016494051"
"1225077852","593 Eddy St","","Providence","RI","029034923","US","4014447793","","4014448179"
"1144223082","1407 Spring St","Ste 1","Jeffersonville","IN","471303748","US","8122824844","","8122826248"
"1972899698","26137 La Paz Rd Ste 230","","Mission Viejo","CA","92691","US","9495958610","",""
"1972899698","131 W Midway Dr","","Anaheim","CA","928056507","US","7145177107","",""
"1972899698","23461 S Pointe Dr Ste 115","","Laguna Hills","CA","926531523","US","9498551556","","9499512871"
"1295962868","79 Retreat Ave","","Hartford","CT","061062527","US","8609722791","",""
"1629755228","702 S Kings Ave","","Brandon","FL","335115925","US","8136511818","",""
"1306871215","2800 E Rock Haven Rd","","Harrisonville","MO","647014411","US","8164613708","","9132270566"
"1831106749","1490 E Beltline Ave SE","","Grand Rapids","MI","495064336","US","6163018000","",""
"1053983767","790 N Highway 67 St","","Florissant","MO","630315108","US","3149721442","","3149721533"
"1265745848","2000 S Thompson St","","Flagstaff","AZ","860018759","US","9282266400","","9282266410"
"1265745848","3400 Ministry Pkwy","","Weston","WI","544765220","US","7153931000","",""
"1528346830","254 Easton Avenue","","New Brunswick","NJ","08901","US","7327458600","",""
"1528346830","115 N Sumter St Ste 315","","Sumter","SC","291504967","US","8037749787","","8037749781"
"1699657031","1200 S Detroit Ave","","Toledo","OH","436145903","US","4192592000","","7348453234"
"1598771917","550 Silver Bluff Rd Ste 600-700","","Aiken","SC","298036021","US","8032263655","",""
"1104072214","19 Friendship St Unit 340","","Newport","RI","028402200","US","4018451644","",""
"1104072214","14 3rd St","","Providence","RI","029062738","US","4017937272","",""
"1104072214","593 Eddy St","","Providence","RI","029034923","US","4014445493","","4014448179"
"1104072214","180 Corliss St Ste E2","","Providence","RI","029042602","US","4017932928","",""
"1104072214","164 Summit Ave","","Providence","RI","029062853","US","4017932500","",""
"1104072214","19 Friendship St Ste 150-160","","Newport","RI","028402272","US","4018453800","",""
"1104072214","11 Friendship St","","Newport","RI","028402209","US","4018451652","",""
"1104072214","180 Corliss St Ste E1","","Providence","RI","029042602","US","4017932928","",""
"1104072214","50 Memorial Blvd","","Newport","RI","028403636","US","4016064510","",""
"1932655412","25963 Camino Rosada","","Moreno Valley","CA","925516343","US","9512514406","",""
"1962879643","103 Myron St Ste A","","West Springfield","MA","010891485","US","4134747819","",""
"1962879643","30 Northampton St","","Boston","MA","021184010","US","6174339601","",""
"1093694671","4371 Lynx Paw Trl","","Valrico","FL","335967426","US","8136572100","","8133542422"
"1881363760","7319 W State St","","Garden City","ID","837146051","US","2088712936","","2082318595"
"1881363760","5875 E Franklin Rd","","Nampa","ID","836875450","US","2088712936","","2082318595"
"1518064302","9500 Euclid Ave","","Cleveland","OH","441950001","US","2164442200","",""
"1780159806","2670 S White Rd Ste 200","","San Jose","CA","951482073","US","4089371553","",""
"1780159806","650 S Indian Hill Blvd","","Claremont","CA","917115444","US","9096263581","",""
"1780159806","239 W 9th St","","Upland","CA","917865979","US","9093404276","",""
"1780159806","800 E Lugonia Ave Ste F","","Redlands","CA","923742550","US","6262428170","",""
"1104151869","3800 Packard St Ste 100","","Ann Arbor","MI","481082073","US","7348455902","",""
"1609947274","3651 Wheeler Rd","","Augusta","GA","309096521","US","7066513232","",""
"1609947274","811 13th St","","Augusta","GA","309012700","US","7067379250","109","7067330697"
"1366426165","10350 E Dakota Ave","","Denver","CO","802471314","US","3033384545","",""
"1609349380","3651 Wheeler Rd","","Augusta","GA","309096521","US","7066513232","",""
"1710575410","105 N 1st St","","Augusta","AR","720062307","US","8707311063","","8707311064"
"1710575410","403 E 1st St","","Dixon","IL","610213116","US","8152855638","","8152855850"
"1710575410","1700 Education Ave","","Punta Gorda","FL","339506222","US","9416398300","",""
"1629782909","2501 Kentucky Ave","","Paducah","KY","420033813","US","2705272180","",""
"1457498693","11750 SW 40th St","","Miami","FL","331753530","US","3052233000","",""
"1588427587","568 W Garvey Ave","","Monterey Park","CA","917542704","US","6262820288","",""
"1184215352","23330 US 59 Ste 300","","Kingwood","TX","77339","US","2818241497","","2817270701"
"1184215352","120 Flag Lake Dr","","Lake Jackson","TX","775666292","US","2818241480","",""
"1184215352","2552 E Broadway","Suite 102","Pearland","TX","775814904","US","2813409355","","2817270701"
"1184215352","1111 Highway 6 Ste 40","","Sugar Land","TX","774784917","US","2818241497","","2817270701"
"1184215352","4005 Technology Rd Ste 1190","","Angleton","TX","775152562","US","2818241480","",""
"1184215352","9430 Broadway St Ste 120","","Pearland","TX","775848075","US","2818241497","","2817270701"
"1053126649","7114 Brighton Park Dr Ste 310","","Mint Hill","NC","282277816","US","7046440807","",""
"1598463242","501 Darby Creek Rd Ste 39A","","Lexington","KY","405091671","US","6067766185","",""
"1598463242","503 Darby Creek Rd Ste C","","Lexington","KY","405091603","US","6067766185","",""
"1386590172","900 W Milwaukee St","","Jefferson","WI","535491440","US","9206751200","",""
"1922954734","14645 SW Farmington Rd","","Beaverton","OR","970072797","US","5036438626","",""
"1376341941","1110 Brickell Ave Ste 400","","Miami","FL","331313135","US","6143249099","",""
"1144529066","5000 Schertz Pkwy Ste 400","","Schertz","TX","781541457","US","2108295180","","2108295030"
"1144529066","1763 Medical Way Ste B","","New Braunfels","TX","781325415","US","2108295180","",""
"1144529066","3326 Oakwell Court","","SAN ANTONIO","TX","78218","US","2108295180","","2108295030"
"1144529066","8019 S New Braunfels Ste 120","","San Antonio","TX","782351069","US","2108295180","",""
"1144529066","21727 I-10 W","2nd Floor, Suite 202","San Antonio","TX","78257","US","2108295180","","2108295030"
"1144529066","3551 Roger Brooke Dr","","San Antonio","TX","782344504","US","4434818687","","4434818687"
"1144529066","3349 S Highway 181 Ste 13A","","Kenedy","TX","781195247","US","2108295180","",""
"1477138238","8900 Van Wyck Expy","","Richmond Hill","NY","114182897","US","7182066000","",""
"1487113452","3326 Oakwell Court","","SAN ANTONIO","TX","78218","US","2108295180","","2108295030"
"1487113452","8019 S New Braunfels Ste 120","","San Antonio","TX","782351069","US","2108295180","","2108295030"
"1487113452","21727 Ih 10 W Fl 2","","San Antonio","TX","782572106","US","2108295180","","2108295030"
"1487113452","3349 S Highway 181 Ste 13A","","Kenedy","TX","781195247","US","2108295180","","2108295030"
"1487113452","5000 Schertz Pkwy Ste 400","","Schertz","TX","781541457","US","2108295180","","2108295030"
"1487113452","1763 Medical Way","","New Braunfels","TX","781325414","US","2108295180","","2108295030"
"1629604087","1430 North Hwy","","Jackson","MN","561431093","US","5078472200","","5078473728"
"1629604087","900 Hilligoss Blvd SE","","Fosston","MN","565421599","US","2184351212","",""
"1467412627","140 Park Ave","","Florham Park","NJ","079321049","US","9734049780","",""
"1467412627","231 Washington St","","Hoboken","NJ","070307221","US","2017541006","",""
"1003200684","5255 Loughboro Rd NW # Nlw","","Washington","DC","200162633","US","2025374000","","2025374588"
"1437809951","265 S Anita Dr Ste 102-104","","Orange","CA","928683355","US","7144103500","","7144103526"
"1699460956","1800 Orleans St","","Baltimore","MD","212870010","US","4105022037","","4109550737"
"1598150070","1320 W Main St","","Newark","OH","430551822","US","7403484710","",""
"1457714925","405 W Country Club Rd","","Roswell","NM","882015209","US","5756228170","",""
"1417708959","7305 Morro Rd Ste 205","","Atascadero","CA","934224445","US","8052030712","",""
"1851754139","410 2nd St","","Marietta","OH","457502115","US","7403743622","","7403744209"
"1851754139","807 Farson St Ste 202","","Belpre","OH","457141069","US","7404233223","","7404010435"
"1902485238","11750 Bird Rd","","Miami","FL","331753530","US","3052232000","6720","3052275556"
"1902485238","1451 El Camino Real","","The Villages","FL","321590041","US","3527518000","",""
"1902485238","17021 US Highway 441","","Mount Dora","FL","327576734","US","3527207999","",""
"1902485238","3800 Meggison Rd","","The Villages","FL","321633028","US","3526437555","",""
"1902485238","45 W 111th St","","Chicago","IL","606284200","US","7739953000","",""
"1902485238","600 E Dixie Ave","","Leesburg","FL","347485925","US","3523235467","",""
"1902485238","1600 SW Archer Rd","","Gainesville","FL","326103530","US","3522655911","","3522658018"
"1033642871","400 W Mineral King Ave","","Visalia","CA","932916237","US","5596242000","",""
"1982284998","66 W Flagler St Ste 900","","Miami","FL","331301807","US","6466879932","",""
"1275068520","4205 W Figarden Dr","","Fresno","CA","937226051","US","5592211680","","5592214336"
"1275068520","1396 W Herndon Ave","","Fresno","CA","937117126","US","5592560100","",""
"1275068520","1410 F St","","Fresno","CA","937061608","US","5592560100","",""
"1467896142","9500 Euclid Ave","","Cleveland","OH","441951716","US","2164442200","",""
"1003470469","1740 W Taylor St","","Chicago","IL","606127232","US","8666002273","",""
"1124719315","2705 E 17th St","","Ammon","ID","834066601","US","2083467500","",""
"1841407301","1010 S Federal Hwy Ste 1010","","Delray Beach","FL","334835132","US","5616556622","","5614315884"
"1184071169","8005 W Florissant Ave","Ste L","Jennings","MO","631361452","US","3148331000","","3148331001"
"1942041892","868 S Washington St","","Morristown","IN","461619633","US","7657636012","",""
"1942041892","1701 McDowell Rd","","Evansville","IN","477125431","US","8129859955","",""
"1942041892","1667 Sheridan Rd","","Noblesville","IN","460628723","US","3177703400","",""
"1942041892","1667 Sheridan Rd","","Noblesville","IN","460628723","US","3177703400","",""
"1942041892","937 Fry Rd","","Greenwood","IN","461421820","US","3178813535","",""
"1942041892","621 S Sugar St","","Brownstown","IN","472202066","US","8123582504","",""
"1942041892","1250 W 146th St","","Westfield","IN","460749870","US","3178445050","",""
"1942041892","1925 Reeves Rd","","Plainfield","IN","461685501","US","3178387070","",""
"1942041892","118 Medical Dr","","Carmel","IN","460323323","US","3178444211","",""
"1942041892","205 Marine Dr","","Anderson","IN","460165937","US","7656494558","",""
"1942041892","300 Jh Walker Dr","","Pendleton","IN","460648730","US","7657787501","",""
"1942041892","625 E Water St","","Pendleton","IN","460648551","US","7657782384","",""
"1942041892","1380 E County Line Rd","","Indianapolis","IN","462270962","US","3178557050","",""
"1942041892","3701 Hodgin Rd","","Richmond","IN","473747443","US","7659393701","",""
"1942041892","3154 S State Road 135","","Greenwood","IN","461439609","US","3175353344","",""
"1942041892","55 Willow St","","Nashville","IN","474487013","US","8129886666","",""
"1942041892","11851 Cumberland Rd","","Fishers","IN","460378273","US","3178134444","",""
"1942041892","1111 Church Ave","","Jasper","IN","475463761","US","8126347750","",""
"1942041892","559 W Longest St","","Paoli","IN","474549670","US","8127232595","",""
"1942041892","725 N Bell Trace Cir","","Bloomington","IN","474084408","US","8123232858","",""
"1942041892","326 Country Club Dr","","New Albany","IN","471504618","US","8129481311","",""
"1447788609","840 N Oak Ave","","Ruleville","MS","387713227","US","6627564024","",""
"1922537547","2006 Health Campus Dr","","Rockingham","VA","228018679","US","5405406891","",""
"1942659578","1945 Route 33","","Neotune","NJ","07753","US","7328972770","","7328973970"
"1992693246","28480 Bobtown Rd","","Melfa","VA","234103508","US","7574140400","",""
"1992693246","20330 Warrior Dr","","Onley","VA","234183060","US","7574140400","",""
"1992693246","24501 Parksley Rd","","Parksley","VA","234212519","US","7574140400","",""
"1992693246","24023 Fairview Rd","","Cape Charles","VA","233102153","US","7574140400","",""
"1992693246","4208 Seaside Rd","","Exmore","VA","233502575","US","7574140400","",""
"1992693246","17068 Lankford Highway","","Eastville","VA","23347","US","7574140400","",""
"1992693246","5219 Lankford Hwy","","New Church","VA","234153332","US","7574140400","",""
"1922457894","3555 S Val Vista Dr","","Gilbert","AZ","852977323","US","4809093870","","4807289616"
"1962922674","520 Valley View Dr","","Moline","IL","612656152","US","3097623621","",""
"1326303454","5252 W University Dr","","McKinney","TX","750717822","US","4697646950","",""
"1639332893","1000 N Oak Ave","","Marshfield","WI","544495703","US","7153875511","",""
"1639332893","350 S 40th St","","Muskogee","OK","744014915","US","9186830753","","9186835677"
"1639332893","1611 NW 12th Ave","","Miami","FL","331361005","US","3052436164","",""
"1326202870","205 E HWY 80","Suite 155","Forney","TX","75126","US","9725620190","","9725623647"
"1104479104","21727 Ih 10 W Ste 202","","San Antonio","TX","782572107","US","2108295180","","2108295030"
"1104479104","5000 Schertz Pkwy Ste 400","","Schertz","TX","781541457","US","2108295180","","2108295030"
"1104479104","1763 Medical Way Ste B","","New Braunfels","TX","781325415","US","2108295180","","2108295030"
"1104479104","8019 S New Braunfels Ste 120","","San Antonio","TX","782351069","US","2108295180","",""
"1104479104","3349 S Highway 181 Ste 13A","","Kenedy","TX","781195247","US","2108295180","","2108295030"
"1104479104","3326 Oakwell Court","","San Antonio","TX","78218","US","2108295180","","2108295030"
"1841182672","1580 S Milwaukee Ave Ste 105","","Libertyville","IL","600483770","US","8476684295","",""
"1730563792","2105 E South Blvd","","Montgomery","AL","361162409","US","3342882100","",""
"1730563792","400 Taylor Rd","","Montgomery","AL","361173511","US","3342778330","",""
"1730563792","101 Dudley St","","Providence","RI","02905","US","4012741122","",""
"1194178699","593 Eddy St","Claverick 2","Providence","RI","029034923","US","4014445451","","4014442922"
"1063677383","411 E Chestnut St # Street6","","Louisville","KY","402021713","US","5025883650","","5025887852"
"1164978821","6600 Van Aalst Blvd","Martin Army Community Hospital","Fort Benning","GA","31905","US","7065442563","",""
"1932118551","301 E Meeting St Ste 102","","Morganton","NC","286553598","US","8284373000","","8284374999"
"1932118551","1550 Hendersonville Rd Ste 104&106","","Asheville","NC","288033187","US","8284373000","","8284374999"
"1932118551","5623 US 221 S","","Marion","NC","287527028","US","8284373000","","8284374999"
"1932118551","1512 W Main St Ste 101","","Forest City","NC","280432580","US","8284373000","","8284374999"
"1932118551","925 Thomas St Ste B and Ste C","","Statesville","NC","286773484","US","8284373000","","8284374999"
"1932118551","2533 Airport Rd","","Marion","NC","287524590","US","8284373000","",""
"1932118551","785 US Highway 70 SW Ste 300","","Hickory","NC","286025096","US","8284373000","",""
"1932118551","617 S Green St Ste 102","","Morganton","NC","286553693","US","8284373000","",""
"1649550518","1227 E Rusholme St","","Davenport","IA","528032459","US","5634217681","",""
"1629743315","1227 E Rusholme St","","Davenport","IA","528032459","US","5634211000","",""
"1285627323","800 Ravenhill Dr","","Atchison","KS","660029204","US","9133672131","",""
"1285627323","417 S East St","","Corydon","IA","500601860","US","6418722063","",""
"1811203292","1500 SW 10th Ave","","Topeka","KS","666041301","US","7853546000","",""
"1770317224","900 Peeler St","","Kalamazoo","MI","490082300","US","2693458618","",""
"1215121694","5900 N Lotz Rd","","Canton","MI","481874331","US","7343944500","",""
"1306127808","1001 Willow Creek Rd Ste 2200","","Prescott","AZ","863011614","US","9284456025","","9287783026"
"1306127808","7700 E Florentine Rd Ste 206","","Prescott Valley","AZ","863142245","US","9284428117","","9287728947"
"1306127808","1501 N Campbell Ave","","Tucson","AZ","857240001","US","5206948888","",""
"1306127808","2800 E Ajo Way","","Tucson","AZ","857136204","US","5206948888","",""
"1306127808","4729 E Camp Lowell Dr","","Tucson","AZ","857121256","US","5208383540","","5203253526"
"1760763270","6101 Northwest Blvd","","Davenport","IA","528061861","US","5633220971","",""
"1760763270","1 Kish Hospital Dr","","Dekalb","IL","601159602","US","8157561521","",""
"1841803608","1410 F St Ste 101","","Fresno","CA","937061608","US","5592560100","",""
"1841803608","1396 W Herndon Ave","","Fresno","CA","937117126","US","5592560100","",""
"1922729102","3860 E Interstate Highway 10","","San Antonio","TX","782204063","US","2106445060","","2107026926"
"1922729102","4647 Medical Dr","","San Antonio","TX","782294403","US","2103585510","","2103588536"
"1922729102","3611 Jaguar Pkwy","","San Antonio","TX","782243271","US","7262369560","","2107026896"
"1972798049","9515 Holy Cross Ln Ste 2","","Breese","IL","622303618","US","6189001070","",""
"1972798049","400 Maple Summit Rd","","Jerseyville","IL","620522028","US","1864988472","","6184988461"
"1972798049","650 W Taylor St","","Vandalia","IL","624711227","US","6182835531","",""
"1255053609","829 Fieldcrest Rd","","Cambridge","MD","216139423","US","4102288101","",""
"1881178333","111 E 57th St","","New York","NY","100222009","US","2126330627","","2126330627"
"1962710103","6210 Brandt Pike Ste 102","","Huber Heights","OH","454244019","US","9372368630","",""
"1962710103","9150 N Main St Ste 100","","Englewood","OH","454151123","US","9377713039","",""
"1346067964","28 Penn St","","Providence","RI","029091002","US","7132484164","",""
"1699225821","2900 N Lake Shore Dr","","Chicago","IL","606575640","US","7736653000","53616","7736653294"
"1952183709","559 W Longest St","","Paoli","IN","474549670","US","8127232595","",""
"1952183709","118 Medical Dr","","Carmel","IN","460323323","US","3178444211","",""
"1952183709","725 N Bell Trace Cir","","Bloomington","IN","474084408","US","8123232858","",""
"1952183709","11851 Cumberland Rd","","Fishers","IN","460378273","US","3178134444","",""
"1952183709","55 Willow St","","Nashville","IN","474487013","US","8129886666","",""
"1952183709","300 Jh Walker Dr","","Pendleton","IN","460648730","US","7657887501","",""
"1952183709","868 S Washington St","","Morristown","IN","461619633","US","7657636012","",""
"1952183709","1111 Church Ave","","Jasper","IN","475463761","US","8126347750","",""
"1952183709","3154 S State Road 135","","Greenwood","IN","461439609","US","3175353344","",""
"1952183709","3701 Hodgin Rd","","Richmond","IN","473747443","US","7659393701","",""
"1952183709","1380 E County Line Rd","","Indianapolis","IN","462270962","US","3178557050","",""
"1952183709","326 Country Club Dr","","New Albany","IN","471504618","US","8129481311","",""
"1952183709","1925 Reeves Rd","","Plainfield","IN","461685501","US","3178387070","",""
"1952183709","205 Marine Dr","","Anderson","IN","460165937","US","7656494558","",""
"1952183709","625 E Water St","","Pendleton","IN","460648551","US","7657787501","",""
"1952183709","1701 McDowell Rd","","Evansville","IN","477125431","US","8129859955","",""
"1952183709","621 S Sugar St","","Brownstown","IN","472202066","US","8123582504","",""
"1952183709","1250 W 146th St","","Westfield","IN","460749870","US","3178445050","",""
"1952183709","937 Fry Rd","","Greenwood","IN","461421820","US","3178813535","",""
"1952183709","1667 Sheridan Rd","","Noblesville","IN","460628723","US","3177703400","",""
"1952183709","1667 Sheridan Rd","","Noblesville","IN","460628723","US","3177703400","",""
"1982009320","PO Box 133","","Veneta","OR","974870133","US","5416278172","",""
"1053289306","1730 Rhode Island Ave NW Ste 712","","Washington","DC","200363115","US","2027233000","",""
"1902628126","546 Walnut Grove Dr","","Jarratt","VA","238678611","US","8043061790","",""
"1205470572","3600 San Jeronimo Dr","","Anchorage","AK","995082870","US","9077933600","",""
"1174288369","1415 W 22nd St","","Oak Brook","IL","605232074","US","2173520200","","2176071139"
"1619221090","7288 Hanover Green Dr","","Mechanicsville","VA","231111709","US","8557728847","",""
"1083772800","115 Private Road 997","","Pedro","OH","45659","US","7405341386","5537","7405341516"
"1083772800","336 29th St Ste 203","","Ashland","KY","411011932","US","6062258200","","8886067354"
"1295444818","975 Rostraver Rd","","Rostraver Township","PA","150121946","US","1866389272","",""
"1083371728","700 W Ironwood Dr Ste 320","","Coeur D Alene","ID","838144485","US","2086255250","","2086255251"
"1578427381","1110 Brickell Ave Ste 400","","Miami","FL","331313135","US","6143249099","",""
"1811583339","2010 Crow Canyon Pl Ste 100","","San Ramon","CA","945831344","US","8558326727","",""
"1659434710","7150 Clearvista Drive","","Indianapolis","IN","46256","US","3176215890","",""
"1659434710","1000 N 16th St","","New Castle","IN","473624319","US","7655993177","","7655993176"
"1073058400","1742 Oregon St","","Redding","CA","960011717","US","5302267419","1103",""
"1609855576","55 Fruit St","","Boston","MA","021142621","US","8664931612","",""
"1639719297","1910 John Ralston Rd Ste 200","","Houston","TX","770135531","US","7136738684","","8558958185"
"1801350640","2 Penn Ctr W Bldg 2","","Pittsburgh","PA","152760102","US","8783021136","","8782019749"
"1215436225","110 S Cherry St # 300","","Olathe","KS","660613436","US","9133031991","","8339734741"
"1275239642","3100 Lord Baltimore Dr Ste 110","","Windsor Mill","MD","212445804","US","4433792739","",""
"1679011878","680 E Colorado Blvd Ste 180&2nd","","Pasadena","CA","911016143","US","6469417645","",""
"1679011878","5201 Great America Pkwy Ste 320","","Santa Clara","CA","950541140","US","3232057088","",""
"1689914277","14330 Culver Dr","","Irvine","CA","926040303","US","8663892727","",""
"1689914277","511 N Hollywood Way","","Burbank","CA","915053406","US","8663892727","",""
"1689914277","2562 W Pioneer Pkwy","","Dwg","TX","760135902","US","6823388050","","8774093876"
"1689914277","1420 N Cooper St Ste 109","","Arlington","TX","760118530","US","8175874470","",""
"1689914277","2760 Fletcher Pkwy","","El Cajon","CA","920202110","US","8663892727","",""
"1689914277","12280 Lake Underhill Rd","","Orlando","FL","328255009","US","8663892727","",""
"1922074780","8890 N Union Blvd Ste 170","","Colorado Springs","CO","809202701","US","7193645005","","7193659911"
"1922074780","2405 Research Pkwy","Suite 140","Colorado Springs","CO","809201044","US","7195221133","","7192682811"
"1922074780","4404 Barranca Ln Ste 101","","Castle Rock","CO","801047419","US","7207335270","","7207335271"
"1922074780","2405 Research Pkwy","Suite 140","Colorado Springs","CO","809201044","US","7195221133","","7192682811"
"1720932999","8508 Loch Raven Blvd","","Towson","MD","212862354","US","4438950794","",""
"1376499087","2703 E. Florida St.","","Greensboro","NC","27401","US","3363708170","",""
"1891641601","23502 Lyons Ave Ste 304A","","Santa Clarita","CA","913212538","US","6617020166","",""
"1538015243","700 W Kent Ave","","Missoula","MT","598016772","US","4065413937","","4065413811"
"1922866904","2722 Philadelphia Pike","","Claymont","DE","197032568","US","3026556187","",""
"1922866904","120 Town Center Blvd","","Sewell","NJ","080802258","US","8564070600","",""
"1326017500","3860 E Interstate Highway 10","","San Antonio","TX","782204063","US","2106445000","","2107026926"
"1528300555","1460 G St","","Springfield","OR","974774112","US","8168009020","",""
"1528300555","3188 Bellevue Ave","","Cincinnati","OH","452192369","US","5135853200","",""
"1902665177","8901 Wisconsin Ave","","Bethesda","MD","208890004","US","3012954900","",""
"1053653949","8019 S New Braunfels Ste 120","","San Antonio","TX","782351069","US","2108295180","","2108295030"
"1053653949","21727 Ih 10 W Ste 202","","San Antonio","TX","782572107","US","2108295180","","2108295030"
"1053653949","3349 S Highway 181 Ste 6","","Kenedy","TX","781195247","US","2108295180","","2108295030"
"1053653949","5000 Schertz Pkwy Ste 400","","Schertz","TX","781541457","US","2108295180","","2108295030"
"1053653949","3326 Oakwell Court","","SAN ANTONIO","TX","78218","US","2108295180","","2108295030"
"1053653949","1763 Medical Way Ste B","","New Braunfels","TX","781325415","US","2108295180","","2108295030"
"1598467987","2360 S Linden Rd","","Flint","MI","485325483","US","7348453041","",""
"1194577239","2019 Hughes Dr","Jobst Tower, 6th Floor","Toledo","OH","43606","US","4192917222","",""
"1932859949","3555 W 13 Mile Rd Ste Ll-20","","Royal Oak","MI","480736710","US","2482882280","","2483190170"
"1326380544","6565 E Carondelet Dr Ste 235","","Tucson","AZ","857103533","US","5203671050","",""
"1326380544","6165 W Emerald St","","Boise","ID","837048613","US","2083023900","","2083023955"
"1326380544","3715 E Overland Rd Ste 120","","Meridian","ID","836428301","US","2087890220","","2087890047"
"1588367544","520 Valley View Dr","","Moline","IL","612656152","US","3097623621","",""
"1942838768","1101 N National Rd","","Columbus","IN","472015586","US","8009991249","",""
"1942838768","10730 E US Highway 36","","Avon","IN","461237982","US","8009991249","22378","8556567325"
"1942838768","485 S Landmark Ave","","Bloomington","IN","474035005","US","8009991249","",""
"1679150122","5323 Harry Hines Blvd Stop 7200","","Dallas","TX","753907200","US","2146483433","",""
"1902338742","5880 S Hospital Dr","","Globe","AZ","855019447","US","3033901940","",""
"1902338742","1900 Sunrise Dr","","Saint Peter","MN","560825376","US","3033901940","",""
"1902338742","267 N Canyon Dr","","Gooding","ID","833305500","US","2089344433","",""
"1902338742","301 Tyson Ave","","Paris","TN","382424544","US","7316421220","",""
"1902338742","2525 DeSales Ave","","Chattanooga","TN","374041102","US","4234952525","",""
"1902338742","317 Western Blvd","","Jacksonville","NC","285466338","US","1057723609","","8645607353"
"1902338742","1650 4th St SE","","Rochester","MN","559044717","US","3033901940","",""
"1902338742","333 E 2nd St","","Richland Center","WI","535811914","US","6086476321","",""
"1386176030","5201 Raymond St","","Orlando","FL","328038208","US","4076465520","",""
"1669001574","8635 W 3rd St Ste 255","","Los Angeles","CA","900486113","US","3106598863","",""
"1669001574","1629 W Avenue J Ste 104","","Lancaster","CA","935342850","US","6619450701","",""
"1912792672","157 Twin Oaks Dr","","Raceland","LA","703942761","US","9855376823","","9855375519"
"1194780114","16839 Park Place St","","Eagle River","AK","995777819","US","9076943303","","9076944773"
"1053166272","2904 Lindbridge Dr","","Fayetteville","NC","283067500","US","1076462229","",""
"1265097869","201 Cedar St SE Ste 7600","","Albuquerque","NM","87106","US","5055632500","","5055632599"
"1003226440","18626 Hardy Oak Blvd Ste 300","","San Antonio","TX","782584228","US","2106146432","","2102934171"
"1003226440","6704 Guada Coma Dr","","Schertz","TX","781543247","US","2106146432","","2102934171"
"1962848366","104 Rex Kerwin Ct","","Pflugerville","TX","786602630","US","5129788130","",""
"1962848366","7600 Beechnut St","","Houston","TX","770744302","US","7134565686","",""
"1962848366","9801 S 1st St","","Austin","TX","787486760","US","5129788130","",""
"1346533528","601 E Rollins St","","Orlando","FL","328031248","US","4079750406","","4079750407"
"1346533528","303 N Clyde Morris Blvd","","Daytona Beach","FL","321142709","US","3862264542","","3864257705"
"1346533528","201 N Clyde Morris Blvd Ste 200","","Daytona Beach","FL","32114","US","3864254165","","3864257545"
"1346533528","225 E 7th St","","Apopka","FL","327035327","US","4079058827","","4078864282"
"1346533528","310 E Walnut St","","Garden City","KS","678465572","US","6202759752","","6202754306"
"1023065422","2810 W Charleston Blvd","Suite 48","Las Vegas","NV","891021905","US","7023437610","","7024921728"
"1295773232","10455 Pomerado Rd","","San Diego","CA","92131","US","8583442668","","7602623026"
"1376036707","900 S Caton Ave","","Baltimore","MD","212295299","US","6672346000","",""
"1447811740","527 Rigby Lake Dr Ste C","","Rigby","ID","834425117","US","2085226335","","2085220550"
"1447936398","777 Lake Zurich Rd Ste 110F","","Barrington","IL","600103122","US","6302090923","",""
"1104088939","421 N 9th St","","Springfield","IL","627025317","US","2177576868","","2177576867"
"1104088939","1000 Johnson Ferry Rd","","Atlanta","GA","303421606","US","4048518000","","4043033759"
"1104088939","611 E Douglas Rd Ste 305","","Mishawaka","IN","465451467","US","5743356450","",""
"1104088939","10400 75th St","","Kenosha","WI","531427884","US","2629487815","",""
"1104088939","3700 Washington Ave","","Evansville","IN","477140541","US","8124857040","",""
"1326246059","625 Lincoln Ave","","San Jose","CA","951263785","US","4088713400","",""
"1245918259","13101 Allen Rd","","Southgate","MI","481952216","US","7347857700","",""
"1275370777","1202 Annapolis Rd","","Odenton","MD","211131397","US","2402966035","",""
"1407169865","10 S 1st W Ste B","","Preston","ID","832631244","US","2082320006","","2082338771"
"1578916490","3130 N County Road 25A","","Troy","OH","453731337","US","9374404466","",""
"1578916490","30 E Apple St Ste Nw3300","","Dayton","OH","45409","US","9372088394","","9372088388"
"1578916490","1 Guthrie Sq","6 sumner, internal medicine residency","Sayre","PA","188401625","US","5708874550","",""
"1578916490","2626 S Loop W Ste 265","","Houston","TX","770545636","US","5122344994","",""
"1578916490","1 Medical Center Dr","","Middletown","OH","450052584","US","5137054754","",""
"1578916490","23900 Katy Fwy","","Katy","TX","774941323","US","2816447000","",""
"1578916490","3535 Southern Blvd","","Kettering","OH","454291221","US","9373956665","","9373956668"
"1497162994","2069 Teron Trce","","Dacula","GA","300191665","US","7702373756","",""
"1497162994","1900 Riverside Pkwy","","Lawrenceville","GA","300435925","US","7702373475","",""
"1063085918","2001 N Oregon St","","El Paso","TX","799023320","US","9155776011","",""
"1225059595","3331 Power Inn Rd","Suite 170","Sacramento","CA","958263889","US","9168759980","",""
"1497435812","880 SW 145th Ave Ste 202","","Pembroke Pines","FL","330276171","US","8668490692","",""
"1104507409","950 Broadway Ste 402","","Tacoma","WA","984024454","US","2532359130","",""
"1831103159","910 E Houston St Ste 550","","Tyler","TX","757028366","US","9036068718","",""
"1770591414","1332 S Plano Rd Ste 550","","Richardson","TX","750815925","US","9725870021","","8884984151"
"1073522595","311 W 14th St","","Pueblo","CO","810032705","US","7195957585","","7195957589"
"1982332862","8945 Golf Links Rd","","Oakland","CA","946054124","US","5103171444","",""
"1770266397","7001 Lankford Hwy","","Oak Hall","VA","234162223","US","7578244477","",""
"1336253632","395 W 12th Ave","","Columbus","OH","432101267","US","6142938315","","6142936935"
"1669586988","2238 W Homer Street","","Chicago","IL","60647","US","7733017797","",""
"1932982238","446 Main St","","Plymouth","NH","032644521","US","6035365500","127",""
"1538047212","11047 N 19th Ave","","Phoenix","AZ","850294816","US","6025890500","","6023144552"
"1871326959","1911 Falls Valley Dr Ste 105","","Raleigh","NC","276152496","US","9192494600","",""
"1104936509","725 W Pioneer Pkwy","","Grand Prairie","TX","750514849","US","2148333502","","8884983977"
"1881827814","2510 W Dunlap Ave","Ste 290","Phoenix","AZ","850212737","US","6027890344","","6028707566"
"1043610009","2015 Charlotte St Ste 2","","Bozeman","MT","597182718","US","4065227300","","4065227302"
"1043610009","820 W Platinum St","","Butte","MT","597012218","US","4067824834","","4067824835"
"1811721459","4727 Revere Ave","","Baton Rouge","LA","708083168","US","2259240123","",""
"1811721459","1325 Wright Ave Ste D","","Crowley","LA","705262226","US","3375145181","",""
"1508290263","1200 S Detroit Ave","","Toledo","OH","436145903","US","4192137670","",""
"1154849529","6510 Folsom Dr","","Beaumont","TX","77706","US","4098326545","",""
"1154849529","6510 Folsom Dr","","Beaumont","TX","777067274","US","4098326545","",""
"1154849529","6510 Folsom Dr","","Beaumont","TX","77706","US","4098326545","",""
"1154849529","8555 Memorial Blvd Ste 100","","Port Arthur","TX","776407001","US","4094038296","","8337490331"
"1033692850","10 Alice Peck Day Dr","","Lebanon","NH","037662900","US","6034483121","","6034425131"
"1215541255","4610 X St","","Sacramento","CA","958172200","US","9168161799","",""
"1497156566","6975 S Union Park Ctr Ste 600","","Cottonwood Heights","UT","840474187","US","8887318994","",""
"1497156566","111 N Orange Ave Ste 800","","Orlando","FL","328012381","US","8887318994","",""
"1497156566","325 N Saint Paul St Ste 3100","","Dallas","TX","752013923","US","8887318994","",""
"1497156566","999 18th St Ste 3000","","Denver","CO","802022449","US","8887318994","",""
"1881471704","11750 SW 40th St","","Miami","FL","331753530","US","3052233000","",""
"1952409203","3349 S Highway 181 Ste 13A","","Kenedy","TX","781195247","US","2108295180","",""
"1952409203","8019 S New Braunfels Ste 120","","San Antonio","TX","782351069","US","2108295180","",""
"1952409203","5000 Schertz Pkwy Ste 400","","Schertz","TX","781541457","US","2108295180","","2108295030"
"1952409203","3326 Oakwell Court","","SAN ANTONIO","TX","78218","US","2108295180","","2108295030"
"1952409203","3320 Oakwell Court","","San Antonio","TX","78218","US","2108295180","","2108295030"
"1952409203","21727 Ih 10 W Fl 2","","San Antonio","TX","782572106","US","2108295180","",""
"1760581532","2810 W Charleston Blvd","Suite 48","Las Vegas","NV","891021921","US","7023437610","","7025629221"
"1518956499","1457 W Southern Ave","Suite 26","Mesa","AZ","852024813","US","4803747354","","8772580464"
"1518956499","4700 Jefferson St NE Ste 800","","Albuquerque","NM","871092132","US","5058504808","",""
"1518956499","5343 S Woodrow St Ste 100","","Murray","UT","841075885","US","8013969157","",""
"1518956499","4001 E Baseline Rd Ste 107","","Gilbert","AZ","852342744","US","4803747354","",""
"1518956499","1457 W Southern Ave","Suite 26","Mesa","AZ","852024813","US","4803747354","","8772580464"
"1932862208","3320 Oakwell Ct","","San Antonio","TX","782183128","US","2108295180","","2108295030"
"1932862208","3326 Oakwell Court","","SAN ANTONIO","TX","78218","US","2108295180","","2108295030"
"1932862208","5000 Schertz Pkwy Ste 400","","Schertz","TX","781541457","US","2108295180","","2108295030"
"1932862208","8019 S New Braunfels Ste 120","","San Antonio","TX","782351069","US","2108295180","","2108295030"
"1508687872","1763 Medical Way","","New Braunfels","TX","781325414","US","2108295180","","2108295030"
"1508687872","21727 Ih 10 W Fl 2","","San Antonio","TX","782572106","US","2108295180","","2108295030"
"1508687872","3349 S Highway 181 Ste 13A","","Kenedy","TX","781195247","US","2108295180","","2108295030"
"1508687872","8019 S New Braunfels Ste 120","","San Antonio","TX","782351069","US","2108295180","","2108295030"
"1508687872","5000 Schertz Pkwy Ste 400","","Schertz","TX","781541457","US","2108295180","","2108295030"
"1508687872","3326 Oakwell Court","","SAN ANTONIO","TX","78218","US","2108295180","","2108295030"
"1548632730","12900 Garden Grove Blvd Ste 214A","","Garden Grove","CA","928432006","US","7146369095","211",""
"1548632730","12900 Garden Grove Blvd Ste 214A","","Garden Grove","CA","928432006","US","7146369095","211",""
"1548632730","1301 Pine Ave","","Long Beach","CA","908133124","US","5625951159","",""
"1548632730","1666 Precision Park Ln","","San Diego","CA","921731346","US","6196624100","",""
"1568453496","75 Francis St","","Boston","MA","021156110","US","6177325500","",""
"1639942964","690 Dixie Hwy","","Rossford","OH","434601221","US","8004092729","",""
"1629141577","751 Forest Ave Ste 301","","Zanesville","OH","437012875","US","7404554923","","7405866899"
"1629141577","5950 University Ave Ste 341","","West Des Moines","IA","502668289","US","5158759800","",""
"1629141577","1010 Three Springs Blvd Ste 270","","Durango","CO","813018296","US","9707643845","","9707643823"
"1629141577","21822 76th Ave W","","Edmonds","WA","980267900","US","4257757166","",""
"1629141577","1925 Mountain View Ave","","Longmont","CO","805013128","US","7207188305","","7207180955"
"1629141577","4000 Miamisburg Centerville Rd Ste 450","","Miamisburg","OH","453423908","US","9375602011","","9375602012"
"1629141577","775 Pole Line Rd W Ste 301","","Twin Falls","ID","833015823","US","2088148700","",""
"1194293928","3604 Central Ave Ste D","","Hot Springs","AR","719136458","US","5014634074","",""
"1194293928","1701 S Harrison St","","Little Rock","AR","722042752","US","8887108220","",""
"1194293928","605 Buffington Rd","","Westville","OK","749657011","US","9187722879","","9187721233"
"1194293928","124 E Main St","","Hulbert","OK","744418902","US","9187722879","","9187721233"
"1528928041","315 State Ave","","Alamosa","CO","811012637","US","7194808735","",""
"1235292103","777 Lake Zurich Rd Ste 110F","","Barrington","IL","600103122","US","6302090923","",""
"1235292103","PO Box 1192","","Barrington","IL","600111192","US","6304460646","",""
"1619953676","903 W Martin St","","San Antonio","TX","782070903","US","2103583441","","2103585944"
"1831663806","205 Hudson St Fl 9","","New York","NY","100131810","US","6469417645","",""
"1831663806","6539 Anthony Dr Ste A","","Victor","NY","145641441","US","5853988835","","5853987376"
"1831663806","90 Office Park Way","","Pittsford","NY","145341749","US","5853988835","",""
"1588841597","7 Arley Way Ste 101","","Bluffton","SC","299104301","US","8438374440","74400","8438374440"
"1588841597","7 Arley Way Ste 202","","Bluffton","SC","299104302","US","8438374440","74400","8438374440"
"1588841597","11 Arley Way Ste 102","","Bluffton","SC","299104883","US","8438374440","","8438374440"
"1588841597","1813 Richmond Ave Ste 200","","Port Royal","SC","299352014","US","8438374400","","8438374440"
"1588841597","25 Hospital Center Cmns Ste 200","","Hilton Head Island","SC","299262841","US","8438374400","","8438374440"
"1588841597","6470 E Johns Xing Ste 200","","Johns Creek","GA","300971539","US","4702825729","","7706745795"
"1083366603","933 Tracy Ln Ste D","","Clarksville","TN","370406894","US","9314441066","",""
"1356312425","1508 Division St Ste 105","","Oregon City","OR","970451584","US","5036560836","","5036569464"
"1699239913","2801 Marshall Ct","","Madison","WI","537052257","US","8005160975","",""
"1215681556","2677 Forest Hill Blvd Ste 109","","West Palm Beach","FL","334065941","US","5612251488","",""
"1215681457","1154 Lee Blvd Ste 6","","Lehigh Acres","FL","339364852","US","2394912603","",""
"1982236691","8687 N Central Expy Ste 2332","","Dallas","TX","752254572","US","4696580269","",""
"1528100864","1508 Division St Ste 105","","Oregon City","OR","970451584","US","5036560836","","5036569464"
"1922564822","7 Arley Way Ste 202","","Bluffton","SC","299104302","US","8438374400","","8438374440"
"1922564822","7 Arley Way Ste 101","","Bluffton","SC","299104301","US","8438374400","","8438374400"
"1922564822","11 Arley Way Ste 102","","Bluffton","SC","299104883","US","8438374400","","8438374440"
"1922564822","1813 Richmond Ave","","Port Royal","SC","299352014","US","8438374400","","8438374440"
"1922564822","25 Hospital Center Cmns Ste 200","","Hilton Head Island","SC","299262841","US","8438374400","","8438374440"
"1619500667","3519 Richmond Dr","","Fort Collins","CO","805265995","US","9704490951","","9708239004"
"1619500667","1600 Lancer Dr","","Fort Collins","CO","805211609","US","9704884900","","9706383189"
"1619500667","330 E Laurel St","","Fort Collins","CO","805243154","US","9704884900","","9706383189"
"1104770866","3801 N Capital Of Texas Hwy","","Austin","TX","787461416","US","9515313367","",""
"1467046433","1508 Division St Ste 105","","Oregon City","OR","970451584","US","5036560836","","5036569464"
"1932472883","661 Eyster Blvd","","Rockledge","FL","329558119","US","8559126605","","3213219550"
"1942540059","83411 Clear Lake Rd","","Florence","OR","974398324","US","5413055887","",""
"1528767647","4205 W Figarden Dr","","Fresno","CA","937226051","US","5592211680","","5592214336"
"1528767647","1410 F St Ste 101","","Fresno","CA","937061608","US","5592560100","",""
"1528767647","1396 W Herndon Ave","","Fresno","CA","937117126","US","5592560100","",""
"1952257677","Sala Ponce, 388 Calle Luis F","","Ponce","PR","00716","US","7878402575","",""
"1407702129","8486 M 119","","Harbor Springs","MI","497408508","US","2315352822","",""
"1407702129","1342 Baldwin St","","Jenison","MI","494288937","US","2315352822","",""
"1629924352","470 Sweet Briar Rdg","","Linden","MI","484518820","US","8109360079","",""
"1467308106","200 S 9th St","","DE Pere","WI","541151393","US","9203365680","",""
"1780219063","111 Colchester Ave","","Burlington","VT","054011473","US","8028471288","",""
"1780219063","173 Saint Paul St","","Burlington","VT","054014636","US","8664761321","",""
"1033450382","1350 Walton Way","","Augusta","GA","309012612","US","7067229011","",""
"1245039940","495 E Abington Ave","","Philadelphia","PA","191182906","US","3854557170","","8888235887"
"1245039940","2929 W Holcombe Blvd","","Houston","TX","770251534","US","3854557170","","8888235887"
"1245039940","4400 Stone Way N","","Seattle","WA","981037485","US","3854557170","","8888235887"
"1245039940","3128 E Desert Cove Ave","","Phoenix","AZ","850282610","US","3854557170","","8888235887"
"1245039940","251 S Colorado Blvd","","Denver","CO","802461043","US","3854557170","","8888235887"
"1245039940","5939 Roosevelt Blvd","","Jacksonville","FL","322442356","US","3854557170","","8888235887"
"1962643858","278 Main St","","Hamilton City","CA","959519646","US","5308263694","","5308263120"
"1568824100","710 Center St","","Columbus","GA","319011527","US","7065711000","",""
"1568824100","1900 10th Ave","Sutie 100","Columbus","GA","319013600","US","7065711430","",""
"1568824100","921 Gessner Rd Ste 317","","Houston","TX","770242501","US","7132423768","","7139846854"
"1568824100","17500 W Grand Pkwy S","","Sugar Land","TX","774792562","US","2817255026","","2817255089"
"1780115204","1500 Oglethorpe Ave Ste 200C","","Athens","GA","306062165","US","7063893875","","7063893876"
"1669275608","765 Washington St","","Canon City","CO","812128542","US","7196711036","",""
"1386448314","200 1st St SW","","Rochester","MN","559050001","US","5072842511","",""
"1558483636","250 El Camino Real Ste 213","","Tustin","CA","927803656","US","6572159449","",""
"1881273969","100 Covey Dr Ste 209","","Franklin","TN","370675665","US","6156785544","",""
"1881273969","5041 Leann Dr","","Pegram","TN","371432102","US","6153510958","",""
"1326501180","25455 Barton Rd Ste 102B","","Loma Linda","CA","923543139","US","9095582808","","9095585599"
"1710506456","4433 Vestal Pkwy E Fl 2","","Vestal","NY","138503556","US","6077728772","",""
"1386178911","134 Business Park Dr","","Virginia Beach","VA","234626523","US","7574730044","",""
"1386178911","2301 Erwin Rd","","Durham","NC","277054699","US","9196848111","",""
"1386178911","1060 First Colonial Rd","","Virginia Beach","VA","234543002","US","7574730044","",""
"1386178911","830 Kempsville Rd","","Norfolk","VA","235023920","US","7574730044","",""
"1497142087","4725 N Federal Hwy","","Fort Lauderdale","FL","333084668","US","3056321714","",""
"1033739818","4610 S Ulster St Ste 150","","Denver","CO","802374326","US","8888033370","","8888033331"
"1033739818","204 12th St Ste 220","","Des Moines","IA","503094247","US","8888033370","","8888033331"
"1033739818","555 Andover Park W Ste 200","","Tukwila","WA","981883379","US","8888033370","","8888033331"
"1033739818","350 E 400 S # 220","","Salt Lake City","UT","841112993","US","8888033370","","8888033331"
"1033739818","215 Cowboy Way","","Edgewood","NM","870159616","US","8888033370","","8888033331"
"1245974260","201 E Las Cruces Ave Ste 1501","","Las Cruces","NM","880013488","US","8662732451","","8666085560"
"1245974260","2350 W Highway 89A # 1047","","Sedona","AZ","863365344","US","8662732451","","8666085560"
"1245974260","1012 Marquez Pl Unit 106B","","Santa Fe","NM","875051833","US","8662732451","","8666085560"
"1245974260","115 E College Blvd","","Roswell","NM","882015158","US","8662732451","","8666085560"
"1245974260","6565 Americas Pkwy NE Ste 200","","Albuquerque","NM","871108172","US","8662732451","","8666085560"
"1245974260","1224 W 21st St","","Clovis","NM","881014199","US","8662732451","","8666085560"
"1245974260","500 N Hudson St","","Silver City","NM","880615435","US","8662732451","","8666085560"
"1245974260","2301 E 20th St","","Farmington","NM","874018905","US","8662732451","","8666085560"
"1245974260","950 W Aztec Ave","","Gallup","NM","873016666","US","8662732451","","8666085560"
"1245974260","301 N Canyon St","","Carlsbad","NM","882205809","US","8662732451","","8666085560"
"1245974260","201 N 4th St","","Artesia","NM","882102168","US","8662732451","","8666085560"
"1245974260","100 Gossett Dr Ste B","","Aztec","NM","874104529","US","8662732451","","8666085560"
"1245974260","1408 8th St","","Alamogordo","NM","883105115","US","8662732451","","8666085560"
"1245974260","221 N Kansas St Ste 700","","El Paso","TX","799011444","US","8662732451","","8666085560"
"1245974260","2705 S Alma School Rd Ste 2","","Chandler","AZ","852864400","US","8662732451","","8666085560"
"1245974260","21168 E Ocotillo Rd # 1078","","Queen Creek","AZ","851428175","US","8662732451","","8666085560"
"1245974260","809 W. Riordan Rd. Ste 100, PMB 1113","","Flagstaff","AZ","860010810","US","8662732451","","8666085560"
"1245974260","2900 E. Broadway Blvd. Ste 100 #1206","","Tuscon","AZ","857165344","US","8662732451","","8666085560"
"1245974260","186 E Sheldon St # 1119","","Prescott","AZ","863013114","US","8662732451","","8666085560"
"1871948885","3 Erie Ct","Suite L700","Oak Park","IL","603022519","US","7087631222","","7087631471"
"1760431456","101 Avenue Of The Americas Fl 9","","New York","NY","100131905","US","5166789155","",""
"1295027449","6344 S 900 E","","Murray","UT","841212439","US","3854641610","",""
"1295027449","1801 W Taylor St","Suite 3E","Chicago","IL","60612","US","3124137767","",""
"1073003463","326 W 64th St","","Chicago","IL","606213146","US","7739623900","","7734201564"
"1720871932","119 W Torrance Blvd Ste 100","","Redondo Beach","CA","902773600","US","3103743300","","3103743307"
"1053368449","6655 Alvarado Rd","","San Diego","CA","921205208","US","8009268273","","8885398781"
"1053368449","350 Hawthorne Ave","","Oakland","CA","946093108","US","5106554000","","5108698906"
"1053368449","9300 Campus Point Dr","","LA Jolla","CA","920371300","US","8009268273","","8885398781"
"1932893799","111 Michigan Ave NW","","Washington","DC","200102916","US","2024762811","",""
"1215317946","2800 Lincoln St","","Oroville","CA","959665961","US","5305347500","",""
"1609225747","1201 W 12th Ave","","Emporia","KS","668012504","US","6203436800","",""
"1609225747","3251 N Rock Rd","","Derby","KS","670373850","US","3164252400","",""
"1609225747","502 S Buckeye St","","Stafford","KS","675782035","US","6202345221","",""
"1609225747","929 N Saint Francis Ave","","Wichita","KS","672143821","US","3162685000","",""
"1609225747","1010 N Kansas St","","Wichita","KS","672143124","US","3169623070","",""
"1366880486","3355 Riverbend Dr Ste 300","","Springfield","OR","974778800","US","5412228333","",""
"1023677978","3801 N Capital Of Texas Hwy Ste E240","","Austin","TX","787461482","US","9515313367","",""
"1306576574","3175 S Congress Ave Ste 103","","Palm Springs","FL","334612502","US","5617296631","",""
"1629450994","Cleveland Clinic","9500 euclid avenue","Cleveland","OH","441950001","US","3475124692","",""
"1558106708","1410 F St Ste 101","","Fresno","CA","937061608","US","5592560100","",""
"1558106708","1396 W Herndon Ave","","Fresno","CA","937117126","US","5592560100","",""
"1285898833","920 Church St N","Suite 255","Concord","NC","280252927","US","7044031331","",""
"1285898833","2001 Vail Ave","","Charlotte","NC","282071248","US","7043046070","",""
"1285898833","8800 N Tryon St","","Charlotte","NC","282623300","US","7048636241","",""
"1285898833","10628 Park Rd","","Charlotte","NC","282108407","US","7046677070","",""
"1285898833","1000 Blythe Blvd","","Charlotte","NC","282035812","US","7043550720","",""
"1558094342","2990 Inland Empire Blvd Ste 100","","Ontario","CA","917644899","US","8552237123","","6193747134"
"1558094342","310 3rd Ave Ste Beb8","","Chula Vista","CA","919103953","US","8552237123","",""
"1982056263","391 Lee Blvd Ste 200","","Lehigh Acres","FL","339364973","US","2393449236","",""
"1982056263","1154 Lee Blvd Ste 6","","Lehigh Acres","FL","339364852","US","2394912603","",""
"1134149610","5770 Fashion Blvd","","Murray","UT","841076548","US","8012692500","","8012692690"
"1841490075","315 E Elm St Ste 100","","Caldwell","ID","836054858","US","2085142527","","2083752217"
"1841490075","9850 W St Lukes Dr # 329","","Nampa","ID","836877912","US","2085142509","","2083752217"
"1841490075","215 E Hawaii Ave # 140","","Nampa","ID","836866011","US","2085142529","","2083752217"
"1841490075","708 E Wythe Creek Ct Ste 103","","Kuna","ID","836345005","US","2089225130","","2083752217"
"1841490075","315 E Elm St # 201","","Caldwell","ID","836054857","US","2085142528","","2083752217"
"1841490075","6565 W Emerald St","","Boise","ID","837048737","US","2085142510","","2083752217"
"1841490075","8610 W Overland Rd","","Boise","ID","837091645","US","2089548711","","2083752217"
"1841490075","325 W Idaho St","","Boise","ID","837026040","US","2085142525","","2083752217"
"1841490075","2275 S Eagle Rd Ste 120","","Meridian","ID","836422620","US","2085142520","","2083752217"
"1467467399","495 E Abington Ave","","Philadelphia","PA","191182906","US","3844557170","","8888235887"
"1467467399","2929 W Holcombe Blvd","","Houston","TX","770251534","US","3854557170","","8888235887"
"1467467399","3128 E Desert Cove Ave","","Phoenix","AZ","850282610","US","3854557170","242","8888235887"
"1467467399","4400 Stone Way N","","Seattle","WA","981037485","US","3854557170","","8888235887"
"1467467399","3128 E Desert Cove Avenue","Desert Bloom Assisted Living","Phoenix","AZ","850282610","US","3854557170","","8888235887"
"1467467399","3218 E Bell Road","","Phoenix","AZ","850322727","US","3854557170","","8888235887"
"1467467399","251 S Colorado Blvd","Sunrise at Cherry Creek Assisted Living","Denver","CO","802461043","US","3854557170","","8888235887"
"1467467399","10968 N Alpine Hwy","","Highland","UT","840038874","US","8017632900","",""
"1386326221","11103 West Ave Ste 108","","San Antonio","TX","782134915","US","2103402627","",""
"1821766148","12150 SW 128th Ct Ste 118","","Miami","FL","331864672","US","7863198882","",""
"1699174722","1763 Medical Way Ste B","","New Braunfels","TX","781325415","US","2108295180","",""
"1699174722","3326 Oakwell Court","","SAN ANTONIO","TX","78218","US","2108295180","","2108295180"
"1699174722","21727 Ih 10 W Fl 2","","San Antonio","TX","782572106","US","2108295180","",""
"1699174722","5000 Schertz Pkwy Ste 400","","Schertz","TX","781541457","US","2108295180","","2108295030"
"1699174722","8019 S New Braunfels Ste 120","","San Antonio","TX","782351069","US","2108295180","",""
"1699174722","3349 S Highway 181 Ste 13A","","Kenedy","TX","781195247","US","2108295180","",""
"1659484277","1200 S Detroit Ave","","Toledo","OH","436145903","US","4192592000","",""
"1154933497","7258 Cimmeron Dr","","Liberty Twp","OH","450449670","US","7277447491","",""
"1679906168","3326 Oakwell Court","","SAN ANTONIO","TX","78218","US","2108295180","","2108295030"
"1679906168","5000 Schertz Pkwy Ste 400","","Schertz","TX","781541457","US","2108295180","","2108295030"
"1679906168","3320 Oakwell Ct","","San Antonio","TX","782183128","US","2108295180","","2108295030"
"1679906168","1763 Medical Way Ste B","","New Braunfels","TX","781325415","US","2108295180","",""
"1679906168","3349 S Highway 181 Ste 13A","","Kenedy","TX","781195247","US","2108295180","",""
"1679906168","21727 Ih 10 W Fl 2","","San Antonio","TX","782572106","US","2108295180","","2108295030"
"1508116740","1199 Prince Ave","","Athens","GA","306062797","US","7064755076","",""
"1447628458","7209 Lancaster Pike Ste 4-222","","Hockessin","DE","197079292","US","3024125099","",""
"1356957708","263 Main St","","Sugar Grove","IL","605545491","US","6309622725","",""
"1881318384","105 E 9th St","","Coralville","IA","522412209","US","3193564901","","3193536399"
"1881318384","500 E Market St","","Iowa City","IA","522452633","US","3193564901","","3193536399"
"1881318384","540 E Jefferson St Ste 400","","Iowa City","IA","522452479","US","3193564901","","3193536399"
"1063284073","12902 SW 133rd Ct # 2","","Miami","FL","331866581","US","7862997782","",""
"1750894184","495 E Abington Ave","","Philadelphia","PA","191182906","US","3854557170","","8888235887"
"1750894184","2929 W Holcombe Blvd","","Houston","TX","770251534","US","3854557170","","8888235887"
"1750894184","251 S Colorado Blvd","","Denver","CO","802461043","US","3854557170","","8888235887"
"1750894184","5939 Roosevelt Blvd","","Jacksonville","FL","322442356","US","3854557170","","8888235887"
"1750894184","3300 N Ashton Blvd","","Lehi","UT","840485339","US","3854557170","","8888235887"
"1750894184","4400 Stone Way N","","Seattle","WA","981037485","US","3854557170","","8888235887"
"1750894184","3128 E Desert Cove Ave","","Phoenix","AZ","850282610","US","3854557170","","8888235887"
"1750894184","3128 E Desert Cove Avenue","","Phoenix","AZ","850282610","US","3854557170","","8888235887"
"1760995021","30007 Business Center Dr","","Charlotte Hall","MD","20622","US","3019971300","30199",""
"1629059357","231 E Chestnut St","","Louisville","KY","402021821","US","5026296000","","5024514553"
"1629059357","1100 Reid Pkwy","","Richmond","IN","473741157","US","7659358747","","7659833023"
"1902515885","120 Aliso Dr SE","","Albuquerque","NM","871082693","US","5056056455","56455",""
"1902515885","3408 Woodland Ave Ste 305A","","West Des Moines","IA","502666506","US","5056056455","",""
"1952940470","4192 Salem Rd","","Covington","GA","300164532","US","7707882026","",""
"1093429599","322 S Lafayette St","","Saint Pauls","NC","283841834","US","5035098422","",""
"1538874144","14015 Sanford Ave Ste B","","Flushing","NY","113552688","US","7183588288","",""
"1538874144","4308 52nd St Fl 2","","Woodside","NY","113773256","US","7183588288","",""
"1932248093","10085 Double R Blvd Ste 325","","Reno","NV","895214832","US","7759825000","","7759823900"
"1710791280","2525 SW 75th Ave","","Miami","FL","331552800","US","3052626800","",""
"1922630441","2609 G St","","Bakersfield","CA","933012813","US","6618656274","",""
"1134753114","2804 2nd Ave","","Kearney","NE","688473500","US","3084558605","","3084558606"
"1265388912","2201 45th St","","West Palm Beach","FL","334072047","US","5618426141","",""
"1053267708","1534 Dawson Rd","","Albany","GA","317073437","US","2294359008","",""
"1578419222","530 NE Glen Oak Ave","","Peoria","IL","616370001","US","3096552000","",""
"1437005188","3150 Howell Mill Rd NW","","Atlanta","GA","303272108","US","4043518410","",""
"1144176801","1000 Johnstown Rd Ste 102","","Elizabethtown","KY","427013925","US","2707690099","",""
"1306792064","6 Forest Ave Ste 215","","Paramus","NJ","076525245","US","2018805145","",""
"1174479844","1673 Route 9 Ste A-3","","Halfmoon","NY","120654399","US","5188828589","",""
"1669230108","677 King St Fl 3","","Charleston","SC","294037126","US","5612036085","1",""
"1669230108","101 Glen Lennox Dr Unit 300","","Chapel Hill","NC","275174089","US","5612036085","",""
"1669230108","8500 Wilshire Blvd Ste 740","","Beverly Hills","CA","902113105","US","5612036085","1","9546976055"
"1669230108","350 Massachusetts Ave Ste 300","","Indianapolis","IN","462042271","US","5612036085","1","9546976055"
"1669230108","2801 E Camelback Rd Ste 200","","Phoenix","AZ","850164363","US","5612036085","1",""
"1669230108","345 California St Ste 600","","San Francisco","CA","941042657","US","5612036085","1","9546976055"
"1669230108","201 W 5th St Fl 16","","Austin","TX","787012983","US","5612036085","",""
"1124087879","1199 Prince Ave","","Athens","GA","306062797","US","7064755076","",""
"1518427129","2793 Skyline Ct Ste B","","Grand Junction","CO","815063967","US","9706448811","",""
"1245657584","607 W Main St","","Grangeville","ID","835301345","US","2089831700","","2089834665"
"1326509563","1500 E Medical Center Dr","","Ann Arbor","MI","481095000","US","7349364000","",""
"1326509563","1 Baylor Plz","","Houston","TX","770303411","US","9895130362","",""
"1477257707","13525 Cielo Azul Way","","Desert Hot Springs","CA","922406235","US","7603294673","",""
"1205414604","3401 NW 7th St","","Miami","FL","331254013","US","3057087000","","7867202888"
"1538864467","105 Ridge View Dr","","Cary","NC","275112628","US","9194675543","","9194692391"
"1922531524","488 E Valley Pkwy Fl 3","","Escondido","CA","920253363","US","8338674642","",""
"1750135497","9240 SW 72nd St Ste 206","","Miami","FL","331733263","US","7865362822","",""
"1003603622","495 Highland Blvd Ste 104","","Valley Township","PA","193205822","US","6104297729","","8446702525"
"1588074546","217 Reeceville Rd Ste A","","Coatesville","PA","193201572","US","6102699448","","6105942625"
"1588074546","495 Highland Blvd Ste 104","","Valley Township","PA","193205822","US","6104297729","","8446702525"
"1770373383","1849 Sawtelle Blvd Ste 610","","Los Angeles","CA","900257013","US","3103618043","","3109868241"
"1740230143","423 Fortress Blvd","","Morgantown","WV","265081351","US","3042252500","",""
"1740230143","24035 Three Notch Rd","","Hollywood","MD","206364871","US","3013737900","","3013736900"
"1265968168","7951 SW 40th St Ste 200C","","Miami","FL","331556752","US","3059082999","",""
"1265968168","9290 Hammocks Blvd Ste 401","","Miami","FL","33196","US","5613056971","","7869137034"
"1982132841","1 S Marion Pl","","Rockville Centre","NY","115705300","US","5163205721","",""
"1932546280","4681 College Park Dr","","Round Rock","TX","786651526","US","5126711100","",""
"1942040134","12485 SW 137th Ave Ste 212","","Miami","FL","331864217","US","7865051892","",""
"1083094494","4200 Monument Rd","","Philadelphia","PA","191311913","US","2158772000","",""
"1053004168","12485 SW 137th Ave Ste 212","","Miami","FL","331864217","US","7865051892","",""
"1902191786","701 Grove Rd","5th Floor Support Tower","Greenville","SC","296055611","US","8644557882","","8644555008"
"1902191786","1230 Baxter St","","Athens","GA","30606","US","7063893410","","7063893411"
"1053804096","6001 SW 6th Ave Ste 200","","Topeka","KS","666151004","US","7852337491","","7852333187"
"1053041574","6001 E Washington Blvd Ste 100","","Commerce","CA","900402451","US","5629289600","",""
"1225873532","384 E 60 S","","American Fork","UT","840033835","US","8019010279","",""
"1710140330","850 Harrison Avenue, FL 4","Yawkey Bldg","Boston","MA","02118","US","6174142000","",""
"1922481944","80 Newbridge Way","","Dedham","MA","020267028","US","7812349950","",""
"1922481944","725 Albany Street","Shapiro 5 & 6","Boston","MA","021182371","US","6174145941","","6174146031"
"1922481944","725 Albany Street","Shapiro 5 & 6","Boston","MA","02118","US","6174145951","","6174149201"
"1750765673","1075 E Lexington Ave","","Danville","KY","404221766","US","8597122041","","5028393806"
"1750765673","1064 N College St","","Harrodsburg","KY","403302208","US","8597343057","","5028393806"
"1093199242","1075 E Lexington Ave","","Danville","KY","404221766","US","8597122041","","8592866952"
"1093199242","1064 N College St","","Harrodsburg","KY","403302208","US","8597343057","","8597343077"
"1093199242","613 Main St","","Crab Orchard","KY","404196520","US","6063704011","","6063704012"
"1891103883","2804 2nd Ave","","Kearney","NE","688473500","US","3084558605","","3084558606"
"1215243316","7401 SW Washo Ct Ste 100","","Tualatin","OR","970628342","US","5036650836","",""
"1497903447","2310 Erwin Road","","Durham","NC","277100001","US","9196205085","",""
"1568131951","8900 N Kendall Dr","","Miami","FL","331762197","US","7865966947","",""
"1568131951","13529 SW 8th Ln","","Miami","FL","331841878","US","3057983911","","3059066191"
"1568131951","13529 SW 8th Ln","","Miami","FL","331841878","US","3057983911","","3059066191"
"1275638181","444 W Fort St Fl 2","","Boise","ID","837024535","US","2084221018","",""
"1184402802","3401 Clairemont Dr","","San Diego","CA","921175938","US","6196058600","",""
"1023984739","160 Cypress Point Pkwy Ste D102","","Palm Coast","FL","321648445","US","3862304448","",""
"1033752985","1925 E Dakota Ave Ste Q","","Fresno","CA","937264821","US","5592161075","",""
"1033752985","1410 F St Ste 101","","Fresno","CA","937061608","US","5592161075","",""
"1033752985","1396 W Herndon Ave","","Fresno","CA","937117126","US","5593209898","",""
"1033752985","1734 W Shaw Ave","","Fresno","CA","937113416","US","5594395920","148","5594392214"
"1790500858","1001 Blythe Blvd Ste F","","Charlotte","NC","282035866","US","7043816850","",""
"1114430105","33255 9th St","","Union City","CA","945872137","US","5104715907","",""
"1114430105","22331 Mission Blvd","","Hayward","CA","945413911","US","5104715907","",""
"1720626534","608 W Michigan Ave","","Jackson","MI","492011907","US","5172539036","",""
"1679160709","6051 N Fresno St Ste 202","","Fresno","CA","937105280","US","5599038984","",""
"1679160709","1396 W Herndon Ave","","Fresno","CA","937117126","US","5598038984","",""
"1679160709","1410 F St","","Fresno","CA","937061608","US","5598038984","",""
"1376182113","477 N El Camino Real Ste D306","","Encinitas","CA","920241370","US","8585761700","",""
"1245775428","1075 E Lexington Ave","","Danville","KY","404221766","US","8597122041","","5028393806"
"1134585326","800 S Mohawk Dr Ste C","","Erwin","TN","376502124","US","4233306177","",""
"1134585326","301 Med Tech Pkwy Ste 240","","Johnson City","TN","376042641","US","4237945520","","4232826940"
"1518728351","143 SE Parkway Ct","","Franklin","TN","370643968","US","6157900567","",""
"1073462164","1468 Madison Ave","","New York","NY","100296508","US","2122416500","",""
"1902144736","506 6th St","","Brooklyn","NY","112153609","US","6176971789","",""
"1902144736","315 S Manning Blvd","","Albany","NY","122081707","US","5185251703","","5185251722"
"1902144736","4301 Garth Rd Ste 100","","Baytown","TX","775213157","US","2818377587","",""
"1306237623","2 S Hospital Dr","","Murphysboro","IL","629663333","US","6186843156","","6185290524"
"1306237623","201 S 14th St","","Herrin","IL","629483631","US","6189422171","","6183514917"
"1821412925","101 Med Tech Pkwy Ste 100","","Johnson City","TN","37604","US","4237941800","","4237941801"
"1821412925","16000 Johnston Memorial Dr Ste 213","","Abingdon","VA","242110001","US","2762582600","",""
"1861799983","1777 E Dublin Granville Rd","","Columbus","OH","432293502","US","6147222000","",""
"1861799983","433 N Cleveland Ave","","Westerville","OH","430828095","US","6147222000","",""
"1861799983","441 Industrial Mile Rd","","Columbus","OH","432282458","US","6147222000","",""
"1861799983","579 S Yearling Rd","","Columbus","OH","432132874","US","6147222000","",""
"1861799983","4766 W Broad St","","Columbus","OH","432281613","US","6147222000","",""
"1861799983","4300 E Broad St","","Columbus","OH","432131243","US","6143501970","",""
"1861799983","2599 S Hamilton Rd","","Columbus","OH","432324964","US","6147222000","",""
"1861799983","2857 W Broad St","","Columbus","OH","432042643","US","6147222000","",""
"1861799983","1405 S High St","","Columbus","OH","432071043","US","6147222000","",""
"1861799983","5070 N High St","","Columbus","OH","432141526","US","6147222000","",""
"1861799983","4560 Morse Centre Rd","","Columbus","OH","432296602","US","6147222000","",""
"1861799983","1390 Cleveland Ave","","Columbus","OH","432112767","US","6147222000","",""
"1861799983","1125 E Main St","","Columbus","OH","432051931","US","6147222000","",""
"1124392741","Madigan Army Medical Center 9040 Jackson Avenue","","Tacoma","WA","984315000","US","2539682417","","2539682385"
"1487784815","2208 S Nellis Blvd Ste 5","","Las Vegas","NV","891046211","US","7027987770","","7028957776"
"1184570962","520 N 3rd Ave","","Sandpoint","ID","838641507","US","2082631441","",""
"1821058819","1818 N Meade St","","Appleton","WI","549113454","US","9207318900","","9207385369"
"1821058819","2971 W Algonquin Rd Ste 106","","Algonquin","IL","601029407","US","8478541987","",""
"1821058819","700 S Park St","","Madison","WI","537151830","US","6082516100","","6082602956"
"1821058819","1975 Lin Lor Ln Ste 155","","Elgin","IL","601234902","US","8477170600","","8477170297"
"1932969110","22 Buxton St","","Peabody","MA","019603118","US","9786528150","",""
"1841251220","8402 Harcourt Rd","STE 815","Indianapolis","IN","462602074","US","3178721158","","3178721186"
"1942837745","2400 Canal St","","New Orleans","LA","701196535","US","8009358387","",""
"1942837745","19221 Interstate 45 S Ste 110A","","Shenandoah","TX","773858756","US","2813442906","",""
"1649594193","370 Grand Ave Ste 101","","Englewood","NJ","076314109","US","2018718778","",""
"1174100309","56 Franklin St","","Waterbury","CT","067061253","US","4045137307","",""
"1174100309","1115 West St","","Southington","CT","064896025","US","8602766090","",""
"1164884367","21 Eastern Ave","","Worcester","MA","016053094","US","5088562500","",""
"1164884367","28 Newton St","","Southborough","MA","017721215","US","5085972233","",""
"1164884367","119 Belmont St","","Worcester","MA","016052903","US","5083342846","",""
"1164884367","157 Union St","","Marlborough","MA","017521228","US","5083343068","",""
"1477829117","1403 S King St","","Windsor","NC","279839666","US","2527946600","",""
"1548898372","3600 Spruce St","","Philadelphia","PA","191044211","US","2156627883","",""
"1548898372","1122 Street Rd Ste 204","","Southampton","PA","189664218","US","2159997546","",""
"1487232906","405 W Jackson St","","Carbondale","IL","629011462","US","6185490721","","6184570469"
"1487232906","100 Dr Warren Tuttle Dr","","Harrisburg","IL","629462718","US","6182530350","","6182522425"
"1487232906","2 S Hospital Dr","","Murphysboro","IL","629663333","US","6186843156","","6185290524"
"1487232906","201 S 14th St","","Herrin","IL","629483631","US","6189422171","","6183514917"
"1033504600","301 Memorial Medical Pkwy","","Daytona Beach","FL","321175167","US","3862343499","",""
"1982166781","1429 N 16th St","","Terre Haute","IN","47807","US","3179261056","",""
"1982166781","590 Pit Rd","","Brownsburg","IN","461127830","US","3179261056","",""
"1336482702","112 N 7th St","","Chambersburg","PA","172011720","US","7172624499","",""
"1336482702","35 Erick Rd","","Lancaster","PA","176013111","US","7177386414","",""
"1336482702","2980 W Horizon Ridge Pkwy Ste 100","","Henderson","NV","890524661","US","7252913300","","7252914848"
"1336482702","Medical Center Blvd","","Winston Salem","NC","271574894","US","3367167243","","3367167432"
"1336482702","750 E Adams St","","Syracuse","NY","132102306","US","3154645189","",""
"1336482702","147 Gettys St","","Gettysburg","PA","173252534","US","7173374207","",""
"1336482702","252 S 4th St","","Lebanon","PA","170426111","US","7172707732","",""
"1336482702","35 Monument Rd Ste 201","","York","PA","174035074","US","7178124083","",""
"1336482702","169 Martin Ave","","Ephrata","PA","175221734","US","7177386414","",""
"1407353105","2 Ivy Brook Rd Ste 120","","Shelton","CT","064846417","US","2037321524","","2039540084"
"1215516976","2211 Lomas Blvd NE","","Albuquerque","NM","871062719","US","5052725184","",""
"1215516976","1201 E 36th Ave","","Anchorage","AK","995084372","US","9075629229","","9075621603"
"1639134422","16000 Johnston Memorial Dr Ste 200","","Abingdon","VA","242117664","US","2766284335","",""
"1639134422","20 Powell Ave","","Newport","RI","028402299","US","4018485556","","4015192994"
"1639134422","1621 W Morris Blvd Ste A","","Morristown","TN","378132967","US","4234927100","",""
"1639134422","510 S South St","","Mount Airy","NC","270304422","US","3367864522","","3367893025"
"1174265151","195 Page Mill Rd Ste 103","","Palo Alto","CA","943062073","US","8887318994","",""
"1689318230","651 Dunlop Ln","","Clarksville","TN","370405015","US","9315021000","",""
"1316111263","100 Dr Warren Tuttle Dr","","Harrisburg","IL","629462718","US","6182530350","","6182522425"
"1316111263","201 S 14th St","","Herrin","IL","629483631","US","6189422171","35130","6183514917"
"1316111263","2 S Hospital Dr","","Murphysboro","IL","629663333","US","6186843156","","6185290524"
"1316111263","405 W Jackson St","","Carbondale","IL","629011467","US","6185490721","","6184570469"
"1104091990","1809 Wade Hampton Blvd Ste 120","","Greenville","SC","296094050","US","8645225000","","8642419275"
"1104091990","1301 Taylor St","","Columbia","SC","292012942","US","8032965914","","8032935902"
"1578128989","455 Toll Gate Rd","","Warwick","RI","028862759","US","4017377010","","4017364546"
"1356830632","204 Hospital Avenue","","Dubois","PA","15801","US","8143712200","",""
"1740716927","190 Riverview St","","Franklin","NC","287342658","US","8283496800","","8283496810"
"1831989482","11676 Perry Hwy Ste 2205","","Wexford","PA","150907201","US","8025229211","",""
"1235517889","455 Toll Gate Road","","Warwick","RI","02886","US","4017377010","35640","4017361975"
"1235517889","101 Dudley Street","WIH Dept of Internal Medicine","Providence","RI","02905","US","4014537950","","4014537658"
"1235517889","593 Eddy St","","Providence","RI","029034923","US","4014445248","",""
"1538162797","844 N 5th Ave","","Sequim","WA","983823045","US","3606839895","","3605825614"
"1538162797","524 W High St","","Bryan","OH","435061618","US","4196369800","","4196360451"
"1134168263","1223 S Gear Ave Ste 205","","West Burlington","IA","526551685","US","3197683200","",""
"1134168263","1223 S Gear Ave Ste 303","","West Burlington","IA","526551670","US","3197683925","",""
"1134168263","1223 S Gear Ave Ste 208","","West Burlington","IA","526551693","US","3197682750","",""
"1134168263","220 Mulberry St","Suite B","Wapello","IA","52653","US","3197684099","",""
"1134168263","1225 S Gear Ave Ste 251","","West Burlington","IA","526551688","US","3197683700","",""
"1134168263","1401 W Agency Rd","","West Burlington","IA","526551659","US","3197684970","",""
"1134168263","1223 S Gear Ave Ste 201","","West Burlington","IA","526551685","US","3197681535","",""
"1134168263","1225 S Gear Ave Ste 254","","West Burlington","IA","526551687","US","3197683240","",""
"1134168263","1223 S Gear Ave Ste 202","","West Burlington","IA","526551685","US","3197684350","",""
"1134168263","1223 S Gear Ave Ste 309","","West Burlington","IA","526551694","US","3197684500","",""
"1134168263","1223 S Gear Ave Ste 109","","West Burlington","IA","526551685","US","3197681820","",""
"1134168263","1225 S Gear Ave Ste 159","","West Burlington","IA","526551686","US","3197681570","",""
"1134168263","1201 W Agency Rd","","West Burlington","IA","526551645","US","3191544242","",""
"1134168263","1401 W Agency Rd Ste 172","","West Burlington","IA","526551659","US","3197684100","",""
"1134168263","1401 W Agency Rd Ste 171","","West Burlington","IA","526551659","US","3197684100","",""
"1134168263","1401 W Agency Rd Ste 170","","West Burlington","IA","526551659","US","3197684100","",""
"1134168263","1225 S Gear Ave Ste 152","","West Burlington","IA","526551686","US","3197683434","",""
"1134168263","1315 W Agency Rd Ste 151","","West Burlington","IA","526551654","US","3197683900","",""
"1134168263","1223 S Gear Ave Ste 101","","West Burlington","IA","526551690","US","3197684380","",""
"1831146315","1850 Old Knoxville Rd","","Tazewell","TN","378793625","US","4236264211","",""
"1235587312","1205 S Main St Ste 101","","Crown Point","IN","463073677","US","2197698340","","2197698341"
"1235587312","803 W Market St Ste 200","","Lima","OH","458052796","US","4192223737","","4192293234"
"1831082668","149 Front St","","Bath","ME","045302672","US","2073865920","",""
"1831082668","65 Lincoln Ave","","Rumford","ME","042761608","US","2077821160","","2077834284"
"1669048294","1700 Pinebrook Dr Ste 2","","Kingsport","TN","376604365","US","4235790101","",""
"1033153069","201 S 14th St","","Herrin","IL","629483631","US","6189422171","35130","6183514917"
"1033153069","2 S Hospital Dr","","Murphysboro","IL","629663333","US","6186843156","55620","6185290524"
"1033153069","100 Dr Warren Tuttle Dr","","Harrisburg","IL","629462718","US","6182530350","","6182522425"
"1033153069","405 W Jackson St","","Carbondale","IL","629011462","US","6185490721","65150","6184570469"
"1831127802","305 W Jackson St Ste 100","","Carbondale","IL","629011474","US","6183514972","","6183514973"
"1083108286","860 Valley St","","Dayton","OH","454042066","US","9376413060","","9376413285"
"1083108286","3300 W Tech Blvd","","Miamisburg","OH","453424865","US","9376414040","","9376413066"
"1295185189","501 SE 2nd St Apt 1330","","Fort Lauderdale","FL","333013695","US","8503811852","",""
"1295185189","13340 Metro Pkwy Ste 400","","Fort Myers","FL","339664818","US","2393431105","","2393434259"
"1538321286","175 US Route 1","","Scarborough","ME","040749048","US","2073967700","",""
"1538321286","263 Farmington Ave","","Farmington","CT","060308025","US","8606793245","","8606791217"
"1407238363","1001 S George St","","York","PA","174033676","US","7178512311","",""
"1407238363","601 State Route 664 N","","Logan","OH","431388541","US","7403808000","",""
"1396150397","1504 Taub Loop","","Houston","TX","770301608","US","7138738890","",""
"1588185888","502 W Saint Louis St Ste 4","","West Frankfort","IL","628961968","US","6189373400","","6189329010"
"1588185888","405 Rushing Dr","","Herrin","IL","629483730","US","6189933300","","6189930262"
"1588185888","2601 W Main St","","Carbondale","IL","629011031","US","6185495361","","6183514878"
"1588185888","3106 Outer Dr","","Marion","IL","629595270","US","6189974332","","6183514857"
"1588185888","1112 Oak St Ste 102","","Carmi","IL","628211344","US","6183825985","","8558273536"
"1508249632","1627 Indian Pipe Ct","","Powhatan","VA","231397044","US","8045250022","","8075982492"
"1770069718","66 Branch Ave Ste 150","","Providence","RI","029042756","US","4016062590","","4016062591"
"1770069718","236 County Rd","","Barrington","RI","028064545","US","4016063550","","4016063551"
"1952324170","11104 Parkview Circle Dr Ste 310","","Fort Wayne","IN","468451733","US","2602665230","","2602665238"
"1952324170","1919 Lincoln Way Ste 415","","Coeur D Alene","ID","838142527","US","2086255084","",""
"1952324170","404 Lincoln Dr","","Herrin","IL","629483789","US","6189930056","","6189930752"
"1952324170","1389 Galleria Dr Ste 100","","Henderson","NV","890146686","US","7253338400","","7253338401"
"1952324170","1810 S Crismon Rd Ste 191","","Mesa","AZ","85209","US","4806215891","","4807044019"
"1952324170","500 W Thomas Rd Ste 100","","Phoenix","AZ","850134255","US","6024061510","",""
"1952324170","415 6th St","","Lewiston","ID","835012434","US","2087507462","",""
"1952324170","1000 Trancas St","","Napa","CA","945582906","US","7072524411","",""
"1952324170","2003 Kootenai Health Way","","Coeur D Alene","ID","838146051","US","2086255084","",""
"1154159317","1560 Broadway Fl 16","","Denver","CO","802026000","US","3232057088","",""
"1447737465","1410 F St Ste 101","","Fresno","CA","937061608","US","5594572302","",""
"1447737465","1396 W Herndon Ave Ste 110","","Fresno","CA","937117126","US","5592560100","",""
"1861166159","765 Liberty St Ste 303","","Meadville","PA","163352569","US","8143333929","","8143733539"
"1154059061","536 N Taylor Ave","","Saint Louis","MO","631081888","US","3144491143","",""
"1104438324","4388 Holland Rd Ste 140","","Virginia Beach","VA","234521389","US","7574255550","","7573216200"
"1619854965","65 Kane Street","","West Hartford","CT","061192110","US","8606794100","","8606793385"
"1386522977","1131 W 6th St Ste 270","","Ontario","CA","917621112","US","6263318177","",""
"1770202905","1 Crosfield Ave Ste 104","","West Nyack","NY","109942229","US","8452795908","",""
"1770693426","2 S Hospital Dr","","Murphysboro","IL","629663333","US","6186843156","","6183514846"
"1770693426","201 S 14th St","","Herrin","IL","629483631","US","6189422171","","6183514846"
"1770693426","405 W Jackson St","","Carbondale","IL","629011467","US","6185490721","","6183514846"
"1336132109","1301 Carlisle St","","Natrona Heights","PA","150651152","US","7242267010","","7242267404"
"1174770648","201 S 14th St","","Herrin","IL","629483631","US","6189422171","","6183514917"
"1174770648","2 S Hospital Dr","","Murphysboro","IL","629663333","US","6186843156","","6185290524"
"1538889977","222 NW Davis St Ste 309","","Portland","OR","972093900","US","5033343035","","5039619212"
"1043190655","201 S 14th St","","Herrin","IL","629483631","US","6189422171","35130","6183514917"
"1043190655","2 S Hospital Dr","","Murphysboro","IL","629663333","US","6186843156","55620","6185290524"
"1043190655","100 Dr Warren Tuttle Dr","","Harrisburg","IL","629462718","US","6182530350","","6182522425"
"1538718390","1454 S County Trl","","East Greenwich","RI","028181749","US","4016494050","","4016494051"
"1538718390","40 Cumberland Ave","","North Attleboro","MA","027604445","US","5084554009","",""
"1174718480","16000 Johnston Memorial Dr","Fourth Floor","Abingdon","VA","242117664","US","2762584050","","2762584056"
"1174718480","1700 Medical Center Pkwy","","Murfreesboro","TN","37129","US","6153964694","",""
"1174718480","350 7th St N","","Naples","FL","341025754","US","2396243997","","2396248101"
"1174718480","16000 Johnston Memorial Dr","Fourth Floor","Abingdon","VA","242117664","US","2762584050","","2762584056"
"1952138927","382 SW Mci Way","","Madison","FL","323404430","US","3862092582","",""
"1811399876","1707 Cole Blvd Ste 100","","Golden","CO","804013219","US","8669490108","",""
"1811399876","2525 E Colorado Blvd","","Pasadena","CA","911073756","US","6268185311","","6263511060"
"1811399876","6860 W 115th St","","Overland Park","KS","662112457","US","8333573227","",""
"1811399876","4650 W Spencer St # 15","","Appleton","WI","549149106","US","8669490108","",""
"1811399876","425 W Capitol Ave Ste 435","","Little Rock","AR","722013642","US","5012098671","",""
"1811399876","6700 E Speedway Blvd Ste 105","","Tucson","AZ","857101220","US","8669490108","",""
"1811399876","12921 S Vista Station Blvd","","Draper","UT","840202376","US","8669490108","",""
"1811399876","185 Asylum St","","Hartford","CT","061033408","US","8602152117","",""
"1811399876","1001 Lakeside Ave E Ste 259","","Cleveland","OH","441141158","US","8669490108","",""
"1811399876","1831 E 71st St","","Tulsa","OK","741363928","US","8333582036","",""
"1811399876","700 NE Multnomah St Ste 400","","Portland","OR","972324104","US","5034205852","",""
"1811399876","1089 Jordan Creek Pkwy Ste 200","","West Des Moines","IA","502665830","US","8155318013","",""
"1811399876","2150 N 107th St Ste 480","","Seattle","WA","981339009","US","8666862504","",""
"1811399876","13655 Riverport Dr","","Maryland Heights","MO","630434812","US","8163194785","",""
"1114353026","1314 E Venice Ave Ste B","","Venice","FL","342857160","US","8009916117","",""
"1477654127","1615 S Euclid Ave","","Bay City","MI","48706","US","9898934506","","9898933770"
"1508645789","200 1st St SW","","Rochester","MN","559050001","US","5072842511","",""
"1821573593","400 W Brambleton Ave Ste 104","","Norfolk","VA","235101151","US","7576277700","","7576273841"
"1821573593","612 Kingsborough Sq Ste 100","","Chesapeake","VA","233205041","US","7575479294","","7572139342"
"1821573593","4868 Bridge Rd Ste 370","","Suffolk","VA","234352048","US","7576869400","","7573371049"
"1821573593","2075 Glenn Mitchell Dr Ste 300","","VA Beach","VA","234560179","US","7578212825","","7572139377"
"1821573593","1708 Old Donation Pkwy","","Virginia Beach","VA","234543064","US","7574193000","","7572139377"
"1861489163","350 Engle St","","Englewood","NJ","076311808","US","2018943364","",""
"1700973435","2 S Hospital Dr","","Murphysboro","IL","629663333","US","6186843156","","6185290524"
"1700973435","100 Dr Warren Tuttle Dr","","Harrisburg","IL","629462718","US","6182530350","","6182522425"
"1700973435","405 W Jackson St","","Carbondale","IL","629011462","US","6185490721","","6184570469"
"1700973435","201 S 14th St","","Herrin","IL","629483631","US","6189422171","","6183514917"
"1720808538","300 Pinellas St","","Clearwater","FL","337563892","US","7274627000","",""
"1619057379","1000 Atlantic Ave Ste 205C","","Camden","NJ","081041132","US","8563744440","","8563744445"
"1619057379","401 Kings Hwy S Ste 5","","Cherry Hill","NJ","080342500","US","8563744440","","8563744445"
"1619057379","239 Hurffville Crosskeys Rd Ste 360D","","Sewell","NJ","080804002","US","8563744440","","8563744445"
"1619057379","75 S White Horse Pike","","Hammonton","NJ","080371872","US","8563744440","","8563744445"
"1285716886","2611 Jackson Blvd","","Chalmette","LA","700432959","US","5042621232","","5043715025"
"1285716886","3225 Danny Park","Suite 100","Metairie","LA","700025776","US","5048890550","",""
"1285716886","1705 Lapalco Blvd","","Harvey","LA","700583017","US","5043687641","","5042279600"
"1285716886","15825 Professional Plz Ste A","","Hammond","LA","704031497","US","9854291080","","9854291092"
"1255414975","1060 S Main St","Suite #3","Tipton","IN","460728327","US","7656757009","","7656753914"
"1477270155","245 Medical Park Dr","","Marion","VA","243541100","US","2763781000","",""
"1477270155","16000 Johnston Memorial Dr Ste 212A","","Abingdon","VA","242117664","US","2762581000","",""
"1477270155","127 Health Care Dr Ste 3","","Pennington Gap","VA","242772853","US","4232305000","",""
"1477270155","2030 Temple Hill Rd Ste A","","Erwin","TN","376508721","US","4237433141","",""
"1477270155","115 Judge Gresham Rd Ste A","","Gray","TN","376156213","US","4234673000","",""
"1477270155","2033 Meadowview Ln Ste 110","","Kingsport","TN","376607569","US","4232305000","",""
"1962371716","34 Barre St","","Montpelier","VT","056023510","US","8022237544","",""
"1962371716","23 Summer St","","Barre","VT","056413741","US","8024794055","",""
"1962371716","9 Heaton St","","Montpelier","VT","056022489","US","8022236328","","8022298004"
"1629441282","1151 Barataria Blvd Ste 3100","","Marrero","LA","700723083","US","5049348461","","5043713811"
"1538703251","2489 Route 6 Ste 6","","Hawley","PA","184286144","US","5703907900","","5703907901"
"1427928092","833 Province Rd","","Fort Collins","CO","805256971","US","9703105878","",""
"1700747573","4681 College Park Dr","","Round Rock","TX","786651526","US","5126711100","",""
"1053273326","3301 College Ave","","Davie","FL","333147721","US","8452384572","",""
"1538935648","840 W US Highway 18","","Garner","IA","504381023","US","8444744321","","6419251507"
"1538935648","700 2nd St SE Ste 101","","Hampton","IA","504412658","US","8444744321","","6418121096"
"1538935648","1924 Superior St","","Webster City","IA","505953146","US","8444744321","","5158321114"
"1538935648","520 S Pierce Ave","","Mason City","IA","504012749","US","6414289200","","6414289219"
"1538935648","403 1st St SE","","Belmond","IA","504211201","US","6414443500","","6414445554"
"1538935648","1316 S Main St","","Clarion","IA","505252019","US","8444744321","","5155323119"
"1831053073","1490 Park Ave NW Ste 3C","","Norton","VA","242731631","US","2766798890","",""
"1831053073","127 Health Care Dr Ste 3","","Pennington Gap","VA","242772853","US","2765465212","",""
"1831053073","2033 Meadowview Ln Ste 110","","Kingsport","TN","376607569","US","4232305000","",""
"1730694845","247 Cic Blvd","","West Union","OH","456937512","US","5139414999","",""
"1730694845","1907 11th St","","Portsmouth","OH","456624531","US","5139414999","",""
"1730694845","1130 Garbry Rd","","Piqua","OH","453568217","US","5139414999","",""
"1730694845","1421 Parker Ct","","Springfield","OH","455042855","US","5139414999","",""
"1730694845","25 Whitney Dr","","Milford","OH","451508402","US","5139414999","",""
"1730694845","100 Highview Blvd","","Columbus","OH","432076023","US","5139414999","",""
"1730694845","1435 Cincinnati St","","Dayton","OH","454174614","US","5139414999","",""
"1730694845","160 N Breiel Blvd","","Middletown","OH","450423806","US","5139414999","",""
"1730694845","680 Northland Blvd","","Cincinnati","OH","452403248","US","5139414999","",""
"1730694845","1718 Central Pkwy","","Cincinnati","OH","452142355","US","5139414999","",""
"1891651915","7900 Shelby St","","Indianapolis","IN","462275912","US","3177817370","",""
"1891651915","610 E Southport Rd Ste 205","","Indianapolis","IN","462278592","US","3177817370","","3177828880"
"1245196278","1223 Gateway Dr","","Melbourne","FL","329012607","US","3214343131","",""
"1225678741","3715 Hillsboro Pike","","Nashville","TN","372152117","US","4016529787","",""
"1053018317","447 Broadway Ste 1288","","New York","NY","100132562","US","8335191327","",""
"1710957477","350 Boulevard","","Passaic","NJ","070552840","US","9733654300","","9733659980"
"1487993705","1540 Maple Rd","","Williamsville","NY","142213647","US","7165683600","",""
"1639984651","16 Infirmary Road","","Baton Rouge","LA","708030001","US","2255786716","","2255780596"
"1043842818","8200 Walnut Hill Ln Ste 830","","Dallas","TX","752314402","US","6822363656","","2145705631"
"1447224191","375 Wampanoag Trl","","Riverside","RI","029152232","US","4016494010","","4016494011"
"1326288796","501 Cetronia Rd Ste 115","","Allentown","PA","181049569","US","4845264000","","5852753366"
"1497608178","7000 Austin St Ste 200","","Forest Hills","NY","113754739","US","9293789375","",""
"1083410666","1112 S Mill St","","New Castle","PA","161014629","US","7246854564","","7246578563"
"1700730868","4855 River Green Pkwy Ste 610","","Duluth","GA","300968337","US","4704991116","",""
"1598205106","16777 Forrer St","","Detroit","MI","482353607","US","3133300143","",""
"1598205106","Beaumont urgent care by well street","26935 Northwestern Hwy , Suite 115","Southfield","MI","48033","US","3132916600","",""
"1922755479","1200 N One Mile Rd","","Dexter","MO","638411015","US","5736247575","",""
"1922755479","1003 State Route 25 N","","Bloomfield","MO","638259382","US","5735683686","",""
"1013862010","1435 Cincinnati St","","Dayton","OH","454174614","US","5139414999","",""
"1013862010","1130 Garbry Rd","","Piqua","OH","453568217","US","5139414999","",""
"1013862010","1421 Parker Ct","","Springfield","OH","455042855","US","5139414999","",""
"1013862010","100 Highview Blvd","","Columbus","OH","432076023","US","5139414999","",""
"1013862010","160 N Breiel Blvd","","Middletown","OH","450423806","US","5139414999","",""
"1013862010","680 Northland Blvd","","Cincinnati","OH","452403248","US","5139414999","",""
"1013862010","247 Cic Blvd","","West Union","OH","456937512","US","5139414999","",""
"1013862010","1718 Central Pkwy","","Cincinnati","OH","452142355","US","5139414999","",""
"1013862010","6460 Harrison Ave","","Cincinnati","OH","452477821","US","5139414999","",""
"1013862010","1907 11th St","","Portsmouth","OH","456624531","US","5139414999","",""
"1639025323","10024 Office Center Ave Ste 100","","Saint Louis","MO","631281392","US","3147297050","",""
"1033065727","1503 S 15th St","","Louisville","KY","402101877","US","5025854848","",""
"1033065727","105 Hiestand Farm Rd","","Campbellsville","KY","427188491","US","5025854848","",""
"1952257651","200 Perry House Rd","","Fitzgerald","GA","317508857","US","9706820613","",""
"1396691093","5 Manley St","","West Bridgewater","MA","023791016","US","7814216182","","7819878799"
"1053947507","5130 Evergreen Way","","Everett","WA","982032875","US","4256830800","",""
"1104141415","100 Woods Rd","","Valhalla","NY","105951530","US","9149096900","","9144932828"
"1104141415","102 James St","","Edison","NJ","088203970","US","5519964849","","5519965703"
"1386270239","55 Fruit St","","Boston","MA","021142621","US","6177262000","",""
"1497872113","1500 E Medical Center Dr","","Ann Arbor","MI","481095000","US","7349364000","",""
"1174940027","USNH Guam","Bldg #50 Farenholt Ave","Agana Heights","GU","96910","US","6713449340","",""
"1528599867","2727 Peck Rd","","El Monte","CA","917332434","US","6263502196","",""
"1215179882","2131 N State Road 7","","Margate","FL","330635713","US","9542472168","","8446406842"
"1336889450","22999 Highway 59 N Ste 105","","Kingwood","TX","773394412","US","2813483322","","2812955214"
"1558164814","300 Stonecrest Blvd Ste 310","","Smyrna","TN","371676801","US","6292066858","13381",""
"1831893049","5716 S Dixie Hwy","","West Palm Beach","FL","334053607","US","2155708300","",""
"1831893049","1818 Sheridan St Ste 210","","Hollywood","FL","330202113","US","5617046781","",""
"1841653292","1100 Wilford Hall Loop Bldg 4554","","Jbsa Lackland","TX","782365638","US","2106715433","",""
"1467847608","23920 Katy Fwy Ste 540","","Katy","TX","774940882","US","2816448750","",""
"1619210820","2160 S 1st Ave Rm 7609","","Maywood","IL","601533328","US","7082169000","","7082160899"
"1619210820","5841 S Maryland Ave","","Chicago","IL","60637","US","7738349980","",""
"1740786862","725 Welch Rd","","Palo Alto","CA","943041601","US","","",""
"1154749182","500 S Cleveland Ave","","Westerville","OH","430818971","US","3808984411","",""
"1154749182","6001 E Broad St","","Columbus","OH","432131502","US","6142346518","",""
"1154749182","5300 N Meadows Dr","","Grove City","OH","431232546","US","6146635250","",""
"1992768220","9110 College Pointe Ct","","Fort Myers","FL","339193244","US","2392082212","",""
"1902486699","667 Eastland Ave SE","","Warren","OH","444844503","US","3307297960","",""
"1902486699","1044 Belmont Ave","","Youngstown","OH","445041006","US","3307297960","",""
"1407475379","7100 E Belleview Ave Ste G10","","Greenwood Vlg","CO","801111634","US","3037450000","1634",""
"1639733900","2925 Homebrook Ln","","Morrisville","NC","275607175","US","9194918910","",""
"1619268539","1501 E Greenville St","","Anderson","SC","296212004","US","4239262358","",""
"1962190652","5501 Delmar Blvd Ste B300","","Saint Louis","MO","631123078","US","3144696644","",""
"1437594843","9998 Crosspoint Blvd Ste 200","","Indianapolis","IN","462563307","US","3175792150","","3175792130"
"1609812643","501 Airport Rd","","Rifle","CO","816508510","US","9706251510","",""
"1952516858","838 Penn St","","Reading","PA","196021108","US","6109884838","4093",""
"1699111989","228 Saint Charles Way Ste 200","","York","PA","174024661","US","7178515503","",""
"1841246790","765 Ela Rd","Suite 305","Lake Zurich","IL","600472337","US","8474380181","",""
"1447485479","47 New Scotland Ave","Department of Surgery","Albany","NY","122083412","US","5182623125","",""
"1679513626","4100 W 15th St","","Plano","TX","750935803","US","0000000000","",""
"1679513626","7011 A C Skinner Pkwy Ste 160","","Jacksonville","FL","322566953","US","9044933333","","9044932222"
"1689832107","172 Kinsley St","","Nashua","NH","030603648","US","6038823000","","6038893774"
"1689832107","630 Eaton Ave","","Hamilton","OH","450132767","US","5138672000","","5138672119"
"1689832107","1250 S Cedar Crest Blvd Ste 405","","Allentown","PA","181036224","US","6104028420","",""
"1689832107","2400 S Avenue A","","Yuma","AZ","853647127","US","9283442000","",""
"1295774693","2131 S 17th St","","Wilmington","NC","284017407","US","9106677000","",""
"1225070584","1350 Hickory St","","Melbourne","FL","329013224","US","3214341771","","3214341775"
"1225606130","541 High St","","Westwood","MA","020901628","US","7813267700","",""
"1225606130","1 Kettle Point Ave","","East Providence","RI","029145375","US","4014571500","",""
"1225606130","103 Myron St Ste A","","West Springfield","MA","010891485","US","8889646681","","8886620859"
"1548674450","555 Towner St","","Ypsilanti","MI","481985723","US","7345443000","","7345446716"
"1134158314","2185 W 8th St","","Erie","PA","165054747","US","8147235545","",""
"1134158314","734 E Main St","","Bradford","PA","167013243","US","8147235545","",""
"1588014468","1900 Tebeau St","","Waycross","GA","315016357","US","9122833030","","9122872505"
"1952974602","539 Elm St","","Aynor","SC","295113009","US","8433585000","",""
"1356861710","375 NE 54th St Ste 1","","Miami","FL","331372900","US","4848888129","",""
"1922394998","2845 Aventura Blvd Ste 100","","Aventura","FL","331803111","US","3057490150","","3057490151"
"1922394998","4308 Alton Rd","Suite 970","Miami Beach","FL","331404556","US","3055326006","","3055325991"
"1013587153","11161 SR-70 E","Suite 100-537","Bradenton","FL","34202","US","9413631056","","9413400607"
"1881372886","11660 Round Lake Blvd NW","","Coon Rapids","MN","554332638","US","7637673350","",""
"1881372886","9245 Quantrelle Ave NE","","Otsego","MN","553300168","US","7637469492","",""
"1013204619","116 S George St","","York","PA","174011474","US","7178548617","",""
"1013204619","1 N Main St","","Shrewsbury","PA","173611321","US","7172351873","","7172352087"
"1013204619","2321 E Market St","","York","PA","174022860","US","7177551828","",""
"1013272962","80 VERMONT AVE","","OAK RIDGE","TN","378306474","US","8654824078","240","8654824960"
"1942933999","2235 E Garvey Ave N","","West Covina","CA","917911540","US","8552237123","",""
"1942933999","17462 Colima Rd","","Rowland Heights","CA","917481633","US","8552237123","","6193747134"
"1285897470","895 City Center Blvd Ste 152","","Newport News","VA","236063080","US","7575995505","",""
"1558524603","228 Saint Charles Way Ste 200","","York","PA","174024661","US","7178515503","",""
"1558524603","1201 11th Ave S","","Birmingham","AL","352053423","US","2059307100","",""
"1558524603","1701 S Creasy Ln","","Lafayette","IN","479054972","US","7658502440","",""
"1659626786","1939 W Cheltenham Ave","","Elkins Park","PA","190271046","US","2158845715","","2158841442"
"1659626786","810 Clairton Blvd Ste 100","","Pittsburgh","PA","152365505","US","4124665004","","4124667137"
"1972768620","2750 Broadway St","","Boulder","CO","803043573","US","3034403036","","3034403232"
"1841173150","2145 NE 164th St Apt 404","","North Miami Beach","FL","331624280","US","4842215928","",""
"1780693648","2669 Scenic Dr","","Alamogordo","NM","883108700","US","5754437859","","5754465068"
"1780693648","2003 Kootenai Health Way","","Coeur D Alene","ID","838146051","US","2086256900","","2086256910"
"1306847678","6161 S Yale Ave","","Tulsa","OK","741361902","US","9184940612","","9184815170"
"1053966697","2600 Tuscarawas St W Ste 340","","Canton","OH","447084694","US","3304939607","","3304939609"
"1215040381","1000 Johnson Ferry Rd","","Atlanta","GA","303421606","US","4048518000","","4043033759"
"1215040381","309 Jackson St Ste 320","","Monroe","LA","712017407","US","3189664000","",""
"1336371442","3333 W Tech Rd","","Miamisburg","OH","453420955","US","9376414000","","9376416492"
"1336371442","3535 Southern Blvd","","Dayton","OH","454291221","US","9376414000","",""
"1336371442","100 N Mario Capecchi Dr","","Salt Lake City","UT","841131103","US","3855311000","",""
"1811442593","3349 S Highway 181 Ste 13A","","Kenedy","TX","781195247","US","2108295180","",""
"1811442593","1763 Medical Way Ste B","","New Braunfels","TX","781325415","US","2108295180","",""
"1811442593","8019 S New Braunfels Ste 120","","San Antonio","TX","782351069","US","2108295180","",""
"1811442593","5000 Schertz Pkwy Ste 400","","Schertz","TX","781541457","US","2108295180","","2108295030"
"1811442593","21727 W Ih 10 Ste 202","","San Antonio","TX","782572107","US","2102454078","",""
"1811442593","3326 Oakwell Court","","SAN ANTONIO","TX","78218","US","2108295180","","2108295030"
"1366119778","17462 Colima Rd","","Rowland Heights","CA","917481633","US","8552237123","",""
"1366119778","15852 Gale Ave","","Hacienda Heights","CA","917451601","US","8552237123","",""
"1427662444","1101 Wilson Blvd Fl 6","","Arlington","VA","222092281","US","8887318994","",""
"1427662444","21 E State St Ofc 233","","Columbus","OH","432154281","US","8887318994","",""
"1629326392","1340 Hal Greer Blvd","","Huntington","WV","257013804","US","3045262000","","3045262083"
"1033690912","9796 W McDowell Rd Ste 105","","Phoenix","AZ","850374179","US","4806778282","","8444702777"
"1992012660","9150 Bereford Dr","","Baton Rouge","LA","708092403","US","2259607689","",""
"1992012660","404 Racquet Club Blvd","","Bedford","TX","760226408","US","6827383056","","6827383272"
"1699861567","933 Bay Ridge Ave","","Brooklyn","NY","112195835","US","7186823390","","7182289845"
"1699861567","327 Beach 19th St","Dept of Anesthesiology","Far Rockaway","NY","116914423","US","7188697000","","7188697000"
"1699861567","1577 Fulton St","","Brooklyn","NY","112131125","US","3479151411","",""
"1699861567","3007 Farragut Rd","","Brooklyn","NY","112101537","US","7182539355","",""
"1699861567","5091 Amboy Rd","","Staten Island","NY","103124722","US","3472860741","","7182289845"
"1669087524","555 S 18th St","","Columbus","OH","432052654","US","6147222000","",""
"1669087524","380 Butterfly Gardens Dr","","Columbus","OH","432157508","US","6147222000","",""
"1427366806","7686 N Nob Hill Rd","","Tamarac","FL","333211843","US","9545970135","","8886407837"
"1699642348","328 Minuteman Dr","","Collegeville","PA","194263492","US","4843749397","",""
"1750924999","2608 Keiser Blvd","","Reading","PA","196103333","US","6106855864","",""
"1750924999","13 Armand Hammer Blvd","Ste 300","Pottstown","PA","194645006","US","1068558646","","6109291528"
"1811464241","5828 Pearl Dr","","Evansville","IN","477128116","US","8124249291","","8124212722"
"1619749140","428 S 7th St Ste 4","","Lehighton","PA","182351818","US","6108248350","",""
"1205658739","350 Governor St","Suite 103","Green Cove Springs","FL","32043","US","9043301306","","6033866002"
"1770452583","111 Spring St","","Streator","IL","613643332","US","8156645367","","8156645204"
"1770452583","530 Park Ave E Ste 201","","Princeton","IL","613563902","US","8156645367","","8156645204"
"1770452583","920 West St Ste 112","","Peru","IL","613542765","US","8156645367","","8156645204"
"1770452583","215 E 1st St Ste 211","","Dixon","IL","610213175","US","8156645367","","8156645204"
"1770452583","1050 E Norris Dr Ste 1C","","Ottawa","IL","613501608","US","8152396308","",""
"1770452583","4040 Progress Blvd","","Peru","IL","613541124","US","8156645367","","8156645204"
"1578075347","131 Harbison Blvd Ste A","","Columbia","SC","292122226","US","8034851400","","8034851405"
"1861969305","4500 13th St","","Gulfport","MS","395012515","US","2288674000","",""
"1841378247","3133 N Millbrook Ave","","Fresno","CA","937031425","US","5596008918","",""
"1841378247","4441 E Kings Canyon Rd","","Fresno","CA","937023604","US","5596004645","",""
"1841378247","1193 Harrison St S","","Shakopee","MN","553792039","US","6125687730","",""
"1841378247","1501 E Orangewood Ave","","Phoenix","AZ","850205130","US","6025358200","",""
"1699549709","2518 Jimmy Lee Smith Pkwy","","Hiram","GA","301412068","US","4706447000","",""
"1699549709","8954 Hospital Dr","","Douglasville","GA","301342272","US","7709491500","",""
"1821634585","1581 N 9th St","","Stroudsburg","PA","183607531","US","2722120620","","8334850134"
"1124988712","12800 Mississippi Pkwy Ste A200","","Crown Point","IN","463076902","US","2196625700","","2196622569"
"1083250401","455 Executive Campus Dr","","Westerville","OH","430828870","US","6147222000","","6147223454"
"1083250401","730 W. High St","","Lima","OH","45801","US","6147222000","","6147223454"
"1083250401","433 N Cleveland Ave","","Westerville","OH","430828095","US","6147222000","","6147223454"
"1083250401","4439 State Route 159 Ste G10","","Chillicothe","OH","456017708","US","6147222000","","6147223454"
"1083250401","185 W Schrock Rd","","Westerville","OH","430812890","US","6147222000","","6147223454"
"1083250401","26 Hospital Dr","","Athens","OH","457012471","US","6147222000","",""
"1083250401","26 Hospital Dr","","Athens","OH","457012471","US","6147222000","",""
"1083250401","536 S Trimble Rd","","Mansfield","OH","449063418","US","6147222000","","6147223454"
"1083250401","5675 Venture Dr","","Dublin","OH","430172159","US","6147222000","","6147223454"
"1962006718","701 E County Line Rd Ste 204","","Greenwood","IN","461431071","US","3178820535","","3178820173"
"1194156935","1718 Patterson St","","Nashville","TN","372032926","US","6156794500","","6153201948"
"1275139974","9930 S Grand Duke Cir","","Tamarac","FL","333216328","US","3053032453","",""
"1073152930","5200 Harry Hines Blvd","","Dallas","TX","752357709","US","2145908000","",""
"1073152930","600 S Main St Ste 1.500","","Ft Worth","TX","761042410","US","8174293050","",""
"1073152930","4900 Harry Hines Blvd","","Dallas","TX","752357719","US","2145901900","",""
"1073152930","6201 Harry Hines Blvd","","Dallas","TX","753903437","US","2146334700","",""
"1073152930","1500 S Main St Fl 2","","Ft Worth","TX","761044941","US","8177023431","",""
"1073152930","5151 Harry Hines Blvd","","Dallas","TX","753903437","US","2146454700","",""
"1073152930","1801 Inwood Rd 5th Floor","","Dallas","TX","753903437","US","2146452035","",""
"1073152930","5151 Maple Ave Fl 3","","Dallas","TX","752358136","US","2145905499","",""
"1073152930","1575 S Main St","","Ft Worth","TX","761044901","US","8177028828","",""
"1073152930","4400 New York Ave","","Arlington","TX","760184817","US","8177028500","",""
"1073152930","3855 Gaskins Rd","","Henrico","VA","232331441","US","8042176363","",""
"1073152930","648 Southpark Blvd Ste B","","Colonial Heights","VA","238343632","US","8042176363","",""
"1316803075","2000 Diamond Hill Rd Ste 18","","Woonsocket","RI","028951554","US","4014707116","",""
"1659438562","130 Hill St","","Bucyrus","OH","448201511","US","5673077605","",""
"1659438562","621 S Main St","","Du Bois","PA","158011413","US","8143712197","",""
"1659438562","269 Portland Way S","","Galion","OH","448332312","US","5673077605","",""
"1811536246","6019 Oleander Dr Ste 200","","Wilmington","NC","284034813","US","9107909714","","9107911063"
"1811536246","500 Hyundai Blvd","","Montgomery","AL","361059620","US","3343878000","",""
"1457409674","433 N 4th St Ste 207","","Montebello","CA","906404309","US","3237211388","","8448099302"
"1457409674","350 Vinton Ave Ste 101","","Pomona","CA","917673000","US","9096205502","","9095060358"
"1457409674","18251 Roscoe Blvd Ste 101","","Northridge","CA","913254204","US","8184417530","","8665846538"
"1457409674","3801 Katella Ave Ste 207","","Los Alamitos","CA","907203382","US","7146980300","","7146980303"
"1457409674","50 Alessandro Pl Ste 310","","Pasadena","CA","911054000","US","6262880008","","8667414630"
"1457409674","101 E Redlands Blvd Ste 106","","Redlands","CA","923734723","US","8184848611","","8184848711"
"1457409674","2110 E El Segundo Blvd Ste 110","","El Segundo","CA","902454547","US","3103758446","","3103758489"
"1457409674","3933 Foothill Blvd Ste A","","La Crescenta","CA","912141616","US","8184848611","","8184848711"
"1457409674","3801 Katella Ave Ste 115","","Los Alamitos","CA","907203359","US","3103758446","","3103758489"
"1457409674","255 Terracina Blvd Ste 202","","Redlands","CA","923734870","US","8184848611","","8184848711"
"1457409674","300 S Harbor Blvd Ste 600","","Anaheim","CA","928053718","US","7149991465","","8885571920"
"1457409674","1910 Royalty Dr","","Pomona","CA","917673021","US","8184848611","","8184848711"
"1457409674","255 Terracina Blvd Ste 202","","Redlands","CA","923734870","US","8184848611","","8184848711"
"1457409674","23600 Telo Ave Ste 250","","Torrance","CA","905054037","US","3103758446","","3103758489"
"1457409674","4500 Brockton Ave Ste 107","","Riverside","CA","925014006","US","9512762760","","9512762960"
"1457409674","25425 Orchard Village Rd Ste 150","","Santa Clarita","CA","913552959","US","3237609757","","8336971852"
"1457409674","15211 Vanowen St Ste 201","","Van Nuys","CA","914053627","US","8185743798","","8448099305"
"1457409674","15211 Vanowen St Ste 300","","Van Nuys","CA","914053617","US","8187824104","","8447424151"
"1457409674","1505 Wilson Ter Ste 150","","Glendale","CA","912064076","US","8184848611","","8184848711"
"1457409674","11180 Warner Ave Ste 351","","Fountain Valley","CA","927087516","US","7146980300","","7146980303"
"1457409674","1801 W Romneya Dr Ste 203","","Anaheim","CA","928011824","US","7149991465","","8885571920"
"1457409674","3808 W Riverside Dr Ste 302","","Burbank","CA","915054363","US","8185387040","","8334421557"
"1457409674","2080 Century Park E Ste 1005","","Los Angeles","CA","900672013","US","3102293555","","8338601014"
"1457409674","260 E Ontario Ave Ste 101","","Corona","CA","928793508","US","9513712411","","9512840177"
"1457409674","222 W Eulalia St Ste 100C","","Glendale","CA","912042850","US","8185538160","","8668126316"
"1457409674","3933 Foothill Blvd Ste A","","LA Crescenta","CA","912141616","US","8184848611","","8184848711"
"1457409674","5525 Etiwanda Ave Ste 200","","Tarzana","CA","913566131","US","7473174148","","8662461269"
"1457409674","11550 Indian Hills Rd Ste 211","","Mission Hills","CA","913451202","US","3234109827","","8335780939"
"1457409674","1300 N Vermont Ave Ste 903","","Los Angeles","CA","900276094","US","2135708404","","8336421571"
"1457409674","10700 Santa Monica Blvd Ste 310","","Los Angeles","CA","900256588","US","4244651820","","8663478898"
"1457409674","1505 Wilson Ter Ste 200","","Glendale","CA","912064073","US","8184090105","","8668107504"
"1457409674","23961 Calle De La Magdalena Ste 501","","Laguna Hills","CA","926537622","US","9495236360","","9495236361"
"1154838530","1025 S 6th St","","Springfield","IL","627032499","US","2175257541","",""
"1154838530","7407 Conner Ln","","Edwardsville","IL","620254669","US","9133140145","",""
"1154838530","6420 Clayton Rd","","Richmond Heights","MO","631171811","US","3147688891","","3147687182"
"1902495195","5412 Courseview Dr Ste 215","","Mason","OH","450402410","US","5132041910","","5135481556"
"1902495195","195 Ballenger Rd","","Jamestown","KY","426297803","US","5132923683","",""
"1598239246","7309 N Knoxville Ave","","Peoria","IL","616142085","US","3093200032","",""
"1407552250","800 Rose St","","Lexington","KY","405360293","US","8593235956","",""
"1174061675","1169 Eastern Pkwy Ste 3443","","Louisville","KY","402171421","US","5024565089","",""
"1063650570","2520 Associates Way","","Evans","GA","308093106","US","7069226550","",""
"1760946669","8918 W 64th Pl Apt 302","","Merriam","KS","662023688","US","3149549951","",""
"1356932446","1466 W Oak St","","Zionsville","IN","460771800","US","8663892727","","3178007730"
"1578869665","11601 Plantside Dr","","Louisville","KY","402996364","US","8124621720","","8122323062"
"1295540268","345 Blackstone Blvd","","Providence","RI","029064800","US","4012730641","",""
"1295540268","455 Toll Gate Rd","","Warwick","RI","028862759","US","4012730641","",""
"1295540268","234 Copeland St Ste 320","","Quincy","MA","021694082","US","6174794545","",""
"1154028298","444 Butterfly Gardens Dr","","Columbus","OH","432153427","US","6147222000","",""
"1295870624","4887 Williams Dr Ste 107","","Georgetown","TX","786332440","US","5125887008","",""
"1508622077","609 NE Baker St Ste 140","","McMinnville","OR","971284907","US","5034720848","",""
"1316646706","6404 Groom Rd","","Baker","LA","707144364","US","2256149065","",""
"1659225837","5710 General Washington Dr Ste A","","Alexandria","VA","223122416","US","2027233000","","2027233303"
"1659225837","7474 Greenway Center Dr Ste 1200","","Greenbelt","MD","207703521","US","2027233000","",""
"1003760802","3635 Bell Blvd Ste 203","","Bayside","NY","113612097","US","7185049256","49256",""
"1447884499","971 N Gilbert Rd Ste 101","","Gilbert","AZ","852343481","US","4805598089","","3175208200"
"1447388194","800 Rose St","","Lexington","KY","405360293","US","8593235956","",""
"1124974738","740 Maple Dr","","Saint Croix Falls","WI","540249125","US","7154839824","",""
"1689641995","34 Maple St","","Norwalk","CT","068503815","US","2038522000","",""
"1629924238","11133 Dunn Rd","","Saint Louis","MO","631366163","US","3146535000","",""
"1316893928","7000 Cobble Crk","","Pensacola","FL","325048638","US","8504781312","","8504749060"
"1689520298","500 W Onondaga St","","Syracuse","NY","132043225","US","3154759164","",""
"1881289221","14949 62nd St N","","Stillwater","MN","550826132","US","7636919002","",""
"1881289221","17850 Kenwood Trl Ste 222","","Lakeville","MN","550447039","US","7636919002","",""
"1881289221","3300 4th Ave Bldg 14","","Anoka","MN","553031161","US","7636919002","",""
"1598733859","184 Unser Blvd NE","","Rio Rancho","NM","87124","US","5058960928","",""
"1598733859","7704 2nd St NW Ste A","","Albuquerque","NM","871076755","US","5058901458","",""
"1740312370","1810 Billy G Webb Ste A","","Portland","TX","783743707","US","3619941166","",""
"1033233192","10100 SE Sunnyside Rd","","Clackamas","OR","970158970","US","8008132000","",""
"1972063493","130 Fisher Rd Unit 1","","Berlin","VT","056028132","US","8023714264","",""
"1972063493","75 Beekman St","","Plattsburgh","NY","129011438","US","5185612000","",""
"1518543503","3600 Minnesota Dr Ste 800","","Edina","MN","554357915","US","9525951100","",""
"1285096701","1201 Michigan Ave Ste 270","","Logansport","IN","469471530","US","5747224921","",""
"1891498069","1150 Cocoa Ave","","Hershey","PA","170331712","US","7173146015","",""
"1548062888","2719 N Air Fresno Dr","","Fresno","CA","937271547","US","5596009180","",""
"1548062888","1925 E Dakota Ave","","Fresno","CA","937264821","US","5596009180","",""
"1548221609","934 Center St","","Elgin","IL","601202125","US","8474298998","",""
"1073253050","603 E LaMar St","","Americus","GA","317093737","US","2299283444","",""
"1073253050","6600 Van Aalst Blvd","","Fort Benning","GA","319052102","US","7624082273","",""
"1235980947","1117 22nd St S Ste 106","","Birmingham","AL","352052813","US","2052109355","",""
"1740505007","20 York St","","New Haven","CT","065103220","US","2036882470","","2036884516"
"1740505007","10700 Santa Monica Blvd Ste 310","","Los Angeles","CA","900256588","US","4244651820","","8663478898"
"1245762020","3916 S Sunnylane Rd","","Del City","OK","731153656","US","4056773378","","4059303941"
"1376172890","211 NE 54th St Ste 201","","Kansas City","MO","641184330","US","8164536777","","8164543601"
"1962081877","725 Welch Rd","","Palo Alto","CA","943041601","US","6504978000","",""
"1609405877","13001 E 17th Pl","","Aurora","CO","800452570","US","3037241784","",""
"1841753563","8550 NE 138th Ln Ste 401","","Lady Lake","FL","321598957","US","3526744136","",""
"1558115691","4282 Genesee Ave Ste 302","","San Diego","CA","921174985","US","8582840070","","8582840071"
"1659337764","650 Joel Dr","","Fort Campbell","KY","422235318","US","2707898000","",""
"1508420639","919 Locke St","","San Antonio","TX","782082127","US","2106448700","","2107024326"
"1164489761","606 Black River Rd Ste 101","","Georgetown","SC","294403304","US","8435455927","","8435204780"
"1164489761","606 Black River Rd Ste 100","","Georgetown","SC","294403304","US","8435271800","","8435276528"
"1164489761","2200 Crow Ln Ste 203","","Myrtle Beach","SC","295771663","US","8438485200","","8438485001"
"1164489761","4040 Highway 17 Ste 101 and 105","","Murrells Inlet","SC","295765098","US","8436528160","","8436528161"
"1164489761","4040 Highway 17 Unit 206","","Murrells Inlet","SC","295765098","US","8436528260","","8436528269"
"1396062519","680 N Lake Shore Dr Ste 1200","","Chicago","IL","60611","US","3124409400","","3124400423"
"1144718586","1565 Cedar St NE","","Grand Rapids","MI","495031329","US","3032141126","",""
"1831773654","4251 Kipling St Unit 560","","Wheat Ridge","CO","800336800","US","7209842115","",""
"1831773654","2350 17th Ave Ste 107","","Longmont","CO","805031738","US","7209842115","",""
"1306335062","19855 Outer Dr","","Dearborn","MI","481242022","US","3133591977","","3137301677"
"1457644791","987 Redwood Dr","","Asheboro","NC","272050926","US","9105289943","",""
"1770221640","6101 Blue Lagoon Dr Ste 200","","Miami","FL","331263168","US","3055002000","","7865229018"
"1184984478","725 Albany St","Suite 6B","Boston","MA","021182526","US","6174145951","",""
"1023675337","245 Chapman St Ste 300","","Providence","RI","029054539","US","4014445280","",""
"1215629878","2350 17th Ave Ste 107","","Longmont","CO","805031738","US","7209842115","",""
"1215629878","4251 Kipling St Unit 560","","Wheat Ridge","CO","800336800","US","7209842115","",""
"1386172161","20306 Badger Ln","","Onancock","VA","234171224","US","7574140400","","7574140569"
"1386172161","25228 Lankford Highway","","Onley","VA","23418","US","7574140400","","7574140569"
"1386172161","17068 Lankford Highway","","Eastville","VA","23347","US","7574140400","","7574140569"
"1386172161","4049 Main St","","Chincoteague","VA","233362406","US","7574140400","","7574140569"
"1295096360","52 Underwood St","","Orlando","FL","328061110","US","8888050085","","3128967623"
"1295096360","1300 Sentara Park # 3","","Virginia Beach","VA","234645884","US","7572523050","",""
"1295096360","1401 Jefferson Hwy","","New Orleans","LA","701212426","US","5048424000","",""
"1295096360","80 W Lucerne Cir","","Orlando","FL","328013779","US","3379919276","",""
"1295096360","1401 Roosevelt Ave","","York","PA","174042244","US","8772325807","",""
"1295096360","2332 Galiano St Fl 2","","Coral Gables","FL","331345402","US","3379919276","",""
"1649473489","200 Highway 12 E","","Starkville","MS","397593766","US","6622347601","",""
"1649473489","117 Fountains Blvd Ste 1","","Madison","MS","391106317","US","6622347601","",""
"1649473489","9035 E Sandidge Rd Ste 201","","Olive Branch","MS","386543563","US","6622347601","",""
"1649473489","4428 S Eason Blvd","","Tupelo","MS","388016506","US","6622347601","",""
"1649473489","101 Aldersgate Cir","","Hattiesburg","MS","394021301","US","6622347601","",""
"1649473489","1641 Popps Ferry Rd Ste A3","","Biloxi","MS","395322226","US","6622347601","",""
"1649473489","1203 Medical Park Dr","","Oxford","MS","386555327","US","6622347601","",""
"1922235613","1200 N Elm St","","Greensboro","NC","274011004","US","3368326160","","3368326165"
"1467342659","1083 N Pacific Hwy","","Woodburn","OR","970713732","US","3602551414","","9712394279"
"1407052376","1700 Lindberg Rd","","West Lafayette","IN","479067317","US","7654645600","",""
"1407052376","2402 South St","","Lafayette","IN","479043063","US","7654469229","",""
"1407052376","2201 Cason St","","Lafayette","IN","479042613","US","7654474102","",""
"1407052376","1205 N 14th St","","Lafayette","IN","479042024","US","7654234861","",""
"1407052376","2741 N Salisbury St","","West Lafayette","IN","479061431","US","7654637546","",""
"1407052376","3920 St Francis Way Ste 209","","Lafayette","IN","47905","US","7657752830","",""
"1407052376","1701 S Creasy Ln","","Lafayette","IN","479054972","US","7655024400","",""
"1407052376","741 Park East Blvd","","Lafayette","IN","479050797","US","7654463540","",""
"1407052376","1750 S Creasy Ln","","Lafayette","IN","479054911","US","7654476600","",""
"1407052376","1051 Cumberland Ave","","West Lafayette","IN","479061447","US","7654232571","",""
"1407052376","502 W Jackson St","","Mulberry","IN","460589538","US","7652962911","",""
"1659301992","6600 State Highway 29 South","","Alexandria","MN","56308","US","3207638888","","3202007478"
"1659301992","20635 Kuykendahl Rd","","Spring","TX","773793533","US","2813171118","",""
"1306043716","2320 N Lake Dr","Suite 3603","Milwaukee","WI","532114507","US","4142704932","","4142915195"
"1649652470","114 Woodland St","","Hartford","CT","061051208","US","2034263002","",""
"1861780660","1331 H St NW","","Washington","DC","200054706","US","8888033370","","5707556627"
"1861780660","1 Research Ct","","Rockville","MD","208503221","US","8888033370","","5707556627"
"1861780660","PO Box 1292","","Salem","OH","444608292","US","2202706090","","5707556627"
"1992146088","3010 Fountain Drive","","Conway","AR","720343684","US","5013280055","","5013282194"
"1376151670","13774 70th Rd","","Flushing","NY","113671930","US","9172706882","",""
"1376151670","1268 E 14th St","","Brooklyn","NY","112305241","US","7183820045","","7183820051"
"1245783257","101 S Fairview Rd","","Columbia","MO","652037637","US","5738824464","","5738848142"
"1245783257","1800 E Lake Shore Dr","","Decatur","IL","625213810","US","2174645811","","2174641318"
"1245783257","6000 Hospital Dr","","Hannibal","MO","634016887","US","5736293342","","5736293432"
"1629400627","776 E Green St Ste 205","","Pasadena","CA","911015405","US","6267657506","",""
"1033096706","5000 Hennessy Blvd","","Baton Rouge","LA","708084375","US","2257656565","",""
"1750514485","28050 Grand River Ave","","Farmington Hills","MI","483365919","US","2485516689","","2484718896"
"1487534962","133 Mathewson St Ste 101","","Providence","RI","029031858","US","4014847465","",""
"1336244227","6 Kilmer Rd Unit A114","","Edison","NJ","088172432","US","9087209191","","8459993661"
"1427450519","2100 Stantonsburg Rd","","Greenville","NC","278342818","US","2528474100","",""
"1699446757","1672 Casarin Ave","","Simi Valley","CA","930654515","US","8055224891","",""
"1699446757","4955 Alta St","","Simi Valley","CA","930632452","US","8057913725","",""
"1750005849","24910 Las Brisas Rd Ste 111","","Murrieta","CA","925624010","US","9516948549","",""
"1114178563","4502 Medical Dr","","San Antonio","TX","782294402","US","2103584000","",""
"1528933884","2350 17th Ave Ste 107","","Longmont","CO","805031738","US","7209842115","",""
"1528933884","4251 Kipling St Unit 560","","Wheat Ridge","CO","800336800","US","7209842115","",""
"1821340985","2215 Fuller Rd","","Ann Arbor","MI","481052303","US","7347697100","",""
"1245567866","4049 Main St","","Chincoteague","VA","233362406","US","7574140400","1115","7574140589"
"1245567866","20306 Badger Ln","","Onancock","VA","234171224","US","7574140400","1115","7574140569"
"1245567866","5219 Lankford Hwy","","New Church","VA","234153332","US","7574140400","1115","7574140569"
"1407932031","700 NE 13th St","","Oklahoma City","OK","731045004","US","4052714700","",""
"1881771574","375 Wampanoag Trl","","Riverside","RI","029152232","US","4016494050","","4016494051"
"1881771574","593 Eddy St","","Providence","RI","029034923","US","4016494050","","4016494051"
"1336652411","7777 Steubenville Pike","","Oakdale","PA","150713409","US","4124945500","",""
"1336652411","720 Blackburn Rd","","Sewickley","PA","151431459","US","8777714847","",""
"1396214508","2255 Glades Rd Ste 324A","","Boca Raton","FL","334318571","US","5619752990","",""
"1124562368","10P Gill St","","Woburn","MA","018011721","US","7819232888","",""
"1841354081","2 Bala Plz Ste Pl33","","Bala Cynwyd","PA","190041501","US","6106456314","","6106459923"
"1609414168","3916 S Sunnylane Rd","","Del City","OK","731153656","US","4056773378","","4059303941"
"1700864675","104 Crescent Dr","","Lebanon","MO","655363301","US","4175885885","",""
"1154838027","527 Ocean Ave Ste 19","","Portland","ME","041034972","US","2075737424","",""
"1154838027","21600 Oxnard St Ste 1800","","Woodland Hills","CA","913677807","US","8183452345","",""
"1073152369","7280 NW 87th Ter Ste 208","","Kansas City","MO","641539803","US","8554445664","",""
"1285225763","1957 Ohio Dr","","Grove City","OH","431234835","US","6143665671","","6146887581"
"1770123820","1565 Saxon Blvd Ste 202","","Deltona","FL","327255836","US","3862595529","","3868510664"
"1457122970","1130 Ten Rod Rd Ste B201","","North Kingstown","RI","028524129","US","4012943990","",""
"1013875657","1102 S Main St","","London","KY","407411529","US","6067705121","",""
"1992394860","3609 Hughes St","","Huntington","WV","257041952","US","3045257851","","3045251073"
"1992394860","511 Morris St","","Charleston","WV","253011326","US","3045257851","","3045251073"
"1104577790","760 Pasquinelli Dr Ste 314","","Westmont","IL","605595537","US","7083579747","",""
"1306657820","950 W Bannock St Ste 1100","","Boise","ID","837026140","US","3232057088","",""
"1306657820","999 W Main St Ste 100","","Boise","ID","837029001","US","2083141503","",""
"1568321461","119 Belmont St","","Worcester","MA","016052903","US","7744416468","",""
"1063006070","16356 County Road 41","","Addison","AL","355402416","US","2567471186","",""
"1710301189","525 E 68th St","","New York","NY","100654870","US","2127465454","",""
"1316243868","405 W Grand Ave","","Dayton","OH","454057538","US","9377233276","","9377233277"
"1043542749","9601 165th St","Suite #6","Orland Park","IL","604675660","US","7085744547","",""
"1679270904","191 W Wilbur Rd Ste 102","","Thousand Oaks","CA","913604324","US","8053716377","98334",""
"1215883848","2960 Hartnell Ave","","Redding","CA","960022312","US","5302458123","","5306054902"
"1427515485","12201 Pecos St Ste 500","","Westminster","CO","802343995","US","3034574497","",""
"1205693801","650 S Courtenay Pkwy Ste 100","","Merritt Island","FL","329524977","US","3214201555","","3212088782"
"1669328324","2450 E Ft Union Blvd","","Cottonwood Heights","UT","841213337","US","8016695888","","8016695889"
"1750237376","5825 Gulfton St Apt 3203","","Houston","TX","770812525","US","2812243968","",""
"1235085861","997 Platte River Blvd","","Brighton","CO","806014392","US","3036591046","",""
"1144176777","444 Georgia St","","Vallejo","CA","945906005","US","7075630157","",""
"1851247480","554 Sargent St Ste 2","","Beatrice","NE","683101201","US","4024673200","",""
"1851247480","117 W 1st St","","York","NE","684674217","US","4024763200","",""
"1922954551","1600 Payton Gin Rd","","Austin","TX","787586506","US","3615109188","",""
"1629924253","810 N Hill St Ste 3","","Tatum","TX","756911740","US","9039472020","",""
"1063545317","415 S 28th Ave","","Hattiesburg","MS","394017246","US","6012685650","","6015795240"
"1063545317","311 E SPRUCE ST","","GARDEN CITY","KS","67846","US","6202753700","",""
"1063545317","550 N Hillside St","","Wichita","KS","672144910","US","6012685650","","6015795240"
"1922683515","4201 Long Beach Blvd Ste 203","","Long Beach","CA","908072020","US","5629977100","","5629819423"
"1306349295","1507 Spring St","","Jeffersonville","IN","471302939","US","8129016881","","8122858392"
"1306349295","1143 Fairway St Ste 103","","Bowling Green","KY","421032452","US","8129016881","","8122858392"
"1689133969","4401 Garth Rd","","Baytown","TX","775212122","US","2814208600","",""
"1508444589","41000 Woodward Ave","","Bloomfield Hills","MI","483045130","US","2488501000","",""
"1689376667","260 Hospital Dr Ste 103","","Ukiah","CA","954824568","US","7074637495","",""
"1184185969","20803 Biscayne Blvd Ste 204","","Aventura","FL","331801429","US","9542657900","","9542760266"
"1841618543","5150 Centre Ave Rm 463","","Pittsburgh","PA","152321309","US","4126486413","",""
"1841723715","8149 Sheldon Rd # Apr204","","Elk Grove","CA","957581282","US","9165854076","",""
"1073738324","640 W Washington St","","Pittsfield","IL","623631350","US","2172238400","",""
"1073738324","1102 N County Road 700","","Warsaw","IL","623793011","US","2172238400","",""
"1073738324","100 Medical Dr","","Hannibal","MO","634016877","US","2172285521","","2172238231"
"1073738324","1005 Broadway St","","Quincy","IL","623012834","US","2172238400","",""
"1760062665","14642 Newport Ave Ste 105","","Tustin","CA","927806058","US","9493333833","",""
"1073570966","76 Peachtree Rd Ste 210","","Asheville","NC","288033506","US","8282108284","","8283507516"
"1962066688","1104 E Lincoln Rd","","Idabel","OK","747457364","US","9037853300","","9037853310"
"1962066688","103 Medical Cir Bldg 3","","Sulphur Springs","TX","754822138","US","9037853300","","9037853310"
"1700469335","921 Gessner Rd","","Houston","TX","770242501","US","7132433000","",""
"1821222829","600 East Blvd 4th Fl Hospitalists Ste","","Elkhart","IN","465142483","US","5746473050","",""
"1821222829","100 Navarre Pl Ste 4440","","South Bend","IN","466011171","US","5746475300","","5746475305"
"1821222829","621 Memorial Dr Ste 624","","South Bend","IN","466011063","US","5746478177","","5746478536"
"1821222829","1020 High Rd","","Bremen","IN","465061093","US","5743099967","","5743099968"
"1821222829","100 Navarre Pl Ste 5500","","South Bend","IN","466011172","US","5746475200","","5746475210"
"1821222829","621 Memorial Dr Ste 511","","South Bend","IN","466011075","US","5745445581","",""
"1821222829","615 N Michigan St 1st Fl Hospitalist Ste","","South Bend","IN","466011033","US","5746473050","","5746471094"
"1821222829","3221 Beacon Pkwy","","Granger","IN","465307196","US","5746471670","","5746476927"
"1821222829","2222 Rieth Blvd Suite 104","","Goshen","IN","465265869","US","5748751082","","5748753860"
"1821222829","200 E Jackson Blvd Ste 130","","Elkhart","IN","465163513","US","5743895565","","5743895566"
"1821222829","615 N Michigan St Fl 1","","South Bend","IN","466011033","US","5746473050","",""
"1821222829","3220 Beacon Pkwy Ste 200","","Granger","IN","465307196","US","5749998838","","5749998839"
"1821222829","1753 Fulton St","","Elkhart","IN","465141927","US","5742939448","","5742939480"
"1821222829","100 Navarre Pl Ste 4460","","South Bend","IN","466011168","US","5746478610","",""
"1821222829","621 Memorial Dr Ste 302","","South Bend","IN","466011073","US","5742469350","",""
"1821222829","2222 Rieth Blvd Ste 102","","Goshen","IN","465265869","US","5742141004","","5743099968"
"1346696028","1304 Fawcett Ave Ste 100","","Tacoma","WA","984021900","US","2537614200","",""
"1346696028","3299 Woodburn Rd Ste 110","","Annandale","VA","220037310","US","7038499050","",""
"1346696028","6211 Centreville Rd # 400M","","Centreville","VA","201212641","US","7032044411","",""
"1346696028","757 Westwood Plz","","Los Angeles","CA","900953220","US","3103016800","","3107949035"
"1346696028","3300 Gallows Rd","","Falls Church","VA","220423307","US","7036984444","",""
"1306410246","950 W Bannock St Ste 1000","","Boise","ID","837026139","US","9074443928","43928",""
"1306410246","1075 S Check St Ste 211","","Wasilla","AK","996548067","US","9074443928","",""
"1306410246","101 Park Ave Ste 1300","","Oklahoma City","OK","731027216","US","9074443928","",""
"1306410246","600 Superior Ave Ste 1300","","Cleveland","OH","441142654","US","9074443928","43928",""
"1306410246","7280 NW 87th Ter Ste C-210","","Kansas City","MO","641533720","US","9074443928","",""
"1306410246","721 Depot Dr Ste 100","","Anchorage","AK","995011615","US","9074443928","",""
"1871728956","5301 Cowhorn Creek Rd","","Texarkana","TX","755039751","US","3182125860","","3182125865"
"1164046595","3830 Woodley Rd Ste B","","Toledo","OH","436061177","US","4194739380","",""
"1083272298","7280 NW 87th Ter Ste 208","","Kansas City","MO","641539803","US","8554445664","",""
"1992699086","18593 Business 13 Ste 104-106","","Branson West","MO","657379659","US","4177615271","","4172723022"
"1619911575","2251 N Squirrel Rd Ste 301","","Auburn Hills","MI","483264608","US","2483449110","","8333140467"
"1619911575","25500 Meadowbrook Rd Ste 215","","Novi","MI","48375","US","2483449110","","2483449111"
"1619911575","17900 23 Mile Rd Ste 406","","Macomb","MI","480441161","US","2483449110","","8333140468"
"1619911575","23829 Little Mack Ave Ste 200","","Saint Clair Shores","MI","480801188","US","2483449110","","8333721226"
"1619911575","22731 Newman St Ste 250","","Dearborn","MI","481241930","US","2483449110","","8446325949"
"1619911575","4550 Investment Dr Ste 210","","Troy","MI","480986334","US","2483449110","","8445968313"
"1194174474","1525 Wampanoag Trl","","Riverside","RI","029151038","US","4017240600","",""
"1104275015","3103 Airport Blvd Ste 410","","Mobile","AL","366063658","US","8502025814","2554","8502020600"
"1104275015","PO Box 689022","","Franklin","TN","370689022","US","6154657390","","6156286877"
"1033649439","50 N Perry St","","Pontiac","MI","48342","US","3313303994","",""
"1326934332","14911 National Ave Ste 6","","Los Gatos","CA","950322632","US","8312603591","","8007855318"
"1326934332","416B Main St","","Salinas","CA","939013306","US","8318007887","","8319987155"
"1265092605","510 Kreag Rd Ste 4","","Pittsford","NY","145343706","US","5859222310","",""
"1235026022","1906 Belleview Ave SE","","Roanoke","VA","240141838","US","5409817000","",""
"1235026022","3024 New Bern Ave","","Raleigh","NC","276101247","US","9193508000","",""
"1346561677","3980 Jiles Rd NW","","Kennesaw","GA","301441109","US","6785040100","",""
"1154736239","500 N Kobayashi Ste F","","Webster","TX","775984722","US","2818163092","",""
"1154736239","2222 Greenhouse Rd Ste 300","","Houston","TX","770847288","US","3462505600","",""
"1154736239","500 N Kobayashi Ste A","","Webster","TX","775984722","US","2817247341","",""
"1154736239","8520 Broadway St Ste 200","","Pearland","TX","775847716","US","2814854050","","2814856850"
"1154327799","600 N Kobayashi Ste 110","","Webster","TX","775984841","US","2813381701","",""
"1154327799","500 N Kobayashi Ste C","","Webster","TX","775984722","US","2818163092","",""
"1154327799","600 N Kobayashi Ste 309","","Webster","TX","775984841","US","2817248332","",""
"1063082642","888 W New Rd","","Greenfield","IN","461407304","US","3174686112","",""
"1801151949","1600 SW Archer Rd","","Gainesville","FL","326103003","US","8032614070","",""
"1801151949","801 S. Washington St.","NICU","Naperville","IL","605407430","US","6305273234","","6305273450"
"1801151949","4440 W 95th St Ste 3192H","","Oak Lawn","IL","604532600","US","7086845685","","7086844712"
"1386958858","2501 Paredes Rd Ste B9","","Brownsville","TX","785261194","US","9565517174","",""
"1134138761","7640 Wolf River Cir Fl 2","","Germantown","TN","381381713","US","9017550208","",""
"1134138761","6019 Walnut Grove Rd","Baptist Memorial Hospital","Memphis","TN","38120","US","9012265000","",""
"1992537062","206 S Stratford Ave Ste A","","Santa Maria","CA","934545901","US","8057393805","","8057393806"
"1992537062","1075 E Betteravia Rd Ste 201","","Santa Maria","CA","934547023","US","8056217714","",""
"1427832617","8700 Beverly Blvd","","West Hollywood","CA","900481804","US","3104236746","","3104237596"
"1427832617","1275 York Ave","","New York","NY","100656007","US","3324007097","",""
"1578674065","11 Rock Row Ste 320","","Westbrook","ME","040924877","US","2073033300","","2072502139"
"1578674065","155 Borthwick Ave Ste C","","Portsmouth","NH","038017156","US","6038280100","","6038280111"
"1578674065","2 Independence Dr","","Kennebunk","ME","040436078","US","2073033300","","2072502144"
"1578674065","105 Topsham Fair Mall Rd Unit 1","","Topsham","ME","040861773","US","2073033300","","2072502137"
"1578674065","11 Rock Row Ste 120","","Westbrook","ME","040924877","US","2073033300","","2072502139"
"1972117679","1765 Lininger Ln","","North Liberty","IA","523172335","US","3193564658","","3193563949"
"1972117679","2055 Oakdale Rd","","Coralville","IA","522414704","US","3192480037","","3198872944"
"1518793587","815 W Broad St Ste 200","","Columbus","OH","432221478","US","6147170822","",""
"1316420995","1763 Medical Way Ste B","","New Braunfels","TX","781325415","US","2108295180","",""
"1316420995","3349 S Highway 181 Ste 13A","","Kenedy","TX","781195247","US","2108295180","",""
"1316420995","3320 Oakwell Ct","","San Antonio","TX","782183128","US","2108295180","","2108295030"
"1316420995","21727 Ih 10 W Fl 2","","San Antonio","TX","782572106","US","2108295180","",""
"1316420995","3326 Oakwell Court","","SAN ANTONIO","TX","78218","US","2108295180","","2108295030"
"1316420995","5000 Schertz Pkwy Ste 400","","Schertz","TX","781541457","US","2108295180","","2108295030"
"1396394581","2737 Centerview Drive Knight Building","","Tallahassee","FL","323990001","US","9414850121","",""
"1245713312","102 Carrol Rd","","St Charles","IL","601745510","US","6306873836","",""
"1669668240","28480 Bobtown Rd","","Melfa","VA","234103508","US","7577897777","",""
"1669668240","20330 Warrior Dr","","Onley","VA","234183060","US","7577873494","",""
"1669668240","24023 Fairview Rd","","Cape Charles","VA","233102153","US","7573311048","",""
"1669668240","4208 Seaside Rd","","Exmore","VA","233502575","US","7577899734","",""
"1669668240","24501 Parksley Rd","","Parksley","VA","234212519","US","7576651159","",""
"1669668240","9159 Franktown Road","","Franktown","VA","23354","US","7574424819","","7574429505"
"1669668240","5219 Lankford Hwy","","New Church","VA","234153332","US","7578245676","",""
"1194059030","3326 Oakwell Court","","SAN ANTONIO","TX","78218","US","2108295180","","2108295030"
"1194059030","3320 Oakwell Ct","","San Antonio","TX","782183128","US","2108295180","","2108295030"
"1194059030","8019 S New Braunfels Ste 120","","San Antonio","TX","782351069","US","2108295180","",""
"1194059030","3349 S Highway 181 Ste 13A","","Kenedy","TX","781195247","US","2108295180","",""
"1194059030","21727 Ih 10 W Fl 2","","San Antonio","TX","782572106","US","2108295180","",""
"1194059030","5000 Schertz Pkwy Ste 400","","Schertz","TX","781541457","US","2108295180","","2108295030"
"1447620984","5000 Schertz Pkwy Ste 400","","Schertz","TX","781541457","US","2108295180","","2108295030"
"1447620984","3326 Oakwell Court","","SAN ANTONIO","TX","78218","US","2108295180","","2108295030"
"1447620984","1763 Medical Way Ste B","","New Braunfels","TX","781325415","US","2108295180","",""
"1447620984","3320 Oakwell Ct","","San Antonio","TX","782183019","US","2108285180","","2108295030"
"1447620984","3349 S Highway 181 Ste 13A","","Kenedy","TX","781195247","US","2108295180","",""
"1447620984","8019 S New Braunfels Ste 120","","San Antonio","TX","782351069","US","2108295180","",""
"1548049513","8019 S New Braunfels Ste 120","","San Antonio","TX","782351069","US","2108295180","",""
"1548049513","1763 Medical Way Ste B","","New Braunfels","TX","781325415","US","2108295180","",""
"1548049513","3326 Oakwell Court","","SAN ANTONIO","TX","78218","US","2108295180","","2108295030"
"1548049513","5000 Schertz Pkwy Ste 400","","Schertz","TX","781541457","US","2108295180","","2108295030"
"1548049513","3320 Oakwell Ct","","San Antonio","TX","782183128","US","2108295180","","2108295030"
"1548049513","3349 S Highway 181 Ste 13A","","Kenedy","TX","781195247","US","2108295180","",""
"1679724819","8383 NE Sandy Blvd","Suite 205","Portland","OR","972204948","US","5032530964","",""
"1164504643","14750 SW 26th St Ste 208","","Miami","FL","331855936","US","7866154750","",""
"1164504643","6383 10th Ave N Ste E","","Greenacres","FL","334631689","US","5614295794","",""
"1134097785","601 S Lake Destiny Rd Ste 350","","Maitland","FL","327517222","US","4076476555","",""
"1992881338","3674 S Washington St","","Grand Forks","ND","582015766","US","7012053000","","7017322501"
"1992881338","206 W Rockwell Ave","","Soldotna","AK","996697439","US","9073357500","",""
"1033515846","145 Don Pasqual Rd NW","","Los Lunas","NM","870318841","US","5058737400","",""
"1811979974","1051 Gause Blvd.","Suite 230","Slidell","LA","70458","US","9856417577","","9856430826"
"1801198726","2131 S 17th St","","Wilmington","NC","284017407","US","9107729202","402","9107729452"
"1801198726","1411 Physicians Dr","","Wilmington","NC","284017338","US","9103430811","","9103435719"
"1144182916","11709 Old Ballas Rd Ste 105","","Saint Louis","MO","631417029","US","3142001366","","3142827708"
"1497225437","340 Rancheros Dr Ste 166","","San Marcos","CA","920692980","US","7607443672","",""
"1497225437","1382 Blue Oaks Blvd Ste 213","","Roseville","CA","956787052","US","8774128031","",""
"1366305443","3210 Long Beach Blvd","","Long Beach","CA","908075062","US","5625486565","",""
"1356328975","700 NE 13th St","","Oklahoma City","OK","731045004","US","4052713741","",""
"1356328975","1 Medical Center Dr","","Lebanon","NH","037560001","US","6036505000","",""
"1356328975","1001 Sam Perry Blvd","","Fredericksburg","VA","224014453","US","5407415610","",""
"1356328975","3600 Minnesota Dr Ste 800","","Edina","MN","554357915","US","9525951100","","6122944903"
"1356328975","101 Hospital Center Blvd","","Stafford","VA","225546200","US","5407415610","",""
"1942716410","7280 NW 87th Ter Ste 208","","Kansas City","MO","641539803","US","8554445664","",""
"1497524789","7711 N Military Trl Ste 214","","West Palm Beach","FL","334106506","US","5619433303","57684",""
"1427914746","31 Rancho Camino Dr Fl 2","","Pomona","CA","917667030","US","9096180974","",""
"1083328975","563 W 500 S Ste 440","","Bountiful","UT","840108296","US","8012526032","",""
"1205390242","1237 Harding Pl","Ste 4300","Charlotte","NC","28204","US","7043730212","",""
"1205390242","10650 Park Rd","","Charlotte","NC","282108538","US","7046673840","",""
"1205390242","200 Medical Park Dr","Ste 230","Concord","NC","280252982","US","7044031349","",""
"1205390242","222 Herlong Ave S","","Rock Hill","SC","297321158","US","8033291234","","8033281785"
"1770344640","5024 Campbell Blvd Ste R","","Nottingham","MD","212365943","US","6673540400","40400",""
"1295706570","18791 John J Williams Hwy Ste 1","","Rehoboth Beach","DE","199719435","US","3026452300","","3026452355"
"1841477163","1968 Peachtree Rd NW","","Atlanta","GA","303091281","US","4043511745","","4043517121"
"1740093970","80 SW 8th St","","Miami","FL","331303003","US","3232057088","","8334190181"
"1164560595","600 N Kobayashi Ste 312","","Webster","TX","775984841","US","2817248296","","2817241858"
"1164560595","600 N Kobayashi Ste 309","","Webster","TX","775984841","US","2817248332","",""
"1164560595","14100 Southwest Fwy Ste 500","","Sugar Land","TX","774783483","US","2817491010","",""
"1164560595","500 N Kobayashi Ste C","","Webster","TX","775984722","US","2818163092","",""
"1164560595","4615 Southwest Fwy Ste 900","","Houston","TX","770277191","US","3462505650","",""
"1164560595","500 N Kobayashi Ste A","","Webster","TX","775984722","US","2817247341","",""
"1164560595","600 N Kobayashi Ste 110","","Webster","TX","775984841","US","2813381701","",""
"1164560595","4615 Southwest Fwy Ste 1000","","Houston","TX","770277108","US","3467398060","","3462003256"
"1427513167","1800 JFK Blvd","","Philadelphia","PA","191037421","US","8883962175","",""
"1427513167","3830 Sun City Center Blvd Ste N105","","Sun City Center","FL","335736820","US","8136346155","",""
"1154694065","25228 Lankford Highway","","Onley","VA","23418","US","7574140400","","7574140569"
"1154694065","5219 Lankford Hwy","","New Church","VA","234153332","US","7574140400","","7574140569"
"1154694065","4049 Main St","","Chincoteague","VA","233362406","US","7574140400","","7574140569"
"1154694065","17068 Lankford Highway","","Eastville","VA","23347","US","7574140400","","7574140569"
"1164565289","1510 N Westshore Blvd","","Tampa","FL","336074506","US","8136399747","","8136399397"
"1164565289","4359 35th St N","","St Petersburg","FL","337143717","US","7275253959","53959",""
"1346741279","1592 Granville Pike","","Lancaster","OH","431301076","US","7407850603","","7406877070"
"1346741279","220 E Walnut St","","Lancaster","OH","431304464","US","7402776043","","7402777595"
"1033065677","3400 McCall Ave Ste 104","","Selma","CA","936622560","US","8553431057","",""
"1033065677","380 & 386 Coalinga Plaza","","Coalinga","CA","93210","US","8553431057","",""
"1033065677","1690 W Shaw Ave Ste 201","","Fresno","CA","937113519","US","8553431057","",""
"1033065677","3467 W Shaw Ave","Suite 101","Fresno","CA","93711","US","5592713096","",""
"1033065677","3855 N West Ave","Ste 105,108,110","Fresno","CA","93705","US","5593346433","",""
"1033065677","3636 N First Street","Ste 135,154,162","Fresno","CA","93726","US","5594762166","",""
"1033065677","2731 W Olive Ave","","Fresno","CA","937282449","US","5592335096","",""
"1033065677","1311 11th St","","Reedley","CA","936542926","US","8553431057","",""
"1033065677","275 S Madera Ave Ste 404","","Kerman","CA","936301401","US","8553431057","",""
"1033065677","225 Academy Ave","","Sanger","CA","936572128","US","8553431057","",""
"1538585187","510 W Adams St Ste 150","","Plymouth","IN","465631789","US","5743357900","","5743350850"
"1720934375","401 E Murphy Ave Fl 2","","Connellsville","PA","154252724","US","7249294122","","8553793131"
"1518813161","3701 W Bethel Ave","","Muncie","IN","473045467","US","7652828222","",""
"1518813161","2620 Accutech Way","","Muncie","IN","473049462","US","7652828222","",""
"1730620444","18697 Bagley Rd","","Middleburg Heights","OH","441303417","US","4408168000","",""
"1730620444","2173 N Ridge Rd E","","Lorain","OH","440553400","US","4402342006","",""
"1578980835","200 Hawkins Dr","Department of Dermatology","Iowa City","IA","522421009","US","3193561694","",""
"1053872440","400 Harborside Dr","Ste 100","Galveston","TX","775550001","US","4097720700","","4097477012"
"1053872440","18101 Lorain Ave","","Cleveland","OH","441115612","US","2164767000","",""
"1477829612","1521 S Harbor Blvd","","Fullerton","CA","928323402","US","5623572063","",""
"1235524976","593 Eddy St","","Providence","RI","029034923","US","4014445248","","4014443397"
"1467870873","411 E Chestnut St # Street5","","Louisville","KY","402021713","US","5025880390","","5025880396"
"1255794608","824 N Military Hwy Ste 100","","Norfolk","VA","235023652","US","8882362263","","7573904551"
"1760178099","1701 N Senate Blvd","","Indianapolis","IN","462021239","US","3179628880","",""
"1023697356","200 Atlantic Ave","","Lynbrook","NY","115633505","US","5853260191","","2153304782"
"1679269518","1220 Missouri Ave","","Jeffersonville","IN","471303725","US","8122832581","",""
"1679269518","530 S Jackson St","","Louisville","KY","402021675","US","5028525689","6",""
"1235455205","1003 Bishop St Ste 2700","","Honolulu","HI","968136475","US","8084917804","",""
"1669815015","1221 N Highland Ave","","Aurora","IL","605061404","US","6308598700","","6302648522"
"1144664202","305 Chestnut St","","Virginia","MN","557922523","US","2185501875","",""
"1295793370","2008 Nine Rd","","Brady","TX","768257210","US","3255972901","",""
"1245298520","530 S Jackson St","","Louisville","KY","402021675","US","5025623000","",""
"1588019137","117 Mason Rd","","Brooklyn","CT","062342442","US","8608219700","",""
"1932158128","500 N Kobayashi Ste C","","Webster","TX","775984722","US","2818163092","",""
"1932158128","600 N Kobayashi Ste 110","","Webster","TX","775984841","US","2813381701","",""
"1932158128","600 N Kobayashi Ste 312","","Webster","TX","775984841","US","2817248296","","2817241858"
"1932158128","600 N Kobayashi Ste 309","","Webster","TX","775984841","US","2817248332","",""
"1790533248","2943 Northgate Dr","","Iowa City","IA","522459571","US","3193562421","","3193563949"
"1790533248","2901 86th St Ste 100","","Urbandale","IA","503224330","US","3193562421","","3193563949"
"1790533248","105 E 9th St","","Coralville","IA","522412209","US","3193562421","72000","3193563949"
"1285952572","877 Jefferson Ave","","Memphis","TN","381032807","US","9014482657","",""
"1114591880","650 W Taylor St","","Vandalia","IL","624711227","US","6182831231","",""
"1891055794","7703 Floyd Curl Dr","UTHSCSA/ Medicine/ Cardiology- MC 7872","San Antonio","TX","782293901","US","2105674602","","2105676960"
"1891055794","301 University Blvd","","Galveston","TX","775555302","US","4097721011","","4097470777"
"1558985275","28480 Bobtown Rd","","Melfa","VA","234103508","US","7574140400","",""
"1558985275","20330 Warrior Dr","","Onley","VA","234183060","US","7574140400","",""
"1558985275","24501 Parksley Rd","","Parksley","VA","234212519","US","7574140400","",""
"1558985275","5219 Lankford Hwy","","New Church","VA","234153332","US","7574140400","",""
"1558985275","9159 Franktown Road","","Franktown","VA","23354","US","7574140400","",""
"1558985275","4208 Seaside Rd","","Exmore","VA","233502575","US","7574140400","",""
"1558985275","24023 Fairview Rd","","Cape Charles","VA","233102153","US","7574140400","",""
"1386688190","539 Elm St","","Aynor","SC","295113009","US","8433585000","",""
"1518251446","4950 Norton Healthcare Blvd Ste 3","","Louisville","KY","402412845","US","5023946470","","5023946477"
"1821292228","1701 Rickenbacker Dr Ste 102","","Sun City Center","FL","335735363","US","8136348877","","8136342266"
"1821292228","3115 W Swann Ave","","Tampa","FL","336094617","US","8134922020","","8134922099"
"1821292228","9375 66th St N","","Pinellas Park","FL","337824418","US","7275414469","",""
"1124432398","180 JFK Dr Ste 210","","Atlantis","FL","334626607","US","5615481450","","5615481459"
"1124432398","2500 N State St","","Jackson","MS","392164500","US","6018152005","",""
"1568801975","220 E Walnut St","","Lancaster","OH","431304464","US","7402776043","","7402777595"
"1134415060","1980 Crompond Rd","","Cortlandt Manor","NY","105674144","US","6467456369","",""
"1306045331","1201 Pleasant Valley Rd","","Owensboro","KY","423039811","US","2704175911","","2704176497"
"1306045331","201 Gumwood Dr","","Smithfield","VA","234306086","US","7573573331","","7573576635"
"1306045331","86-260 Farrington Hwy","","Waianae","HI","967923128","US","7578762420","",""
"1831353440","14100 Southwest Fwy Ste 500","","Sugar Land","TX","774783483","US","2817491010","",""
"1831353440","500 N Kobayashi Ste C","","Webster","TX","775984722","US","2818163092","",""
"1831353440","600 N Kobayashi Ste 110","","Webster","TX","775984841","US","2813381857","",""
"1831353440","600 N Kobayashi Ste 309","","Webster","TX","775984841","US","2817248332","",""
"1831353440","600 N Kobayashi Ste 312","","Webster","TX","775984841","US","2817248296","",""
"1790783769","120 Medical Blvd Ste 101","","Spring Hill","FL","346090221","US","3526834500","",""
"1598241416","6515 W 127th St","","Palos Heights","IL","604632249","US","7083715160","",""
"1750834800","540 Snow Hill Rd Ste B","","Salisbury","MD","218046031","US","4439449245","","8888867753"
"1588665509","331 Hospital Dr Ste C","","Lebanon","MO","655369251","US","4173347200","","4173347299"
"1588665509","1240 E Independence St Ste 200","","Springfield","MO","658044201","US","4179003407","","4178890476"
"1588665509","2200 E Cleveland St","","Monett","MO","657086149","US","4179003407","","4178890476"
"1588665509","3850 S National Ave Ste 705","","Springfield","MO","658075239","US","4179003407","","4178890476"
"1588665509","109 Pinehurst Dr","","Branson","MO","656162796","US","4178880858","","4178890476"
"1316776412","109 Legion Ave","","New Haven","CT","065195506","US","4753063019","",""
"1770265266","148 Cedar Bluff Ct","","Six Mile","SC","296824007","US","7049288452","",""
"1063413235","500 N Kobayashi Ste A","","Webster","TX","775984722","US","2817247341","",""
"1063413235","500 N Kobayashi Ste C","","Webster","TX","775984722","US","2818163092","",""
"1063413235","600 N Kobayashi Ste 312","","Webster","TX","775984841","US","2817248296","","2817241858"
"1063413235","600 N Kobayashi Ste 309","","Webster","TX","775984841","US","2817248332","",""
"1063413235","600 N Kobayashi Ste 110","","Webster","TX","775984841","US","2813381701","",""
"1124544929","2255 Glades Rd Ste 324A","","Boca Raton","FL","334318571","US","3057760296","",""
"1346520210","850 S Main St","","Holly Springs","NC","275408906","US","9197847093","",""
"1346520210","3000 New Bern Ave","","Raleigh","NC","276101231","US","9193508779","","9193508812"
"1891075578","6911 Pistol Range Rd","Suite 103B","Tampa","FL","336356335","US","8139253393","","8139253394"
"1891075578","1661 SE US Highway 19","","Crystal River","FL","344294830","US","3525631666","",""
"1528843760","101 E Wood St","","Spartanburg","SC","293033040","US","8645606654","","8645607353"
"1528843760","1601 Greene St","","Columbia","SC","292084001","US","8037777412","",""
"1578231825","1014 Main St","","Vancouver","WA","986603151","US","3606951014","",""
"1174293039","401 E Chestnut St","","Louisville","KY","402025700","US","5025884400","",""
"1174293039","279 Kings Daughter's Drive","","Frankfort","KY","406016561","US","5022272229","","5022271114"
"1366432288","6001 E Woodmen Rd","","Colorado Springs","CO","809232601","US","7195714500","","7195714501"
"1154299014","18444 N 25th Ave Ste 200","","Phoenix","AZ","850231264","US","6232418741","","4804998459"
"1154299014","3591 S Mercy Rd Ste 204","","Gilbert","AZ","852972240","US","8669742673","","8669392673"
"1083790604","101 S Wisconsin Ave","","Stratford","WI","544849692","US","7156874211","",""
"1043811540","220 E Walnut St","","Lancaster","OH","431304464","US","7402776043","","7402777595"
"1538230560","1411 Physicians Dr","","Wilmington","NC","284017338","US","9103430811","","9103435719"
"1851057988","3635 Bell Blvd Ste 203","","Bayside","NY","113612097","US","7185049256","49256",""
"1851057988","10202 Queens Blvd","","Forest Hills","NY","113753197","US","7185049256","",""
"1659443810","3010 Grand Ave","","Waukegan","IL","600852321","US","8473778413","",""
"1750668943","220 E Walnut St","","Lancaster","OH","431304464","US","7402776043","","7402777595"
"1376406066","48 Homefield Ave","","Providence","RI","029081810","US","8622069428","",""
"1225307606","165 N 4th St","","Lake Mary","FL","327462954","US","4077040370","","8775467604"
"1326817446","2720 Sunset Blvd","","West Columbia","SC","291694810","US","8039358538","",""
"1881101756","3651 Wheeler Rd","","Augusta","GA","309096521","US","8448104299","",""
"1235286196","2601 Tvc","","Nashville","TN","372320001","US","6153224916","",""
"1700547361","1005 Harborside Dr","Fl 6","Galveston","TX","775550001","US","4097720750","","4097470777"
"1225375496","2747 N Redda Rd","","Fresno","CA","937379619","US","5593751413","",""
"1376522177","1420 Renaissance Dr Ste 307","","Park Ridge","IL","600681343","US","8478031000","","8478031098"
"1376522177","1508 Aurora Ave","","Naperville","IL","605406210","US","6305264010","",""
"1871779371","1000 N Westmoreland Rd","","Lake Forest","IL","600451658","US","8472345600","","8475357847"
"1871779371","579A Cranbury Rd","","East Brunswick","NJ","088165426","US","7323900040","","7323901856"
"1871779371","1508 Aurora Ave","","Naperville","IL","605406210","US","6305264010","",""
"1851696843","1600 S 20th Ave","","Safford","AZ","855464011","US","9283484177","84000",""
"1942774252","6250 Nesbitt Rd Ste 500","","Fitchburg","WI","537191948","US","6085617733","","6085617763"
"1720618374","22601 N 19th Ave Ste 112","","Phoenix","AZ","850271324","US","6025821704","",""
"1518770999","521 Old Hodgenville Rd","","Greensburg","KY","427439478","US","2709323226","","2709325328"
"1194863464","16940 Highway 14","","Mojave","CA","935011238","US","6618245020","","6618245026"
"1366196719","329 Sunrise Blvd","","Romney","WV","267574607","US","3048224932","","3048224957"
"1427440767","201 Main St","","LA Crosse","WI","546013294","US","6086684005","","6086684006"
"1164286845","2130 Stout St","","Denver","CO","802052827","US","3033129679","",""
"1134194392","Occohannock Elementary School Dental Unit","4208 Seaside Road","Exmore","VA","23350","US","7574140400","",""
"1134194392","Kiptopeke Elementary Dental","24033 Fairview Road","Cape Charles","VA","23310","US","7574140400","",""
"1134194392","Nandua Middle School Dental Unit","20330 Warrior Drive","Onley","VA","234183060","US","7574140400","",""
"1134194392","24501 Parksley Rd","","Parksley","VA","234212519","US","7574140400","",""
"1134194392","Eastville Community Health Center","17068 Lankford Highway","Eastville","VA","23347","US","7574140400","",""
"1134194392","Franktown Community Health Center","9159 Franktown Road","Franktown","VA","23354","US","7574140400","1152","7574140569"
"1134194392","Pungoteague Elementary Dental","28480 Bobcat Road","Pungoteague","VA","23410","US","7574140400","",""
"1942908512","1915 34th St N","","St Petersburg","FL","337133605","US","7274858146","",""
"1184864738","1425 Portland Ave","","Rochester","NY","146213011","US","5859225850","","5859223600"
"1538660576","450 Hamburg Tpke","","Wayne","NJ","074708480","US","9737077620","",""
"1538660576","109 Route 46","","Denville","NJ","078342776","US","9736250744","","9736250741"
"1467589796","25 Colony Blvd Ste 108","","Blairsville","PA","157177971","US","7244596063","",""
"1467589796","2255 Philadelphia St Ste B","","Indiana","PA","157011595","US","7244630476","",""
"1134442338","218 Towne Village Dr","","Cary","NC","275138910","US","9195760716","","9199643122"
"1275128134","3551 Roger Brook Dr, JBSA- Ft Sam Houston","SAMMC, MCHE-ZDM-M, Internal Medicine Residency","San Antonio","TX","782344504","US","2102927805","","2102927868"
"1699621250","4508 N Sierra Way","","San Bernardino","CA","924073854","US","8002070272","",""
"1417803081","301 N Marquita St","","Oxnard","CA","930303792","US","8053851524","2210",""
"1417803081","910 S E St","","Oxnard","CA","930306920","US","8053851530","2210",""
"1952257511","3507 N Molleck Dr","","Peoria","IL","616041013","US","8476761700","111",""
"1720934383","800 Plaza Dr Ste 210","","Rostraver Township","PA","150124019","US","7243796850","","6785530330"
"1871128843","1100 N D St","","San Bernardino","CA","924103524","US","9095716035","",""
"1689643843","55 Fruit St","","Boston","MA","021142696","US","6177262000","",""
"1689643843","5 Alumni Dr","","Exeter","NH","038332160","US","6037787311","",""
"1235690827","1775 Ballard Rd","","Park Ridge","IL","600681005","US","8473189340","",""
"1235690827","200 W Arbor Dr Dept Of","","San Diego","CA","921031911","US","6195433534","",""
"1235690827","39000 Bob Hope Dr","","Rancho Mirage","CA","922703221","US","7606743850","",""
"1235690827","251 E Huron St","","Chicago","IL","606112908","US","3129262000","",""
"1992556914","1415 Yellowstone River Rd","","Billings","MT","591051834","US","8337190886","",""
"1396373585","475 Seaview Ave","","Staten Island","NY","103053436","US","7182261548","",""
"1184156689","720 W Oak St Ste 201","","Kissimmee","FL","347414998","US","4075182703","","4075183923"
"1184156689","1 Akron General Ave","","Akron","OH","443072432","US","3303446000","",""
"1184156689","2501 N Orange Ave Ste 402","","Orlando","FL","328044674","US","4073033638","",""
"1184156689","2501 N Orange Ave Ste 583","","Orlando","FL","328044647","US","4078948696","",""
"1588127161","40680 Highway 41 Ste D","","Oakhurst","CA","936449657","US","5593692351","",""
"1831770627","1155 Mill St","","Reno","NV","895021576","US","7759827878","","7759824196"
"1013404540","1 William Carls Dr Ste 220","","Commerce Twp","MI","483822201","US","2485799220","","2484267350"
"1013404540","28050 Grand River Ave","","Farmington Hills","MI","483365919","US","2484718232","",""
"1013404540","27301 Dequindre Rd Ste 314","","Madison Heights","MI","480713459","US","2484719978","","2484267350"
"1447993373","1045 Klotz Rd","","Bowling Green","OH","434024820","US","4193527588","","4193544977"
"1649069667","527 Bay Rd Ste 7","","Queensbury","NY","128041430","US","2155852144","","8332285591"
"1649069667","18 E 41st St Fl 14","","New York","NY","100176244","US","2155852144","","8332285591"
"1649069667","230 US Highway 206 Ste 4","","Flanders","NJ","078369287","US","2155852144","","8332285591"
"1669909032","500 University Dr","","Hershey","PA","170332360","US","8002431455","",""
"1245642073","3000 Medical Park Dr Ste 250","","Tampa","FL","336134679","US","8136326220","","8139715893"
"1346620572","2215 Fuller Rd","","Ann Arbor","MI","481052303","US","7347697100","",""
"1306259627","1 William Carls Dr Ste 220","","Commerce Twp","MI","483822201","US","2485799220","","2484267350"
"1306259627","27301 Dequindre Rd Ste 314","","Madison Heights","MI","480713459","US","2485799220","","2484267350"
"1801276621","2330 Central Ave NE","","Minneapolis","MN","554183710","US","6127811212","",""
"1881897726","1011 E Montclair St","","Springfield","MO","658075075","US","4172693700","",""
"1083282099","1224 US Highway 1 Ste H","","North Palm Beach","FL","334083539","US","5612038181","","5612038160"
"1487540308","565 39th St Apt 1F","","Brooklyn","NY","112323010","US","9175645490","",""
"1922784933","955 W 3300 S","","South Salt Lake","UT","841193325","US","8015832500","",""
"1922031848","2500 Metrohealth Dr","MHMC-Neurology","Cleveland","OH","441091900","US","2167783958","",""
"1922031848","266 Joule St","","Alcoa","TN","377012422","US","8659843864","",""
"1083065916","1 William Carls Dr Ste 220","","Commerce Twp","MI","483822201","US","2485799220","","2484267350"
"1083065916","27301 Dequindre Rd Ste 314","","Madison Heights","MI","480713459","US","2485799220","","2484267350"
"1487005724","1000 Norland Ave","","Chambersburg","PA","172014229","US","7172676363","",""
"1487005724","1401 Roosevelt Ave","","York","PA","174042244","US","7173565198","",""
"1487005724","52 Underwood St","","Orlando","FL","328061110","US","8888050085","","3128637623"
"1487005724","24 Antrim Commons Dr","","Greencastle","PA","172251623","US","7175930512","",""
"1487005724","601 E Main St","","Waynesboro","PA","172682332","US","7177655088","",""
"1659866812","25108 Market Place Dr","","Katy","TX","774944430","US","2816444471","",""
"1558923672","540 Snow Hill Rd Ste B","","Salisbury","MD","218046031","US","4439449245","",""
"1538847082","500 N Kansas Ave","","Liberal","KS","679013304","US","6206045274","","8555383350"
"1013745173","11802 Goodhue St","","Bakersfield","CA","933112457","US","9137423141","",""
"1356726921","108 Barrington Town Square Dr","","Aurora","OH","442027792","US","3305621655","",""
"1972230654","300 E Hospital Rd","","Fort Gordon","GA","30905","US","7067875811","",""
"1548491129","1 William Carls Dr Ste 220","","Commerce Twp","MI","483822201","US","2485799220","","2484267350"
"1548491129","27301 Dequindre Rd Ste 314","","Madison Heights","MI","480713459","US","2485799220","","2484267350"
"1275363855","3355 Riverbend Dr Ste 300","","Springfield","OR","974778800","US","5412228333","",""
"1881426856","550 Peachtree St NE Ste 1600","","Atlanta","GA","303082246","US","4048811094","","4048741249"
"1043823214","5731 Bee Ridge Rd","","Sarasota","FL","342335056","US","9413421100","",""
"1043823214","6150 Edgelake Dr","","Sarasota","FL","342408803","US","9413423000","",""
"1891129516","211 Quarry Rd","#305","Palo Alto","CA","943041416","US","6507238065","",""
"1437764172","1632 Sycamore St","","Iowa City","IA","522406044","US","3193840520","","3194678105"
"1437764172","865 Lincoln Rd Ste 400","","Bettendorf","IA","527224159","US","3193840520","","3194678105"
"1437764172","2705 E 53rd St","","Davenport","IA","528073008","US","3193840520","","3194678105"
"1437764172","411 10th St SE Ste 2300","","Cedar Rapids","IA","524032467","US","3193840520","","3194678105"
"1437764172","2591 Holiday Rd","","Coralville","IA","522413039","US","3193840520","","3194678105"
"1437764172","3640 Middlebury Rd","","Iowa City","IA","522452712","US","3193840520","","3194678105"
"1437764172","720 Pacha Pkwy Ste 1","","North Liberty","IA","523174797","US","3193840520","","3194678105"
"1437764172","767 Mormon Trek Blvd","","Iowa City","IA","522461812","US","3193840520","","3194678105"
"1730050345","4969 Highway 101 Unit 3","","Florence","OR","974397803","US","5413930777","",""
"1730050345","710 Adams Ave","","Cottage Grove","OR","974242117","US","5413930777","",""
"1730050345","1040 Oak St","","Eugene","OR","974013132","US","5413426987","",""
"1730050345","551 NW Monroe Ave","","Corvallis","OR","973304721","US","5413930777","",""
"1730050345","1856 Grand Prairie Rd SE","","Albany","OR","973225521","US","5413930777","",""
"1336576875","520 S 7th St","","Vincennes","IN","475911038","US","8128825220","",""
"1821180407","33 W 56th St Fl 1","","New York","NY","100193994","US","3325293067","",""
"1730960428","6125 Inwood Dr","","Columbus","IN","472015698","US","3177529878","",""
"1578848735","3205 Randall Pkwy Ste 105","","Wilmington","NC","284032565","US","9107429243","","8887461787"
"1841835428","2994 Kildaire Farm Rd","","Cary","NC","275189614","US","9193871075","",""
"1841835428","901 Main St","","Klamath Falls","OR","976015810","US","5412382289","","5418353322"
"1841835428","3551 Dunn Rd Ste 101","","Eastover","NC","283129417","US","9104836277","","9104836369"
"1619578911","300 Baker Ave Ste 300","","Concord","MA","017422124","US","8643362731","","8337403387"
"1003999491","90 South St Ste A","","Glens Falls","NY","128014353","US","5187838780","","5187831587"
"1003999491","214 Mohawk Ave","","Scotia","NY","123022129","US","9175092582","","5183770415"
"1447764857","2965 Colonnade Dr Ste 140","","Roanoke","VA","240183541","US","8448930012","",""
"1447764857","1910 Opitz Blvd Ste A","","Woodbridge","VA","221913304","US","8448930012","","6152783355"
"1447764857","843 Fairview Ave Ste B5","","Bowling Green","KY","421014975","US","8448930012","",""
"1447764857","150 Stephen P Yokich Pkwy Ste H","","Spring Hill","TN","37174","US","8448930012","",""
"1447764857","2925 Premiere Pkwy Ste 145","","Duluth","GA","300975248","US","8448930012","",""
"1447764857","7618 Hwy 70 S Ste C2-103","","Nashville","TN","372211710","US","8448930012","",""
"1447764857","5002 Crossings Cir Ste 100","","MT Juliet","TN","37122","US","8448930012","",""
"1447764857","209 Ridley Ave Ste B","","LaGrange","GA","302402762","US","8448930012","",""
"1447764857","5700 Hillandale Dr Ste 290","","Lithonia","GA","300584120","US","8448930012","",""
"1447764857","7900 Airways Blvd Ste 102","","Southaven","MS","386714113","US","8448930012","","6152783355"
"1447764857","3443 Dickerson Pike Ste 380","","Nashville","TN","37207","US","8448930012","",""
"1447764857","5223 Riverside Dr Ste 101","","Macon","GA","312100889","US","4782160600","",""
"1447764857","464 N Parkway Ste A","","Jackson","TN","383052810","US","7312562855","",""
"1447764857","1485 Jesse Jewell Pkwy NE Ste 130A","","Gainesville","GA","305013802","US","7707407475","",""
"1447764857","900 Westpark Dr Ste 110","","Peachtree City","GA","302693545","US","8448930012","",""
"1447764857","315 N Washington Ave Ste 258","","Cookeville","TN","385012697","US","8448930012","",""
"1447764857","950 Breckenridge Ln Ste 280","","Louisville","KY","402075900","US","8448930012","",""
"1447764857","580 City Center Blvd Ste 3","","Newport News","VA","236061880","US","8448930012","",""
"1447764857","7205 Wolf River Blvd Ste 205","","Germantown","TN","381381777","US","8448930012","",""
"1447764857","6161 Kempsville Cir Ste 205","","Norfolk","VA","235023932","US","8448930012","",""
"1447764857","495 Dunlop Ln Ste 115","","Clarksville","TN","370405296","US","9317748339","",""
"1447764857","125 Oakside Ct Ste 201","","Canton","GA","301142498","US","8448930012","",""
"1447764857","46440 Benedict Dr Ste 111","","Sterling","VA","201646602","US","8448930012","",""
"1447764857","1501 Maple Ave Ste 206","","Richmond","VA","232262553","US","8448930012","",""
"1447764857","1206 Pointe Centre Dr Ste 230","","Chattanooga","TN","37421","US","8448930012","",""
"1447764857","8880 Cedar Springs Ln Ste 103","","Knoxville","TN","37923","US","8448930012","",""
"1447764857","615 Smithview Dr","","Maryville","TN","378036100","US","8448930012","",""
"1447764857","1001 Monarch St Ste 110","","Lexington","KY","405131848","US","8448930012","",""
"1447764857","3200 Highlands Pkwy SE Ste 410","","Smyrna","GA","300825136","US","8448930012","",""
"1447764857","2920 Ronald Reagan Blvd Ste 103","","Cumming","GA","300417578","US","8448930012","",""
"1447764857","24430 Stone Springs Blvd Ste 515","","Dulles","VA","201662268","US","8448930012","",""
"1376368431","633 Apple Blossom Rd","","Easton","PA","180401001","US","6105337446","",""
"1134288921","301 University Blvd","","Galveston","TX","775555302","US","4097722436","","4097729532"
"1679111504","10147 Hurley Rd","","Hurley","VA","246208802","US","2765282133","",""
"1679111504","206 KY RD RT 979","","Harold","KY","41635","US","6064782144","",""
"1679111504","1939 Lovers Gap RD","","Vansant","VA","24256","US","2768657811","",""
"1679111504","3955 W Andrew Johnson Hwy","","Morristown","TN","378141103","US","8444446754","",""
"1679111504","3355 Linden Dr","","Bristol","VA","242025868","US","2764940230","",""
"1679111504","781 Virginia Ave","","Welch","WV","248012341","US","3049675333","",""
"1679111504","1616 MOUNTAINEER HIGHWAY","","BRADSHAW","WV","24817","US","2765984448","",""
"1679111504","1014 Park Ave NW","","Norton","VA","242731823","US","2764095554","","2763250725"
"1679111504","177 Dollar Dr Ste A","","Pennington Gap","VA","242777230","US","2763180414","",""
"1801330477","1293 Copley Rd","","Akron","OH","443202766","US","3303741199","","3303740151"
"1124181615","1763 Medical Way Ste B","","New Braunfels","TX","781324521","US","2108295180","","2108295030"
"1124181615","21727 W Ih 10 Ste 202","","San Antonio","TX","782572107","US","2102454078","",""
"1124181615","8019 S New Braunfels Ave","Suite 120","San Antonio","TX","78235","US","2108295180","","2108295030"
"1124181615","3349 S Highway 181 Ste 13A","","Kenedy","TX","781195247","US","2108295180","",""
"1124181615","5000 Schertz Pkwy Ste 400","","Schertz","TX","781541457","US","2108295180","","2108295030"
"1124181615","3326 Oakwell Court","","SAN ANTONIO","TX","78218","US","2108295180","","2108295030"
"1154567212","5000 Schertz Pkwy Ste 400","","Schertz","TX","781541457","US","2108295180","","2108295030"
"1154567212","3326 Oakwell Court","","SAN ANTONIO","TX","78218","US","2108295180","","2108295030"
"1154567212","1763 Medical Way Ste B","","New Braunfels","TX","781325415","US","2108295180","","2108295030"
"1154567212","8019 S New Braunfels Ste 120","","San Antonio","TX","782351069","US","2108295180","","2108295030"
"1154567212","21727 Ih 10 W Fl 2","","San Antonio","TX","782572106","US","2108295180","",""
"1154567212","3320 Oakwell Ct","","San Antonio","TX","782183128","US","2108295180","","2108295030"
"1982292116","25228 Lankford Highway","","Onley","VA","23418","US","7574140400","",""
"1982292116","20306 Badger Ln","","Onancock","VA","234171224","US","7574140400","",""
"1982292116","5219 Lankford Hwy","","New Church","VA","234153332","US","7574140400","",""
"1982292116","4049 Main St","","Chincoteague","VA","233362406","US","7574140400","",""
"1275490039","200 Theda Clark Medical Plz","","Neenah","WI","549562721","US","9207207211","","9207292321"
"1265187678","2500 Goodlette-Frank Rd N","","Naples","FL","341034608","US","2394303939","","2394303921"
"1265187678","2301 Del Prado Blvd S Ste 630","","Cape Coral","FL","339906623","US","2394180999","","2394180091"
"1225546682","808 Joliet Ave Unit 210","","Lubbock","TX","794151158","US","8067434600","",""
"1326319088","200 Marion Ave","","McComb","MS","396482706","US","6012504381","","6012504367"
"1093138612","162 Seven Farms Dr Ste 120","","Daniel Island","SC","294928024","US","8437138079","","8434022757"
"1992567622","21 Mill St","","Liberty","NY","127542010","US","9299883007","",""
"1972453983","412 W Market St","","Middleburg","PA","178421076","US","5708376163","","5708377224"
"1972453983","98 Reitz Blvd","","Lewisburg","PA","178379270","US","5705244443","","5705231855"
"1972453983","964 Carpenter Rd","","Milton","PA","178477527","US","5707422300","","5707426276"
"1972453983","3 Hospital Dr Ste 214","","Lewisburg","PA","178379394","US","5705424242","","5705424201"
"1972453983","7095 Westbranch Hwy Ste 1100","","Lewisburg","PA","178376864","US","5705245050","","5705245250"
"1972453983","7095 Westbranch Hwy Ste 1000","","Lewisburg","PA","178376864","US","5705233006","","5705230404"
"1972453983","935 Route 522","","Selinsgrove","PA","178709714","US","5703726102","","5703726110"
"1972453983","101 Meadow Green Dr","","Mifflinburg","PA","178449300","US","5709661122","","5709661182"
"1972453983","7055 Westbranch Hwy","","Lewisburg","PA","178376808","US","5705244141","","5705245218"
"1770289712","1110 E Saint Peter St","","New Iberia","LA","705603932","US","3373641166","",""
"1861198160","4301 S Flamingo Rd Ste 106","","Davie","FL","333301902","US","8135400601","",""
"1366148819","30 E Apple St Ste 5254A","","Dayton","OH","454092939","US","9372084200","",""
"1174474027","3413 Woods Edge","","Okemos","MI","488645901","US","5173493303","","5173490828"
"1134873490","5828 Pearl Dr","","Evansville","IN","477128116","US","8124249291","","8124212722"
"1982556270","738 Mink Ave","","Murrells Inlet","SC","29576","US","8435436100","",""
"1639022353","503 N 21st St","","Camp Hill","PA","170112204","US","7177632100","",""
"1952009714","2600 Westhall Ln","","Maitland","FL","327517102","US","4072002300","",""
"1801336771","5001 Hardy St","","Hattiesburg","MS","394021308","US","6012963963","",""
"1861714222","9500 Euclid Ave","","Cleveland","OH","441950001","US","2164441162","",""
"1982945507","525 N Tryon St Ste 1600","","Charlotte","NC","282020213","US","8668490692","",""
"1982945507","1470 Madison Ave","Hess Building/ BMT 3RD Floor","New York","NY","100296542","US","4692573500","",""
"1982945507","1 Gustave L Levy Pl","","New York","NY","100296504","US","4692573500","",""
"1982945507","10 E 102nd St","","New York","NY","100290307","US","4692573500","",""
"1386590875","16500 Ventura Blvd Ste 414","","Encino","CA","914365050","US","8187881003","",""
"1043778160","325 Ahern Dr","","Edgewood","MD","210403410","US","4435625655","",""
"1568220192","7 Madison St","","Beattyville","KY","41311","US","8595348206","","8593473991"
"1619436862","506 6th St","","Brooklyn","NY","112153609","US","7187803000","",""
"1669714812","75 Francis St","","Boston","MA","021156110","US","6177325500","",""
"1407973175","9617 Gulf Research Ln","","Fort Myers","FL","339124560","US","2394180999","","2394180091"
"1659832244","5841 S Maryland Ave # 2026","","Chicago","IL","606371443","US","7737026024","",""
"1255969879","4250 Plymouth Rd","","Ann Arbor","MI","481092700","US","7347640231","",""
"1225371818","6701 Airport Blvd Ste D144","","Mobile","AL","366086701","US","2516252228","","2516252112"
"1225371818","147 Reynoir St Ste 305","","Biloxi","MS","395304123","US","2289380700","","2289380705"
"1225371818","230 Greeno Rd N","","Fairhope","AL","365322914","US","2516252228","","2516252112"
"1225371818","4105 Hospital St Ste 112B","","Pascagoula","MS","395815304","US","2289380700","","2289380705"
"1225371818","15795 Paul Vega MD Drive","","Hammond","LA","70403","US","9852307525","","9852307335"
"1225371818","4105 Hospital St Ste 112B","","Pascagoula","MS","395815304","US","2289380700","","2289380705"
"1881190403","269 S Candy Ln","","Cottonwood","AZ","863264158","US","9287793366","",""
"1881190403","3700 Rt 89A, Suite B","","Sedona","AZ","86336","US","9282044944","",""
"1760988307","1124 Washington Blvd","","Newcastle","WY","827012972","US","3077464431","",""
"1760988307","4896A Highway 90","","Marianna","FL","324467840","US","8505266700","",""
"1396430716","18780 I-20","","CANTON","TX","75103","US","9035674841","",""
"1407275076","3737 Market St","9th Fl","Philadelphia","PA","19104","US","2156628777","","2152434601"
"1174919583","2500 Goodlette-Frank Rd N","","Naples","FL","341034608","US","2394303939","","2394303921"
"1174919583","2301 Del Prado Blvd S Ste 630","","Cape Coral","FL","339906623","US","2394180999","","2394180091"
"1033643242","360 N Irby St","","Florence","SC","295012808","US","8436679414","","8436671362"
"1528621687","44405 Woodward Ave","","Pontiac","MI","483415023","US","2488583000","",""
"1043744931","123 Hendersonville Rd","","Asheville","NC","288032868","US","8282574730","","8282322942"
"1174910053","1959 NE Pacific St","","Seattle","WA","98195","US","2065432346","",""
"1154776375","20 W Wenger Rd Ste 2","","Englewood","OH","453222764","US","9377715100","",""
"1033162102","6117 Carlisle Ln","","League City","TX","775736363","US","8326287943","",""
"1063467538","945 W Broadway Ave Apt 202","","Jackson","WY","830018217","US","3077337835","","3072014999"
"1669163689","2301 Del Prado Blvd S Ste 630","","Cape Coral","FL","339906623","US","2394180999","","2394180091"
"1366498479","1180 Welsh Rd Ste 100","","North Wales","PA","194542060","US","2159972101","","2159972102"
"1861184160","1001 E 18th St","","Grove","OK","743442907","US","9187862243","",""
"1780241612","4103 S Yale Ave Ste B","","Tulsa","OK","741356002","US","9183827300","",""
"1467654541","5135 Holly Terrace Dr","","Houston","TX","770562125","US","5129709054","","2815010014"
"1285162339","500 N Kobayashi Ste F","","Webster","TX","775984722","US","2817241860","","2817241861"
"1285162339","1400 Ravello Rd Ste 110","","Katy","TX","774495164","US","3464765955","",""
"1285162339","500 N Kobayashi Ste A","","Webster","TX","775984722","US","2817247341","",""
"1285162339","500 Medical Center Blvd Ste 355","","Conroe","TX","773042833","US","3463303259","",""
"1285162339","21216 Northwest Fwy Ste 290","","Cypress","TX","774291439","US","3463382555","",""
"1285162339","2222 Greenhouse Rd Ste 300","","Houston","TX","770847288","US","3462505600","",""
"1285162339","4615 Southwest Fwy Ste 1000","","Houston","TX","770277108","US","2817248332","",""
"1306296686","401 Young Ave Ste 275D","","Moorestown","NJ","080573130","US","8562918640","",""
"1922679901","24oo White Ave","","Nashville","TN","37204","US","8774673123","",""
"1225653173","850 N Main Street Ext Ste 2A2","","Wallingford","CT","064922483","US","2036265581","","2032007953"
"1972508422","3215 Winter Lake Rd","","Lakeland","FL","338039709","US","8634193322","",""
"1023371564","5439 Airline Hwy","","Baton Rouge","LA","708051712","US","2253582280","","2253582450"
"1285129650","155 E Brush Hill Rd","","Elmhurst","IL","601265658","US","8475702760","",""
"1285129650","5841 S Maryland Ave","","Chicago","IL","606371443","US","8888240200","",""
"1306133103","2301 Del Prado Blvd S Ste 630","","Cape Coral","FL","339906623","US","2394180999","","2394180091"
"1306133103","2500 Goodlette-Frank Rd N Unit 200","","Naples","FL","341034607","US","2394180999","",""
"1326421918","305 N Collegiate Dr","","Paris","TX","754604870","US","9036093839","","9037831024"
"1326421918","5657 Amesbury Dr Apt 1808","","Dallas","TX","752063038","US","2489827077","",""
"1831328038","4201 W Medical Center Dr","","McHenry","IL","600508409","US","8153345566","","8157594008"
"1831328038","4440 W 95th St","","Oak Lawn","IL","604532600","US","7086846949","","7086842675"
"1831328038","1740 W Taylor St","MC 931","Chicago","IL","606127232","US","3129960234","",""
"1720217714","960 S Columbia Rd - Altru Cancer Center","","Grand Forks","ND","58201","US","7017805400","",""
"1578828042","666 Glenbrook Rd","","Stamford","CT","069061439","US","2033293759","",""
"1578828042","77 S Main St","","New City","NY","109563511","US","8456345729","",""
"1902530553","1110 Brickell Ave # 430K-102","","Miami","FL","331313132","US","2153754766","","7862690699"
"1902530553","13499 Biscayne Blvd Apt 1009","","North Miami","FL","331812028","US","2153754766","","7862690699"
"1255983862","700 Century Park S Ste 116","","Birmingham","AL","352263928","US","2565768732","",""
"1255983862","2205 Beltline Rd SW","","Decatur","AL","356013617","US","2569734134","",""
"1841964293","3181 SW Sam Jackson Park Rd","","Portland","OR","972393011","US","7075991533","","5034948211"
"1841964293","3200 Walford Ave Ste A","","Eureka","CA","955034828","US","7074453443","",""
"1083169460","111 E 210th St","Montefiore Medical Center","Bronx","NY","104672401","US","7189209880","",""
"1487201117","3250 Westchester Ave Ste 202","","Bronx","NY","104614580","US","9174072297","",""
"1417569260","4328 Page Ave","","Michigan Center","MI","492541077","US","5177643609","",""
"1083920813","8200 Walnut Hill Ln","","Dallas","TX","752314426","US","2142216362","","2143458784"
"1083920813","2510 W Dunlap Ave","Suite 290","Phoenix","AZ","850212737","US","6027890344","","6028707566"
"1215541578","3207A Corporate Ct Ste 102","","Ellicott City","MD","210422247","US","2156904688","","2156904593"
"1215541578","103 Route 70 E Ste 2","","Marlton","NJ","080531890","US","2156904688","","2156904593"
"1215541578","7501 Little River Tpke Ste 205","","Annandale","VA","220032923","US","2156904688","","2156904593"
"1215541578","6470 E Johns Xing Ste 160","","Johns Creek","GA","300971500","US","2156904688","","2156904593"
"1205717600","57 Route 46 Ste 100","","Hackettstown","NJ","078402695","US","9085987980","","9088524185"
"1205717600","4190 City Ave","Rowland Hall Suite 207","Philadelphia","PA","191311626","US","2158716772","",""
"1811278872","2000B S Main St","","Fairfield","IA","525569572","US","6414724156","","6414729436"
"1811278872","1314 S Stuart St Ste B","","Sigourney","IA","525911154","US","6416221170","","6419037024"
"1497581177","2121 E Williams St Ste 108","","Apex","NC","275397765","US","9193728412","","9193753974"
"1679022289","1400 S Orange Ave","","Orlando","FL","328062134","US","3218418650","","3218434074"
"1679022289","1224 Sligh Blvd Ste A","","Orlando","FL","328061108","US","3218410903","","3218414085"
"1841709615","10319 Jefferson Hwy","","Baton Rouge","LA","708092730","US","2242149352","",""
"1285710053","200 John W Hoover Pkwy Bldg III","","Burnet","TX","786114560","US","5127153046","","5127153048"
"1285710053","1501 Burnet Rd","","Brownwood","TX","768018520","US","3256468541","",""
"1992348676","4000 Spencer Hwy","","Pasadena","TX","775041202","US","7133592000","",""
"1992348676","11500 Space Center Blvd","","Houston","TX","770593603","US","2813248077","",""
"1124570858","2023 S Westgate Ave","","Los Angeles","CA","900256118","US","3108999597","",""
"1568006435","14100 Palmetto Frntg Rd Ste 108","","Miami Lakes","FL","330161568","US","7865429915","","7865429939"
"1790158038","770 53rd St","","Oakland","CA","946091814","US","5104283885","","5104505876"
"1003786518","8310 Guilford Rd Ste C","","Columbia","MD","210462828","US","4433539547","",""
"1003786518","1220 E Joppa Rd Ste 332","","Towson","MD","212865811","US","4433539547","",""
"1003786518","115 Sudbrook Ln Ste F","","Pikesville","MD","212084184","US","4433539547","",""
"1184606279","1301 Bertha Howe Ave","Suite 1","Mesquite","NV","890277502","US","7023460800","","7023460801"
"1649740671","120 Wyatt Dr","","Las Cruces","NM","880052925","US","5756523448","","5756524104"
"1649740671","105 W Griggs Ave","","Las Cruces","NM","880011235","US","5756472879","","5756472898"
"1578938890","455 E 4th Pl","","Mesa","AZ","852037101","US","4809640080","","4806440931"
"1578938890","9720 Grant St","","Thornton","CO","802292154","US","3037563499","",""
"1063574135","1145 Main St","","Pawtucket","RI","028607825","US","4017220081","",""
"1063574135","1000 Broad St","","Central Falls","RI","028631507","US","4017220081","","4017220081"
"1063574135","42 Park Pl","","Pawtucket","RI","028604010","US","4017220081","",""
"1063574135","10 Higginson Ave","","Central Falls","RI","02863","US","4017220081","",""
"1437863172","517 Rose St","","Las Vegas","NV","891064020","US","7024384692","","7024852372"
"1710576509","10120 Lanes Bridge Dr","","Madera","CA","936368890","US","5594315532","",""
"1710576509","4291 N Millbrook Ave","","Fresno","CA","937263438","US","5592247967","",""
"1710576509","1415 W Barstow Ave","","Fresno","CA","937113018","US","5594389344","","5594389344"
"1710576509","775 E Spruce Ave","","Fresno","CA","937203016","US","5594315073","","5594315073"
"1710576509","1853 E Niles Ave","","Fresno","CA","937202342","US","5593253892","","5593253892"
"1710576509","3306 E Sierra Madre Ave","","Fresno","CA","937260663","US","5593697358","",""
"1710576509","1027 N Van Ness Ave","","Fresno","CA","937283429","US","5592687613","",""
"1710576509","1942 E Niles Ave","","Fresno","CA","937202344","US","5593234957","",""
"1710576509","718 E Minarets Ave","","Fresno","CA","937203010","US","5594471114","",""
"1033480231","2612 Southwest Pkwy","#129","Wichita Falls","TX","763084600","US","9407675145","","9407673027"
"1457682924","705 E Marshall Ave Ste 5001","","Longview","TX","756015524","US","9033152777","",""
"1891550240","138 Junction Dr","","Glen Carbon","IL","620344322","US","6186365756","",""
"1033186051","39595 County Road 17","","Sauk Centre","MN","563780162","US","3203518513","",""
"1396691895","4113 Ambleside Dr","","Madison","WI","537196218","US","6085752361","52361",""
"1669328167","10 Kettle Creek Rd Ste A","","Toms River","NJ","087531700","US","7325970470","",""
"1487500989","699 W Germantown Pike","","Norristown","PA","194034233","US","6106305819","",""
"1245761816","13469 SW 29th St","","Miami","FL","33175","US","7864065858","",""
"1245761816","13469 SW 29th St","","Miami","FL","33175","US","7864065858","",""
"1659075505","1100 Belk Blvd","","Oxford","MS","386555242","US","6626361000","","6626361670"
"1861997983","11 Nevins St Ste 505","","Brighton","MA","021353514","US","6174142500","",""
"1548898299","1 Tampa General Cir","","Tampa","FL","336063571","US","8138447000","",""
"1922461235","2215 Fuller Rd","","Ann Arbor","MI","481052303","US","7347697100","",""
"1922461235","2651 Hillcrest Dr Ste 304","","Hudson","WI","540169914","US","6516336883","",""
"1922461235","4444 W Bristol Rd Ste 150","","Flint","MI","485073161","US","8333223376","",""
"1881984169","443 Laurel Oak Rd Ste 130","","Voorhees","NJ","080434419","US","8567410122","","8567410121"
"1962769059","10180 SE Sunnyside Rd","","Clackamas","OR","970158970","US","8008132000","",""
"1407343551","55 Fruit St","","Boston","MA","021142696","US","6177269782","","7135007619"
"1407343551","8585 Picardy Ave Ste 400","","Baton Rouge","LA","708093749","US","2257634764","","6172286306"
"1427013408","1 Riverview Plz","","Red Bank","NJ","077011864","US","7325302305","",""
"1427013408","510 S Kingshighway Blvd","Dept Radiology","Saint Louis","MO","631101016","US","3143627200","","3147474189"
"1427013408","1325 Spring St","","Greenwood","SC","296463860","US","8647254111","",""
"1770939837","4100 N Collins St Ste 200","","Arlington","TX","760054551","US","8178601309","","8178605380"
"1861056392","3801 Vista Rd Ste 100","","Pasadena","TX","775042160","US","3464216670","","3462070611"
"1861056392","500 N Kobayashi Ste C","","Webster","TX","775984722","US","5818163092","","2813369318"
"1861056392","4615 Southwest Fwy Ste 1000","","Houston","TX","770277108","US","2817248332","","8329055977"
"1861056392","905 W Medical Center Blvd Ste 404","","Webster","TX","775984009","US","2813322286","","2813361549"
"1861056392","4615 Southwest Fwy Ste 850","","Houston","TX","770277162","US","3462719030","","3462752917"
"1861056392","14100 Southwest Fwy Ste 500","","Sugar Land","TX","774783483","US","3463382458","","3462003275"
"1881049500","2601 E Roosevelt St","","Phoenix","AZ","850084973","US","6023441218","",""
"1881049500","9201 W Thomas Rd","","Phoenix","AZ","850373332","US","6233274000","",""
"1427260827","2841 S Claiborne Ave Ste E","","New Orleans","LA","701253951","US","5045341225","","5045531100"
"1427260827","4700 Wichers Dr","","Marrero","LA","700723041","US","5043093262","","5045094802"
"1568083038","201 N Illinois St","","Indianapolis","IN","462041904","US","8887318994","",""
"1568818540","1971 SW 172nd Ave Ste 2300","","Miramar","FL","330295625","US","9542651616","",""
"1568818540","3377 S State Road 7 Ste 100","","Wellington","FL","334498002","US","5613417000","","5617847098"
"1568818540","5830 Coral Ridge Dr Ste 140","","Coral Springs","FL","330763388","US","9542651616","","9542651615"
"1902428816","434 4th St Ste 309","","Newport","TN","378213735","US","4234153320","","4234153322"
"1073187852","4441 E Kings Canyon Rd","","Fresno","CA","937023604","US","5596009180","",""
"1073187852","1925 E Dakota Ave","","Fresno","CA","937264821","US","5596009171","",""
"1659110948","11800 NE 128th St Ste 200","","Kirkland","WA","980347211","US","2065654329","",""
"1205493939","4500 Sheridan St","","Hollywood","FL","330213516","US","9549668000","","9549666614"
"1972161081","602 Indiana Ave","","Lubbock","TX","794153364","US","8067439098","",""
"1396905667","14100 Southwest Fwy Ste 500","","Sugar Land","TX","774783483","US","3463382458","",""
"1396905667","500 N Kobayashi Ste C","","Webster","TX","775984722","US","2818163092","",""
"1396905667","600 N Kobayashi Ste 309","","Webster","TX","775984841","US","2817248332","",""
"1396905667","600 N Kobayashi Ste 110","","Webster","TX","775984841","US","2813381701","",""
"1396905667","3801 Vista Rd Ste 100","","Pasadena","TX","775042160","US","3464216670","",""
"1396905667","600 N Kobayashi Ste 208","","Webster","TX","775984841","US","2819859342","",""
"1396905667","4615 Southwest Fwy Ste 1000","","Houston","TX","770277108","US","3462719030","","3462752917"
"1396905667","21216 Northwest Fwy Ste 400","","Cypress","TX","774294696","US","3462224722","",""
"1932429354","777 Bannock St","","Denver","CO","802044597","US","3034364949","",""
"1164625745","121 Dekalb Ave","The Brooklyn Hospital Center","Brooklyn","NY","11201","US","7182508017","","7182506856"
"1548420011","5001 E Sam Houston Pkwy S","","Pasadena","TX","775053965","US","7134427100","",""
"1548420011","2929 Pine St","","Everett","WA","982013835","US","4252611500","","8775161074"
"1154051175","505 E Romie Ln Ste E","","Salinas","CA","939014031","US","8312440582","",""
"1437833027","728 Springdale Dr","","Exton","PA","193412828","US","3024390638","",""
"1801639091","179 Creekside Green Dr","","Columbus","OH","432302880","US","7405024035","",""
"1801090576","4441 Capital Ave SW","","Battle Creek","MI","490159359","US","2697886888","",""
"1053548891","10600 Montgomery Rd Ste 300","","Montgomery","OH","452424464","US","5137945600","","5132811908"
"1053548891","2376 Cypress Cir Ste 203","","Conway","SC","295268994","US","8433476038","","8433479808"
"1053548891","3 Richland Medical Park Dr Ste 120","","Columbia","SC","292036850","US","8034348866","","8039333049"
"1053548891","4500 Memorial Dr","","Belleville","IL","622265360","US","6182576220","",""
"1053548891","9800 S Healthpark Dr Ste 110","","Fort Myers","FL","339083630","US","2393436202","","2393434159"
"1184309114","11807 Westheimer Rd Ste 550","","Houston","TX","770776790","US","2105488570","",""
"1972533396","3105 Glade St","","Muskegon","MI","49444","US","6162130253","","6162962423"
"1487850970","18100 Saint John Dr","Suite 320","Nassau Bay","TX","77058","US","7135630670","",""
"1215968300","434 4th St Ste 309","","Newport","TN","378213735","US","4234153320","","4234153322"
"1811514128","192 Tilley Dr","","South Burlington","VT","054034440","US","8028476000","",""
"1811514128","111 Colchester Ave","","Burlington","VT","054011473","US","8028470000","",""
"1831574169","2502 S Ashland Ave","","Green Bay","WI","543045252","US","9204964700","",""
"1831574169","100 County Road B","","Shawano","WI","541667072","US","7155262111","",""
"1386528073","4049 Main St","","Chincoteague","VA","233362406","US","7574140400","1115","7574140569"
"1386528073","25228 Lankford Highway","","Onley","VA","23418","US","7574140400","1115","7574140569"
"1386528073","5219 Lankford Hwy","","New Church","VA","234153332","US","7574140400","1115","7574140569"
"1386528073","17068 Lankford Highway","","Eastville","VA","23347","US","7574140400","1115","7574140569"
"1891796876","3102 Glade St","","Muskegon","MI","494442706","US","6162130253","","8339412415"
"1194956524","1415 US Highway 331 South","Suite 100","Defuniak Springs","FL","324356307","US","8502333376","","8505228354"
"1245904788","1401 Marlton Pike E Ste 27","","Cherry Hill","NJ","080342207","US","8564484989","",""
"1245616572","1150 Reservoir Ave Ste 203","","Cranston","RI","029206032","US","4012590340","","4012138538"
"1366053506","1611 NW 12th Ave","","Miami","FL","331361005","US","3052433571","","3052434650"
"1376190850","1400 112th Ave SE Ste 100","","Bellevue","WA","980046901","US","8603230172","",""
"1376190850","1525 Raleigh St Ste 260","","Denver","CO","802041597","US","8603230172","",""
"1770030058","1726 Shawano Ave","","Green Bay","WI","543033216","US","9204964700","",""
"1316221500","1413 Highway 17 N","","Surfside Beach","SC","295756012","US","8433478041","","8433478042"
"1316221500","1100 62nd Ave N","","Myrtle Beach","SC","295727202","US","8433478041","","8433478042"
"1316221500","6010 Highway 707, Ste 300","","Myrtle Beach","SC","295887321","US","8433478041","","8433478042"
"1427728906","5200 Meadows Rd Ste 200","","Lake Oswego","OR","970350086","US","8552551750","","8552550905"
"1427728906","413 29th St NE Ste I","","Puyallup","WA","983727154","US","8552551750","","8552550905"
"1407674054","33 W 60th St Fl 6","","New York","NY","100237905","US","2126062300","",""
"1316812035","7800 Discovery Dr","","Middleton","WI","535625501","US","6088566615","","6083058871"
"1316812035","1025 Quinn Dr Fl 1","","Waunakee","WI","535972502","US","6088566615","",""
"1912541533","725 Jesse Jewell Pkwy SE","","Gainesville","GA","305013834","US","7705337288","","7705349800"
"1912541533","601 Broad St SE Ste A","","Gainesville","GA","305013718","US","4702939800","","8446894542"
"1912541533","1270 Friendship Rd","","Braselton","GA","305175608","US","6782074600","","6782074601"
"1912541533","475 Seaview Ave","","Staten Island","NY","103053436","US","6099476727","",""
"1225540784","27203 216th Ave SE Ste 5","","Maple Valley","WA","980383273","US","4252432094","",""
"1780552414","1275 W 47th Pl Ste 449","","Hialeah","FL","330123455","US","3054251338","","7869637067"
"1548977242","255 N D St Ste 400","","San Bernardino","CA","924011715","US","9513185396","",""
"1114106549","221 Michigan St NE Ste 300","","Grand Rapids","MI","495032537","US","6164597258","",""
"1457757809","511 SW 10th Ave Ste 601","","Portland","OR","972052707","US","6825607789","",""
"1407398761","100 High St","","Buffalo","NY","142031126","US","7168592741","",""
"1346103504","6520 Comiskey Dr","","Pasco","WA","993017853","US","5094405286","05286",""
"1629139928","4215 Joe Ramsey Blvd","Suite 220","Greenville","TX","75402","US","9034085770","","9034085779"
"1629139928","2900 N I 35 Ste 111","","Denton","TX","762015142","US","8177597000","",""
"1629139928","800 W Magnolia Ave","","Fort Worth","TX","761044611","US","8177597000","","8177597027"
"1952816969","5051 Memorial Hwy Unit B","","Tampa","FL","336347355","US","8132900779","",""
"1790497238","371 Skyline Dr","","California","PA","154191278","US","7243795802","","8447292896"
"1790497238","401 E Murphy Ave","","Connellsville","PA","154252724","US","7243795802","","8447292896"
"1790497238","625 Lincoln Ave Ste 107","","Charleroi","PA","150222451","US","7243795802","","7243795802"
"1790497238","404 W Main St","","Uniontown","PA","154012868","US","7243795802","","8447292896"
"1790446193","11942 Bahia Valley Dr","","Riverview","FL","335799124","US","3218060971","",""
"1427370600","600 N Giant City Rd","","Carbondale","IL","629026418","US","6183006017","","6183006084"
"1700479094","8360 Sierra Meadows Blvd # 100","","Naples","FL","341137328","US","2397442175","",""
"1700479094","1680 The Greens Way Ste 200","","Jacksonville","FL","322501422","US","9048007380","",""
"1114511748","75 Francis St","","Boston","MA","021156110","US","6177325500","",""
"1114511748","320 Pomfret St","","Putnam","CT","062601836","US","8609286541","",""
"1922953710","12643 NW Majestic Sequoia Way","","Portland","OR","972298557","US","5037072909","",""
"1497601918","4401 Harrison Blvd","","Ogden","UT","844033195","US","8013872800","",""
"1487500906","155 Memorial Dr","","Pinehurst","NC","283748710","US","9107151000","",""
"1992651418","1684 Plum Ln Ste 101","","Redlands","CA","923742866","US","9097985599","",""
"1386590800","3224 W Lake Mary Blvd Ste 1500","","Lake Mary","FL","327463581","US","4074651995","",""
"1437005972","23185 Maud Ave","","Fairview","CA","945414511","US","9517411224","",""
"1063838340","790 Via Lata","","Colton","CA","923243978","US","9094330445","101",""
"1063097616","2901 Rock Creek Pkwy","","Kansas City","MO","641172536","US","8162012273","","8164480020"
"1114260262","825 Amherst Ln","","Westminster","MD","211584350","US","4439778879","",""
"1629210794","3210 Corrine Dr","","Orlando","FL","328032230","US","8552953276","","8885882752"
"1386177400","3215 Gateway Blvd W","","El Paso","TX","799034225","US","9155006080","","9155006090"
"1386177400","4545 N Mesa St","","El Paso","TX","799126121","US","9155006080","","9155006090"
"1508363409","27124 SW 134th Ave","","Homestead","FL","330327828","US","7863079607","",""
"1043707862","12631 E 17th Ave Ofc 1","","Aurora","CO","800452527","US","3037242680","",""
"1700407111","9990 County Farm Rd","","Riverside","CA","925033542","US","9513584700","",""
"1669799557","39000 Bob Hope Dr","","Rancho Mirage","CA","922703221","US","7603403911","","7608378956"
"1952837650","9374 State Route 14 Ste 1007","","Streetsboro","OH","442415224","US","3305778281","",""
"1982349759","18245 Paulson Dr Ste 104","","Port Charlotte","FL","339541019","US","8135287048","",""
"1568046613","1801 N Oregon St","","El Paso","TX","799023524","US","9152278271","",""
"1568046613","2669 Scenic Dr","","Alamogordo","NM","883108700","US","9152278271","",""
"1568046613","1290 McNutt Rd Ste C","","Sunland Park","NM","880639642","US","9152278271","",""
"1801532064","41 Pond View Dr","","Lebanon","ME","040274237","US","2078067015","",""
"1407647472","3210 Corrine Dr","","Orlando","FL","328032230","US","8552953276","","8885882752"
"1053059691","1600 S Andrews Ave","","Fort Lauderdale","FL","333162510","US","9543554400","",""
"1053059691","8211 W Broward Blvd Ste 330","","Plantation","FL","333242747","US","9545616222","","9549907650"
"1770479008","3210 Corrine Dr","","Orlando","FL","328032230","US","8552953276","","8885882752"
"1699701185","1044 S Fair Oaks Ave Ste 101","","Pasadena","CA","911052622","US","6266833030","","6266833033"
"1699701185","9245 Sky Park Ct Ste 130","","San Diego","CA","921234388","US","6192897788","",""
"1639663560","1200 DuPont St Ste 2H","","Bellingham","WA","982253100","US","4252005593","",""
"1639663560","811 Madison St","","Everett","WA","98203","US","4252124200","","4252124201"
"1083282917","3735 Saxonburg Blvd","","Pittsburgh","PA","152381071","US","4122138667","",""
"1154559706","11 Nevins St Ste 505","","Brighton","MA","021353514","US","6174142500","",""
"1447982640","1201 Wakarusa Dr Ste E-220","","Lawrence","KS","660494722","US","9132133032","",""
"1952147456","5323 Harry Hines Blvd Stop 7200","","Dallas","TX","753909090","US","2146481500","",""
"1225411291","10452 Silverdale Way NW","","Silverdale","WA","983839460","US","3603077300","","8777779902"
"1730797606","58-130 Kamehameha Hwy","","Haleiwa","HI","967129714","US","8083884974","",""
"1437839321","14021 N Dale Mabry Hwy","","Tampa","FL","336182401","US","8137106513","","3854738371"
"1437839321","14702 N Florida Ave Ste 200","","Tampa","FL","336131822","US","8139457922","",""
"1336815224","2601 25th St SE Ste 350","","Salem","OR","973021283","US","5418180009","","5417806967"
"1609329986","3225 Van Horn Rd Ste 110","","Trenton","MI","481837000","US","7344081149","",""
"1598044802","15962 Boones Ferry Rd","","Lake Oswego","OR","970354351","US","5036432614","","5036439345"
"1225648314","300 E Mineral King Ave Ste 202","","Visalia","CA","932916923","US","5593755518","","5594392720"
"1336558881","3400 McCall Ave Ste 104","","Selma","CA","936622560","US","8553431057","",""
"1336558881","2731 W Olive Ave","","Fresno","CA","937282449","US","5592335096","",""
"1336558881","3467 W Shaw Ave Ste 101","","Fresno","CA","937113223","US","5592713096","",""
"1336558881","3855 N WEST AVE STE 105,108 &110","","FRESNO","CA","93705","US","5593346433","",""
"1336558881","258 N Blackstone Ave","","Fresno","CA","937011913","US","5592740299","",""
"1336558881","1690 W Shaw Ave Ste 201","","Fresno","CA","937113519","US","8553431057","",""
"1336558881","3636 N First Street Ste 135,154,162","","FRESNO","CA","93726","US","5594762166","",""
"1336558881","380 & 386 COALINGA PLAZA","","COALINGA","CA","93210","US","8553431057","",""
"1336558881","1311 11th St","","Reedley","CA","936542926","US","8553431057","",""
"1336558881","275 S MADERA AVE STE 302, 403 & 404","","KERMAN","CA","93630","US","8553431057","",""
"1336558881","225 Academy Ave","","Sanger","CA","936572128","US","8553431057","",""
"1396092102","2351 Cardinal Ln","Annex B","San Diego","CA","921233743","US","8585732227","",""
"1396092102","6160 Mission Gorge Rd Ste 108","","San Diego","CA","921203425","US","6194815200","",""
"1780060996","325 S Courtenay Pkwy","","Merritt Island","FL","329524846","US","3212684200","","3212534338"
"1780060996","1264 Malabar Rd SE","","Palm Bay","FL","329072556","US","3212684200","","3212534338"
"1780060996","1130 Hickory St Ste B","","Melbourne","FL","329011973","US","3212684200","","3212534338"
"1780060996","1400 S Orange Ave","","Orlando","FL","328062134","US","4076483800","","4074255203"
"1407467103","6250 Hazeltine National Dr Ste 106","","Orlando","FL","328225102","US","8552953276","","8885882752"
"1306362942","3083 NE 49th Pl","","Hillsboro","OR","971246006","US","5038441500","",""
"1376375147","3330 Arctic Blvd Ste 101","","Anchorage","AK","995034580","US","9076003425","",""
"1376375147","2600 Cordova St Ste 101","","Anchorage","AK","995032745","US","2198504084","",""
"1376375147","8012 Stewart Mountain Dr","","Eagle River","AK","995779013","US","9076943336","",""
"1689781791","N2950 State Road 67","","Lake Geneva","WI","531472655","US","2622450535","","2622452248"
"1689781791","600 NW 11th St Ste E37","","Hermiston","OR","978388604","US","5415675305","","5416673487"
"1275411779","2095 Henry Tecklenburg Dr","","Charleston","SC","294145733","US","8434021027","",""
"1275411779","3500 N Highway 17","","MT Pleasant","SC","294669123","US","8436067000","",""
"1275411779","100 Callen Blvd","","Summerville","SC","294862807","US","8545293232","",""
"1679240279","4050 S Arizona Ave Ste L-1","","Chandler","AZ","852484599","US","4808122110","",""
"1629958939","3210 Corrine Dr","","Orlando","FL","328032230","US","8552953276","","8885882752"
"1134224843","460 N Elm St","","Escondido","CA","920253002","US","7605208100","","7607372039"
"1306567201","425 California St Ste 1400","","San Francisco","CA","941042116","US","2125892700","",""
"1831810670","300 Ram Avenue","","Sadler","TX","76264","US","9035646051","",""
"1922527001","12605 E 16th Ave","","Aurora","CO","800452545","US","7208480000","",""
"1922527001","100 Health Park Dr","","Louisville","CO","800279583","US","3036731000","","3036731204"
"1922527001","1750 E Ken Pratt Blvd","","Longmont","CO","805045311","US","7207187000","","7207180973"
"1568333698","3210 Corrine Dr","","Orlando","FL","328032230","US","8552953276","","8885882752"
"1740830520","17600 I-45","","The Woodlands","TX","77384","US","9362675000","",""
"1740830520","17903 W Lake Houston Pkwy","","Atascocita","TX","773463953","US","2815706856","",""
"1538881883","1501 S Potomac St","","Aurora","CO","800125411","US","3036952600","",""
"1518517184","10 W State St Ste 100","","Geneva","IL","601344506","US","6304650459","",""
"1407683261","7420 NW 5th St Ste 110","","Plantation","FL","333171611","US","9543213595","","9543213593"
"1568650109","592 Rio Lindo Ave","","Chico","CA","959261817","US","5419143977","",""
"1992030423","5501 Old York Rd","","Philadelphia","PA","191413018","US","2154566200","","2154566227"
"1245107366","1400 Reynolds Ave Ste 100","","Irvine","CA","926145562","US","6579004536","","6572089732"
"1245107366","710 N Euclid St Ste 210","","Anaheim","CA","928014132","US","6579004536","","6572089732"
"1245107366","5455 Garden Grove Blvd Ste 230","","Westminster","CA","926838242","US","6579004536","","6572089732"
"1568189082","212 S Bates St","","Sikeston","MO","638018659","US","5598161692","",""
"1568189082","20 S Sprigg St","","Cape Girardeau","MO","637036212","US","5736514177","",""
"1285270926","622 Burgessville Rd","","Ruston","LA","712705154","US","3182247223","","3184151004"
"1598946303","1400 Peoples Plz","Suite 204","Newark","DE","197025707","US","3028321282","",""
"1598946303","7 Austin Ave","","Greenville","RI","028281520","US","4013493131","",""
"1598946303","400 Bald Hill Rd Ste 530","","Warwick","RI","028866111","US","4013493131","",""
"1598946303","1485 S County Trl Unit 107","","East Greenwich","RI","028181771","US","4017850040","",""
"1740990787","575 E Plumb Ln # 201E","","Reno","NV","895023540","US","7253123000","","7029956509"
"1740990787","1500 E Tropicana Ave Ste 118","","Las Vegas","NV","891196516","US","7756820020","","7029956509"
"1063123354","PO Box 2762","","Hammond","LA","704042762","US","9859744972","",""
"1194054692","800 N 1st St","","Springfield","IL","627023719","US","2175287541","",""
"1225374614","422 N Redington St","","Hanford","CA","932304452","US","5598361609","",""
"1225374614","340 W 8th St","","Hanford","CA","932304534","US","5595834024","","8883559551"
"1477984672","510 S Vermont Ave","Floor 12","Los Angeles","CA","900201912","US","2134337221","",""
"1639353550","300 E Mineral King Ave Ste 202","","Visalia","CA","932916923","US","5593755518","",""
"1962823492","111 W Jean St","","Tampa","FL","336046641","US","8136995606","",""
"1700656071","1600 S Andrews Ave","","Fort Lauderdale","FL","333162510","US","9543554400","",""
"1336853860","2900 W Oklahoma Ave","","Milwaukee","WI","532154330","US","4146496380","",""
"1467960443","6210 N Capitol St NW Ste B","","Washington","DC","200111419","US","2022948116","",""
"1467960443","6210 N Capitol St NW Ste B","","Washington","DC","200111419","US","2022948116","",""
"1881465359","22 S State St Ste 1007","","Clearfield","UT","840151043","US","8013340030","",""
"1205646007","35 Private Drive 1122 Ste A","","Ironton","OH","456389152","US","7402344981","","8773252816"
"1205646007","1141 County Road 24","","Ironton","OH","456383186","US","7402374981","",""
"1790644177","1801 N Jackson St","","Tullahoma","TN","373888259","US","2567023096","",""
"1457943821","505 Bellemont Ct","","Johns Creek","GA","300971967","US","6789102181","",""
"1013456763","53 Oakwood Dr","","Phenix City","AL","368704805","US","3346148007","",""
"1750740486","12141 Richmond Ave","","Houston","TX","770822408","US","2815583444","83444",""
"1114484177","23701 E East Fork Rd","","Azusa","CA","917021477","US","6269101202","",""
"1114484177","11046 Main St","","El Monte","CA","917312617","US","2133885429","",""
"1114484177","453 S Indiana St","","Los Angeles","CA","900633908","US","3232667725","",""
"1093175168","6811 Fairfield Ave","","Shreveport","LA","711063803","US","3182165088","",""
"1902752462","5543 Lakeside Dr","","Fairfield","OH","450149106","US","5138007657","",""
"1497601934","775 US Highway 1 Ste 13","","Edison","NJ","088174681","US","7326232129","",""
"1497601934","308 US Highway 9 N","","Woodbridge","NJ","070951004","US","7327710014","",""
"1497601934","4805 US Highway 9","","Howell","NJ","077313749","US","8482990740","",""
"1538015086","7200 Cambridge St","","Houston","TX","770304202","US","7137986399","",""
"1881197234","1800 Avenida De Mesilla Ste A","","Las Cruces","NM","880053971","US","5758887467","","5752336324"
"1861996670","2300 Lone Star Rd","","Mansfield","TX","760638744","US","6823415000","",""
"1437542230","33-41 Newark St Fl 5","","Hoboken","NJ","070305627","US","9176471665","","2014735812"
"1861933129","5323 Harry Hines Blvd","","Dallas","TX","753907201","US","2145908000","",""
"1831891365","4345 4th St SE Apt 3","","Washington","DC","200323382","US","2023080277","",""
"1578838660","501 6th Ave S","","St Petersburg","FL","337014634","US","7277674313","",""
"1720440076","2651 E Discovery Pkwy","","Bloomington","IN","474089059","US","3179482700","",""
"1720440076","47 New Scotland Ave","Department of Pediatrics","Albany","NY","122083412","US","5182626248","",""
"1720440076","47 New Scotland Ave","Department of Pediatrics","Albany","NY","122083412","US","5182626248","",""
"1295296804","323 Marion Pike Ste 1","","Coal Grove","OH","456382958","US","7402374981","104","8773252816"
"1295296804","1141 County Road 24","","Ironton","OH","456383186","US","7402374981","401",""
"1649807660","8414 Naab Rd","","Indianapolis","IN","462601972","US","3173387510","",""
"1649807660","8414 Naab Rd Ste 100","","Indianapolis","IN","462601972","US","3173387510","",""
"1184202871","625 19th St S","","Birmingham","AL","352331900","US","2059344696","",""
"1487283941","450 Clarkson Ave # Msc30","","Brooklyn","NY","112032012","US","7186138652","",""
"1487283941","55 Fruit St","","Boston","MA","021142621","US","6177262000","",""
"1720474661","1 Perkins Sq","","Akron","OH","443081063","US","3305431000","",""
"1720474661","1 Perkins Sq","","Akron","OH","443081063","US","3305431000","",""
"1902292667","5200 Centre Ave Ste 509","","Pittsburgh","PA","152321326","US","4128023043","","4126924950"
"1205399805","6420 Rising Sun Ave","","Philadelphia","PA","191115229","US","2157257550","","2157251018"
"1205399805","3233 Kensington Ave","","Philadelphia","PA","191341934","US","2152523213","","2152523241"
"1205399805","3396 Miller St Ste A","","Philadelphia","PA","191345325","US","8563870500","","8563870501"
"1871819714","2651 E Discovery Pkwy","","Bloomington","IN","474089059","US","8123539852","","8123539278"
"1548757388","139 Hoowaiwai Loop Apt 2606","","Wailuku","HI","967934132","US","8082762417","",""
"1508653130","951 Tremont St","","Boston","MA","021202210","US","6177081686","",""
"1164165809","1100 Wilford Hall Loop Bldg 4554","","Jbsa Lackland","TX","782365638","US","2106716552","",""
"1134575228","2611 Cypress Creek Pkwy Ste F125","","Houston","TX","770683738","US","8326213759","",""
"1457304990","8 Cadillac Dr","Ste. 200","Brentwood","TN","370275087","US","6153767370","","6153767370"
"1245590496","1025 Think Pl","","Morrisville","NC","275609019","US","9199664721","","9199664787"
"1245590496","601 S College Rd","","Wilmington","NC","284035985","US","9109623280","",""
"1003026501","7150 Clearvista Dr","","Indianapolis","IN","462561695","US","3176216262","",""
"1790477990","91 E 39th St","","Brooklyn","NY","11203","US","7182454914","",""
"1568673903","11104 Parkview Circle Dr Ste 50","","Fort Wayne","IN","468451733","US","2602665400","","2604588948"
"1447639224","7150 Clearvista Dr","","Indianapolis","IN","462561695","US","3176216262","",""
"1457080418","1121 N Church St","","Greensboro","NC","274011007","US","3362077005","",""
"1881044386","2400 17th St","","Columbus","IN","472015351","US","8123765974","",""
"1073297495","601 Childrens Ln","","Norfolk","VA","235071910","US","7576687000","",""
"1932769437","2500 Emblem Cir Unit 205","","Oswego","IL","605435414","US","3122169575","",""
"1053154856","14700 Fm 2100 Rd Ste 3","","Crosby","TX","775329162","US","2813282020","",""
"1053154856","13550 Lakes Of Champions Blvd","","Mont Belvieu","TX","775232807","US","8329817276","",""
"1134482193","7150 Clearvista Dr","","Indianapolis","IN","462561695","US","3176219650","","3176217877"
"1255884367","2025 Bighorn Rd","","Fort Collins","CO","805253480","US","9702299800","","9702291421"
"1952284440","227 Madison St","","New York","NY","100027537","US","2122387108","",""
"1306037726","6767 29th St Fl 3","","Greeley","CO","806345474","US","9706522801","","9706522827"
"1306037726","5881 W 16th St","","Greeley","CO","806342910","US","9703132700","","9703132727"
"1306037726","2819 35th Ave","","Greeley","CO","806349421","US","9706522801","","9703926874"
"1710590138","1600 SW Archer Rd","","Gainesville","FL","326103275","US","3522650761","",""
"1881705093","1015 NW 22nd Ave","","Portland","OR","972103025","US","5034138949","",""
"1245844299","75-5995 Kuakini Hwy Ste 425","","Kailua Kona","HI","967402123","US","8084653005","",""
"1316254352","100 N Rockingchair Rd Ste 2","","Paragould","AR","724502475","US","8709263214","",""
"1316254352","#1 Laubach Drive","","Paragould","AR","72450","US","8702400671","","8702400514"
"1649728528","6406 Whispering Woods Dr","","Williamson","NY","145899002","US","3155765694","",""
"1639653165","2377 Fairview Blvd","","Fairview","TN","370626003","US","6157990101","","6152662945"
"1639653165","3601 The Vanderbilt Clinic","","Nashville","TN","372326003","US","6153223000","",""
"1477427631","1211 Medical Center Dr","","Nashville","TN","372320004","US","6153225000","",""
"1528932621","517 Route 1 S Ste 1109","","Iselin","NJ","088303011","US","9739544592","","9739544592"
"1528932621","1000 Herrontown Rd Ste 100","","Princeton","NJ","085407716","US","9739544592","","9739544592"
"1528932621","106 Apple St Ste 106","","Tinton Falls","NJ","077242670","US","9739544592","","9739544592"
"1528932621","34 Manchester Ave Ste 202","","Forked River","NJ","087311366","US","9739544592","","9739544592"
"1528932621","45 Essex St Ste 200","","Millburn","NJ","070411668","US","9739544592","","9739544592"
"1528932621","303 W Main St Ste 350","","Freehold","NJ","077284832","US","9739544592","","9739544592"
"1538356571","5653 Frist Blvd","Suite 630","Hermitage","TN","370762062","US","6153913971","","6153913867"
"1245741545","600 Eagleview Blvd Ste 317","","Exton","PA","193411224","US","2155969392","","2762480224"
"1568913747","333 1st St Ste A","","San Francisco","CA","941052661","US","8888033370","","8888033331"
"1568913747","333 City Blvd W Ste 300","","Orange","CA","928682972","US","8552122273","",""
"1568913747","4720 Salisbury Rd","","Jacksonville","FL","322566101","US","6156734455","",""
"1700139078","8271 Melrose Ave Ste 110","","Los Angeles","CA","900466800","US","2139104212","",""
"1255058491","315 Hospital Dr","","Madison","TN","371155030","US","6157327662","",""
"1932743093","104 S Freya St Ste 212","","Spokane","WA","992024871","US","5093689863","706","5095871575"
"1932743093","1400 112th Ave SE Ste 100","","Bellevue","WA","980046901","US","3158732936","",""
"1841696457","409 S Market Blvd Ofc 2","","Chehalis","WA","985323043","US","3605232375","",""
"1689744302","7920 Kirkland Ct","","Portage","MI","49024","US","2693450669","","2693455354"
"1265392807","10805 Reynard Fox Ln # 22712","","Bealeton","VA","227126858","US","8627556032","",""
"1487257200","668 N Orlando Ave Ste 206","","Maitland","FL","327514459","US","4076309830","",""
"1134463896","315 Cool Springs Blvd Ste 100","","Franklin","TN","370671923","US","6152843060","","6152843065"
"1134463896","2100 Church St Ste 200","","Nashville","TN","372038023","US","6152843060","","6152843065"
"1457782781","107 Glen Oak Blvd","Suite 202","Hendersonville","TN","37075","US","6158260710","","6158260910"
"1326750092","2611 Cypress Creek Pkwy Ste F125","","Houston","TX","770683738","US","8326213759","","8323246936"
"1528773835","85 Malcolm Rd","","Mahwah","NJ","074301843","US","2017496963","96963",""
"1023554805","20100 N 51st Ave","F620","Glendale","AZ","853085125","US","6233766328","","6235666454"
"1023554805","3030 N Central Ave Ste 803","","Phoenix","AZ","850123054","US","6022498578","",""
"1235603713","111 W Jackson Blvd Ste 1700","","Chicago","IL","606043597","US","8887318994","",""
"1235603713","333 Madison St","","Joliet","IL","604358200","US","8157257133","",""
"1235603713","801 N Larkin Ave Ste 101","","Joliet","IL","604353470","US","8157440029","","8157443768"
"1801608179","2650 S Eudora St","","Denver","CO","802226109","US","4066470813","",""
"1184320384","3030 N Central Ave Ste 803","","Phoenix","AZ","850123054","US","6022498578","","6026133832"
"1962861930","5555 E Baseline Rd","","Mesa","AZ","852064709","US","4803930575","",""
"1962861930","3030 N Central Ave Ste 803","","Phoenix","AZ","850123054","US","6022498578","",""
"1164376869","261 N University Dr Ste 500-1086","","Plantation","FL","333242002","US","9549311803","",""
"1144680752","850 Euclid Ave Ste 819","","Cleveland","OH","441143315","US","2342222831","",""
"1902505258","2255 Glades Rd Ste 324A","","Boca Raton","FL","334318571","US","3057760296","",""
"1902505258","2328 10th Ave N Ste 501G","","Lake Worth","FL","334616615","US","8325677184","",""
"1922864131","2706 Observatory Ave","","Cincinnati","OH","452082108","US","5135334200","",""
"1699098947","410 US Highway 80 SW","","Pooler","GA","313222541","US","9127360001","","9123872252"
"1558338905","503 E Liberty St Ste D","","Wooster","OH","446913687","US","3302642344","",""
"1912853482","16 Highland Ave","","Somerville","MA","021431933","US","6176235277","",""
"1912853482","242 Highland Ave","","Somerville","MA","021431420","US","6176288188","",""
"1871449348","707 S Main St","","Urbana","OH","430782431","US","9378967215","",""
"1306792874","3120 S Martin St Ste 100","","Atlanta","GA","303444396","US","6787058957","",""
"1477409951","8 Medical Plaza Dr","","Roseville","CA","956613106","US","9167811000","",""
"1619823192","432 Water St","","Prairie Du Sac","WI","535781127","US","6084419355","",""
"1386590768","850 S Sherman St","","Richardson","TX","750814030","US","4699053780","",""
"1053111773","350 Fairway Dr Ste 101","","Deerfield Beach","FL","334411834","US","8774182978","","8665002186"
"1053111773","9501 N Capital Of Texas Hwy Ste 201","","Austin","TX","787597250","US","5125788070","",""
"1144924408","101 Manning Dr","","Chapel Hill","NC","275144226","US","9849741000","",""
"1942003579","820 Rancho Ln","","Las Vegas","NV","891063827","US","7023837885","",""
"1447678917","350 W Thomas Rd","","Phoenix","AZ","850134409","US","6024063000","63878",""
"1447678917","7901 Broadway","A1-16","Elmhurst","NY","113731329","US","3475638628","",""
"1447678917","3030 N Central Ave Ste 803","","Phoenix","AZ","850123054","US","6022498578","","6026133832"
"1447678917","500 W Thomas Rd Ste 100","","Phoenix","AZ","850134255","US","6024061510","","6024067277"
"1609670454","170 Manning Dr","","Chapel Hill","NC","275144221","US","9849744175","",""
"1740644673","38 Larose St","","Glens Falls","NY","128013452","US","5188248181","","8338190268"
"1619363512","722 Buckles Ct N Ste 100","","Gahanna","OH","432306932","US","6147545500","","6147545501"
"1598981979","158 S Kyrene Rd","","Chandler","AZ","85226","US","4802748617","",""
"1598981979","3030 N Central Ave Ste 803","","Phoenix","AZ","850123054","US","6025411575","",""
"1013599752","333 Murfreesboro Pike","","Nashville","TN","372102834","US","6159439802","",""
"1548904469","1 Baylor Plz","","Houston","TX","770303411","US","8328245800","",""
"1477728632","503 E Liberty St","","Wooster","OH","446913687","US","3302642344","",""
"1114453750","9019 Willow Ln","","Mokena","IL","604488374","US","7089907691","","7084021616"
"1114453750","1 Westbrook Corporate Ctr Ste 300","","Westchester","IL","601545709","US","8319004723","",""
"1225565880","1373 E State Road 62 Ste 1C","","Madison","IN","472507328","US","8128010832","","8128010759"
"1225565880","1133 S 2nd St","","Louisville","KY","402032874","US","5029997760","",""
"1225565880","4 Memorial Dr Ste 230","","Alton","IL","620026704","US","6184637874","","6184637846"
"1225565880","3030 N Central Ave Ste 803","","Phoenix","AZ","850123054","US","6025411575","","6029261418"
"1396368643","1440 N Edgewood St Fl 4","","Arlington","VA","222017037","US","2023350428","","2029856906"
"1396368643","17855 Dallas Pkwy Ste 200","","Dallas","TX","752876857","US","2488908940","",""
"1982343034","5900 Balcones Dr Ste 100","","Austin","TX","787314298","US","5128297092","",""
"1174817720","3030 N Central Ave Ste 803","","Phoenix","AZ","850123054","US","6022498578","","6026133832"
"1174817720","485 S Dobson Rd Ste 201","","Chandler","AZ","852245604","US","4807284981","","4807284985"
"1841184645","3500 Carnegie Ave","","Cleveland","OH","441152641","US","4402606835","",""
"1760911382","420 S 5th Ave","","West Reading","PA","196112143","US","4846288838","","4843452393"
"1760911382","255 W Lancaster Ave Ste 227","","Paoli","PA","193011765","US","6108899550","","6102968343"
"1114331196","50 Irving St NW","","Washington","DC","204226116","US","2027458000","",""
"1114331196","6231 Leesburg Pike Ste 200","","Falls Church","VA","220442102","US","7038103868","","5716012803"
"1568699304","500 W Thomas Rd Ste 100","","Phoenix","AZ","850134255","US","6024061510","",""
"1568699304","1810 S Crismon Rd Ste 191","","Mesa","AZ","85209","US","4806215891","","4807044019"
"1568699304","3030 N Central Ave Ste 803","","Phoenix","AZ","850123054","US","6022498578","","6026133832"
"1568699304","604 W Warner Rd Ste D1","","Chandler","AZ","852252945","US","4803930575","",""
"1568699304","5555 E Baseline Rd","","Mesa","AZ","852064709","US","4803935075","","4807044019"
"1518349810","164 Chief Justice Cushing Hwy Ste 1","","Cohasset","MA","020251223","US","7813830999","",""
"1649533670","608 W Commerce Dr Ste 1","","Bryant","AR","720226202","US","5015902318","",""
"1609508365","3387 S Jog Rd Ste 103","","Greenacres","FL","334672010","US","5617818090","","5617818099"
"1609508365","1485 Gateway Blvd Ste 101","","Boynton Beach","FL","334268313","US","5612316999","","5612319696"
"1417244294","121 N Park Ave","","Montrose","CO","814013768","US","9706157065","","9705147457"
"1962843532","1545 N Lee Hwy Ste 4","","Lexington","VA","244503449","US","5405720667","",""
"1700341831","485 S Dobson Rd Ste 101","","Chandler","AZ","852245603","US","4807284981","","4807284985"
"1700341831","3030 N Central Ave Ste 803","","Phoenix","AZ","850123054","US","6022498578","",""
"1700341831","1810 S Crismon Rd Ste 191","","Mesa","AZ","852093900","US","4803935075","",""
"1700341831","604 W Warner Rd Ste D1","","Chandler","AZ","852252945","US","4803930575","","4807044019"
"1700341831","5555 E Baseline Rd","","Mesa","AZ","852064709","US","4803930575","","4807044019"
"1447659180","1004 N Walnut St","","Milford","DE","199631244","US","3024226670","","3024226550"
"1295385730","2555 Harrison Mill Dr","","Douglasville","GA","301354441","US","4045126822","",""
"1295385730","8303 Office Park Dr Ste B","","Douglasville","GA","301346935","US","6788388333","",""
"1295385730","23 Lenox Pointe NE","","Atlanta","GA","303243172","US","4709366543","",""
"1295385730","384 Northyards Blvd NW","Building 100 Suite 190","Atlanta","GA","30313","US","4709366543","",""
"1952134264","918 Birdseye Blvd","","Fremont","OH","434204510","US","5672011957","",""
"1457879199","1000 Chinaberry Dr","","Bossier City","LA","711112442","US","3182023706","",""
"1891344313","7500 S Crescent Blvd","","Pennsauken","NJ","081094103","US","8568316646","16646",""
"1891344313","921 Grenville Dr","","Blackwood","NJ","080121343","US","8568316646","16646",""
"1891417390","300 Hartle Ct","","Napa","CA","945594078","US","7072541775","",""
"1528781473","15804 E Brittlebush Ln","","Fountain Hills","AZ","852683183","US","5713146385","",""
"1811860265","3030 N Central Ave Ste 803","","Phoenix","AZ","850123054","US","6025411575","","6029261418"
"1528675246","3767 Main St","","Warrensburg","NY","128851890","US","5186232844","","5186233416"
"1528675246","100 Broad St","","Glens Falls","NY","128014349","US","5187922223","","5187928231"
"1689454571","1847 Simpson Highway 149","","Mendenhall","MS","391143439","US","6016757142","",""
"1689454571","235 S 14th Ave","","Laurel","MS","394404227","US","6014250092","",""
"1861034068","7500 S Crescent Blvd","","Pennsauken","NJ","081094103","US","8568316646","",""
"1861034068","921 Grenville Dr","","Blackwood","NJ","080121343","US","8568316646","16646",""
"1851933634","1345 Avenue Of The Americas Fl 11","","New York","NY","101050013","US","2129811977","",""
"1851933634","8415 4th Ave Apt A17","","Brooklyn","NY","112094624","US","7189219721","",""
"1538876552","41877 Enterprise Cir N Ste 200","","Temecula","CA","925905628","US","9097550585","",""
"1538876552","1307 W 6th St Ste 105","","Corona","CA","928821644","US","9514829183","",""
"1316191166","3000 Q St","","Sacramento","CA","958167058","US","9167333359","",""
"1134473374","116 W 1st St","","Sumner","IA","506741141","US","5632338072","",""
"1316808058","3911 N Washington St","","Wilmington","DE","198022147","US","3027648192","",""
"1356052765","2960 W Horizon Ridge Pkwy","","Henderson","NV","890524666","US","8646213652","",""
"1356052765","6847 W Charleston Blvd Ste B","","Las Vegas","NV","891171648","US","7252051578","",""
"1841959459","106 Stover Dr","","Delaware","OH","430158601","US","7404179265","",""
"1598209264","2750 Sutterville Rd","","Sacramento","CA","958201024","US","9165307212","",""
"1265617435","34 N Main St Ste 102","","Arab","AL","350161240","US","2566151858","",""
"1306310016","15905 Brookway Dr Ste 4202","","Huntersville","NC","280783241","US","","",""
"1558784611","4513 Executive Dr Ste 201","","Naples","FL","341199033","US","2396248030","48030","2396240831"
"1073328365","7917 Ostrow St Ste A","","San Diego","CA","921113604","US","8583008282","","8583008284"
"1073328365","900 Lane Ave Ste 126","","Chula Vista","CA","919143515","US","8583336856","","8589992014"
"1922864255","4035 SE 52nd Ave Ste B","","Portland","OR","972063913","US","9712798597","",""
"1336945070","1111 Boardman Canfield Rd","","Boardman","OH","445124062","US","3308629127","","8883556583"
"1386069698","1001 Lynch St","","Saint Louis","MO","631181818","US","3145355600","",""
"1386069698","10024 Office Center Ave Ste 100","","Saint Louis","MO","631281392","US","3147297050","",""
"1497095350","303 N Clyde Morris Blvd","","Daytona Beach","FL","321142709","US","3862544000","",""
"1497095350","1890 Lpga Blvd","","Daytona Beach","FL","321177130","US","3864253232","",""
"1497095350","1041 Dunlawton Ave","","Port Orange","FL","321277968","US","3864254700","",""
"1497095350","4320 Seminary Rd","","Alexandria","VA","22304","US","7035043000","",""
"1518097880","1410 F St","","Fresno","CA","937061608","US","5597531273","",""
"1518097880","1396 W Herndon Ave Ste 110","","Fresno","CA","937117126","US","5595730946","",""
"1841146230","205 W Morris Ave","","Hammond","LA","704034117","US","9856620887","",""
"1811843204","1001 Bishop St Ste 2685A","","Honolulu","HI","968133404","US","8084048804","",""
"1407240112","201 E University Pkwy","","Baltimore","MD","212182829","US","4103404547","","4434444391"
"1407240112","1600 SW Archer Rd","","Gainesville","FL","326103003","US","3522650301","50301",""
"1194585638","14948 Market St","","Baton Rouge","LA","708171397","US","2254788484","",""
"1124777636","171 Ashley Ave","","Charleston","SC","294250100","US","8437921414","",""
"1124777636","240 Meeting House Ln","","Southampton","NY","119685009","US","6317260409","","6317260396"
"1538120860","5841 S MARYLAND AVE","","Chicago","IL","606371443","US","8888240200","",""
"1598296238","1450 San Pablo St Ste 400","","Los Angeles","CA","900335331","US","3234426335","",""
"1598296238","555 N 13th Ave","","Upland","CA","917864904","US","8003458979","","9099493967"
"1851851901","115 Cass Ave","","Woonsocket","RI","028954731","US","4017694100","",""
"1851851901","455 Toll Gate Rd","","Warwick","RI","028862759","US","4017377010","","4017364546"
"1851851901","101 Dudley St","","Providence","RI","029052401","US","4014537950","","4014537658"
"1851851901","16 Hospital Rd","","Plymouth","NH","032641199","US","6035361120","",""
"1851851901","55 Fruit St","","Boston","MA","021142621","US","6177262000","",""
"1851851901","311 Service Rd","","East Sandwich","MA","025371370","US","5088334000","",""
"1578806006","33959 Doheny Park Rd Ste 1012","","San Juan Capistrano","CA","926754835","US","7205089023","",""
"1497288294","1717 S J St","","Tacoma","WA","984054933","US","2534264101","",""
"1831622463","327 W Gordon Ave Ste 2","","Layton","UT","840412381","US","8016831062","","8012955537"
"1831622463","5974 Fashion Point Dr Ste 140","","South Ogden","UT","844034838","US","8015163806","",""
"1831622463","370 E South Temple Ste 175","","Salt Lake City","UT","841111241","US","8016831062","","8012955537"
"1558505040","80 SW 8th St Ste 2000","","Miami","FL","331303038","US","3232057088","","8334190181"
"1932843687","1410 F St # 101","","Fresno","CA","937061608","US","5592845047","",""
"1932843687","1396 W Herndon Ave","","Fresno","CA","937117126","US","5592560100","",""
"1932843687","1925 E Dakota Ave","","Fresno","CA","937264821","US","5592560100","",""
"1447007265","515 Blackwell Blvd","","Thomasville","NC","273604582","US","3363031414","",""
"1154178937","1390 S Potomac St","","Aurora","CO","800126165","US","3037456717","",""
"1053847608","14540 Prairie Lakes Blvd N","","Noblesville","IN","460604366","US","0000000000","",""
"1053847608","200 W Madison St Ste 2600","","Chicago","IL","606063476","US","0000000000","",""
"1053847608","4906 N Oak Trfy","","Kansas City","MO","641184617","US","0000000000","",""
"1053847608","2020 Innovation Ct","","DE Pere","WI","541156009","US","0000000000","",""
"1053847608","4546 Corporate Dr Ste 155","","West Des Moines","IA","502665911","US","0000000000","",""
"1053847608","14121 Parke Long Ct Ste 201","","Chantilly","VA","201511647","US","2167320686","",""
"1053847608","7251 Sawmill Rd","","Dublin","OH","430167406","US","0000000000","",""
"1306410279","1396 W Herndon Ave","","Fresno","CA","937117126","US","5594177616","",""
"1306410279","1410 F St","","Fresno","CA","937061608","US","5594177616","",""
"1750590097","150 Fairview Rd Ste 210","","Mooresville","NC","281179507","US","7048735055","35055","7048735025"
"1710727243","300 S Main St Ste 212","","Holly Springs","NC","275404201","US","9844002048","99555",""
"1609304062","3943 Old Jacksonville Rd","","Tyler","TX","757018519","US","9032531254","",""
"1578072815","151 E. Briarcliff Rd","-","Bolingbrook","IL","60440","US","6307832832","","6307832832"
"1982054656","8641 Wilshire Blvd Ste 100","","Beverly Hills","CA","902112919","US","3103606807","",""
"1982054656","18406 Roscoe Blvd","","Northridge","CA","913254107","US","8188855490","","8187002394"
"1346865490","2117 SW 37th St","","Topeka","KS","666112590","US","7852665850","","7852660021"
"1790354322","1396 W Herndon Ave","","Fresno","CA","937117126","US","5592560100","",""
"1790354322","1410 F St Ste 101","","Fresno","CA","937061608","US","5596910099","",""
"1497249882","1629 US Highway 190 E","","Livingston","TX","773514487","US","9362592119","",""
"1497249882","106 E Milam St","","Livingston","TX","773512936","US","9362151467","",""
"1093209397","211 Church St","","Saratoga Spgs","NY","128661003","US","5188865560","","5188865959"
"1093209397","71 Prospect Ave","","Hudson","NY","125342907","US","5188287601","",""
"1841976784","4500 9th Ave NE Ste 300","","Seattle","WA","981054762","US","2067379229","","9563941225"
"1295352466","1000 NW 65th St Ste 201","","Fort Lauderdale","FL","333091113","US","8558326727","",""
"1295352466","2598 E Sunrise Blvd Ste 2104","","Fort Lauderdale","FL","333043230","US","9542351530","",""
"1295352466","7108 S Kanner Hwy","","Stuart","FL","349977462","US","8558326727","1395",""
"1336038454","1805 E Walnut St","","Columbia","MO","652016425","US","5736031460","",""
"1336038454","4066 Dunnica Ave","","Saint Louis","MO","631163510","US","6606651962","",""
"1609894013","33-41 Newark St Fl 5","","Hoboken","NJ","070305627","US","9176471665","","2014735812"
"1770320087","6145 Lake Worth Rd Ste A","","Greenacres","FL","334633001","US","5614210047","",""
"1003128422","1307 Federal St Ste B100","","Pittsburgh","PA","152124761","US","4123598900","","4123598977"
"1003128422","3525 Olentangy River Rd Ste 4330","","Columbus","OH","432143937","US","6142556900","","6142556901"
"1497139802","1410 F St Ste 101","","Fresno","CA","937061608","US","5592161075","",""
"1497139802","1396 W Herndon Ave","","Fresno","CA","937117126","US","5593285727","",""
"1689228165","6901 N Charles St","","Towson","MD","212043780","US","4438094130","",""
"1689228165","110 Manor Rd","","Staten Island","NY","103102626","US","6467091545","",""
"1417839077","4527 N 16th St Ste 201","","Phoenix","AZ","850165352","US","9519906516","",""
"1407334535","16475 Sierra Lakes Pkwy Ste 140","","Fontana","CA","923361259","US","9093570869","",""
"1801311527","61-15 Metropolitan Avenue","","Ridgewood","NY","113852644","US","7184979192","",""
"1801311527","521 Main St","","Presque Isle","ME","047692341","US","3477482737","",""
"1801311527","6115 Metropolitan Ave","","Ridgewood","NY","113852644","US","3477482737","",""
"1801311527","13433 234th St","","Rosedale","NY","114221324","US","2074961222","61222",""
"1275215618","415 Uluniu St Ste A","","Kailua","HI","967342503","US","8084048804","",""
"1275215618","1314 S King St Ste 1460","","Honolulu","HI","968141948","US","8082179527","",""
"1831864008","4170 City Ave","","Philadelphia","PA","191311694","US","2158716100","",""
"1659009306","1500 NE Irving St Ste 440","","Portland","OR","972324208","US","5415179733","",""
"1710092127","1718 E Passyunk Ave","","Philadelphia","PA","191481572","US","6109240800","","6109240799"
"1538835160","1001 S Main St Ste 600","","Kalispell","MT","599015635","US","5202143960","","5203369199"
"1538835160","522 W Riverside Ave Ste N","","Spokane","WA","992010580","US","5202143960","","5203369199"
"1952134876","500 E McBee Ave Ste 100","","Greenville","SC","296015303","US","8649058891","","5085635774"
"1023786373","1410 F St","","Fresno","CA","937061608","US","5599770215","",""
"1023786373","1396 W Herndon Ave","","Fresno","CA","937117126","US","5592560100","",""
"1588213383","1051 Alexandria Pike","Suite 104","Fort Thomas","KY","41075","US","8599080498","",""
"1588213383","110 W Pike St","","Covington","KY","410112361","US","5136661406","",""
"1205441292","5219 Lankford Hwy","","New Church","VA","234153332","US","7574140400","","7574140569"
"1205441292","4049 Main st","","Chincoteague","VA","233362406","US","7574140400","","7574140569"
"1205441292","25228 Lankford Hwy","","Onley","VA","23418","US","7574140400","","7574140569"
"1205441292","20306 Badger Ln","","Onancock","VA","234171224","US","7574140400","","7574140569"
"1992584312","1001 N Miami Beach Blvd","","North Miami Beach","FL","331623842","US","7863205559","","7867961021"
"1295450641","314 W Main St","","Lewisville","TX","750573866","US","9723162035","",""
"1619487931","1051 Alexandria Pike","Suite 104","Fort Thomas","KY","41075","US","8599080498","",""
"1619487931","110 W Pike St","","Covington","KY","410112361","US","5136661406","",""
"1851761621","1940 Turner Rd SE","","Salem","OR","973022003","US","5413910586","",""
"1851761621","5250 Commercial St SE","","Salem","OR","973061018","US","5033781822","",""
"1851761621","7650 NE Shaleen St","","Hillsboro","OR","970066764","US","5032686918","",""
"1134093735","7947 Tartan Fields Dr","","Dublin","OH","430178778","US","9259844689","",""
"1255151510","104 Franklin St","","New York","NY","100132923","US","7189093819","",""
"1376207415","1910 SE Loop 323","#382","Tyler","TX","757018337","US","9039053515","",""
"1891517728","30941 Mill Ln Ste B","","Spanish Fort","AL","365275457","US","8504668959","101","4484002214"
"1225999352","13640 N Kendall Dr # 1107","","Miami","FL","331861567","US","3052094215","",""
"1750049284","195 Ramapo Valley Road","","Oakland","NJ","07436","US","8774278180","",""
"1619785920","150 Fairview Rd Ste 210","","Mooresville","NC","281179507","US","7048735055","","7048735025"
"1972372449","40 Moon Hill Dr","","Henderson","NV","890113799","US","9072997701","",""
"1740940907","1410 F St Ste 101","","Fresno","CA","937061608","US","5597533455","",""
"1740940907","6051 N Fresno St Ste 202","","Fresno","CA","937105280","US","5597533455","",""
"1952456279","18 Langdon Rd","","Burlington","NJ","080162922","US","6096948768","",""
"1952456279","5200 Diamond St","","Philadelphia","PA","191312304","US","2672503648","",""
"1699629386","1611 Merrick Rd","","Merrick","NY","115664540","US","5166548706","",""
"1821310442","17327 Pagonia Dr","","Clermont","FL","347116009","US","4079056000","","4079056001"
"1689320913","1065 Medina Rd Ste 300","","Medina","OH","442565374","US","6148443800","",""
"1043771942","907 Georgiana St","","Port Angeles","WA","983623911","US","3605650999","",""
"1932902335","4229 Snapfinger Woods Dr","","Decatur","GA","300353440","US","4042869252","","4042869253"
"1649699638","861 Coronado Center Dr Ste 200","","Henderson","NV","890523992","US","7028960940","","7028966173"
"1679865695","307 Boatner Rd Ste 114","","Eglin AFB","FL","32542","US","3212556670","",""
"1699727461","130 Martz St","Suite 3","Greenville","OH","453311071","US","9375485114","","9375485177"
"1780622480","1500 SW 10th Ave","","Topeka","KS","666041301","US","7853545242","",""
"1285678805","3782 Tamiami Trl","Suite A","Port Charlotte","FL","339528308","US","9416297855","","9416299589"
"1053356055","15707 Pinehurst Dr","","Basehor","KS","660078228","US","9136627330","",""
"1053356055","8101 Parallel Pkwy Ste 100","","Kansas City","KS","661122067","US","9132999200","","9132999210"
"1023245362","2686 Crossroads Plaza Dr","","Columbus","OH","432193442","US","8773180934","","8888319065"
"1477663110","910 Century Dr","Suite 150","Mechanicsburg","PA","170554351","US","7175064720","","7175064734"
"1134115710","4201 W Medical Center Dr","","McHenry","IL","600508409","US","8157594530","","8157598053"
"1134115710","500 Lilly Rd NE Ste 201","","Olympia","WA","985065197","US","3604138272","","3604138878"
"1134115710","5165 McCarty Ln","","Lafayette","IN","479058764","US","7654488000","","7654487631"
"1134115710","2231 Carew St","","Fort Wayne","IN","468054713","US","2602667856","","2602665279"
"1255424651","701 Grove Rd","2ND FLOOR ANESTHESIA","Greenville","SC","296055611","US","8644557111","",""
"1629222450","2575 E Evergreen Drive","","Appleton","WI","549818904","US","9209695353","","4143377201"
"1629222450","9200 W Wisconsin Ave","","Milwaukee","WI","532263522","US","4148050505","","4149550231"
"1265686398","18 S Michigan Ave","6th Fl","Chicago","IL","606033200","US","3125926800","","3125926801"
"1417930884","905C S Frontage Rd","","Meridian","MS","393016113","US","6014864210","","6014864219"
"1952631715","59 East 72nd Street Unit 1A","","New York","NY","10021","US","8334070380","",""
"1932068061","3004 Moores Ln","","Texarkana","TX","755032204","US","9036508921","",""
"1932068061","3494 Summerhill Rd Ste A","","Texarkana","TX","755033560","US","4302004222","",""
"1053270934","11212 State Highway 151 Ste 150","","San Antonio","TX","782514505","US","2102331215","",""
"1013866839","2620 Regatta Dr Ste 102","","Las Vegas","NV","891286892","US","7252573983","",""
"1699213967","400 S 4th St Ste 500","","Las Vegas","NV","891016207","US","8887318994","",""
"1699213967","195 Page Mill Rd Ste 103","","Palo Alto","CA","943062073","US","8887318994","",""
"1699213967","1065 Bucks Lake Rd","","Quincy","CA","959719599","US","5302832121","",""
"1962709535","251 Georgia St","","Vallejo","CA","945905905","US","7075588500","",""
"1306541024","7400 Merton Minter St","","San Antonio","TX","782294404","US","9139094219","",""
"1306541024","5788 Eckhert Rd","","San Antonio","TX","782403900","US","9139094219","",""
"1306541024","4502 Medical Dr","","San Antonio","TX","782294402","US","9139094219","",""
"1306541024","3551 Roger Brooke Dr","","Jbsa Ft Sam Houston","TX","782344504","US","2109164141","",""
"1306541024","1100 Wilford Hall Loop","","Jbsa Lackland","TX","782365638","US","2102924277","",""
"1164164315","3570 Bartram Ln","","Plainfield","IN","461687877","US","3174378270","",""
"1770750853","921 Gessner Rd","","Houston","TX","770242501","US","7132423887","",""
"1316638018","37 W Fairmont Ave Ste 1","","Savannah","GA","314063455","US","9125329774","","9212213085"
"1770842379","22 Industrial Park Dr","","Waldorf","MD","206022791","US","2402966030","",""
"1255541561","630 S Fleishel Ave","","Tyler","TX","757012041","US","9036065560","",""
"1679064646","6196 S Raton Ln","","Murray","UT","841237630","US","8015735880","",""
"1679131957","50 N Perry St","","Pontiac","MI","483422217","US","6147055962","",""
"1174254734","1206 Hope Mills Rd","","Fayetteville","NC","283044215","US","9102755766","","8669900668"
"1013745009","1420 Fern Creek Dr","","Statesville","NC","286259376","US","7043803722","",""
"1881265486","3153 Canada Ct","","Lake Worth Beach","FL","334615517","US","5614319177","",""
"1598502262","848 N Main St","","Lansing","KS","660431305","US","9137273600","",""
"1851072003","2801 NE 213th St Ste 1111","","Aventura","FL","331801267","US","9548954707","",""
"1215360508","3838 N Campbell Ave Bldg 2","","Tucson","AZ","857191454","US","5206948888","","5206940127"
"1841715778","2992 S Grape Way","","Denver","CO","802226857","US","7203941366","",""
"1588331771","325 N Saint Paul St Ste 3100","","Dallas","TX","752013923","US","8887318994","",""
"1588331771","429 4th Ave Fl 7","","Pittsburgh","PA","152191500","US","8887318994","",""
"1679902449","2800 E Ajo Way","","Tucson","AZ","857136204","US","5208742000","",""
"1679902449","1625 N Campbell Ave","","Tucson","AZ","857194330","US","5206948888","",""
"1578076881","4101 McEwen Rd Ste 340","","Farmers Branch","TX","752445258","US","2143364417","",""
"1891208658","655 7th St","","Robins AFB","GA","310982227","US","4783277850","",""
"1275002396","10775 Pioneer Trl Ste 215","","Truckee","CA","961610234","US","4154244266","","4155206633"
"1780344770","20460 Anaconda Road","","Fort Drum","NY","13602","US","5858131947","",""
"1700022639","341 Mount Vernon Ave","","Marion","OH","433024100","US","7403411899","","7409204244"
