CBSA Code,CBSA Title,county_fips,County/County Equivalent,State Name,cbsa_title_clean,cbsa_title,population_2024
10180,"Abilene, TX",48.059.0,Callahan County,Texas,"Abilene, TX",".Abilene, TX Metro Area",184278.0
10180,"Abilene, TX",48.0253.0,Jones County,Texas,"Abilene, TX",".Abilene, TX Metro Area",184278.0
10180,"Abilene, TX",48.0441.0,Taylor County,Texas,"Abilene, TX",".Abilene, TX Metro Area",184278.0
10380,"Aguadilla, PR",72.03.0,Aguada Municipio,Puerto Rico,"Aguadilla, PR",".Aguadilla, PR Metro Area",250969.0
10380,"Aguadilla, PR",72.05.0,Aguadilla Municipio,Puerto Rico,"Aguadilla, PR",".Aguadilla, PR Metro Area",250969.0
10380,"Aguadilla, PR",72.011.0,Añasco Municipio,Puerto Rico,"Aguadilla, PR",".Aguadilla, PR Metro Area",250969.0
10380,"Aguadilla, PR",72.071.0,Isabela Municipio,Puerto Rico,"Aguadilla, PR",".Aguadilla, PR Metro Area",250969.0
10380,"Aguadilla, PR",72.099.0,Moca Municipio,Puerto Rico,"Aguadilla, PR",".Aguadilla, PR Metro Area",250969.0
10380,"Aguadilla, PR",72.0117.0,Rincón Municipio,Puerto Rico,"Aguadilla, PR",".Aguadilla, PR Metro Area",250969.0
10380,"Aguadilla, PR",72.0131.0,San Sebastián Municipio,Puerto Rico,"Aguadilla, PR",".Aguadilla, PR Metro Area",250969.0
10420,"Akron, OH",39.0133.0,Portage County,Ohio,"Akron, OH",".Akron, OH Metro Area",702209.0
10420,"Akron, OH",39.0153.0,Summit County,Ohio,"Akron, OH",".Akron, OH Metro Area",702209.0
10500,"Albany, GA",13.095.0,Dougherty County,Georgia,"Albany, GA",".Albany, GA Metro Area",145451.0
10500,"Albany, GA",13.0177.0,Lee County,Georgia,"Albany, GA",".Albany, GA Metro Area",145451.0
10500,"Albany, GA",13.0273.0,Terrell County,Georgia,"Albany, GA",".Albany, GA Metro Area",145451.0
10500,"Albany, GA",13.0321.0,Worth County,Georgia,"Albany, GA",".Albany, GA Metro Area",145451.0
10540,"Albany, OR",41.043.0,Linn County,Oregon,"Albany, OR",".Albany, OR Metro Area",132474.0
10580,"Albany-Schenectady-Troy, NY",36.01.0,Albany County,New York,"Albany-Schenectady-Troy, NY",".Albany-Schenectady-Troy, NY Metro Area",913485.0
10580,"Albany-Schenectady-Troy, NY",36.083.0,Rensselaer County,New York,"Albany-Schenectady-Troy, NY",".Albany-Schenectady-Troy, NY Metro Area",913485.0
10580,"Albany-Schenectady-Troy, NY",36.091.0,Saratoga County,New York,"Albany-Schenectady-Troy, NY",".Albany-Schenectady-Troy, NY Metro Area",913485.0
10580,"Albany-Schenectady-Troy, NY",36.093.0,Schenectady County,New York,"Albany-Schenectady-Troy, NY",".Albany-Schenectady-Troy, NY Metro Area",913485.0
10580,"Albany-Schenectady-Troy, NY",36.095.0,Schoharie County,New York,"Albany-Schenectady-Troy, NY",".Albany-Schenectady-Troy, NY Metro Area",913485.0
10740,"Albuquerque, NM",35.01.0,Bernalillo County,New Mexico,"Albuquerque, NM",".Albuquerque, NM Metro Area",926303.0
10740,"Albuquerque, NM",35.043.0,Sandoval County,New Mexico,"Albuquerque, NM",".Albuquerque, NM Metro Area",926303.0
10740,"Albuquerque, NM",35.057.0,Torrance County,New Mexico,"Albuquerque, NM",".Albuquerque, NM Metro Area",926303.0
10740,"Albuquerque, NM",35.061.0,Valencia County,New Mexico,"Albuquerque, NM",".Albuquerque, NM Metro Area",926303.0
10780,"Alexandria, LA",22.043.0,Grant Parish,Louisiana,"Alexandria, LA",".Alexandria, LA Metro Area",148008.0
10780,"Alexandria, LA",22.079.0,Rapides Parish,Louisiana,"Alexandria, LA",".Alexandria, LA Metro Area",148008.0
10900,"Allentown-Bethlehem-Easton, PA-NJ",34.041.0,Warren County,New Jersey,"Allentown-Bethlehem-Easton, PA-NJ",".Allentown-Bethlehem-Easton, PA-NJ Metro Area",886418.0
10900,"Allentown-Bethlehem-Easton, PA-NJ",42.025.0,Carbon County,Pennsylvania,"Allentown-Bethlehem-Easton, PA-NJ",".Allentown-Bethlehem-Easton, PA-NJ Metro Area",886418.0
10900,"Allentown-Bethlehem-Easton, PA-NJ",42.077.0,Lehigh County,Pennsylvania,"Allentown-Bethlehem-Easton, PA-NJ",".Allentown-Bethlehem-Easton, PA-NJ Metro Area",886418.0
10900,"Allentown-Bethlehem-Easton, PA-NJ",42.095.0,Northampton County,Pennsylvania,"Allentown-Bethlehem-Easton, PA-NJ",".Allentown-Bethlehem-Easton, PA-NJ Metro Area",886418.0
11020,"Altoona, PA",42.013.0,Blair County,Pennsylvania,"Altoona, PA",".Altoona, PA Metro Area",120269.0
11100,"Amarillo, TX",48.011.0,Armstrong County,Texas,"Amarillo, TX",".Amarillo, TX Metro Area",274650.0
11100,"Amarillo, TX",48.065.0,Carson County,Texas,"Amarillo, TX",".Amarillo, TX Metro Area",274650.0
11100,"Amarillo, TX",48.0359.0,Oldham County,Texas,"Amarillo, TX",".Amarillo, TX Metro Area",274650.0
11100,"Amarillo, TX",48.0375.0,Potter County,Texas,"Amarillo, TX",".Amarillo, TX Metro Area",274650.0
11100,"Amarillo, TX",48.0381.0,Randall County,Texas,"Amarillo, TX",".Amarillo, TX Metro Area",274650.0
11180,"Ames, IA",19.015.0,Boone County,Iowa,"Ames, IA",".Ames, IA Metro Area",129227.0
11180,"Ames, IA",19.0169.0,Story County,Iowa,"Ames, IA",".Ames, IA Metro Area",129227.0
11200,"Amherst Town-Northampton, MA",25.015.0,Hampshire County,Massachusetts,"Amherst Town-Northampton, MA",".Amherst Town-Northampton, MA Metro Area",165399.0
11260,"Anchorage, AK",2.020.0,Anchorage Municipality,Alaska,"Anchorage, AK",".Anchorage, AK Metro Area",407213.0
11260,"Anchorage, AK",2.0170.0,Matanuska-Susitna Borough,Alaska,"Anchorage, AK",".Anchorage, AK Metro Area",407213.0
11460,"Ann Arbor, MI",26.0161.0,Washtenaw County,Michigan,"Ann Arbor, MI",".Ann Arbor, MI Metro Area",373875.0
11500,"Anniston-Oxford, AL",1.015.0,Calhoun County,Alabama,"Anniston-Oxford, AL",".Anniston-Oxford, AL Metro Area",116427.0
11540,"Appleton, WI",55.015.0,Calumet County,Wisconsin,"Appleton, WI",".Appleton, WI Metro Area",248992.0
11540,"Appleton, WI",55.087.0,Outagamie County,Wisconsin,"Appleton, WI",".Appleton, WI Metro Area",248992.0
11640,"Arecibo, PR",72.013.0,Arecibo Municipio,Puerto Rico,"Arecibo, PR",".Arecibo, PR Metro Area",180071.0
11640,"Arecibo, PR",72.027.0,Camuy Municipio,Puerto Rico,"Arecibo, PR",".Arecibo, PR Metro Area",180071.0
11640,"Arecibo, PR",72.065.0,Hatillo Municipio,Puerto Rico,"Arecibo, PR",".Arecibo, PR Metro Area",180071.0
11640,"Arecibo, PR",72.0115.0,Quebradillas Municipio,Puerto Rico,"Arecibo, PR",".Arecibo, PR Metro Area",180071.0
11700,"Asheville, NC",37.021.0,Buncombe County,North Carolina,"Asheville, NC",".Asheville, NC Metro Area",422333.0
11700,"Asheville, NC",37.089.0,Henderson County,North Carolina,"Asheville, NC",".Asheville, NC Metro Area",422333.0
11700,"Asheville, NC",37.0115.0,Madison County,North Carolina,"Asheville, NC",".Asheville, NC Metro Area",422333.0
12020,"Athens-Clarke County, GA",13.059.0,Clarke County,Georgia,"Athens-Clarke County, GA",".Athens-Clarke County, GA Metro Area",223689.0
12020,"Athens-Clarke County, GA",13.0195.0,Madison County,Georgia,"Athens-Clarke County, GA",".Athens-Clarke County, GA Metro Area",223689.0
12020,"Athens-Clarke County, GA",13.0219.0,Oconee County,Georgia,"Athens-Clarke County, GA",".Athens-Clarke County, GA Metro Area",223689.0
12020,"Athens-Clarke County, GA",13.0221.0,Oglethorpe County,Georgia,"Athens-Clarke County, GA",".Athens-Clarke County, GA Metro Area",223689.0
12060,"Atlanta-Sandy Springs-Roswell, GA",13.013.0,Barrow County,Georgia,"Atlanta-Sandy Springs-Roswell, GA",".Atlanta-Sandy Springs-Roswell, GA Metro Area",6411149.0
12060,"Atlanta-Sandy Springs-Roswell, GA",13.035.0,Butts County,Georgia,"Atlanta-Sandy Springs-Roswell, GA",".Atlanta-Sandy Springs-Roswell, GA Metro Area",6411149.0
12060,"Atlanta-Sandy Springs-Roswell, GA",13.045.0,Carroll County,Georgia,"Atlanta-Sandy Springs-Roswell, GA",".Atlanta-Sandy Springs-Roswell, GA Metro Area",6411149.0
12060,"Atlanta-Sandy Springs-Roswell, GA",13.063.0,Clayton County,Georgia,"Atlanta-Sandy Springs-Roswell, GA",".Atlanta-Sandy Springs-Roswell, GA Metro Area",6411149.0
12060,"Atlanta-Sandy Springs-Roswell, GA",13.077.0,Coweta County,Georgia,"Atlanta-Sandy Springs-Roswell, GA",".Atlanta-Sandy Springs-Roswell, GA Metro Area",6411149.0
12060,"Atlanta-Sandy Springs-Roswell, GA",13.085.0,Dawson County,Georgia,"Atlanta-Sandy Springs-Roswell, GA",".Atlanta-Sandy Springs-Roswell, GA Metro Area",6411149.0
12060,"Atlanta-Sandy Springs-Roswell, GA",13.089.0,DeKalb County,Georgia,"Atlanta-Sandy Springs-Roswell, GA",".Atlanta-Sandy Springs-Roswell, GA Metro Area",6411149.0
12060,"Atlanta-Sandy Springs-Roswell, GA",13.097.0,Douglas County,Georgia,"Atlanta-Sandy Springs-Roswell, GA",".Atlanta-Sandy Springs-Roswell, GA Metro Area",6411149.0
12060,"Atlanta-Sandy Springs-Roswell, GA",13.0113.0,Fayette County,Georgia,"Atlanta-Sandy Springs-Roswell, GA",".Atlanta-Sandy Springs-Roswell, GA Metro Area",6411149.0
12060,"Atlanta-Sandy Springs-Roswell, GA",13.0117.0,Forsyth County,Georgia,"Atlanta-Sandy Springs-Roswell, GA",".Atlanta-Sandy Springs-Roswell, GA Metro Area",6411149.0
12060,"Atlanta-Sandy Springs-Roswell, GA",13.0121.0,Fulton County,Georgia,"Atlanta-Sandy Springs-Roswell, GA",".Atlanta-Sandy Springs-Roswell, GA Metro Area",6411149.0
12060,"Atlanta-Sandy Springs-Roswell, GA",13.0135.0,Gwinnett County,Georgia,"Atlanta-Sandy Springs-Roswell, GA",".Atlanta-Sandy Springs-Roswell, GA Metro Area",6411149.0
12060,"Atlanta-Sandy Springs-Roswell, GA",13.0149.0,Heard County,Georgia,"Atlanta-Sandy Springs-Roswell, GA",".Atlanta-Sandy Springs-Roswell, GA Metro Area",6411149.0
12060,"Atlanta-Sandy Springs-Roswell, GA",13.0151.0,Henry County,Georgia,"Atlanta-Sandy Springs-Roswell, GA",".Atlanta-Sandy Springs-Roswell, GA Metro Area",6411149.0
12060,"Atlanta-Sandy Springs-Roswell, GA",13.0159.0,Jasper County,Georgia,"Atlanta-Sandy Springs-Roswell, GA",".Atlanta-Sandy Springs-Roswell, GA Metro Area",6411149.0
12060,"Atlanta-Sandy Springs-Roswell, GA",13.0187.0,Lumpkin County,Georgia,"Atlanta-Sandy Springs-Roswell, GA",".Atlanta-Sandy Springs-Roswell, GA Metro Area",6411149.0
12060,"Atlanta-Sandy Springs-Roswell, GA",13.0199.0,Meriwether County,Georgia,"Atlanta-Sandy Springs-Roswell, GA",".Atlanta-Sandy Springs-Roswell, GA Metro Area",6411149.0
12060,"Atlanta-Sandy Springs-Roswell, GA",13.0211.0,Morgan County,Georgia,"Atlanta-Sandy Springs-Roswell, GA",".Atlanta-Sandy Springs-Roswell, GA Metro Area",6411149.0
12060,"Atlanta-Sandy Springs-Roswell, GA",13.0217.0,Newton County,Georgia,"Atlanta-Sandy Springs-Roswell, GA",".Atlanta-Sandy Springs-Roswell, GA Metro Area",6411149.0
12060,"Atlanta-Sandy Springs-Roswell, GA",13.0227.0,Pickens County,Georgia,"Atlanta-Sandy Springs-Roswell, GA",".Atlanta-Sandy Springs-Roswell, GA Metro Area",6411149.0
12060,"Atlanta-Sandy Springs-Roswell, GA",13.0231.0,Pike County,Georgia,"Atlanta-Sandy Springs-Roswell, GA",".Atlanta-Sandy Springs-Roswell, GA Metro Area",6411149.0
12060,"Atlanta-Sandy Springs-Roswell, GA",13.0247.0,Rockdale County,Georgia,"Atlanta-Sandy Springs-Roswell, GA",".Atlanta-Sandy Springs-Roswell, GA Metro Area",6411149.0
12060,"Atlanta-Sandy Springs-Roswell, GA",13.0255.0,Spalding County,Georgia,"Atlanta-Sandy Springs-Roswell, GA",".Atlanta-Sandy Springs-Roswell, GA Metro Area",6411149.0
12060,"Atlanta-Sandy Springs-Roswell, GA",13.0297.0,Walton County,Georgia,"Atlanta-Sandy Springs-Roswell, GA",".Atlanta-Sandy Springs-Roswell, GA Metro Area",6411149.0
12060,"Atlanta-Sandy Springs-Roswell, GA",13.015.0,Bartow County,Georgia,"Atlanta-Sandy Springs-Roswell, GA",".Atlanta-Sandy Springs-Roswell, GA Metro Area",6411149.0
12060,"Atlanta-Sandy Springs-Roswell, GA",13.057.0,Cherokee County,Georgia,"Atlanta-Sandy Springs-Roswell, GA",".Atlanta-Sandy Springs-Roswell, GA Metro Area",6411149.0
12060,"Atlanta-Sandy Springs-Roswell, GA",13.067.0,Cobb County,Georgia,"Atlanta-Sandy Springs-Roswell, GA",".Atlanta-Sandy Springs-Roswell, GA Metro Area",6411149.0
12060,"Atlanta-Sandy Springs-Roswell, GA",13.0143.0,Haralson County,Georgia,"Atlanta-Sandy Springs-Roswell, GA",".Atlanta-Sandy Springs-Roswell, GA Metro Area",6411149.0
12060,"Atlanta-Sandy Springs-Roswell, GA",13.0223.0,Paulding County,Georgia,"Atlanta-Sandy Springs-Roswell, GA",".Atlanta-Sandy Springs-Roswell, GA Metro Area",6411149.0
12100,"Atlantic City-Hammonton, NJ",34.01.0,Atlantic County,New Jersey,"Atlantic City-Hammonton, NJ",".Atlantic City-Hammonton, NJ Metro Area",372989.0
12100,"Atlantic City-Hammonton, NJ",34.09.0,Cape May County,New Jersey,"Atlantic City-Hammonton, NJ",".Atlantic City-Hammonton, NJ Metro Area",372989.0
12220,"Auburn-Opelika, AL",1.081.0,Lee County,Alabama,"Auburn-Opelika, AL",".Auburn-Opelika, AL Metro Area",206006.0
12220,"Auburn-Opelika, AL",1.087.0,Macon County,Alabama,"Auburn-Opelika, AL",".Auburn-Opelika, AL Metro Area",206006.0
12260,"Augusta-Richmond County, GA-SC",13.033.0,Burke County,Georgia,"Augusta-Richmond County, GA-SC",".Augusta-Richmond County, GA-SC Metro Area",636760.0
12260,"Augusta-Richmond County, GA-SC",13.073.0,Columbia County,Georgia,"Augusta-Richmond County, GA-SC",".Augusta-Richmond County, GA-SC Metro Area",636760.0
12260,"Augusta-Richmond County, GA-SC",13.0181.0,Lincoln County,Georgia,"Augusta-Richmond County, GA-SC",".Augusta-Richmond County, GA-SC Metro Area",636760.0
12260,"Augusta-Richmond County, GA-SC",13.0189.0,McDuffie County,Georgia,"Augusta-Richmond County, GA-SC",".Augusta-Richmond County, GA-SC Metro Area",636760.0
12260,"Augusta-Richmond County, GA-SC",13.0245.0,Richmond County,Georgia,"Augusta-Richmond County, GA-SC",".Augusta-Richmond County, GA-SC Metro Area",636760.0
12260,"Augusta-Richmond County, GA-SC",45.03.0,Aiken County,South Carolina,"Augusta-Richmond County, GA-SC",".Augusta-Richmond County, GA-SC Metro Area",636760.0
12260,"Augusta-Richmond County, GA-SC",45.037.0,Edgefield County,South Carolina,"Augusta-Richmond County, GA-SC",".Augusta-Richmond County, GA-SC Metro Area",636760.0
12420,"Austin-Round Rock-San Marcos, TX",48.021.0,Bastrop County,Texas,"Austin-Round Rock-San Marcos, TX",".Austin-Round Rock-San Marcos, TX Metro Area",2550637.0
12420,"Austin-Round Rock-San Marcos, TX",48.055.0,Caldwell County,Texas,"Austin-Round Rock-San Marcos, TX",".Austin-Round Rock-San Marcos, TX Metro Area",2550637.0
12420,"Austin-Round Rock-San Marcos, TX",48.0209.0,Hays County,Texas,"Austin-Round Rock-San Marcos, TX",".Austin-Round Rock-San Marcos, TX Metro Area",2550637.0
12420,"Austin-Round Rock-San Marcos, TX",48.0453.0,Travis County,Texas,"Austin-Round Rock-San Marcos, TX",".Austin-Round Rock-San Marcos, TX Metro Area",2550637.0
12420,"Austin-Round Rock-San Marcos, TX",48.0491.0,Williamson County,Texas,"Austin-Round Rock-San Marcos, TX",".Austin-Round Rock-San Marcos, TX Metro Area",2550637.0
12540,"Bakersfield-Delano, CA",6.029.0,Kern County,California,"Bakersfield-Delano, CA",".Bakersfield-Delano, CA Metro Area",922529.0
12580,"Baltimore-Columbia-Towson, MD",24.03.0,Anne Arundel County,Maryland,"Baltimore-Columbia-Towson, MD",".Baltimore-Columbia-Towson, MD Metro Area",2859024.0
12580,"Baltimore-Columbia-Towson, MD",24.05.0,Baltimore County,Maryland,"Baltimore-Columbia-Towson, MD",".Baltimore-Columbia-Towson, MD Metro Area",2859024.0
12580,"Baltimore-Columbia-Towson, MD",24.013.0,Carroll County,Maryland,"Baltimore-Columbia-Towson, MD",".Baltimore-Columbia-Towson, MD Metro Area",2859024.0
12580,"Baltimore-Columbia-Towson, MD",24.025.0,Harford County,Maryland,"Baltimore-Columbia-Towson, MD",".Baltimore-Columbia-Towson, MD Metro Area",2859024.0
12580,"Baltimore-Columbia-Towson, MD",24.027.0,Howard County,Maryland,"Baltimore-Columbia-Towson, MD",".Baltimore-Columbia-Towson, MD Metro Area",2859024.0
12580,"Baltimore-Columbia-Towson, MD",24.035.0,Queen Anne's County,Maryland,"Baltimore-Columbia-Towson, MD",".Baltimore-Columbia-Towson, MD Metro Area",2859024.0
12580,"Baltimore-Columbia-Towson, MD",24.0510.0,Baltimore city,Maryland,"Baltimore-Columbia-Towson, MD",".Baltimore-Columbia-Towson, MD Metro Area",2859024.0
12620,"Bangor, ME",23.019.0,Penobscot County,Maine,"Bangor, ME",".Bangor, ME Metro Area",156840.0
12700,"Barnstable Town, MA",25.01.0,Barnstable County,Massachusetts,"Barnstable Town, MA",".Barnstable Town, MA Metro Area",232570.0
12940,"Baton Rouge, LA",22.05.0,Ascension Parish,Louisiana,"Baton Rouge, LA",".Baton Rouge, LA Metro Area",882652.0
12940,"Baton Rouge, LA",22.07.0,Assumption Parish,Louisiana,"Baton Rouge, LA",".Baton Rouge, LA Metro Area",882652.0
12940,"Baton Rouge, LA",22.033.0,East Baton Rouge Parish,Louisiana,"Baton Rouge, LA",".Baton Rouge, LA Metro Area",882652.0
12940,"Baton Rouge, LA",22.037.0,East Feliciana Parish,Louisiana,"Baton Rouge, LA",".Baton Rouge, LA Metro Area",882652.0
12940,"Baton Rouge, LA",22.047.0,Iberville Parish,Louisiana,"Baton Rouge, LA",".Baton Rouge, LA Metro Area",882652.0
12940,"Baton Rouge, LA",22.063.0,Livingston Parish,Louisiana,"Baton Rouge, LA",".Baton Rouge, LA Metro Area",882652.0
12940,"Baton Rouge, LA",22.077.0,Pointe Coupee Parish,Louisiana,"Baton Rouge, LA",".Baton Rouge, LA Metro Area",882652.0
12940,"Baton Rouge, LA",22.091.0,St. Helena Parish,Louisiana,"Baton Rouge, LA",".Baton Rouge, LA Metro Area",882652.0
12940,"Baton Rouge, LA",22.0121.0,West Baton Rouge Parish,Louisiana,"Baton Rouge, LA",".Baton Rouge, LA Metro Area",882652.0
12940,"Baton Rouge, LA",22.0125.0,West Feliciana Parish,Louisiana,"Baton Rouge, LA",".Baton Rouge, LA Metro Area",882652.0
12980,"Battle Creek, MI",26.025.0,Calhoun County,Michigan,"Battle Creek, MI",".Battle Creek, MI Metro Area",133785.0
13020,"Bay City, MI",26.017.0,Bay County,Michigan,"Bay City, MI",".Bay City, MI Metro Area",102651.0
13140,"Beaumont-Port Arthur, TX",48.0199.0,Hardin County,Texas,"Beaumont-Port Arthur, TX",".Beaumont-Port Arthur, TX Metro Area",398733.0
13140,"Beaumont-Port Arthur, TX",48.0245.0,Jefferson County,Texas,"Beaumont-Port Arthur, TX",".Beaumont-Port Arthur, TX Metro Area",398733.0
13140,"Beaumont-Port Arthur, TX",48.0361.0,Orange County,Texas,"Beaumont-Port Arthur, TX",".Beaumont-Port Arthur, TX Metro Area",398733.0
13220,"Beckley, WV",54.019.0,Fayette County,West Virginia,"Beckley, WV",".Beckley, WV Metro Area",110979.0
13220,"Beckley, WV",54.081.0,Raleigh County,West Virginia,"Beckley, WV",".Beckley, WV Metro Area",110979.0
13380,"Bellingham, WA",53.073.0,Whatcom County,Washington,"Bellingham, WA",".Bellingham, WA Metro Area",234954.0
13460,"Bend, OR",41.013.0,Crook County,Oregon,"Bend, OR",".Bend, OR Metro Area",264407.0
13460,"Bend, OR",41.017.0,Deschutes County,Oregon,"Bend, OR",".Bend, OR Metro Area",264407.0
13460,"Bend, OR",41.031.0,Jefferson County,Oregon,"Bend, OR",".Bend, OR Metro Area",264407.0
13740,"Billings, MT",30.09.0,Carbon County,Montana,"Billings, MT",".Billings, MT Metro Area",192531.0
13740,"Billings, MT",30.095.0,Stillwater County,Montana,"Billings, MT",".Billings, MT Metro Area",192531.0
13740,"Billings, MT",30.0111.0,Yellowstone County,Montana,"Billings, MT",".Billings, MT Metro Area",192531.0
13780,"Binghamton, NY",36.07.0,Broome County,New York,"Binghamton, NY",".Binghamton, NY Metro Area",243971.0
13780,"Binghamton, NY",36.0107.0,Tioga County,New York,"Binghamton, NY",".Binghamton, NY Metro Area",243971.0
13820,"Birmingham, AL",1.07.0,Bibb County,Alabama,"Birmingham, AL",".Birmingham, AL Metro Area",1192583.0
13820,"Birmingham, AL",1.09.0,Blount County,Alabama,"Birmingham, AL",".Birmingham, AL Metro Area",1192583.0
13820,"Birmingham, AL",1.021.0,Chilton County,Alabama,"Birmingham, AL",".Birmingham, AL Metro Area",1192583.0
13820,"Birmingham, AL",1.073.0,Jefferson County,Alabama,"Birmingham, AL",".Birmingham, AL Metro Area",1192583.0
13820,"Birmingham, AL",1.0115.0,St. Clair County,Alabama,"Birmingham, AL",".Birmingham, AL Metro Area",1192583.0
13820,"Birmingham, AL",1.0117.0,Shelby County,Alabama,"Birmingham, AL",".Birmingham, AL Metro Area",1192583.0
13820,"Birmingham, AL",1.0127.0,Walker County,Alabama,"Birmingham, AL",".Birmingham, AL Metro Area",1192583.0
13900,"Bismarck, ND",38.015.0,Burleigh County,North Dakota,"Bismarck, ND",".Bismarck, ND Metro Area",139183.0
13900,"Bismarck, ND",38.059.0,Morton County,North Dakota,"Bismarck, ND",".Bismarck, ND Metro Area",139183.0
13900,"Bismarck, ND",38.065.0,Oliver County,North Dakota,"Bismarck, ND",".Bismarck, ND Metro Area",139183.0
13980,"Blacksburg-Christiansburg-Radford, VA",51.063.0,Floyd County,Virginia,"Blacksburg-Christiansburg-Radford, VA",".Blacksburg-Christiansburg-Radford, VA Metro Area",182041.0
13980,"Blacksburg-Christiansburg-Radford, VA",51.071.0,Giles County,Virginia,"Blacksburg-Christiansburg-Radford, VA",".Blacksburg-Christiansburg-Radford, VA Metro Area",182041.0
13980,"Blacksburg-Christiansburg-Radford, VA",51.0121.0,Montgomery County,Virginia,"Blacksburg-Christiansburg-Radford, VA",".Blacksburg-Christiansburg-Radford, VA Metro Area",182041.0
13980,"Blacksburg-Christiansburg-Radford, VA",51.0155.0,Pulaski County,Virginia,"Blacksburg-Christiansburg-Radford, VA",".Blacksburg-Christiansburg-Radford, VA Metro Area",182041.0
13980,"Blacksburg-Christiansburg-Radford, VA",51.0750.0,Radford city,Virginia,"Blacksburg-Christiansburg-Radford, VA",".Blacksburg-Christiansburg-Radford, VA Metro Area",182041.0
14010,"Bloomington, IL",17.0113.0,McLean County,Illinois,"Bloomington, IL",".Bloomington, IL Metro Area",172069.0
14020,"Bloomington, IN",18.0105.0,Monroe County,Indiana,"Bloomington, IN",".Bloomington, IN Metro Area",162553.0
14020,"Bloomington, IN",18.0119.0,Owen County,Indiana,"Bloomington, IN",".Bloomington, IN Metro Area",162553.0
14260,"Boise City, ID",16.01.0,Ada County,Idaho,"Boise City, ID",".Boise City, ID Metro Area",845877.0
14260,"Boise City, ID",16.015.0,Boise County,Idaho,"Boise City, ID",".Boise City, ID Metro Area",845877.0
14260,"Boise City, ID",16.027.0,Canyon County,Idaho,"Boise City, ID",".Boise City, ID Metro Area",845877.0
14260,"Boise City, ID",16.045.0,Gem County,Idaho,"Boise City, ID",".Boise City, ID Metro Area",845877.0
14260,"Boise City, ID",16.073.0,Owyhee County,Idaho,"Boise City, ID",".Boise City, ID Metro Area",845877.0
14460,"Boston-Cambridge-Newton, MA-NH",25.021.0,Norfolk County,Massachusetts,"Boston-Cambridge-Newton, MA-NH",".Boston-Cambridge-Newton, MA-NH Metro Area",5025517.0
14460,"Boston-Cambridge-Newton, MA-NH",25.023.0,Plymouth County,Massachusetts,"Boston-Cambridge-Newton, MA-NH",".Boston-Cambridge-Newton, MA-NH Metro Area",5025517.0
14460,"Boston-Cambridge-Newton, MA-NH",25.025.0,Suffolk County,Massachusetts,"Boston-Cambridge-Newton, MA-NH",".Boston-Cambridge-Newton, MA-NH Metro Area",5025517.0
14460,"Boston-Cambridge-Newton, MA-NH",25.09.0,Essex County,Massachusetts,"Boston-Cambridge-Newton, MA-NH",".Boston-Cambridge-Newton, MA-NH Metro Area",5025517.0
14460,"Boston-Cambridge-Newton, MA-NH",25.017.0,Middlesex County,Massachusetts,"Boston-Cambridge-Newton, MA-NH",".Boston-Cambridge-Newton, MA-NH Metro Area",5025517.0
14460,"Boston-Cambridge-Newton, MA-NH",33.015.0,Rockingham County,New Hampshire,"Boston-Cambridge-Newton, MA-NH",".Boston-Cambridge-Newton, MA-NH Metro Area",5025517.0
14460,"Boston-Cambridge-Newton, MA-NH",33.017.0,Strafford County,New Hampshire,"Boston-Cambridge-Newton, MA-NH",".Boston-Cambridge-Newton, MA-NH Metro Area",5025517.0
14500,"Boulder, CO",8.013.0,Boulder County,Colorado,"Boulder, CO",".Boulder, CO Metro Area",330262.0
14540,"Bowling Green, KY",21.03.0,Allen County,Kentucky,"Bowling Green, KY",".Bowling Green, KY Metro Area",195159.0
14540,"Bowling Green, KY",21.031.0,Butler County,Kentucky,"Bowling Green, KY",".Bowling Green, KY Metro Area",195159.0
14540,"Bowling Green, KY",21.061.0,Edmonson County,Kentucky,"Bowling Green, KY",".Bowling Green, KY Metro Area",195159.0
14540,"Bowling Green, KY",21.0227.0,Warren County,Kentucky,"Bowling Green, KY",".Bowling Green, KY Metro Area",195159.0
14580,"Bozeman, MT",30.031.0,Gallatin County,Montana,"Bozeman, MT",".Bozeman, MT Metro Area",126984.0
14740,"Bremerton-Silverdale-Port Orchard, WA",53.035.0,Kitsap County,Washington,"Bremerton-Silverdale-Port Orchard, WA",".Bremerton-Silverdale-Port Orchard, WA Metro Area",281420.0
14860,"Bridgeport-Stamford-Danbury, CT",9.0120.0,Greater Bridgeport Planning Region,Connecticut,"Bridgeport-Stamford-Danbury, CT",".Bridgeport-Stamford-Danbury, CT Metro Area",972679.0
14860,"Bridgeport-Stamford-Danbury, CT",9.0190.0,Western Connecticut Planning Region,Connecticut,"Bridgeport-Stamford-Danbury, CT",".Bridgeport-Stamford-Danbury, CT Metro Area",972679.0
15180,"Brownsville-Harlingen, TX",48.061.0,Cameron County,Texas,"Brownsville-Harlingen, TX",".Brownsville-Harlingen, TX Metro Area",431874.0
15260,"Brunswick-St. Simons, GA",13.025.0,Brantley County,Georgia,"Brunswick-St. Simons, GA",".Brunswick-St. Simons, GA Metro Area",117135.0
15260,"Brunswick-St. Simons, GA",13.0127.0,Glynn County,Georgia,"Brunswick-St. Simons, GA",".Brunswick-St. Simons, GA Metro Area",117135.0
15260,"Brunswick-St. Simons, GA",13.0191.0,McIntosh County,Georgia,"Brunswick-St. Simons, GA",".Brunswick-St. Simons, GA Metro Area",117135.0
15380,"Buffalo-Cheektowaga, NY",36.029.0,Erie County,New York,"Buffalo-Cheektowaga, NY",".Buffalo-Cheektowaga, NY Metro Area",1160172.0
15380,"Buffalo-Cheektowaga, NY",36.063.0,Niagara County,New York,"Buffalo-Cheektowaga, NY",".Buffalo-Cheektowaga, NY Metro Area",1160172.0
15500,"Burlington, NC",37.01.0,Alamance County,North Carolina,"Burlington, NC",".Burlington, NC Metro Area",183040.0
15540,"Burlington-South Burlington, VT",50.07.0,Chittenden County,Vermont,"Burlington-South Burlington, VT",".Burlington-South Burlington, VT Metro Area",229445.0
15540,"Burlington-South Burlington, VT",50.011.0,Franklin County,Vermont,"Burlington-South Burlington, VT",".Burlington-South Burlington, VT Metro Area",229445.0
15540,"Burlington-South Burlington, VT",50.013.0,Grand Isle County,Vermont,"Burlington-South Burlington, VT",".Burlington-South Burlington, VT Metro Area",229445.0
15940,"Canton-Massillon, OH",39.019.0,Carroll County,Ohio,"Canton-Massillon, OH",".Canton-Massillon, OH Metro Area",400551.0
15940,"Canton-Massillon, OH",39.0151.0,Stark County,Ohio,"Canton-Massillon, OH",".Canton-Massillon, OH Metro Area",400551.0
15980,"Cape Coral-Fort Myers, FL",12.071.0,Lee County,Florida,"Cape Coral-Fort Myers, FL",".Cape Coral-Fort Myers, FL Metro Area",860959.0
16020,"Cape Girardeau, MO-IL",17.03.0,Alexander County,Illinois,"Cape Girardeau, MO-IL",".Cape Girardeau, MO-IL Metro Area",98862.0
16020,"Cape Girardeau, MO-IL",29.017.0,Bollinger County,Missouri,"Cape Girardeau, MO-IL",".Cape Girardeau, MO-IL Metro Area",98862.0
16020,"Cape Girardeau, MO-IL",29.031.0,Cape Girardeau County,Missouri,"Cape Girardeau, MO-IL",".Cape Girardeau, MO-IL Metro Area",98862.0
16180,"Carson City, NV",32.0510.0,Carson City,Nevada,"Carson City, NV",".Carson City, NV Metro Area",58148.0
16220,"Casper, WY",56.025.0,Natrona County,Wyoming,"Casper, WY",".Casper, WY Metro Area",80410.0
16300,"Cedar Rapids, IA",19.011.0,Benton County,Iowa,"Cedar Rapids, IA",".Cedar Rapids, IA Metro Area",278677.0
16300,"Cedar Rapids, IA",19.0105.0,Jones County,Iowa,"Cedar Rapids, IA",".Cedar Rapids, IA Metro Area",278677.0
16300,"Cedar Rapids, IA",19.0113.0,Linn County,Iowa,"Cedar Rapids, IA",".Cedar Rapids, IA Metro Area",278677.0
16540,"Chambersburg, PA",42.055.0,Franklin County,Pennsylvania,"Chambersburg, PA",".Chambersburg, PA Metro Area",159285.0
16580,"Champaign-Urbana, IL",17.019.0,Champaign County,Illinois,"Champaign-Urbana, IL",".Champaign-Urbana, IL Metro Area",242453.0
16580,"Champaign-Urbana, IL",17.053.0,Ford County,Illinois,"Champaign-Urbana, IL",".Champaign-Urbana, IL Metro Area",242453.0
16580,"Champaign-Urbana, IL",17.0147.0,Piatt County,Illinois,"Champaign-Urbana, IL",".Champaign-Urbana, IL Metro Area",242453.0
16620,"Charleston, WV",54.05.0,Boone County,West Virginia,"Charleston, WV",".Charleston, WV Metro Area",202091.0
16620,"Charleston, WV",54.015.0,Clay County,West Virginia,"Charleston, WV",".Charleston, WV Metro Area",202091.0
16620,"Charleston, WV",54.039.0,Kanawha County,West Virginia,"Charleston, WV",".Charleston, WV Metro Area",202091.0
16700,"Charleston-North Charleston, SC",45.015.0,Berkeley County,South Carolina,"Charleston-North Charleston, SC",".Charleston-North Charleston, SC Metro Area",869940.0
16700,"Charleston-North Charleston, SC",45.019.0,Charleston County,South Carolina,"Charleston-North Charleston, SC",".Charleston-North Charleston, SC Metro Area",869940.0
16700,"Charleston-North Charleston, SC",45.035.0,Dorchester County,South Carolina,"Charleston-North Charleston, SC",".Charleston-North Charleston, SC Metro Area",869940.0
16740,"Charlotte-Concord-Gastonia, NC-SC",37.07.0,Anson County,North Carolina,"Charlotte-Concord-Gastonia, NC-SC",".Charlotte-Concord-Gastonia, NC-SC Metro Area",2883370.0
16740,"Charlotte-Concord-Gastonia, NC-SC",37.025.0,Cabarrus County,North Carolina,"Charlotte-Concord-Gastonia, NC-SC",".Charlotte-Concord-Gastonia, NC-SC Metro Area",2883370.0
16740,"Charlotte-Concord-Gastonia, NC-SC",37.071.0,Gaston County,North Carolina,"Charlotte-Concord-Gastonia, NC-SC",".Charlotte-Concord-Gastonia, NC-SC Metro Area",2883370.0
16740,"Charlotte-Concord-Gastonia, NC-SC",37.097.0,Iredell County,North Carolina,"Charlotte-Concord-Gastonia, NC-SC",".Charlotte-Concord-Gastonia, NC-SC Metro Area",2883370.0
16740,"Charlotte-Concord-Gastonia, NC-SC",37.0109.0,Lincoln County,North Carolina,"Charlotte-Concord-Gastonia, NC-SC",".Charlotte-Concord-Gastonia, NC-SC Metro Area",2883370.0
16740,"Charlotte-Concord-Gastonia, NC-SC",37.0119.0,Mecklenburg County,North Carolina,"Charlotte-Concord-Gastonia, NC-SC",".Charlotte-Concord-Gastonia, NC-SC Metro Area",2883370.0
16740,"Charlotte-Concord-Gastonia, NC-SC",37.0159.0,Rowan County,North Carolina,"Charlotte-Concord-Gastonia, NC-SC",".Charlotte-Concord-Gastonia, NC-SC Metro Area",2883370.0
16740,"Charlotte-Concord-Gastonia, NC-SC",37.0179.0,Union County,North Carolina,"Charlotte-Concord-Gastonia, NC-SC",".Charlotte-Concord-Gastonia, NC-SC Metro Area",2883370.0
16740,"Charlotte-Concord-Gastonia, NC-SC",45.023.0,Chester County,South Carolina,"Charlotte-Concord-Gastonia, NC-SC",".Charlotte-Concord-Gastonia, NC-SC Metro Area",2883370.0
16740,"Charlotte-Concord-Gastonia, NC-SC",45.057.0,Lancaster County,South Carolina,"Charlotte-Concord-Gastonia, NC-SC",".Charlotte-Concord-Gastonia, NC-SC Metro Area",2883370.0
16740,"Charlotte-Concord-Gastonia, NC-SC",45.091.0,York County,South Carolina,"Charlotte-Concord-Gastonia, NC-SC",".Charlotte-Concord-Gastonia, NC-SC Metro Area",2883370.0
16820,"Charlottesville, VA",51.03.0,Albemarle County,Virginia,"Charlottesville, VA",".Charlottesville, VA Metro Area",227336.0
16820,"Charlottesville, VA",51.065.0,Fluvanna County,Virginia,"Charlottesville, VA",".Charlottesville, VA Metro Area",227336.0
16820,"Charlottesville, VA",51.079.0,Greene County,Virginia,"Charlottesville, VA",".Charlottesville, VA Metro Area",227336.0
16820,"Charlottesville, VA",51.0125.0,Nelson County,Virginia,"Charlottesville, VA",".Charlottesville, VA Metro Area",227336.0
16820,"Charlottesville, VA",51.0540.0,Charlottesville city,Virginia,"Charlottesville, VA",".Charlottesville, VA Metro Area",227336.0
16860,"Chattanooga, TN-GA",13.047.0,Catoosa County,Georgia,"Chattanooga, TN-GA",".Chattanooga, TN-GA Metro Area",588050.0
16860,"Chattanooga, TN-GA",13.083.0,Dade County,Georgia,"Chattanooga, TN-GA",".Chattanooga, TN-GA Metro Area",588050.0
16860,"Chattanooga, TN-GA",13.0295.0,Walker County,Georgia,"Chattanooga, TN-GA",".Chattanooga, TN-GA Metro Area",588050.0
16860,"Chattanooga, TN-GA",47.065.0,Hamilton County,Tennessee,"Chattanooga, TN-GA",".Chattanooga, TN-GA Metro Area",588050.0
16860,"Chattanooga, TN-GA",47.0115.0,Marion County,Tennessee,"Chattanooga, TN-GA",".Chattanooga, TN-GA Metro Area",588050.0
16860,"Chattanooga, TN-GA",47.0153.0,Sequatchie County,Tennessee,"Chattanooga, TN-GA",".Chattanooga, TN-GA Metro Area",588050.0
16940,"Cheyenne, WY",56.021.0,Laramie County,Wyoming,"Cheyenne, WY",".Cheyenne, WY Metro Area",101783.0
16980,"Chicago-Naperville-Elgin, IL-IN",17.031.0,Cook County,Illinois,"Chicago-Naperville-Elgin, IL-IN",".Chicago-Naperville-Elgin, IL-IN Metro Area",9408576.0
16980,"Chicago-Naperville-Elgin, IL-IN",17.043.0,DuPage County,Illinois,"Chicago-Naperville-Elgin, IL-IN",".Chicago-Naperville-Elgin, IL-IN Metro Area",9408576.0
16980,"Chicago-Naperville-Elgin, IL-IN",17.063.0,Grundy County,Illinois,"Chicago-Naperville-Elgin, IL-IN",".Chicago-Naperville-Elgin, IL-IN Metro Area",9408576.0
16980,"Chicago-Naperville-Elgin, IL-IN",17.0111.0,McHenry County,Illinois,"Chicago-Naperville-Elgin, IL-IN",".Chicago-Naperville-Elgin, IL-IN Metro Area",9408576.0
16980,"Chicago-Naperville-Elgin, IL-IN",17.0197.0,Will County,Illinois,"Chicago-Naperville-Elgin, IL-IN",".Chicago-Naperville-Elgin, IL-IN Metro Area",9408576.0
16980,"Chicago-Naperville-Elgin, IL-IN",17.037.0,DeKalb County,Illinois,"Chicago-Naperville-Elgin, IL-IN",".Chicago-Naperville-Elgin, IL-IN Metro Area",9408576.0
16980,"Chicago-Naperville-Elgin, IL-IN",17.089.0,Kane County,Illinois,"Chicago-Naperville-Elgin, IL-IN",".Chicago-Naperville-Elgin, IL-IN Metro Area",9408576.0
16980,"Chicago-Naperville-Elgin, IL-IN",17.093.0,Kendall County,Illinois,"Chicago-Naperville-Elgin, IL-IN",".Chicago-Naperville-Elgin, IL-IN Metro Area",9408576.0
16980,"Chicago-Naperville-Elgin, IL-IN",17.097.0,Lake County,Illinois,"Chicago-Naperville-Elgin, IL-IN",".Chicago-Naperville-Elgin, IL-IN Metro Area",9408576.0
16980,"Chicago-Naperville-Elgin, IL-IN",18.073.0,Jasper County,Indiana,"Chicago-Naperville-Elgin, IL-IN",".Chicago-Naperville-Elgin, IL-IN Metro Area",9408576.0
16980,"Chicago-Naperville-Elgin, IL-IN",18.089.0,Lake County,Indiana,"Chicago-Naperville-Elgin, IL-IN",".Chicago-Naperville-Elgin, IL-IN Metro Area",9408576.0
16980,"Chicago-Naperville-Elgin, IL-IN",18.0111.0,Newton County,Indiana,"Chicago-Naperville-Elgin, IL-IN",".Chicago-Naperville-Elgin, IL-IN Metro Area",9408576.0
16980,"Chicago-Naperville-Elgin, IL-IN",18.0127.0,Porter County,Indiana,"Chicago-Naperville-Elgin, IL-IN",".Chicago-Naperville-Elgin, IL-IN Metro Area",9408576.0
17020,"Chico, CA",6.07.0,Butte County,California,"Chico, CA",".Chico, CA Metro Area",208334.0
17140,"Cincinnati, OH-KY-IN",18.029.0,Dearborn County,Indiana,"Cincinnati, OH-KY-IN",".Cincinnati, OH-KY-IN Metro Area",2302815.0
17140,"Cincinnati, OH-KY-IN",18.047.0,Franklin County,Indiana,"Cincinnati, OH-KY-IN",".Cincinnati, OH-KY-IN Metro Area",2302815.0
17140,"Cincinnati, OH-KY-IN",18.0115.0,Ohio County,Indiana,"Cincinnati, OH-KY-IN",".Cincinnati, OH-KY-IN Metro Area",2302815.0
17140,"Cincinnati, OH-KY-IN",21.015.0,Boone County,Kentucky,"Cincinnati, OH-KY-IN",".Cincinnati, OH-KY-IN Metro Area",2302815.0
17140,"Cincinnati, OH-KY-IN",21.023.0,Bracken County,Kentucky,"Cincinnati, OH-KY-IN",".Cincinnati, OH-KY-IN Metro Area",2302815.0
17140,"Cincinnati, OH-KY-IN",21.037.0,Campbell County,Kentucky,"Cincinnati, OH-KY-IN",".Cincinnati, OH-KY-IN Metro Area",2302815.0
17140,"Cincinnati, OH-KY-IN",21.077.0,Gallatin County,Kentucky,"Cincinnati, OH-KY-IN",".Cincinnati, OH-KY-IN Metro Area",2302815.0
17140,"Cincinnati, OH-KY-IN",21.081.0,Grant County,Kentucky,"Cincinnati, OH-KY-IN",".Cincinnati, OH-KY-IN Metro Area",2302815.0
17140,"Cincinnati, OH-KY-IN",21.0117.0,Kenton County,Kentucky,"Cincinnati, OH-KY-IN",".Cincinnati, OH-KY-IN Metro Area",2302815.0
17140,"Cincinnati, OH-KY-IN",21.0191.0,Pendleton County,Kentucky,"Cincinnati, OH-KY-IN",".Cincinnati, OH-KY-IN Metro Area",2302815.0
17140,"Cincinnati, OH-KY-IN",39.015.0,Brown County,Ohio,"Cincinnati, OH-KY-IN",".Cincinnati, OH-KY-IN Metro Area",2302815.0
17140,"Cincinnati, OH-KY-IN",39.017.0,Butler County,Ohio,"Cincinnati, OH-KY-IN",".Cincinnati, OH-KY-IN Metro Area",2302815.0
17140,"Cincinnati, OH-KY-IN",39.025.0,Clermont County,Ohio,"Cincinnati, OH-KY-IN",".Cincinnati, OH-KY-IN Metro Area",2302815.0
17140,"Cincinnati, OH-KY-IN",39.061.0,Hamilton County,Ohio,"Cincinnati, OH-KY-IN",".Cincinnati, OH-KY-IN Metro Area",2302815.0
17140,"Cincinnati, OH-KY-IN",39.0165.0,Warren County,Ohio,"Cincinnati, OH-KY-IN",".Cincinnati, OH-KY-IN Metro Area",2302815.0
17300,"Clarksville, TN-KY",21.047.0,Christian County,Kentucky,"Clarksville, TN-KY",".Clarksville, TN-KY Metro Area",345955.0
17300,"Clarksville, TN-KY",21.0221.0,Trigg County,Kentucky,"Clarksville, TN-KY",".Clarksville, TN-KY Metro Area",345955.0
17300,"Clarksville, TN-KY",47.0125.0,Montgomery County,Tennessee,"Clarksville, TN-KY",".Clarksville, TN-KY Metro Area",345955.0
17300,"Clarksville, TN-KY",47.0161.0,Stewart County,Tennessee,"Clarksville, TN-KY",".Clarksville, TN-KY Metro Area",345955.0
17410,"Cleveland, OH",39.07.0,Ashtabula County,Ohio,"Cleveland, OH",".Cleveland, OH Metro Area",2171877.0
17410,"Cleveland, OH",39.035.0,Cuyahoga County,Ohio,"Cleveland, OH",".Cleveland, OH Metro Area",2171877.0
17410,"Cleveland, OH",39.055.0,Geauga County,Ohio,"Cleveland, OH",".Cleveland, OH Metro Area",2171877.0
17410,"Cleveland, OH",39.085.0,Lake County,Ohio,"Cleveland, OH",".Cleveland, OH Metro Area",2171877.0
17410,"Cleveland, OH",39.093.0,Lorain County,Ohio,"Cleveland, OH",".Cleveland, OH Metro Area",2171877.0
17410,"Cleveland, OH",39.0103.0,Medina County,Ohio,"Cleveland, OH",".Cleveland, OH Metro Area",2171877.0
17420,"Cleveland, TN",47.011.0,Bradley County,Tennessee,"Cleveland, TN",".Cleveland, TN Metro Area",132120.0
17420,"Cleveland, TN",47.0139.0,Polk County,Tennessee,"Cleveland, TN",".Cleveland, TN Metro Area",132120.0
17660,"Coeur d'Alene, ID",16.055.0,Kootenai County,Idaho,"Coeur d'Alene, ID",".Coeur d'Alene, ID Metro Area",188323.0
17780,"College Station-Bryan, TX",48.041.0,Brazos County,Texas,"College Station-Bryan, TX",".College Station-Bryan, TX Metro Area",287462.0
17780,"College Station-Bryan, TX",48.051.0,Burleson County,Texas,"College Station-Bryan, TX",".College Station-Bryan, TX Metro Area",287462.0
17780,"College Station-Bryan, TX",48.0395.0,Robertson County,Texas,"College Station-Bryan, TX",".College Station-Bryan, TX Metro Area",287462.0
17820,"Colorado Springs, CO",8.041.0,El Paso County,Colorado,"Colorado Springs, CO",".Colorado Springs, CO Metro Area",777634.0
17820,"Colorado Springs, CO",8.0119.0,Teller County,Colorado,"Colorado Springs, CO",".Colorado Springs, CO Metro Area",777634.0
17860,"Columbia, MO",29.019.0,Boone County,Missouri,"Columbia, MO",".Columbia, MO Metro Area",219426.0
17860,"Columbia, MO",29.053.0,Cooper County,Missouri,"Columbia, MO",".Columbia, MO Metro Area",219426.0
17860,"Columbia, MO",29.089.0,Howard County,Missouri,"Columbia, MO",".Columbia, MO Metro Area",219426.0
17900,"Columbia, SC",45.017.0,Calhoun County,South Carolina,"Columbia, SC",".Columbia, SC Metro Area",870193.0
17900,"Columbia, SC",45.039.0,Fairfield County,South Carolina,"Columbia, SC",".Columbia, SC Metro Area",870193.0
17900,"Columbia, SC",45.055.0,Kershaw County,South Carolina,"Columbia, SC",".Columbia, SC Metro Area",870193.0
17900,"Columbia, SC",45.063.0,Lexington County,South Carolina,"Columbia, SC",".Columbia, SC Metro Area",870193.0
17900,"Columbia, SC",45.079.0,Richland County,South Carolina,"Columbia, SC",".Columbia, SC Metro Area",870193.0
17900,"Columbia, SC",45.081.0,Saluda County,South Carolina,"Columbia, SC",".Columbia, SC Metro Area",870193.0
17980,"Columbus, GA-AL",1.0113.0,Russell County,Alabama,"Columbus, GA-AL",".Columbus, GA-AL Metro Area",324343.0
17980,"Columbus, GA-AL",13.053.0,Chattahoochee County,Georgia,"Columbus, GA-AL",".Columbus, GA-AL Metro Area",324343.0
17980,"Columbus, GA-AL",13.0145.0,Harris County,Georgia,"Columbus, GA-AL",".Columbus, GA-AL Metro Area",324343.0
17980,"Columbus, GA-AL",13.0197.0,Marion County,Georgia,"Columbus, GA-AL",".Columbus, GA-AL Metro Area",324343.0
17980,"Columbus, GA-AL",13.0215.0,Muscogee County,Georgia,"Columbus, GA-AL",".Columbus, GA-AL Metro Area",324343.0
17980,"Columbus, GA-AL",13.0259.0,Stewart County,Georgia,"Columbus, GA-AL",".Columbus, GA-AL Metro Area",324343.0
17980,"Columbus, GA-AL",13.0263.0,Talbot County,Georgia,"Columbus, GA-AL",".Columbus, GA-AL Metro Area",324343.0
18020,"Columbus, IN",18.05.0,Bartholomew County,Indiana,"Columbus, IN",".Columbus, IN Metro Area",84741.0
18140,"Columbus, OH",39.041.0,Delaware County,Ohio,"Columbus, OH",".Columbus, OH Metro Area",2225377.0
18140,"Columbus, OH",39.045.0,Fairfield County,Ohio,"Columbus, OH",".Columbus, OH Metro Area",2225377.0
18140,"Columbus, OH",39.049.0,Franklin County,Ohio,"Columbus, OH",".Columbus, OH Metro Area",2225377.0
18140,"Columbus, OH",39.073.0,Hocking County,Ohio,"Columbus, OH",".Columbus, OH Metro Area",2225377.0
18140,"Columbus, OH",39.089.0,Licking County,Ohio,"Columbus, OH",".Columbus, OH Metro Area",2225377.0
18140,"Columbus, OH",39.097.0,Madison County,Ohio,"Columbus, OH",".Columbus, OH Metro Area",2225377.0
18140,"Columbus, OH",39.0117.0,Morrow County,Ohio,"Columbus, OH",".Columbus, OH Metro Area",2225377.0
18140,"Columbus, OH",39.0127.0,Perry County,Ohio,"Columbus, OH",".Columbus, OH Metro Area",2225377.0
18140,"Columbus, OH",39.0129.0,Pickaway County,Ohio,"Columbus, OH",".Columbus, OH Metro Area",2225377.0
18140,"Columbus, OH",39.0159.0,Union County,Ohio,"Columbus, OH",".Columbus, OH Metro Area",2225377.0
18580,"Corpus Christi, TX",48.07.0,Aransas County,Texas,"Corpus Christi, TX",".Corpus Christi, TX Metro Area",450187.0
18580,"Corpus Christi, TX",48.0355.0,Nueces County,Texas,"Corpus Christi, TX",".Corpus Christi, TX Metro Area",450187.0
18580,"Corpus Christi, TX",48.0409.0,San Patricio County,Texas,"Corpus Christi, TX",".Corpus Christi, TX Metro Area",450187.0
18700,"Corvallis, OR",41.03.0,Benton County,Oregon,"Corvallis, OR",".Corvallis, OR Metro Area",98899.0
18880,"Crestview-Fort Walton Beach-Destin, FL",12.091.0,Okaloosa County,Florida,"Crestview-Fort Walton Beach-Destin, FL",".Crestview-Fort Walton Beach-Destin, FL Metro Area",310149.0
18880,"Crestview-Fort Walton Beach-Destin, FL",12.0131.0,Walton County,Florida,"Crestview-Fort Walton Beach-Destin, FL",".Crestview-Fort Walton Beach-Destin, FL Metro Area",310149.0
19100,"Dallas-Fort Worth-Arlington, TX",48.085.0,Collin County,Texas,"Dallas-Fort Worth-Arlington, TX",".Dallas-Fort Worth-Arlington, TX Metro Area",8344032.0
19100,"Dallas-Fort Worth-Arlington, TX",48.0113.0,Dallas County,Texas,"Dallas-Fort Worth-Arlington, TX",".Dallas-Fort Worth-Arlington, TX Metro Area",8344032.0
19100,"Dallas-Fort Worth-Arlington, TX",48.0121.0,Denton County,Texas,"Dallas-Fort Worth-Arlington, TX",".Dallas-Fort Worth-Arlington, TX Metro Area",8344032.0
19100,"Dallas-Fort Worth-Arlington, TX",48.0139.0,Ellis County,Texas,"Dallas-Fort Worth-Arlington, TX",".Dallas-Fort Worth-Arlington, TX Metro Area",8344032.0
19100,"Dallas-Fort Worth-Arlington, TX",48.0231.0,Hunt County,Texas,"Dallas-Fort Worth-Arlington, TX",".Dallas-Fort Worth-Arlington, TX Metro Area",8344032.0
19100,"Dallas-Fort Worth-Arlington, TX",48.0257.0,Kaufman County,Texas,"Dallas-Fort Worth-Arlington, TX",".Dallas-Fort Worth-Arlington, TX Metro Area",8344032.0
19100,"Dallas-Fort Worth-Arlington, TX",48.0397.0,Rockwall County,Texas,"Dallas-Fort Worth-Arlington, TX",".Dallas-Fort Worth-Arlington, TX Metro Area",8344032.0
19100,"Dallas-Fort Worth-Arlington, TX",48.0251.0,Johnson County,Texas,"Dallas-Fort Worth-Arlington, TX",".Dallas-Fort Worth-Arlington, TX Metro Area",8344032.0
19100,"Dallas-Fort Worth-Arlington, TX",48.0367.0,Parker County,Texas,"Dallas-Fort Worth-Arlington, TX",".Dallas-Fort Worth-Arlington, TX Metro Area",8344032.0
19100,"Dallas-Fort Worth-Arlington, TX",48.0439.0,Tarrant County,Texas,"Dallas-Fort Worth-Arlington, TX",".Dallas-Fort Worth-Arlington, TX Metro Area",8344032.0
19100,"Dallas-Fort Worth-Arlington, TX",48.0497.0,Wise County,Texas,"Dallas-Fort Worth-Arlington, TX",".Dallas-Fort Worth-Arlington, TX Metro Area",8344032.0
19140,"Dalton, GA",13.0213.0,Murray County,Georgia,"Dalton, GA",".Dalton, GA Metro Area",146386.0
19140,"Dalton, GA",13.0313.0,Whitfield County,Georgia,"Dalton, GA",".Dalton, GA Metro Area",146386.0
19300,"Daphne-Fairhope-Foley, AL",1.03.0,Baldwin County,Alabama,"Daphne-Fairhope-Foley, AL",".Daphne-Fairhope-Foley, AL Metro Area",261608.0
19340,"Davenport-Moline-Rock Island, IA-IL",17.073.0,Henry County,Illinois,"Davenport-Moline-Rock Island, IA-IL",".Davenport-Moline-Rock Island, IA-IL Metro Area",381801.0
19340,"Davenport-Moline-Rock Island, IA-IL",17.0131.0,Mercer County,Illinois,"Davenport-Moline-Rock Island, IA-IL",".Davenport-Moline-Rock Island, IA-IL Metro Area",381801.0
19340,"Davenport-Moline-Rock Island, IA-IL",17.0161.0,Rock Island County,Illinois,"Davenport-Moline-Rock Island, IA-IL",".Davenport-Moline-Rock Island, IA-IL Metro Area",381801.0
19340,"Davenport-Moline-Rock Island, IA-IL",19.0163.0,Scott County,Iowa,"Davenport-Moline-Rock Island, IA-IL",".Davenport-Moline-Rock Island, IA-IL Metro Area",381801.0
19430,"Dayton-Kettering-Beavercreek, OH",39.057.0,Greene County,Ohio,"Dayton-Kettering-Beavercreek, OH",".Dayton-Kettering-Beavercreek, OH Metro Area",821740.0
19430,"Dayton-Kettering-Beavercreek, OH",39.0109.0,Miami County,Ohio,"Dayton-Kettering-Beavercreek, OH",".Dayton-Kettering-Beavercreek, OH Metro Area",821740.0
19430,"Dayton-Kettering-Beavercreek, OH",39.0113.0,Montgomery County,Ohio,"Dayton-Kettering-Beavercreek, OH",".Dayton-Kettering-Beavercreek, OH Metro Area",821740.0
19460,"Decatur, AL",1.079.0,Lawrence County,Alabama,"Decatur, AL",".Decatur, AL Metro Area",159651.0
19460,"Decatur, AL",1.0103.0,Morgan County,Alabama,"Decatur, AL",".Decatur, AL Metro Area",159651.0
19500,"Decatur, IL",17.0115.0,Macon County,Illinois,"Decatur, IL",".Decatur, IL Metro Area",100737.0
19660,"Deltona-Daytona Beach-Ormond Beach, FL",12.035.0,Flagler County,Florida,"Deltona-Daytona Beach-Ormond Beach, FL",".Deltona-Daytona Beach-Ormond Beach, FL Metro Area",739516.0
19660,"Deltona-Daytona Beach-Ormond Beach, FL",12.0127.0,Volusia County,Florida,"Deltona-Daytona Beach-Ormond Beach, FL",".Deltona-Daytona Beach-Ormond Beach, FL Metro Area",739516.0
19740,"Denver-Aurora-Centennial, CO",8.01.0,Adams County,Colorado,"Denver-Aurora-Centennial, CO",".Denver-Aurora-Centennial, CO Metro Area",3052498.0
19740,"Denver-Aurora-Centennial, CO",8.05.0,Arapahoe County,Colorado,"Denver-Aurora-Centennial, CO",".Denver-Aurora-Centennial, CO Metro Area",3052498.0
19740,"Denver-Aurora-Centennial, CO",8.014.0,Broomfield County,Colorado,"Denver-Aurora-Centennial, CO",".Denver-Aurora-Centennial, CO Metro Area",3052498.0
19740,"Denver-Aurora-Centennial, CO",8.019.0,Clear Creek County,Colorado,"Denver-Aurora-Centennial, CO",".Denver-Aurora-Centennial, CO Metro Area",3052498.0
19740,"Denver-Aurora-Centennial, CO",8.031.0,Denver County,Colorado,"Denver-Aurora-Centennial, CO",".Denver-Aurora-Centennial, CO Metro Area",3052498.0
19740,"Denver-Aurora-Centennial, CO",8.035.0,Douglas County,Colorado,"Denver-Aurora-Centennial, CO",".Denver-Aurora-Centennial, CO Metro Area",3052498.0
19740,"Denver-Aurora-Centennial, CO",8.039.0,Elbert County,Colorado,"Denver-Aurora-Centennial, CO",".Denver-Aurora-Centennial, CO Metro Area",3052498.0
19740,"Denver-Aurora-Centennial, CO",8.047.0,Gilpin County,Colorado,"Denver-Aurora-Centennial, CO",".Denver-Aurora-Centennial, CO Metro Area",3052498.0
19740,"Denver-Aurora-Centennial, CO",8.059.0,Jefferson County,Colorado,"Denver-Aurora-Centennial, CO",".Denver-Aurora-Centennial, CO Metro Area",3052498.0
19740,"Denver-Aurora-Centennial, CO",8.093.0,Park County,Colorado,"Denver-Aurora-Centennial, CO",".Denver-Aurora-Centennial, CO Metro Area",3052498.0
19780,"Des Moines-West Des Moines, IA",19.049.0,Dallas County,Iowa,"Des Moines-West Des Moines, IA",".Des Moines-West Des Moines, IA Metro Area",753913.0
19780,"Des Moines-West Des Moines, IA",19.077.0,Guthrie County,Iowa,"Des Moines-West Des Moines, IA",".Des Moines-West Des Moines, IA Metro Area",753913.0
19780,"Des Moines-West Des Moines, IA",19.099.0,Jasper County,Iowa,"Des Moines-West Des Moines, IA",".Des Moines-West Des Moines, IA Metro Area",753913.0
19780,"Des Moines-West Des Moines, IA",19.0121.0,Madison County,Iowa,"Des Moines-West Des Moines, IA",".Des Moines-West Des Moines, IA Metro Area",753913.0
19780,"Des Moines-West Des Moines, IA",19.0153.0,Polk County,Iowa,"Des Moines-West Des Moines, IA",".Des Moines-West Des Moines, IA Metro Area",753913.0
19780,"Des Moines-West Des Moines, IA",19.0181.0,Warren County,Iowa,"Des Moines-West Des Moines, IA",".Des Moines-West Des Moines, IA Metro Area",753913.0
19820,"Detroit-Warren-Dearborn, MI",26.0163.0,Wayne County,Michigan,"Detroit-Warren-Dearborn, MI",".Detroit-Warren-Dearborn, MI Metro Area",4400578.0
19820,"Detroit-Warren-Dearborn, MI",26.087.0,Lapeer County,Michigan,"Detroit-Warren-Dearborn, MI",".Detroit-Warren-Dearborn, MI Metro Area",4400578.0
19820,"Detroit-Warren-Dearborn, MI",26.093.0,Livingston County,Michigan,"Detroit-Warren-Dearborn, MI",".Detroit-Warren-Dearborn, MI Metro Area",4400578.0
19820,"Detroit-Warren-Dearborn, MI",26.099.0,Macomb County,Michigan,"Detroit-Warren-Dearborn, MI",".Detroit-Warren-Dearborn, MI Metro Area",4400578.0
19820,"Detroit-Warren-Dearborn, MI",26.0125.0,Oakland County,Michigan,"Detroit-Warren-Dearborn, MI",".Detroit-Warren-Dearborn, MI Metro Area",4400578.0
19820,"Detroit-Warren-Dearborn, MI",26.0147.0,St. Clair County,Michigan,"Detroit-Warren-Dearborn, MI",".Detroit-Warren-Dearborn, MI Metro Area",4400578.0
20020,"Dothan, AL",1.061.0,Geneva County,Alabama,"Dothan, AL",".Dothan, AL Metro Area",154766.0
20020,"Dothan, AL",1.067.0,Henry County,Alabama,"Dothan, AL",".Dothan, AL Metro Area",154766.0
20020,"Dothan, AL",1.069.0,Houston County,Alabama,"Dothan, AL",".Dothan, AL Metro Area",154766.0
20100,"Dover, DE",10.01.0,Kent County,Delaware,"Dover, DE",".Dover, DE Metro Area",192690.0
20220,"Dubuque, IA",19.061.0,Dubuque County,Iowa,"Dubuque, IA",".Dubuque, IA Metro Area",99242.0
20260,"Duluth, MN-WI",27.017.0,Carlton County,Minnesota,"Duluth, MN-WI",".Duluth, MN-WI Metro Area",281815.0
20260,"Duluth, MN-WI",27.0137.0,St. Louis County,Minnesota,"Duluth, MN-WI",".Duluth, MN-WI Metro Area",281815.0
20260,"Duluth, MN-WI",55.031.0,Douglas County,Wisconsin,"Duluth, MN-WI",".Duluth, MN-WI Metro Area",281815.0
20500,"Durham-Chapel Hill, NC",37.037.0,Chatham County,North Carolina,"Durham-Chapel Hill, NC",".Durham-Chapel Hill, NC Metro Area",620522.0
20500,"Durham-Chapel Hill, NC",37.063.0,Durham County,North Carolina,"Durham-Chapel Hill, NC",".Durham-Chapel Hill, NC Metro Area",620522.0
20500,"Durham-Chapel Hill, NC",37.0135.0,Orange County,North Carolina,"Durham-Chapel Hill, NC",".Durham-Chapel Hill, NC Metro Area",620522.0
20500,"Durham-Chapel Hill, NC",37.0145.0,Person County,North Carolina,"Durham-Chapel Hill, NC",".Durham-Chapel Hill, NC Metro Area",620522.0
20580,"Eagle Pass, TX",48.0323.0,Maverick County,Texas,"Eagle Pass, TX",".Eagle Pass, TX Metro Area",58829.0
20740,"Eau Claire, WI",55.017.0,Chippewa County,Wisconsin,"Eau Claire, WI",".Eau Claire, WI Metro Area",176153.0
20740,"Eau Claire, WI",55.035.0,Eau Claire County,Wisconsin,"Eau Claire, WI",".Eau Claire, WI Metro Area",176153.0
20940,"El Centro, CA",6.025.0,Imperial County,California,"El Centro, CA",".El Centro, CA Metro Area",181724.0
21060,"Elizabethtown, KY",21.093.0,Hardin County,Kentucky,"Elizabethtown, KY",".Elizabethtown, KY Metro Area",127954.0
21060,"Elizabethtown, KY",21.0123.0,Larue County,Kentucky,"Elizabethtown, KY",".Elizabethtown, KY Metro Area",127954.0
21140,"Elkhart-Goshen, IN",18.039.0,Elkhart County,Indiana,"Elkhart-Goshen, IN",".Elkhart-Goshen, IN Metro Area",207436.0
21300,"Elmira, NY",36.015.0,Chemung County,New York,"Elmira, NY",".Elmira, NY Metro Area",81115.0
21340,"El Paso, TX",48.0141.0,El Paso County,Texas,"El Paso, TX",".El Paso, TX Metro Area",879392.0
21340,"El Paso, TX",48.0229.0,Hudspeth County,Texas,"El Paso, TX",".El Paso, TX Metro Area",879392.0
21420,"Enid, OK",40.047.0,Garfield County,Oklahoma,"Enid, OK",".Enid, OK Metro Area",62007.0
21500,"Erie, PA",42.049.0,Erie County,Pennsylvania,"Erie, PA",".Erie, PA Metro Area",267750.0
21660,"Eugene-Springfield, OR",41.039.0,Lane County,Oregon,"Eugene-Springfield, OR",".Eugene-Springfield, OR Metro Area",382396.0
21780,"Evansville, IN",18.0129.0,Posey County,Indiana,"Evansville, IN",".Evansville, IN Metro Area",271793.0
21780,"Evansville, IN",18.0163.0,Vanderburgh County,Indiana,"Evansville, IN",".Evansville, IN Metro Area",271793.0
21780,"Evansville, IN",18.0173.0,Warrick County,Indiana,"Evansville, IN",".Evansville, IN Metro Area",271793.0
21820,"Fairbanks-College, AK",2.090.0,Fairbanks North Star Borough,Alaska,"Fairbanks-College, AK",".Fairbanks-College, AK Metro Area",94951.0
22020,"Fargo, ND-MN",27.027.0,Clay County,Minnesota,"Fargo, ND-MN",".Fargo, ND-MN Metro Area",267793.0
22020,"Fargo, ND-MN",38.017.0,Cass County,North Dakota,"Fargo, ND-MN",".Fargo, ND-MN Metro Area",267793.0
22140,"Farmington, NM",35.045.0,San Juan County,New Mexico,"Farmington, NM",".Farmington, NM Metro Area",120817.0
22180,"Fayetteville, NC",37.051.0,Cumberland County,North Carolina,"Fayetteville, NC",".Fayetteville, NC Metro Area",393812.0
22180,"Fayetteville, NC",37.093.0,Hoke County,North Carolina,"Fayetteville, NC",".Fayetteville, NC Metro Area",393812.0
22220,"Fayetteville-Springdale-Rogers, AR",5.07.0,Benton County,Arkansas,"Fayetteville-Springdale-Rogers, AR",".Fayetteville-Springdale-Rogers, AR Metro Area",605615.0
22220,"Fayetteville-Springdale-Rogers, AR",5.087.0,Madison County,Arkansas,"Fayetteville-Springdale-Rogers, AR",".Fayetteville-Springdale-Rogers, AR Metro Area",605615.0
22220,"Fayetteville-Springdale-Rogers, AR",5.0143.0,Washington County,Arkansas,"Fayetteville-Springdale-Rogers, AR",".Fayetteville-Springdale-Rogers, AR Metro Area",605615.0
22380,"Flagstaff, AZ",4.05.0,Coconino County,Arizona,"Flagstaff, AZ",".Flagstaff, AZ Metro Area",145161.0
22420,"Flint, MI",26.049.0,Genesee County,Michigan,"Flint, MI",".Flint, MI Metro Area",402279.0
22500,"Florence, SC",45.031.0,Darlington County,South Carolina,"Florence, SC",".Florence, SC Metro Area",200474.0
22500,"Florence, SC",45.041.0,Florence County,South Carolina,"Florence, SC",".Florence, SC Metro Area",200474.0
22520,"Florence-Muscle Shoals, AL",1.033.0,Colbert County,Alabama,"Florence-Muscle Shoals, AL",".Florence-Muscle Shoals, AL Metro Area",156287.0
22520,"Florence-Muscle Shoals, AL",1.077.0,Lauderdale County,Alabama,"Florence-Muscle Shoals, AL",".Florence-Muscle Shoals, AL Metro Area",156287.0
22540,"Fond du Lac, WI",55.039.0,Fond du Lac County,Wisconsin,"Fond du Lac, WI",".Fond du Lac, WI Metro Area",104269.0
22660,"Fort Collins-Loveland, CO",8.069.0,Larimer County,Colorado,"Fort Collins-Loveland, CO",".Fort Collins-Loveland, CO Metro Area",374574.0
22900,"Fort Smith, AR-OK",5.033.0,Crawford County,Arkansas,"Fort Smith, AR-OK",".Fort Smith, AR-OK Metro Area",232848.0
22900,"Fort Smith, AR-OK",5.0131.0,Sebastian County,Arkansas,"Fort Smith, AR-OK",".Fort Smith, AR-OK Metro Area",232848.0
22900,"Fort Smith, AR-OK",40.0135.0,Sequoyah County,Oklahoma,"Fort Smith, AR-OK",".Fort Smith, AR-OK Metro Area",232848.0
23060,"Fort Wayne, IN",18.03.0,Allen County,Indiana,"Fort Wayne, IN",".Fort Wayne, IN Metro Area",462978.0
23060,"Fort Wayne, IN",18.0179.0,Wells County,Indiana,"Fort Wayne, IN",".Fort Wayne, IN Metro Area",462978.0
23060,"Fort Wayne, IN",18.0183.0,Whitley County,Indiana,"Fort Wayne, IN",".Fort Wayne, IN Metro Area",462978.0
23420,"Fresno, CA",6.019.0,Fresno County,California,"Fresno, CA",".Fresno, CA Metro Area",1189557.0
23420,"Fresno, CA",6.039.0,Madera County,California,"Fresno, CA",".Fresno, CA Metro Area",1189557.0
23460,"Gadsden, AL",1.055.0,Etowah County,Alabama,"Gadsden, AL",".Gadsden, AL Metro Area",103207.0
23540,"Gainesville, FL",12.01.0,Alachua County,Florida,"Gainesville, FL",".Gainesville, FL Metro Area",359780.0
23540,"Gainesville, FL",12.041.0,Gilchrist County,Florida,"Gainesville, FL",".Gainesville, FL Metro Area",359780.0
23540,"Gainesville, FL",12.075.0,Levy County,Florida,"Gainesville, FL",".Gainesville, FL Metro Area",359780.0
23580,"Gainesville, GA",13.0139.0,Hall County,Georgia,"Gainesville, GA",".Gainesville, GA Metro Area",221745.0
23900,"Gettysburg, PA",42.01.0,Adams County,Pennsylvania,"Gettysburg, PA",".Gettysburg, PA Metro Area",107914.0
24020,"Glens Falls, NY",36.0113.0,Warren County,New York,"Glens Falls, NY",".Glens Falls, NY Metro Area",125127.0
24020,"Glens Falls, NY",36.0115.0,Washington County,New York,"Glens Falls, NY",".Glens Falls, NY Metro Area",125127.0
24140,"Goldsboro, NC",37.0191.0,Wayne County,North Carolina,"Goldsboro, NC",".Goldsboro, NC Metro Area",120338.0
24220,"Grand Forks, ND-MN",27.0119.0,Polk County,Minnesota,"Grand Forks, ND-MN",".Grand Forks, ND-MN Metro Area",104184.0
24220,"Grand Forks, ND-MN",38.035.0,Grand Forks County,North Dakota,"Grand Forks, ND-MN",".Grand Forks, ND-MN Metro Area",104184.0
24260,"Grand Island, NE",31.079.0,Hall County,Nebraska,"Grand Island, NE",".Grand Island, NE Metro Area",77278.0
24260,"Grand Island, NE",31.093.0,Howard County,Nebraska,"Grand Island, NE",".Grand Island, NE Metro Area",77278.0
24260,"Grand Island, NE",31.0121.0,Merrick County,Nebraska,"Grand Island, NE",".Grand Island, NE Metro Area",77278.0
24300,"Grand Junction, CO",8.077.0,Mesa County,Colorado,"Grand Junction, CO",".Grand Junction, CO Metro Area",161260.0
24340,"Grand Rapids-Wyoming-Kentwood, MI",26.015.0,Barry County,Michigan,"Grand Rapids-Wyoming-Kentwood, MI",".Grand Rapids-Wyoming-Kentwood, MI Metro Area",1178826.0
24340,"Grand Rapids-Wyoming-Kentwood, MI",26.067.0,Ionia County,Michigan,"Grand Rapids-Wyoming-Kentwood, MI",".Grand Rapids-Wyoming-Kentwood, MI Metro Area",1178826.0
24340,"Grand Rapids-Wyoming-Kentwood, MI",26.081.0,Kent County,Michigan,"Grand Rapids-Wyoming-Kentwood, MI",".Grand Rapids-Wyoming-Kentwood, MI Metro Area",1178826.0
24340,"Grand Rapids-Wyoming-Kentwood, MI",26.0117.0,Montcalm County,Michigan,"Grand Rapids-Wyoming-Kentwood, MI",".Grand Rapids-Wyoming-Kentwood, MI Metro Area",1178826.0
24340,"Grand Rapids-Wyoming-Kentwood, MI",26.0139.0,Ottawa County,Michigan,"Grand Rapids-Wyoming-Kentwood, MI",".Grand Rapids-Wyoming-Kentwood, MI Metro Area",1178826.0
24420,"Grants Pass, OR",41.033.0,Josephine County,Oregon,"Grants Pass, OR",".Grants Pass, OR Metro Area",88276.0
24500,"Great Falls, MT",30.013.0,Cascade County,Montana,"Great Falls, MT",".Great Falls, MT Metro Area",84523.0
24540,"Greeley, CO",8.0123.0,Weld County,Colorado,"Greeley, CO",".Greeley, CO Metro Area",369745.0
24580,"Green Bay, WI",55.09.0,Brown County,Wisconsin,"Green Bay, WI",".Green Bay, WI Metro Area",334697.0
24580,"Green Bay, WI",55.061.0,Kewaunee County,Wisconsin,"Green Bay, WI",".Green Bay, WI Metro Area",334697.0
24580,"Green Bay, WI",55.083.0,Oconto County,Wisconsin,"Green Bay, WI",".Green Bay, WI Metro Area",334697.0
24660,"Greensboro-High Point, NC",37.081.0,Guilford County,North Carolina,"Greensboro-High Point, NC",".Greensboro-High Point, NC Metro Area",800722.0
24660,"Greensboro-High Point, NC",37.0151.0,Randolph County,North Carolina,"Greensboro-High Point, NC",".Greensboro-High Point, NC Metro Area",800722.0
24660,"Greensboro-High Point, NC",37.0157.0,Rockingham County,North Carolina,"Greensboro-High Point, NC",".Greensboro-High Point, NC Metro Area",800722.0
24780,"Greenville, NC",37.0147.0,Pitt County,North Carolina,"Greenville, NC",".Greenville, NC Metro Area",180783.0
24860,"Greenville-Anderson-Greer, SC",45.07.0,Anderson County,South Carolina,"Greenville-Anderson-Greer, SC",".Greenville-Anderson-Greer, SC Metro Area",996680.0
24860,"Greenville-Anderson-Greer, SC",45.045.0,Greenville County,South Carolina,"Greenville-Anderson-Greer, SC",".Greenville-Anderson-Greer, SC Metro Area",996680.0
24860,"Greenville-Anderson-Greer, SC",45.059.0,Laurens County,South Carolina,"Greenville-Anderson-Greer, SC",".Greenville-Anderson-Greer, SC Metro Area",996680.0
24860,"Greenville-Anderson-Greer, SC",45.077.0,Pickens County,South Carolina,"Greenville-Anderson-Greer, SC",".Greenville-Anderson-Greer, SC Metro Area",996680.0
25020,"Guayama, PR",72.015.0,Arroyo Municipio,Puerto Rico,"Guayama, PR",".Guayama, PR Metro Area",64546.0
25020,"Guayama, PR",72.057.0,Guayama Municipio,Puerto Rico,"Guayama, PR",".Guayama, PR Metro Area",64546.0
25020,"Guayama, PR",72.0109.0,Patillas Municipio,Puerto Rico,"Guayama, PR",".Guayama, PR Metro Area",64546.0
25060,"Gulfport-Biloxi, MS",28.045.0,Hancock County,Mississippi,"Gulfport-Biloxi, MS",".Gulfport-Biloxi, MS Metro Area",426793.0
25060,"Gulfport-Biloxi, MS",28.047.0,Harrison County,Mississippi,"Gulfport-Biloxi, MS",".Gulfport-Biloxi, MS Metro Area",426793.0
25060,"Gulfport-Biloxi, MS",28.059.0,Jackson County,Mississippi,"Gulfport-Biloxi, MS",".Gulfport-Biloxi, MS Metro Area",426793.0
25060,"Gulfport-Biloxi, MS",28.0131.0,Stone County,Mississippi,"Gulfport-Biloxi, MS",".Gulfport-Biloxi, MS Metro Area",426793.0
25180,"Hagerstown-Martinsburg, MD-WV",24.043.0,Washington County,Maryland,"Hagerstown-Martinsburg, MD-WV",".Hagerstown-Martinsburg, MD-WV Metro Area",311295.0
25180,"Hagerstown-Martinsburg, MD-WV",54.03.0,Berkeley County,West Virginia,"Hagerstown-Martinsburg, MD-WV",".Hagerstown-Martinsburg, MD-WV Metro Area",311295.0
25180,"Hagerstown-Martinsburg, MD-WV",54.065.0,Morgan County,West Virginia,"Hagerstown-Martinsburg, MD-WV",".Hagerstown-Martinsburg, MD-WV Metro Area",311295.0
25220,"Hammond, LA",22.0105.0,Tangipahoa Parish,Louisiana,"Hammond, LA",".Hammond, LA Metro Area",139823.0
25260,"Hanford-Corcoran, CA",6.031.0,Kings County,California,"Hanford-Corcoran, CA",".Hanford-Corcoran, CA Metro Area",154913.0
25420,"Harrisburg-Carlisle, PA",42.041.0,Cumberland County,Pennsylvania,"Harrisburg-Carlisle, PA",".Harrisburg-Carlisle, PA Metro Area",615361.0
25420,"Harrisburg-Carlisle, PA",42.043.0,Dauphin County,Pennsylvania,"Harrisburg-Carlisle, PA",".Harrisburg-Carlisle, PA Metro Area",615361.0
25420,"Harrisburg-Carlisle, PA",42.099.0,Perry County,Pennsylvania,"Harrisburg-Carlisle, PA",".Harrisburg-Carlisle, PA Metro Area",615361.0
25500,"Harrisonburg, VA",51.0165.0,Rockingham County,Virginia,"Harrisonburg, VA",".Harrisonburg, VA Metro Area",138838.0
25500,"Harrisonburg, VA",51.0660.0,Harrisonburg city,Virginia,"Harrisonburg, VA",".Harrisonburg, VA Metro Area",138838.0
25540,"Hartford-West Hartford-East Hartford, CT",9.0110.0,Capitol Planning Region,Connecticut,"Hartford-West Hartford-East Hartford, CT",".Hartford-West Hartford-East Hartford, CT Metro Area",1169048.0
25540,"Hartford-West Hartford-East Hartford, CT",9.0130.0,Lower Connecticut River Valley Planning Region,Connecticut,"Hartford-West Hartford-East Hartford, CT",".Hartford-West Hartford-East Hartford, CT Metro Area",1169048.0
25620,"Hattiesburg, MS",28.035.0,Forrest County,Mississippi,"Hattiesburg, MS",".Hattiesburg, MS Metro Area",156575.0
25620,"Hattiesburg, MS",28.073.0,Lamar County,Mississippi,"Hattiesburg, MS",".Hattiesburg, MS Metro Area",156575.0
25620,"Hattiesburg, MS",28.0111.0,Perry County,Mississippi,"Hattiesburg, MS",".Hattiesburg, MS Metro Area",156575.0
25740,"Helena, MT",30.07.0,Broadwater County,Montana,"Helena, MT",".Helena, MT Metro Area",96735.0
25740,"Helena, MT",30.043.0,Jefferson County,Montana,"Helena, MT",".Helena, MT Metro Area",96735.0
25740,"Helena, MT",30.049.0,Lewis and Clark County,Montana,"Helena, MT",".Helena, MT Metro Area",96735.0
25860,"Hickory-Lenoir-Morganton, NC",37.03.0,Alexander County,North Carolina,"Hickory-Lenoir-Morganton, NC",".Hickory-Lenoir-Morganton, NC Metro Area",373031.0
25860,"Hickory-Lenoir-Morganton, NC",37.023.0,Burke County,North Carolina,"Hickory-Lenoir-Morganton, NC",".Hickory-Lenoir-Morganton, NC Metro Area",373031.0
25860,"Hickory-Lenoir-Morganton, NC",37.027.0,Caldwell County,North Carolina,"Hickory-Lenoir-Morganton, NC",".Hickory-Lenoir-Morganton, NC Metro Area",373031.0
25860,"Hickory-Lenoir-Morganton, NC",37.035.0,Catawba County,North Carolina,"Hickory-Lenoir-Morganton, NC",".Hickory-Lenoir-Morganton, NC Metro Area",373031.0
25940,"Hilton Head Island-Bluffton-Port Royal, SC",45.013.0,Beaufort County,South Carolina,"Hilton Head Island-Bluffton-Port Royal, SC",".Hilton Head Island-Bluffton-Port Royal, SC Metro Area",237393.0
25940,"Hilton Head Island-Bluffton-Port Royal, SC",45.053.0,Jasper County,South Carolina,"Hilton Head Island-Bluffton-Port Royal, SC",".Hilton Head Island-Bluffton-Port Royal, SC Metro Area",237393.0
25980,"Hinesville, GA",13.0179.0,Liberty County,Georgia,"Hinesville, GA",".Hinesville, GA Metro Area",89046.0
25980,"Hinesville, GA",13.0183.0,Long County,Georgia,"Hinesville, GA",".Hinesville, GA Metro Area",89046.0
26140,"Homosassa Springs, FL",12.017.0,Citrus County,Florida,"Homosassa Springs, FL",".Homosassa Springs, FL Metro Area",170174.0
26300,"Hot Springs, AR",5.051.0,Garland County,Arkansas,"Hot Springs, AR",".Hot Springs, AR Metro Area",99902.0
26380,"Houma-Bayou Cane-Thibodaux, LA",22.057.0,Lafourche Parish,Louisiana,"Houma-Bayou Cane-Thibodaux, LA",".Houma-Bayou Cane-Thibodaux, LA Metro Area",199206.0
26380,"Houma-Bayou Cane-Thibodaux, LA",22.0109.0,Terrebonne Parish,Louisiana,"Houma-Bayou Cane-Thibodaux, LA",".Houma-Bayou Cane-Thibodaux, LA Metro Area",199206.0
26420,"Houston-Pasadena-The Woodlands, TX",48.015.0,Austin County,Texas,"Houston-Pasadena-The Woodlands, TX",".Houston-Pasadena-The Woodlands, TX Metro Area",7796182.0
26420,"Houston-Pasadena-The Woodlands, TX",48.039.0,Brazoria County,Texas,"Houston-Pasadena-The Woodlands, TX",".Houston-Pasadena-The Woodlands, TX Metro Area",7796182.0
26420,"Houston-Pasadena-The Woodlands, TX",48.071.0,Chambers County,Texas,"Houston-Pasadena-The Woodlands, TX",".Houston-Pasadena-The Woodlands, TX Metro Area",7796182.0
26420,"Houston-Pasadena-The Woodlands, TX",48.0157.0,Fort Bend County,Texas,"Houston-Pasadena-The Woodlands, TX",".Houston-Pasadena-The Woodlands, TX Metro Area",7796182.0
26420,"Houston-Pasadena-The Woodlands, TX",48.0167.0,Galveston County,Texas,"Houston-Pasadena-The Woodlands, TX",".Houston-Pasadena-The Woodlands, TX Metro Area",7796182.0
26420,"Houston-Pasadena-The Woodlands, TX",48.0201.0,Harris County,Texas,"Houston-Pasadena-The Woodlands, TX",".Houston-Pasadena-The Woodlands, TX Metro Area",7796182.0
26420,"Houston-Pasadena-The Woodlands, TX",48.0291.0,Liberty County,Texas,"Houston-Pasadena-The Woodlands, TX",".Houston-Pasadena-The Woodlands, TX Metro Area",7796182.0
26420,"Houston-Pasadena-The Woodlands, TX",48.0339.0,Montgomery County,Texas,"Houston-Pasadena-The Woodlands, TX",".Houston-Pasadena-The Woodlands, TX Metro Area",7796182.0
26420,"Houston-Pasadena-The Woodlands, TX",48.0407.0,San Jacinto County,Texas,"Houston-Pasadena-The Woodlands, TX",".Houston-Pasadena-The Woodlands, TX Metro Area",7796182.0
26420,"Houston-Pasadena-The Woodlands, TX",48.0473.0,Waller County,Texas,"Houston-Pasadena-The Woodlands, TX",".Houston-Pasadena-The Woodlands, TX Metro Area",7796182.0
26580,"Huntington-Ashland, WV-KY-OH",21.019.0,Boyd County,Kentucky,"Huntington-Ashland, WV-KY-OH",".Huntington-Ashland, WV-KY-OH Metro Area",366920.0
26580,"Huntington-Ashland, WV-KY-OH",21.043.0,Carter County,Kentucky,"Huntington-Ashland, WV-KY-OH",".Huntington-Ashland, WV-KY-OH Metro Area",366920.0
26580,"Huntington-Ashland, WV-KY-OH",21.089.0,Greenup County,Kentucky,"Huntington-Ashland, WV-KY-OH",".Huntington-Ashland, WV-KY-OH Metro Area",366920.0
26580,"Huntington-Ashland, WV-KY-OH",21.0127.0,Lawrence County,Kentucky,"Huntington-Ashland, WV-KY-OH",".Huntington-Ashland, WV-KY-OH Metro Area",366920.0
26580,"Huntington-Ashland, WV-KY-OH",39.087.0,Lawrence County,Ohio,"Huntington-Ashland, WV-KY-OH",".Huntington-Ashland, WV-KY-OH Metro Area",366920.0
26580,"Huntington-Ashland, WV-KY-OH",54.011.0,Cabell County,West Virginia,"Huntington-Ashland, WV-KY-OH",".Huntington-Ashland, WV-KY-OH Metro Area",366920.0
26580,"Huntington-Ashland, WV-KY-OH",54.079.0,Putnam County,West Virginia,"Huntington-Ashland, WV-KY-OH",".Huntington-Ashland, WV-KY-OH Metro Area",366920.0
26580,"Huntington-Ashland, WV-KY-OH",54.099.0,Wayne County,West Virginia,"Huntington-Ashland, WV-KY-OH",".Huntington-Ashland, WV-KY-OH Metro Area",366920.0
26620,"Huntsville, AL",1.083.0,Limestone County,Alabama,"Huntsville, AL",".Huntsville, AL Metro Area",542297.0
26620,"Huntsville, AL",1.089.0,Madison County,Alabama,"Huntsville, AL",".Huntsville, AL Metro Area",542297.0
26820,"Idaho Falls, ID",16.019.0,Bonneville County,Idaho,"Idaho Falls, ID",".Idaho Falls, ID Metro Area",171233.0
26820,"Idaho Falls, ID",16.023.0,Butte County,Idaho,"Idaho Falls, ID",".Idaho Falls, ID Metro Area",171233.0
26820,"Idaho Falls, ID",16.051.0,Jefferson County,Idaho,"Idaho Falls, ID",".Idaho Falls, ID Metro Area",171233.0
26900,"Indianapolis-Carmel-Greenwood, IN",18.011.0,Boone County,Indiana,"Indianapolis-Carmel-Greenwood, IN",".Indianapolis-Carmel-Greenwood, IN Metro Area",2174833.0
26900,"Indianapolis-Carmel-Greenwood, IN",18.013.0,Brown County,Indiana,"Indianapolis-Carmel-Greenwood, IN",".Indianapolis-Carmel-Greenwood, IN Metro Area",2174833.0
26900,"Indianapolis-Carmel-Greenwood, IN",18.057.0,Hamilton County,Indiana,"Indianapolis-Carmel-Greenwood, IN",".Indianapolis-Carmel-Greenwood, IN Metro Area",2174833.0
26900,"Indianapolis-Carmel-Greenwood, IN",18.059.0,Hancock County,Indiana,"Indianapolis-Carmel-Greenwood, IN",".Indianapolis-Carmel-Greenwood, IN Metro Area",2174833.0
26900,"Indianapolis-Carmel-Greenwood, IN",18.063.0,Hendricks County,Indiana,"Indianapolis-Carmel-Greenwood, IN",".Indianapolis-Carmel-Greenwood, IN Metro Area",2174833.0
26900,"Indianapolis-Carmel-Greenwood, IN",18.081.0,Johnson County,Indiana,"Indianapolis-Carmel-Greenwood, IN",".Indianapolis-Carmel-Greenwood, IN Metro Area",2174833.0
26900,"Indianapolis-Carmel-Greenwood, IN",18.095.0,Madison County,Indiana,"Indianapolis-Carmel-Greenwood, IN",".Indianapolis-Carmel-Greenwood, IN Metro Area",2174833.0
26900,"Indianapolis-Carmel-Greenwood, IN",18.097.0,Marion County,Indiana,"Indianapolis-Carmel-Greenwood, IN",".Indianapolis-Carmel-Greenwood, IN Metro Area",2174833.0
26900,"Indianapolis-Carmel-Greenwood, IN",18.0109.0,Morgan County,Indiana,"Indianapolis-Carmel-Greenwood, IN",".Indianapolis-Carmel-Greenwood, IN Metro Area",2174833.0
26900,"Indianapolis-Carmel-Greenwood, IN",18.0145.0,Shelby County,Indiana,"Indianapolis-Carmel-Greenwood, IN",".Indianapolis-Carmel-Greenwood, IN Metro Area",2174833.0
26900,"Indianapolis-Carmel-Greenwood, IN",18.0159.0,Tipton County,Indiana,"Indianapolis-Carmel-Greenwood, IN",".Indianapolis-Carmel-Greenwood, IN Metro Area",2174833.0
26980,"Iowa City, IA",19.0103.0,Johnson County,Iowa,"Iowa City, IA",".Iowa City, IA Metro Area",182711.0
26980,"Iowa City, IA",19.0183.0,Washington County,Iowa,"Iowa City, IA",".Iowa City, IA Metro Area",182711.0
27060,"Ithaca, NY",36.0109.0,Tompkins County,New York,"Ithaca, NY",".Ithaca, NY Metro Area",105602.0
27100,"Jackson, MI",26.075.0,Jackson County,Michigan,"Jackson, MI",".Jackson, MI Metro Area",160233.0
27140,"Jackson, MS",28.029.0,Copiah County,Mississippi,"Jackson, MS",".Jackson, MS Metro Area",606178.0
27140,"Jackson, MS",28.049.0,Hinds County,Mississippi,"Jackson, MS",".Jackson, MS Metro Area",606178.0
27140,"Jackson, MS",28.051.0,Holmes County,Mississippi,"Jackson, MS",".Jackson, MS Metro Area",606178.0
27140,"Jackson, MS",28.089.0,Madison County,Mississippi,"Jackson, MS",".Jackson, MS Metro Area",606178.0
27140,"Jackson, MS",28.0121.0,Rankin County,Mississippi,"Jackson, MS",".Jackson, MS Metro Area",606178.0
27140,"Jackson, MS",28.0123.0,Scott County,Mississippi,"Jackson, MS",".Jackson, MS Metro Area",606178.0
27140,"Jackson, MS",28.0127.0,Simpson County,Mississippi,"Jackson, MS",".Jackson, MS Metro Area",606178.0
27140,"Jackson, MS",28.0163.0,Yazoo County,Mississippi,"Jackson, MS",".Jackson, MS Metro Area",606178.0
27180,"Jackson, TN",47.023.0,Chester County,Tennessee,"Jackson, TN",".Jackson, TN Metro Area",183680.0
27180,"Jackson, TN",47.033.0,Crockett County,Tennessee,"Jackson, TN",".Jackson, TN Metro Area",183680.0
27180,"Jackson, TN",47.053.0,Gibson County,Tennessee,"Jackson, TN",".Jackson, TN Metro Area",183680.0
27180,"Jackson, TN",47.0113.0,Madison County,Tennessee,"Jackson, TN",".Jackson, TN Metro Area",183680.0
27260,"Jacksonville, FL",12.03.0,Baker County,Florida,"Jacksonville, FL",".Jacksonville, FL Metro Area",1760548.0
27260,"Jacksonville, FL",12.019.0,Clay County,Florida,"Jacksonville, FL",".Jacksonville, FL Metro Area",1760548.0
27260,"Jacksonville, FL",12.031.0,Duval County,Florida,"Jacksonville, FL",".Jacksonville, FL Metro Area",1760548.0
27260,"Jacksonville, FL",12.089.0,Nassau County,Florida,"Jacksonville, FL",".Jacksonville, FL Metro Area",1760548.0
27260,"Jacksonville, FL",12.0109.0,St. Johns County,Florida,"Jacksonville, FL",".Jacksonville, FL Metro Area",1760548.0
27340,"Jacksonville, NC",37.0133.0,Onslow County,North Carolina,"Jacksonville, NC",".Jacksonville, NC Metro Area",212954.0
27500,"Janesville-Beloit, WI",55.0105.0,Rock County,Wisconsin,"Janesville-Beloit, WI",".Janesville-Beloit, WI Metro Area",165461.0
27620,"Jefferson City, MO",29.027.0,Callaway County,Missouri,"Jefferson City, MO",".Jefferson City, MO Metro Area",151523.0
27620,"Jefferson City, MO",29.051.0,Cole County,Missouri,"Jefferson City, MO",".Jefferson City, MO Metro Area",151523.0
27620,"Jefferson City, MO",29.0135.0,Moniteau County,Missouri,"Jefferson City, MO",".Jefferson City, MO Metro Area",151523.0
27620,"Jefferson City, MO",29.0151.0,Osage County,Missouri,"Jefferson City, MO",".Jefferson City, MO Metro Area",151523.0
27740,"Johnson City, TN",47.019.0,Carter County,Tennessee,"Johnson City, TN",".Johnson City, TN Metro Area",214948.0
27740,"Johnson City, TN",47.0171.0,Unicoi County,Tennessee,"Johnson City, TN",".Johnson City, TN Metro Area",214948.0
27740,"Johnson City, TN",47.0179.0,Washington County,Tennessee,"Johnson City, TN",".Johnson City, TN Metro Area",214948.0
27780,"Johnstown, PA",42.021.0,Cambria County,Pennsylvania,"Johnstown, PA",".Johnstown, PA Metro Area",130108.0
27860,"Jonesboro, AR",5.031.0,Craighead County,Arkansas,"Jonesboro, AR",".Jonesboro, AR Metro Area",138152.0
27860,"Jonesboro, AR",5.0111.0,Poinsett County,Arkansas,"Jonesboro, AR",".Jonesboro, AR Metro Area",138152.0
27900,"Joplin, MO-KS",20.021.0,Cherokee County,Kansas,"Joplin, MO-KS",".Joplin, MO-KS Metro Area",207131.0
27900,"Joplin, MO-KS",29.097.0,Jasper County,Missouri,"Joplin, MO-KS",".Joplin, MO-KS Metro Area",207131.0
27900,"Joplin, MO-KS",29.0145.0,Newton County,Missouri,"Joplin, MO-KS",".Joplin, MO-KS Metro Area",207131.0
27980,"Kahului-Wailuku, HI",15.05.0,Kalawao County,Hawaii,"Kahului-Wailuku, HI",".Kahului-Wailuku, HI Metro Area",163769.0
27980,"Kahului-Wailuku, HI",15.09.0,Maui County,Hawaii,"Kahului-Wailuku, HI",".Kahului-Wailuku, HI Metro Area",163769.0
28020,"Kalamazoo-Portage, MI",26.077.0,Kalamazoo County,Michigan,"Kalamazoo-Portage, MI",".Kalamazoo-Portage, MI Metro Area",264780.0
28100,"Kankakee, IL",17.091.0,Kankakee County,Illinois,"Kankakee, IL",".Kankakee, IL Metro Area",106410.0
28140,"Kansas City, MO-KS",20.091.0,Johnson County,Kansas,"Kansas City, MO-KS",".Kansas City, MO-KS Metro Area",2253579.0
28140,"Kansas City, MO-KS",20.0103.0,Leavenworth County,Kansas,"Kansas City, MO-KS",".Kansas City, MO-KS Metro Area",2253579.0
28140,"Kansas City, MO-KS",20.0107.0,Linn County,Kansas,"Kansas City, MO-KS",".Kansas City, MO-KS Metro Area",2253579.0
28140,"Kansas City, MO-KS",20.0121.0,Miami County,Kansas,"Kansas City, MO-KS",".Kansas City, MO-KS Metro Area",2253579.0
28140,"Kansas City, MO-KS",20.0209.0,Wyandotte County,Kansas,"Kansas City, MO-KS",".Kansas City, MO-KS Metro Area",2253579.0
28140,"Kansas City, MO-KS",29.013.0,Bates County,Missouri,"Kansas City, MO-KS",".Kansas City, MO-KS Metro Area",2253579.0
28140,"Kansas City, MO-KS",29.025.0,Caldwell County,Missouri,"Kansas City, MO-KS",".Kansas City, MO-KS Metro Area",2253579.0
28140,"Kansas City, MO-KS",29.037.0,Cass County,Missouri,"Kansas City, MO-KS",".Kansas City, MO-KS Metro Area",2253579.0
28140,"Kansas City, MO-KS",29.047.0,Clay County,Missouri,"Kansas City, MO-KS",".Kansas City, MO-KS Metro Area",2253579.0
28140,"Kansas City, MO-KS",29.049.0,Clinton County,Missouri,"Kansas City, MO-KS",".Kansas City, MO-KS Metro Area",2253579.0
28140,"Kansas City, MO-KS",29.095.0,Jackson County,Missouri,"Kansas City, MO-KS",".Kansas City, MO-KS Metro Area",2253579.0
28140,"Kansas City, MO-KS",29.0107.0,Lafayette County,Missouri,"Kansas City, MO-KS",".Kansas City, MO-KS Metro Area",2253579.0
28140,"Kansas City, MO-KS",29.0165.0,Platte County,Missouri,"Kansas City, MO-KS",".Kansas City, MO-KS Metro Area",2253579.0
28140,"Kansas City, MO-KS",29.0177.0,Ray County,Missouri,"Kansas City, MO-KS",".Kansas City, MO-KS Metro Area",2253579.0
28420,"Kennewick-Richland, WA",53.05.0,Benton County,Washington,"Kennewick-Richland, WA",".Kennewick-Richland, WA Metro Area",319428.0
28420,"Kennewick-Richland, WA",53.021.0,Franklin County,Washington,"Kennewick-Richland, WA",".Kennewick-Richland, WA Metro Area",319428.0
28450,"Kenosha, WI",55.059.0,Kenosha County,Wisconsin,"Kenosha, WI",".Kenosha, WI Metro Area",168754.0
28660,"Killeen-Temple, TX",48.027.0,Bell County,Texas,"Killeen-Temple, TX",".Killeen-Temple, TX Metro Area",509487.0
28660,"Killeen-Temple, TX",48.099.0,Coryell County,Texas,"Killeen-Temple, TX",".Killeen-Temple, TX Metro Area",509487.0
28660,"Killeen-Temple, TX",48.0281.0,Lampasas County,Texas,"Killeen-Temple, TX",".Killeen-Temple, TX Metro Area",509487.0
28700,"Kingsport-Bristol, TN-VA",47.073.0,Hawkins County,Tennessee,"Kingsport-Bristol, TN-VA",".Kingsport-Bristol, TN-VA Metro Area",313876.0
28700,"Kingsport-Bristol, TN-VA",47.0163.0,Sullivan County,Tennessee,"Kingsport-Bristol, TN-VA",".Kingsport-Bristol, TN-VA Metro Area",313876.0
28700,"Kingsport-Bristol, TN-VA",51.0169.0,Scott County,Virginia,"Kingsport-Bristol, TN-VA",".Kingsport-Bristol, TN-VA Metro Area",313876.0
28700,"Kingsport-Bristol, TN-VA",51.0191.0,Washington County,Virginia,"Kingsport-Bristol, TN-VA",".Kingsport-Bristol, TN-VA Metro Area",313876.0
28700,"Kingsport-Bristol, TN-VA",51.0520.0,Bristol city,Virginia,"Kingsport-Bristol, TN-VA",".Kingsport-Bristol, TN-VA Metro Area",313876.0
28740,"Kingston, NY",36.0111.0,Ulster County,New York,"Kingston, NY",".Kingston, NY Metro Area",182977.0
28880,"Kiryas Joel-Poughkeepsie-Newburgh, NY",36.027.0,Dutchess County,New York,"Kiryas Joel-Poughkeepsie-Newburgh, NY",".Kiryas Joel-Poughkeepsie-Newburgh, NY Metro Area",711730.0
28880,"Kiryas Joel-Poughkeepsie-Newburgh, NY",36.071.0,Orange County,New York,"Kiryas Joel-Poughkeepsie-Newburgh, NY",".Kiryas Joel-Poughkeepsie-Newburgh, NY Metro Area",711730.0
28940,"Knoxville, TN",47.01.0,Anderson County,Tennessee,"Knoxville, TN",".Knoxville, TN Metro Area",957608.0
28940,"Knoxville, TN",47.09.0,Blount County,Tennessee,"Knoxville, TN",".Knoxville, TN Metro Area",957608.0
28940,"Knoxville, TN",47.013.0,Campbell County,Tennessee,"Knoxville, TN",".Knoxville, TN Metro Area",957608.0
28940,"Knoxville, TN",47.057.0,Grainger County,Tennessee,"Knoxville, TN",".Knoxville, TN Metro Area",957608.0
28940,"Knoxville, TN",47.093.0,Knox County,Tennessee,"Knoxville, TN",".Knoxville, TN Metro Area",957608.0
28940,"Knoxville, TN",47.0105.0,Loudon County,Tennessee,"Knoxville, TN",".Knoxville, TN Metro Area",957608.0
28940,"Knoxville, TN",47.0129.0,Morgan County,Tennessee,"Knoxville, TN",".Knoxville, TN Metro Area",957608.0
28940,"Knoxville, TN",47.0145.0,Roane County,Tennessee,"Knoxville, TN",".Knoxville, TN Metro Area",957608.0
28940,"Knoxville, TN",47.0173.0,Union County,Tennessee,"Knoxville, TN",".Knoxville, TN Metro Area",957608.0
29020,"Kokomo, IN",18.067.0,Howard County,Indiana,"Kokomo, IN",".Kokomo, IN Metro Area",84082.0
29100,"La Crosse-Onalaska, WI-MN",27.055.0,Houston County,Minnesota,"La Crosse-Onalaska, WI-MN",".La Crosse-Onalaska, WI-MN Metro Area",170763.0
29100,"La Crosse-Onalaska, WI-MN",55.063.0,La Crosse County,Wisconsin,"La Crosse-Onalaska, WI-MN",".La Crosse-Onalaska, WI-MN Metro Area",170763.0
29100,"La Crosse-Onalaska, WI-MN",55.0123.0,Vernon County,Wisconsin,"La Crosse-Onalaska, WI-MN",".La Crosse-Onalaska, WI-MN Metro Area",170763.0
29180,"Lafayette, LA",22.01.0,Acadia Parish,Louisiana,"Lafayette, LA",".Lafayette, LA Metro Area",419704.0
29180,"Lafayette, LA",22.055.0,Lafayette Parish,Louisiana,"Lafayette, LA",".Lafayette, LA Metro Area",419704.0
29180,"Lafayette, LA",22.099.0,St. Martin Parish,Louisiana,"Lafayette, LA",".Lafayette, LA Metro Area",419704.0
29180,"Lafayette, LA",22.0113.0,Vermilion Parish,Louisiana,"Lafayette, LA",".Lafayette, LA Metro Area",419704.0
29200,"Lafayette-West Lafayette, IN",18.07.0,Benton County,Indiana,"Lafayette-West Lafayette, IN",".Lafayette-West Lafayette, IN Metro Area",229701.0
29200,"Lafayette-West Lafayette, IN",18.015.0,Carroll County,Indiana,"Lafayette-West Lafayette, IN",".Lafayette-West Lafayette, IN Metro Area",229701.0
29200,"Lafayette-West Lafayette, IN",18.0157.0,Tippecanoe County,Indiana,"Lafayette-West Lafayette, IN",".Lafayette-West Lafayette, IN Metro Area",229701.0
29200,"Lafayette-West Lafayette, IN",18.0171.0,Warren County,Indiana,"Lafayette-West Lafayette, IN",".Lafayette-West Lafayette, IN Metro Area",229701.0
29340,"Lake Charles, LA",22.019.0,Calcasieu Parish,Louisiana,"Lake Charles, LA",".Lake Charles, LA Metro Area",242975.0
29340,"Lake Charles, LA",22.023.0,Cameron Parish,Louisiana,"Lake Charles, LA",".Lake Charles, LA Metro Area",242975.0
29340,"Lake Charles, LA",22.053.0,Jefferson Davis Parish,Louisiana,"Lake Charles, LA",".Lake Charles, LA Metro Area",242975.0
29420,"Lake Havasu City-Kingman, AZ",4.015.0,Mohave County,Arizona,"Lake Havasu City-Kingman, AZ",".Lake Havasu City-Kingman, AZ Metro Area",226479.0
29460,"Lakeland-Winter Haven, FL",12.0105.0,Polk County,Florida,"Lakeland-Winter Haven, FL",".Lakeland-Winter Haven, FL Metro Area",852878.0
29540,"Lancaster, PA",42.071.0,Lancaster County,Pennsylvania,"Lancaster, PA",".Lancaster, PA Metro Area",563293.0
29620,"Lansing-East Lansing, MI",26.037.0,Clinton County,Michigan,"Lansing-East Lansing, MI",".Lansing-East Lansing, MI Metro Area",479971.0
29620,"Lansing-East Lansing, MI",26.045.0,Eaton County,Michigan,"Lansing-East Lansing, MI",".Lansing-East Lansing, MI Metro Area",479971.0
29620,"Lansing-East Lansing, MI",26.065.0,Ingham County,Michigan,"Lansing-East Lansing, MI",".Lansing-East Lansing, MI Metro Area",479971.0
29700,"Laredo, TX",48.0479.0,Webb County,Texas,"Laredo, TX",".Laredo, TX Metro Area",272823.0
29740,"Las Cruces, NM",35.013.0,Doña Ana County,New Mexico,"Las Cruces, NM",".Las Cruces, NM Metro Area",229366.0
29820,"Las Vegas-Henderson-North Las Vegas, NV",32.03.0,Clark County,Nevada,"Las Vegas-Henderson-North Las Vegas, NV",".Las Vegas-Henderson-North Las Vegas, NV Metro Area",2398871.0
29940,"Lawrence, KS",20.045.0,Douglas County,Kansas,"Lawrence, KS",".Lawrence, KS Metro Area",121989.0
30020,"Lawton, OK",40.031.0,Comanche County,Oklahoma,"Lawton, OK",".Lawton, OK Metro Area",126899.0
30020,"Lawton, OK",40.033.0,Cotton County,Oklahoma,"Lawton, OK",".Lawton, OK Metro Area",126899.0
30140,"Lebanon, PA",42.075.0,Lebanon County,Pennsylvania,"Lebanon, PA",".Lebanon, PA Metro Area",145319.0
30300,"Lewiston, ID-WA",16.069.0,Nez Perce County,Idaho,"Lewiston, ID-WA",".Lewiston, ID-WA Metro Area",65370.0
30300,"Lewiston, ID-WA",53.03.0,Asotin County,Washington,"Lewiston, ID-WA",".Lewiston, ID-WA Metro Area",65370.0
30340,"Lewiston-Auburn, ME",23.01.0,Androscoggin County,Maine,"Lewiston-Auburn, ME",".Lewiston-Auburn, ME Metro Area",115272.0
30460,"Lexington-Fayette, KY",21.017.0,Bourbon County,Kentucky,"Lexington-Fayette, KY",".Lexington-Fayette, KY Metro Area",533366.0
30460,"Lexington-Fayette, KY",21.049.0,Clark County,Kentucky,"Lexington-Fayette, KY",".Lexington-Fayette, KY Metro Area",533366.0
30460,"Lexington-Fayette, KY",21.067.0,Fayette County,Kentucky,"Lexington-Fayette, KY",".Lexington-Fayette, KY Metro Area",533366.0
30460,"Lexington-Fayette, KY",21.0113.0,Jessamine County,Kentucky,"Lexington-Fayette, KY",".Lexington-Fayette, KY Metro Area",533366.0
30460,"Lexington-Fayette, KY",21.0209.0,Scott County,Kentucky,"Lexington-Fayette, KY",".Lexington-Fayette, KY Metro Area",533366.0
30460,"Lexington-Fayette, KY",21.0239.0,Woodford County,Kentucky,"Lexington-Fayette, KY",".Lexington-Fayette, KY Metro Area",533366.0
30500,"Lexington Park, MD",24.09.0,Calvert County,Maryland,"Lexington Park, MD",".Lexington Park, MD Metro Area",211382.0
30500,"Lexington Park, MD",24.037.0,St. Mary's County,Maryland,"Lexington Park, MD",".Lexington Park, MD Metro Area",211382.0
30620,"Lima, OH",39.03.0,Allen County,Ohio,"Lima, OH",".Lima, OH Metro Area",100866.0
30700,"Lincoln, NE",31.0109.0,Lancaster County,Nebraska,"Lincoln, NE",".Lincoln, NE Metro Area",350626.0
30700,"Lincoln, NE",31.0159.0,Seward County,Nebraska,"Lincoln, NE",".Lincoln, NE Metro Area",350626.0
30780,"Little Rock-North Little Rock-Conway, AR",5.045.0,Faulkner County,Arkansas,"Little Rock-North Little Rock-Conway, AR",".Little Rock-North Little Rock-Conway, AR Metro Area",769258.0
30780,"Little Rock-North Little Rock-Conway, AR",5.053.0,Grant County,Arkansas,"Little Rock-North Little Rock-Conway, AR",".Little Rock-North Little Rock-Conway, AR Metro Area",769258.0
30780,"Little Rock-North Little Rock-Conway, AR",5.085.0,Lonoke County,Arkansas,"Little Rock-North Little Rock-Conway, AR",".Little Rock-North Little Rock-Conway, AR Metro Area",769258.0
30780,"Little Rock-North Little Rock-Conway, AR",5.0105.0,Perry County,Arkansas,"Little Rock-North Little Rock-Conway, AR",".Little Rock-North Little Rock-Conway, AR Metro Area",769258.0
30780,"Little Rock-North Little Rock-Conway, AR",5.0119.0,Pulaski County,Arkansas,"Little Rock-North Little Rock-Conway, AR",".Little Rock-North Little Rock-Conway, AR Metro Area",769258.0
30780,"Little Rock-North Little Rock-Conway, AR",5.0125.0,Saline County,Arkansas,"Little Rock-North Little Rock-Conway, AR",".Little Rock-North Little Rock-Conway, AR Metro Area",769258.0
30860,"Logan, UT-ID",16.041.0,Franklin County,Idaho,"Logan, UT-ID",".Logan, UT-ID Metro Area",161125.0
30860,"Logan, UT-ID",49.05.0,Cache County,Utah,"Logan, UT-ID",".Logan, UT-ID Metro Area",161125.0
30980,"Longview, TX",48.0183.0,Gregg County,Texas,"Longview, TX",".Longview, TX Metro Area",295490.0
30980,"Longview, TX",48.0203.0,Harrison County,Texas,"Longview, TX",".Longview, TX Metro Area",295490.0
30980,"Longview, TX",48.0401.0,Rusk County,Texas,"Longview, TX",".Longview, TX Metro Area",295490.0
30980,"Longview, TX",48.0459.0,Upshur County,Texas,"Longview, TX",".Longview, TX Metro Area",295490.0
31020,"Longview-Kelso, WA",53.015.0,Cowlitz County,Washington,"Longview-Kelso, WA",".Longview-Kelso, WA Metro Area",113982.0
31080,"Los Angeles-Long Beach-Anaheim, CA",6.059.0,Orange County,California,"Los Angeles-Long Beach-Anaheim, CA",".Los Angeles-Long Beach-Anaheim, CA Metro Area",12927614.0
31080,"Los Angeles-Long Beach-Anaheim, CA",6.037.0,Los Angeles County,California,"Los Angeles-Long Beach-Anaheim, CA",".Los Angeles-Long Beach-Anaheim, CA Metro Area",12927614.0
31140,"Louisville/Jefferson County, KY-IN",18.019.0,Clark County,Indiana,"Louisville/Jefferson County, KY-IN",".Louisville/Jefferson County, KY-IN Metro Area",1394234.0
31140,"Louisville/Jefferson County, KY-IN",18.043.0,Floyd County,Indiana,"Louisville/Jefferson County, KY-IN",".Louisville/Jefferson County, KY-IN Metro Area",1394234.0
31140,"Louisville/Jefferson County, KY-IN",18.061.0,Harrison County,Indiana,"Louisville/Jefferson County, KY-IN",".Louisville/Jefferson County, KY-IN Metro Area",1394234.0
31140,"Louisville/Jefferson County, KY-IN",18.0175.0,Washington County,Indiana,"Louisville/Jefferson County, KY-IN",".Louisville/Jefferson County, KY-IN Metro Area",1394234.0
31140,"Louisville/Jefferson County, KY-IN",21.029.0,Bullitt County,Kentucky,"Louisville/Jefferson County, KY-IN",".Louisville/Jefferson County, KY-IN Metro Area",1394234.0
31140,"Louisville/Jefferson County, KY-IN",21.0103.0,Henry County,Kentucky,"Louisville/Jefferson County, KY-IN",".Louisville/Jefferson County, KY-IN Metro Area",1394234.0
31140,"Louisville/Jefferson County, KY-IN",21.0111.0,Jefferson County,Kentucky,"Louisville/Jefferson County, KY-IN",".Louisville/Jefferson County, KY-IN Metro Area",1394234.0
31140,"Louisville/Jefferson County, KY-IN",21.0163.0,Meade County,Kentucky,"Louisville/Jefferson County, KY-IN",".Louisville/Jefferson County, KY-IN Metro Area",1394234.0
31140,"Louisville/Jefferson County, KY-IN",21.0179.0,Nelson County,Kentucky,"Louisville/Jefferson County, KY-IN",".Louisville/Jefferson County, KY-IN Metro Area",1394234.0
31140,"Louisville/Jefferson County, KY-IN",21.0185.0,Oldham County,Kentucky,"Louisville/Jefferson County, KY-IN",".Louisville/Jefferson County, KY-IN Metro Area",1394234.0
31140,"Louisville/Jefferson County, KY-IN",21.0211.0,Shelby County,Kentucky,"Louisville/Jefferson County, KY-IN",".Louisville/Jefferson County, KY-IN Metro Area",1394234.0
31140,"Louisville/Jefferson County, KY-IN",21.0215.0,Spencer County,Kentucky,"Louisville/Jefferson County, KY-IN",".Louisville/Jefferson County, KY-IN Metro Area",1394234.0
31180,"Lubbock, TX",48.079.0,Cochran County,Texas,"Lubbock, TX",".Lubbock, TX Metro Area",367109.0
31180,"Lubbock, TX",48.0107.0,Crosby County,Texas,"Lubbock, TX",".Lubbock, TX Metro Area",367109.0
31180,"Lubbock, TX",48.0169.0,Garza County,Texas,"Lubbock, TX",".Lubbock, TX Metro Area",367109.0
31180,"Lubbock, TX",48.0219.0,Hockley County,Texas,"Lubbock, TX",".Lubbock, TX Metro Area",367109.0
31180,"Lubbock, TX",48.0303.0,Lubbock County,Texas,"Lubbock, TX",".Lubbock, TX Metro Area",367109.0
31180,"Lubbock, TX",48.0305.0,Lynn County,Texas,"Lubbock, TX",".Lubbock, TX Metro Area",367109.0
31340,"Lynchburg, VA",51.09.0,Amherst County,Virginia,"Lynchburg, VA",".Lynchburg, VA Metro Area",266432.0
31340,"Lynchburg, VA",51.011.0,Appomattox County,Virginia,"Lynchburg, VA",".Lynchburg, VA Metro Area",266432.0
31340,"Lynchburg, VA",51.019.0,Bedford County,Virginia,"Lynchburg, VA",".Lynchburg, VA Metro Area",266432.0
31340,"Lynchburg, VA",51.031.0,Campbell County,Virginia,"Lynchburg, VA",".Lynchburg, VA Metro Area",266432.0
31340,"Lynchburg, VA",51.0680.0,Lynchburg city,Virginia,"Lynchburg, VA",".Lynchburg, VA Metro Area",266432.0
31420,"Macon-Bibb County, GA",13.021.0,Bibb County,Georgia,"Macon-Bibb County, GA",".Macon-Bibb County, GA Metro Area",237617.0
31420,"Macon-Bibb County, GA",13.079.0,Crawford County,Georgia,"Macon-Bibb County, GA",".Macon-Bibb County, GA Metro Area",237617.0
31420,"Macon-Bibb County, GA",13.0169.0,Jones County,Georgia,"Macon-Bibb County, GA",".Macon-Bibb County, GA Metro Area",237617.0
31420,"Macon-Bibb County, GA",13.0207.0,Monroe County,Georgia,"Macon-Bibb County, GA",".Macon-Bibb County, GA Metro Area",237617.0
31420,"Macon-Bibb County, GA",13.0289.0,Twiggs County,Georgia,"Macon-Bibb County, GA",".Macon-Bibb County, GA Metro Area",237617.0
31540,"Madison, WI",55.021.0,Columbia County,Wisconsin,"Madison, WI",".Madison, WI Metro Area",707606.0
31540,"Madison, WI",55.025.0,Dane County,Wisconsin,"Madison, WI",".Madison, WI Metro Area",707606.0
31540,"Madison, WI",55.045.0,Green County,Wisconsin,"Madison, WI",".Madison, WI Metro Area",707606.0
31540,"Madison, WI",55.049.0,Iowa County,Wisconsin,"Madison, WI",".Madison, WI Metro Area",707606.0
31700,"Manchester-Nashua, NH",33.011.0,Hillsborough County,New Hampshire,"Manchester-Nashua, NH",".Manchester-Nashua, NH Metro Area",430462.0
31740,"Manhattan, KS",20.061.0,Geary County,Kansas,"Manhattan, KS",".Manhattan, KS Metro Area",134892.0
31740,"Manhattan, KS",20.0149.0,Pottawatomie County,Kansas,"Manhattan, KS",".Manhattan, KS Metro Area",134892.0
31740,"Manhattan, KS",20.0161.0,Riley County,Kansas,"Manhattan, KS",".Manhattan, KS Metro Area",134892.0
31860,"Mankato, MN",27.013.0,Blue Earth County,Minnesota,"Mankato, MN",".Mankato, MN Metro Area",105193.0
31860,"Mankato, MN",27.0103.0,Nicollet County,Minnesota,"Mankato, MN",".Mankato, MN Metro Area",105193.0
31900,"Mansfield, OH",39.0139.0,Richland County,Ohio,"Mansfield, OH",".Mansfield, OH Metro Area",124853.0
32420,"Mayagüez, PR",72.023.0,Cabo Rojo Municipio,Puerto Rico,"Mayagüez, PR",".Mayagüez, PR Metro Area",207205.0
32420,"Mayagüez, PR",72.067.0,Hormigueros Municipio,Puerto Rico,"Mayagüez, PR",".Mayagüez, PR Metro Area",207205.0
32420,"Mayagüez, PR",72.079.0,Lajas Municipio,Puerto Rico,"Mayagüez, PR",".Mayagüez, PR Metro Area",207205.0
32420,"Mayagüez, PR",72.097.0,Mayagüez Municipio,Puerto Rico,"Mayagüez, PR",".Mayagüez, PR Metro Area",207205.0
32420,"Mayagüez, PR",72.0121.0,Sabana Grande Municipio,Puerto Rico,"Mayagüez, PR",".Mayagüez, PR Metro Area",207205.0
32420,"Mayagüez, PR",72.0125.0,San Germán Municipio,Puerto Rico,"Mayagüez, PR",".Mayagüez, PR Metro Area",207205.0
32580,"McAllen-Edinburg-Mission, TX",48.0215.0,Hidalgo County,Texas,"McAllen-Edinburg-Mission, TX",".McAllen-Edinburg-Mission, TX Metro Area",914820.0
32780,"Medford, OR",41.029.0,Jackson County,Oregon,"Medford, OR",".Medford, OR Metro Area",221331.0
32820,"Memphis, TN-MS-AR",5.035.0,Crittenden County,Arkansas,"Memphis, TN-MS-AR",".Memphis, TN-MS-AR Metro Area",1339345.0
32820,"Memphis, TN-MS-AR",28.09.0,Benton County,Mississippi,"Memphis, TN-MS-AR",".Memphis, TN-MS-AR Metro Area",1339345.0
32820,"Memphis, TN-MS-AR",28.033.0,DeSoto County,Mississippi,"Memphis, TN-MS-AR",".Memphis, TN-MS-AR Metro Area",1339345.0
32820,"Memphis, TN-MS-AR",28.093.0,Marshall County,Mississippi,"Memphis, TN-MS-AR",".Memphis, TN-MS-AR Metro Area",1339345.0
32820,"Memphis, TN-MS-AR",28.0137.0,Tate County,Mississippi,"Memphis, TN-MS-AR",".Memphis, TN-MS-AR Metro Area",1339345.0
32820,"Memphis, TN-MS-AR",28.0143.0,Tunica County,Mississippi,"Memphis, TN-MS-AR",".Memphis, TN-MS-AR Metro Area",1339345.0
32820,"Memphis, TN-MS-AR",47.047.0,Fayette County,Tennessee,"Memphis, TN-MS-AR",".Memphis, TN-MS-AR Metro Area",1339345.0
32820,"Memphis, TN-MS-AR",47.0157.0,Shelby County,Tennessee,"Memphis, TN-MS-AR",".Memphis, TN-MS-AR Metro Area",1339345.0
32820,"Memphis, TN-MS-AR",47.0167.0,Tipton County,Tennessee,"Memphis, TN-MS-AR",".Memphis, TN-MS-AR Metro Area",1339345.0
32900,"Merced, CA",6.047.0,Merced County,California,"Merced, CA",".Merced, CA Metro Area",296774.0
33100,"Miami-Fort Lauderdale-West Palm Beach, FL",12.011.0,Broward County,Florida,"Miami-Fort Lauderdale-West Palm Beach, FL",".Miami-Fort Lauderdale-West Palm Beach, FL Metro Area",6457988.0
33100,"Miami-Fort Lauderdale-West Palm Beach, FL",12.086.0,Miami-Dade County,Florida,"Miami-Fort Lauderdale-West Palm Beach, FL",".Miami-Fort Lauderdale-West Palm Beach, FL Metro Area",6457988.0
33100,"Miami-Fort Lauderdale-West Palm Beach, FL",12.099.0,Palm Beach County,Florida,"Miami-Fort Lauderdale-West Palm Beach, FL",".Miami-Fort Lauderdale-West Palm Beach, FL Metro Area",6457988.0
33140,"Michigan City-La Porte, IN",18.091.0,LaPorte County,Indiana,"Michigan City-La Porte, IN",".Michigan City-La Porte, IN Metro Area",111348.0
33220,"Midland, MI",26.0111.0,Midland County,Michigan,"Midland, MI",".Midland, MI Metro Area",84022.0
33260,"Midland, TX",48.0317.0,Martin County,Texas,"Midland, TX",".Midland, TX Metro Area",188766.0
33260,"Midland, TX",48.0329.0,Midland County,Texas,"Midland, TX",".Midland, TX Metro Area",188766.0
33340,"Milwaukee-Waukesha, WI",55.079.0,Milwaukee County,Wisconsin,"Milwaukee-Waukesha, WI",".Milwaukee-Waukesha, WI Metro Area",1574452.0
33340,"Milwaukee-Waukesha, WI",55.089.0,Ozaukee County,Wisconsin,"Milwaukee-Waukesha, WI",".Milwaukee-Waukesha, WI Metro Area",1574452.0
33340,"Milwaukee-Waukesha, WI",55.0131.0,Washington County,Wisconsin,"Milwaukee-Waukesha, WI",".Milwaukee-Waukesha, WI Metro Area",1574452.0
33340,"Milwaukee-Waukesha, WI",55.0133.0,Waukesha County,Wisconsin,"Milwaukee-Waukesha, WI",".Milwaukee-Waukesha, WI Metro Area",1574452.0
33460,"Minneapolis-St. Paul-Bloomington, MN-WI",27.03.0,Anoka County,Minnesota,"Minneapolis-St. Paul-Bloomington, MN-WI",".Minneapolis-St. Paul-Bloomington, MN-WI Metro Area",3757952.0
33460,"Minneapolis-St. Paul-Bloomington, MN-WI",27.019.0,Carver County,Minnesota,"Minneapolis-St. Paul-Bloomington, MN-WI",".Minneapolis-St. Paul-Bloomington, MN-WI Metro Area",3757952.0
33460,"Minneapolis-St. Paul-Bloomington, MN-WI",27.025.0,Chisago County,Minnesota,"Minneapolis-St. Paul-Bloomington, MN-WI",".Minneapolis-St. Paul-Bloomington, MN-WI Metro Area",3757952.0
33460,"Minneapolis-St. Paul-Bloomington, MN-WI",27.037.0,Dakota County,Minnesota,"Minneapolis-St. Paul-Bloomington, MN-WI",".Minneapolis-St. Paul-Bloomington, MN-WI Metro Area",3757952.0
33460,"Minneapolis-St. Paul-Bloomington, MN-WI",27.053.0,Hennepin County,Minnesota,"Minneapolis-St. Paul-Bloomington, MN-WI",".Minneapolis-St. Paul-Bloomington, MN-WI Metro Area",3757952.0
33460,"Minneapolis-St. Paul-Bloomington, MN-WI",27.059.0,Isanti County,Minnesota,"Minneapolis-St. Paul-Bloomington, MN-WI",".Minneapolis-St. Paul-Bloomington, MN-WI Metro Area",3757952.0
33460,"Minneapolis-St. Paul-Bloomington, MN-WI",27.079.0,Le Sueur County,Minnesota,"Minneapolis-St. Paul-Bloomington, MN-WI",".Minneapolis-St. Paul-Bloomington, MN-WI Metro Area",3757952.0
33460,"Minneapolis-St. Paul-Bloomington, MN-WI",27.095.0,Mille Lacs County,Minnesota,"Minneapolis-St. Paul-Bloomington, MN-WI",".Minneapolis-St. Paul-Bloomington, MN-WI Metro Area",3757952.0
33460,"Minneapolis-St. Paul-Bloomington, MN-WI",27.0123.0,Ramsey County,Minnesota,"Minneapolis-St. Paul-Bloomington, MN-WI",".Minneapolis-St. Paul-Bloomington, MN-WI Metro Area",3757952.0
33460,"Minneapolis-St. Paul-Bloomington, MN-WI",27.0139.0,Scott County,Minnesota,"Minneapolis-St. Paul-Bloomington, MN-WI",".Minneapolis-St. Paul-Bloomington, MN-WI Metro Area",3757952.0
33460,"Minneapolis-St. Paul-Bloomington, MN-WI",27.0141.0,Sherburne County,Minnesota,"Minneapolis-St. Paul-Bloomington, MN-WI",".Minneapolis-St. Paul-Bloomington, MN-WI Metro Area",3757952.0
33460,"Minneapolis-St. Paul-Bloomington, MN-WI",27.0163.0,Washington County,Minnesota,"Minneapolis-St. Paul-Bloomington, MN-WI",".Minneapolis-St. Paul-Bloomington, MN-WI Metro Area",3757952.0
33460,"Minneapolis-St. Paul-Bloomington, MN-WI",27.0171.0,Wright County,Minnesota,"Minneapolis-St. Paul-Bloomington, MN-WI",".Minneapolis-St. Paul-Bloomington, MN-WI Metro Area",3757952.0
33460,"Minneapolis-St. Paul-Bloomington, MN-WI",55.093.0,Pierce County,Wisconsin,"Minneapolis-St. Paul-Bloomington, MN-WI",".Minneapolis-St. Paul-Bloomington, MN-WI Metro Area",3757952.0
33460,"Minneapolis-St. Paul-Bloomington, MN-WI",55.0109.0,St. Croix County,Wisconsin,"Minneapolis-St. Paul-Bloomington, MN-WI",".Minneapolis-St. Paul-Bloomington, MN-WI Metro Area",3757952.0
33500,"Minot, ND",38.049.0,McHenry County,North Dakota,"Minot, ND",".Minot, ND Metro Area",75938.0
33500,"Minot, ND",38.075.0,Renville County,North Dakota,"Minot, ND",".Minot, ND Metro Area",75938.0
33500,"Minot, ND",38.0101.0,Ward County,North Dakota,"Minot, ND",".Minot, ND Metro Area",75938.0
33540,"Missoula, MT",30.061.0,Mineral County,Montana,"Missoula, MT",".Missoula, MT Metro Area",127741.0
33540,"Missoula, MT",30.063.0,Missoula County,Montana,"Missoula, MT",".Missoula, MT Metro Area",127741.0
33660,"Mobile, AL",1.097.0,Mobile County,Alabama,"Mobile, AL",".Mobile, AL Metro Area",412339.0
33700,"Modesto, CA",6.099.0,Stanislaus County,California,"Modesto, CA",".Modesto, CA Metro Area",556972.0
33740,"Monroe, LA",22.067.0,Morehouse Parish,Louisiana,"Monroe, LA",".Monroe, LA Metro Area",221921.0
33740,"Monroe, LA",22.073.0,Ouachita Parish,Louisiana,"Monroe, LA",".Monroe, LA Metro Area",221921.0
33740,"Monroe, LA",22.083.0,Richland Parish,Louisiana,"Monroe, LA",".Monroe, LA Metro Area",221921.0
33740,"Monroe, LA",22.0111.0,Union Parish,Louisiana,"Monroe, LA",".Monroe, LA Metro Area",221921.0
33780,"Monroe, MI",26.0115.0,Monroe County,Michigan,"Monroe, MI",".Monroe, MI Metro Area",156045.0
33860,"Montgomery, AL",1.01.0,Autauga County,Alabama,"Montgomery, AL",".Montgomery, AL Metro Area",387885.0
33860,"Montgomery, AL",1.051.0,Elmore County,Alabama,"Montgomery, AL",".Montgomery, AL Metro Area",387885.0
33860,"Montgomery, AL",1.085.0,Lowndes County,Alabama,"Montgomery, AL",".Montgomery, AL Metro Area",387885.0
33860,"Montgomery, AL",1.0101.0,Montgomery County,Alabama,"Montgomery, AL",".Montgomery, AL Metro Area",387885.0
34060,"Morgantown, WV",54.061.0,Monongalia County,West Virginia,"Morgantown, WV",".Morgantown, WV Metro Area",142752.0
34060,"Morgantown, WV",54.077.0,Preston County,West Virginia,"Morgantown, WV",".Morgantown, WV Metro Area",142752.0
34100,"Morristown, TN",47.063.0,Hamblen County,Tennessee,"Morristown, TN",".Morristown, TN Metro Area",126932.0
34100,"Morristown, TN",47.089.0,Jefferson County,Tennessee,"Morristown, TN",".Morristown, TN Metro Area",126932.0
34580,"Mount Vernon-Anacortes, WA",53.057.0,Skagit County,Washington,"Mount Vernon-Anacortes, WA",".Mount Vernon-Anacortes, WA Metro Area",132736.0
34620,"Muncie, IN",18.035.0,Delaware County,Indiana,"Muncie, IN",".Muncie, IN Metro Area",112951.0
34740,"Muskegon-Norton Shores, MI",26.0121.0,Muskegon County,Michigan,"Muskegon-Norton Shores, MI",".Muskegon-Norton Shores, MI Metro Area",177428.0
34820,"Myrtle Beach-Conway-North Myrtle Beach, SC",45.051.0,Horry County,South Carolina,"Myrtle Beach-Conway-North Myrtle Beach, SC",".Myrtle Beach-Conway-North Myrtle Beach, SC Metro Area",413391.0
34900,"Napa, CA",6.055.0,Napa County,California,"Napa, CA",".Napa, CA Metro Area",132727.0
34940,"Naples-Marco Island, FL",12.021.0,Collier County,Florida,"Naples-Marco Island, FL",".Naples-Marco Island, FL Metro Area",416233.0
34980,"Nashville-Davidson--Murfreesboro--Franklin, TN",47.015.0,Cannon County,Tennessee,"Nashville-Davidson--Murfreesboro--Franklin, TN",".Nashville-Davidson--Murfreesboro--Franklin, TN Metro Area",2150553.0
34980,"Nashville-Davidson--Murfreesboro--Franklin, TN",47.021.0,Cheatham County,Tennessee,"Nashville-Davidson--Murfreesboro--Franklin, TN",".Nashville-Davidson--Murfreesboro--Franklin, TN Metro Area",2150553.0
34980,"Nashville-Davidson--Murfreesboro--Franklin, TN",47.037.0,Davidson County,Tennessee,"Nashville-Davidson--Murfreesboro--Franklin, TN",".Nashville-Davidson--Murfreesboro--Franklin, TN Metro Area",2150553.0
34980,"Nashville-Davidson--Murfreesboro--Franklin, TN",47.043.0,Dickson County,Tennessee,"Nashville-Davidson--Murfreesboro--Franklin, TN",".Nashville-Davidson--Murfreesboro--Franklin, TN Metro Area",2150553.0
34980,"Nashville-Davidson--Murfreesboro--Franklin, TN",47.081.0,Hickman County,Tennessee,"Nashville-Davidson--Murfreesboro--Franklin, TN",".Nashville-Davidson--Murfreesboro--Franklin, TN Metro Area",2150553.0
34980,"Nashville-Davidson--Murfreesboro--Franklin, TN",47.0111.0,Macon County,Tennessee,"Nashville-Davidson--Murfreesboro--Franklin, TN",".Nashville-Davidson--Murfreesboro--Franklin, TN Metro Area",2150553.0
34980,"Nashville-Davidson--Murfreesboro--Franklin, TN",47.0119.0,Maury County,Tennessee,"Nashville-Davidson--Murfreesboro--Franklin, TN",".Nashville-Davidson--Murfreesboro--Franklin, TN Metro Area",2150553.0
34980,"Nashville-Davidson--Murfreesboro--Franklin, TN",47.0147.0,Robertson County,Tennessee,"Nashville-Davidson--Murfreesboro--Franklin, TN",".Nashville-Davidson--Murfreesboro--Franklin, TN Metro Area",2150553.0
34980,"Nashville-Davidson--Murfreesboro--Franklin, TN",47.0149.0,Rutherford County,Tennessee,"Nashville-Davidson--Murfreesboro--Franklin, TN",".Nashville-Davidson--Murfreesboro--Franklin, TN Metro Area",2150553.0
34980,"Nashville-Davidson--Murfreesboro--Franklin, TN",47.0159.0,Smith County,Tennessee,"Nashville-Davidson--Murfreesboro--Franklin, TN",".Nashville-Davidson--Murfreesboro--Franklin, TN Metro Area",2150553.0
34980,"Nashville-Davidson--Murfreesboro--Franklin, TN",47.0165.0,Sumner County,Tennessee,"Nashville-Davidson--Murfreesboro--Franklin, TN",".Nashville-Davidson--Murfreesboro--Franklin, TN Metro Area",2150553.0
34980,"Nashville-Davidson--Murfreesboro--Franklin, TN",47.0169.0,Trousdale County,Tennessee,"Nashville-Davidson--Murfreesboro--Franklin, TN",".Nashville-Davidson--Murfreesboro--Franklin, TN Metro Area",2150553.0
34980,"Nashville-Davidson--Murfreesboro--Franklin, TN",47.0187.0,Williamson County,Tennessee,"Nashville-Davidson--Murfreesboro--Franklin, TN",".Nashville-Davidson--Murfreesboro--Franklin, TN Metro Area",2150553.0
34980,"Nashville-Davidson--Murfreesboro--Franklin, TN",47.0189.0,Wilson County,Tennessee,"Nashville-Davidson--Murfreesboro--Franklin, TN",".Nashville-Davidson--Murfreesboro--Franklin, TN Metro Area",2150553.0
35300,"New Haven, CT",9.0170.0,South Central Connecticut Planning Region,Connecticut,"New Haven, CT",".New Haven, CT Metro Area",576718.0
35380,"New Orleans-Metairie, LA",22.051.0,Jefferson Parish,Louisiana,"New Orleans-Metairie, LA",".New Orleans-Metairie, LA Metro Area",966230.0
35380,"New Orleans-Metairie, LA",22.071.0,Orleans Parish,Louisiana,"New Orleans-Metairie, LA",".New Orleans-Metairie, LA Metro Area",966230.0
35380,"New Orleans-Metairie, LA",22.075.0,Plaquemines Parish,Louisiana,"New Orleans-Metairie, LA",".New Orleans-Metairie, LA Metro Area",966230.0
35380,"New Orleans-Metairie, LA",22.087.0,St. Bernard Parish,Louisiana,"New Orleans-Metairie, LA",".New Orleans-Metairie, LA Metro Area",966230.0
35380,"New Orleans-Metairie, LA",22.089.0,St. Charles Parish,Louisiana,"New Orleans-Metairie, LA",".New Orleans-Metairie, LA Metro Area",966230.0
35380,"New Orleans-Metairie, LA",22.093.0,St. James Parish,Louisiana,"New Orleans-Metairie, LA",".New Orleans-Metairie, LA Metro Area",966230.0
35380,"New Orleans-Metairie, LA",22.095.0,St. John the Baptist Parish,Louisiana,"New Orleans-Metairie, LA",".New Orleans-Metairie, LA Metro Area",966230.0
35620,"New York-Newark-Jersey City, NY-NJ",34.023.0,Middlesex County,New Jersey,"New York-Newark-Jersey City, NY-NJ",".New York-Newark-Jersey City, NY-NJ Metro Area",19940274.0
35620,"New York-Newark-Jersey City, NY-NJ",34.025.0,Monmouth County,New Jersey,"New York-Newark-Jersey City, NY-NJ",".New York-Newark-Jersey City, NY-NJ Metro Area",19940274.0
35620,"New York-Newark-Jersey City, NY-NJ",34.029.0,Ocean County,New Jersey,"New York-Newark-Jersey City, NY-NJ",".New York-Newark-Jersey City, NY-NJ Metro Area",19940274.0
35620,"New York-Newark-Jersey City, NY-NJ",34.035.0,Somerset County,New Jersey,"New York-Newark-Jersey City, NY-NJ",".New York-Newark-Jersey City, NY-NJ Metro Area",19940274.0
35620,"New York-Newark-Jersey City, NY-NJ",36.059.0,Nassau County,New York,"New York-Newark-Jersey City, NY-NJ",".New York-Newark-Jersey City, NY-NJ Metro Area",19940274.0
35620,"New York-Newark-Jersey City, NY-NJ",36.0103.0,Suffolk County,New York,"New York-Newark-Jersey City, NY-NJ",".New York-Newark-Jersey City, NY-NJ Metro Area",19940274.0
35620,"New York-Newark-Jersey City, NY-NJ",34.013.0,Essex County,New Jersey,"New York-Newark-Jersey City, NY-NJ",".New York-Newark-Jersey City, NY-NJ Metro Area",19940274.0
35620,"New York-Newark-Jersey City, NY-NJ",34.019.0,Hunterdon County,New Jersey,"New York-Newark-Jersey City, NY-NJ",".New York-Newark-Jersey City, NY-NJ Metro Area",19940274.0
35620,"New York-Newark-Jersey City, NY-NJ",34.027.0,Morris County,New Jersey,"New York-Newark-Jersey City, NY-NJ",".New York-Newark-Jersey City, NY-NJ Metro Area",19940274.0
35620,"New York-Newark-Jersey City, NY-NJ",34.037.0,Sussex County,New Jersey,"New York-Newark-Jersey City, NY-NJ",".New York-Newark-Jersey City, NY-NJ Metro Area",19940274.0
35620,"New York-Newark-Jersey City, NY-NJ",34.039.0,Union County,New Jersey,"New York-Newark-Jersey City, NY-NJ",".New York-Newark-Jersey City, NY-NJ Metro Area",19940274.0
35620,"New York-Newark-Jersey City, NY-NJ",34.03.0,Bergen County,New Jersey,"New York-Newark-Jersey City, NY-NJ",".New York-Newark-Jersey City, NY-NJ Metro Area",19940274.0
35620,"New York-Newark-Jersey City, NY-NJ",34.017.0,Hudson County,New Jersey,"New York-Newark-Jersey City, NY-NJ",".New York-Newark-Jersey City, NY-NJ Metro Area",19940274.0
35620,"New York-Newark-Jersey City, NY-NJ",34.031.0,Passaic County,New Jersey,"New York-Newark-Jersey City, NY-NJ",".New York-Newark-Jersey City, NY-NJ Metro Area",19940274.0
35620,"New York-Newark-Jersey City, NY-NJ",36.05.0,Bronx County,New York,"New York-Newark-Jersey City, NY-NJ",".New York-Newark-Jersey City, NY-NJ Metro Area",19940274.0
35620,"New York-Newark-Jersey City, NY-NJ",36.047.0,Kings County,New York,"New York-Newark-Jersey City, NY-NJ",".New York-Newark-Jersey City, NY-NJ Metro Area",19940274.0
35620,"New York-Newark-Jersey City, NY-NJ",36.061.0,New York County,New York,"New York-Newark-Jersey City, NY-NJ",".New York-Newark-Jersey City, NY-NJ Metro Area",19940274.0
35620,"New York-Newark-Jersey City, NY-NJ",36.079.0,Putnam County,New York,"New York-Newark-Jersey City, NY-NJ",".New York-Newark-Jersey City, NY-NJ Metro Area",19940274.0
35620,"New York-Newark-Jersey City, NY-NJ",36.081.0,Queens County,New York,"New York-Newark-Jersey City, NY-NJ",".New York-Newark-Jersey City, NY-NJ Metro Area",19940274.0
35620,"New York-Newark-Jersey City, NY-NJ",36.085.0,Richmond County,New York,"New York-Newark-Jersey City, NY-NJ",".New York-Newark-Jersey City, NY-NJ Metro Area",19940274.0
35620,"New York-Newark-Jersey City, NY-NJ",36.087.0,Rockland County,New York,"New York-Newark-Jersey City, NY-NJ",".New York-Newark-Jersey City, NY-NJ Metro Area",19940274.0
35620,"New York-Newark-Jersey City, NY-NJ",36.0119.0,Westchester County,New York,"New York-Newark-Jersey City, NY-NJ",".New York-Newark-Jersey City, NY-NJ Metro Area",19940274.0
35660,"Niles, MI",26.021.0,Berrien County,Michigan,"Niles, MI",".Niles, MI Metro Area",152703.0
35840,"North Port-Bradenton-Sarasota, FL",12.081.0,Manatee County,Florida,"North Port-Bradenton-Sarasota, FL",".North Port-Bradenton-Sarasota, FL Metro Area",934956.0
35840,"North Port-Bradenton-Sarasota, FL",12.0115.0,Sarasota County,Florida,"North Port-Bradenton-Sarasota, FL",".North Port-Bradenton-Sarasota, FL Metro Area",934956.0
35980,"Norwich-New London-Willimantic, CT",9.0180.0,Southeastern Connecticut Planning Region,Connecticut,"Norwich-New London-Willimantic, CT",".Norwich-New London-Willimantic, CT Metro Area",282602.0
36100,"Ocala, FL",12.083.0,Marion County,Florida,"Ocala, FL",".Ocala, FL Metro Area",428905.0
36220,"Odessa, TX",48.0135.0,Ector County,Texas,"Odessa, TX",".Odessa, TX Metro Area",170022.0
36260,"Ogden, UT",49.011.0,Davis County,Utah,"Ogden, UT",".Ogden, UT Metro Area",667681.0
36260,"Ogden, UT",49.029.0,Morgan County,Utah,"Ogden, UT",".Ogden, UT Metro Area",667681.0
36260,"Ogden, UT",49.057.0,Weber County,Utah,"Ogden, UT",".Ogden, UT Metro Area",667681.0
36420,"Oklahoma City, OK",40.017.0,Canadian County,Oklahoma,"Oklahoma City, OK",".Oklahoma City, OK Metro Area",1497821.0
36420,"Oklahoma City, OK",40.027.0,Cleveland County,Oklahoma,"Oklahoma City, OK",".Oklahoma City, OK Metro Area",1497821.0
36420,"Oklahoma City, OK",40.051.0,Grady County,Oklahoma,"Oklahoma City, OK",".Oklahoma City, OK Metro Area",1497821.0
36420,"Oklahoma City, OK",40.081.0,Lincoln County,Oklahoma,"Oklahoma City, OK",".Oklahoma City, OK Metro Area",1497821.0
36420,"Oklahoma City, OK",40.083.0,Logan County,Oklahoma,"Oklahoma City, OK",".Oklahoma City, OK Metro Area",1497821.0
36420,"Oklahoma City, OK",40.087.0,McClain County,Oklahoma,"Oklahoma City, OK",".Oklahoma City, OK Metro Area",1497821.0
36420,"Oklahoma City, OK",40.0109.0,Oklahoma County,Oklahoma,"Oklahoma City, OK",".Oklahoma City, OK Metro Area",1497821.0
36500,"Olympia-Lacey-Tumwater, WA",53.067.0,Thurston County,Washington,"Olympia-Lacey-Tumwater, WA",".Olympia-Lacey-Tumwater, WA Metro Area",302912.0
36540,"Omaha, NE-IA",19.085.0,Harrison County,Iowa,"Omaha, NE-IA",".Omaha, NE-IA Metro Area",1001010.0
36540,"Omaha, NE-IA",19.0129.0,Mills County,Iowa,"Omaha, NE-IA",".Omaha, NE-IA Metro Area",1001010.0
36540,"Omaha, NE-IA",19.0155.0,Pottawattamie County,Iowa,"Omaha, NE-IA",".Omaha, NE-IA Metro Area",1001010.0
36540,"Omaha, NE-IA",31.025.0,Cass County,Nebraska,"Omaha, NE-IA",".Omaha, NE-IA Metro Area",1001010.0
36540,"Omaha, NE-IA",31.055.0,Douglas County,Nebraska,"Omaha, NE-IA",".Omaha, NE-IA Metro Area",1001010.0
36540,"Omaha, NE-IA",31.0153.0,Sarpy County,Nebraska,"Omaha, NE-IA",".Omaha, NE-IA Metro Area",1001010.0
36540,"Omaha, NE-IA",31.0155.0,Saunders County,Nebraska,"Omaha, NE-IA",".Omaha, NE-IA Metro Area",1001010.0
36540,"Omaha, NE-IA",31.0177.0,Washington County,Nebraska,"Omaha, NE-IA",".Omaha, NE-IA Metro Area",1001010.0
36740,"Orlando-Kissimmee-Sanford, FL",12.069.0,Lake County,Florida,"Orlando-Kissimmee-Sanford, FL",".Orlando-Kissimmee-Sanford, FL Metro Area",2940513.0
36740,"Orlando-Kissimmee-Sanford, FL",12.095.0,Orange County,Florida,"Orlando-Kissimmee-Sanford, FL",".Orlando-Kissimmee-Sanford, FL Metro Area",2940513.0
36740,"Orlando-Kissimmee-Sanford, FL",12.097.0,Osceola County,Florida,"Orlando-Kissimmee-Sanford, FL",".Orlando-Kissimmee-Sanford, FL Metro Area",2940513.0
36740,"Orlando-Kissimmee-Sanford, FL",12.0117.0,Seminole County,Florida,"Orlando-Kissimmee-Sanford, FL",".Orlando-Kissimmee-Sanford, FL Metro Area",2940513.0
36780,"Oshkosh-Neenah, WI",55.0139.0,Winnebago County,Wisconsin,"Oshkosh-Neenah, WI",".Oshkosh-Neenah, WI Metro Area",173307.0
36980,"Owensboro, KY",21.059.0,Daviess County,Kentucky,"Owensboro, KY",".Owensboro, KY Metro Area",113583.0
36980,"Owensboro, KY",21.0149.0,McLean County,Kentucky,"Owensboro, KY",".Owensboro, KY Metro Area",113583.0
37100,"Oxnard-Thousand Oaks-Ventura, CA",6.0111.0,Ventura County,California,"Oxnard-Thousand Oaks-Ventura, CA",".Oxnard-Thousand Oaks-Ventura, CA Metro Area",835427.0
37140,"Paducah, KY-IL",17.0127.0,Massac County,Illinois,"Paducah, KY-IL",".Paducah, KY-IL Metro Area",102395.0
37140,"Paducah, KY-IL",21.07.0,Ballard County,Kentucky,"Paducah, KY-IL",".Paducah, KY-IL Metro Area",102395.0
37140,"Paducah, KY-IL",21.039.0,Carlisle County,Kentucky,"Paducah, KY-IL",".Paducah, KY-IL Metro Area",102395.0
37140,"Paducah, KY-IL",21.0139.0,Livingston County,Kentucky,"Paducah, KY-IL",".Paducah, KY-IL Metro Area",102395.0
37140,"Paducah, KY-IL",21.0145.0,McCracken County,Kentucky,"Paducah, KY-IL",".Paducah, KY-IL Metro Area",102395.0
37340,"Palm Bay-Melbourne-Titusville, FL",12.09.0,Brevard County,Florida,"Palm Bay-Melbourne-Titusville, FL",".Palm Bay-Melbourne-Titusville, FL Metro Area",658447.0
37460,"Panama City-Panama City Beach, FL",12.05.0,Bay County,Florida,"Panama City-Panama City Beach, FL",".Panama City-Panama City Beach, FL Metro Area",226221.0
37460,"Panama City-Panama City Beach, FL",12.0133.0,Washington County,Florida,"Panama City-Panama City Beach, FL",".Panama City-Panama City Beach, FL Metro Area",226221.0
37620,"Parkersburg-Vienna, WV",54.0105.0,Wirt County,West Virginia,"Parkersburg-Vienna, WV",".Parkersburg-Vienna, WV Metro Area",87681.0
37620,"Parkersburg-Vienna, WV",54.0107.0,Wood County,West Virginia,"Parkersburg-Vienna, WV",".Parkersburg-Vienna, WV Metro Area",87681.0
37860,"Pensacola-Ferry Pass-Brent, FL",12.033.0,Escambia County,Florida,"Pensacola-Ferry Pass-Brent, FL",".Pensacola-Ferry Pass-Brent, FL Metro Area",538928.0
37860,"Pensacola-Ferry Pass-Brent, FL",12.0113.0,Santa Rosa County,Florida,"Pensacola-Ferry Pass-Brent, FL",".Pensacola-Ferry Pass-Brent, FL Metro Area",538928.0
37900,"Peoria, IL",17.0123.0,Marshall County,Illinois,"Peoria, IL",".Peoria, IL Metro Area",364565.0
37900,"Peoria, IL",17.0143.0,Peoria County,Illinois,"Peoria, IL",".Peoria, IL Metro Area",364565.0
37900,"Peoria, IL",17.0175.0,Stark County,Illinois,"Peoria, IL",".Peoria, IL Metro Area",364565.0
37900,"Peoria, IL",17.0179.0,Tazewell County,Illinois,"Peoria, IL",".Peoria, IL Metro Area",364565.0
37900,"Peoria, IL",17.0203.0,Woodford County,Illinois,"Peoria, IL",".Peoria, IL Metro Area",364565.0
37980,"Philadelphia-Camden-Wilmington, PA-NJ-DE-MD",34.05.0,Burlington County,New Jersey,"Philadelphia-Camden-Wilmington, PA-NJ-DE-MD",".Philadelphia-Camden-Wilmington, PA-NJ-DE-MD Metro Area",6330422.0
37980,"Philadelphia-Camden-Wilmington, PA-NJ-DE-MD",34.07.0,Camden County,New Jersey,"Philadelphia-Camden-Wilmington, PA-NJ-DE-MD",".Philadelphia-Camden-Wilmington, PA-NJ-DE-MD Metro Area",6330422.0
37980,"Philadelphia-Camden-Wilmington, PA-NJ-DE-MD",34.015.0,Gloucester County,New Jersey,"Philadelphia-Camden-Wilmington, PA-NJ-DE-MD",".Philadelphia-Camden-Wilmington, PA-NJ-DE-MD Metro Area",6330422.0
37980,"Philadelphia-Camden-Wilmington, PA-NJ-DE-MD",42.017.0,Bucks County,Pennsylvania,"Philadelphia-Camden-Wilmington, PA-NJ-DE-MD",".Philadelphia-Camden-Wilmington, PA-NJ-DE-MD Metro Area",6330422.0
37980,"Philadelphia-Camden-Wilmington, PA-NJ-DE-MD",42.029.0,Chester County,Pennsylvania,"Philadelphia-Camden-Wilmington, PA-NJ-DE-MD",".Philadelphia-Camden-Wilmington, PA-NJ-DE-MD Metro Area",6330422.0
37980,"Philadelphia-Camden-Wilmington, PA-NJ-DE-MD",42.091.0,Montgomery County,Pennsylvania,"Philadelphia-Camden-Wilmington, PA-NJ-DE-MD",".Philadelphia-Camden-Wilmington, PA-NJ-DE-MD Metro Area",6330422.0
37980,"Philadelphia-Camden-Wilmington, PA-NJ-DE-MD",42.045.0,Delaware County,Pennsylvania,"Philadelphia-Camden-Wilmington, PA-NJ-DE-MD",".Philadelphia-Camden-Wilmington, PA-NJ-DE-MD Metro Area",6330422.0
37980,"Philadelphia-Camden-Wilmington, PA-NJ-DE-MD",42.0101.0,Philadelphia County,Pennsylvania,"Philadelphia-Camden-Wilmington, PA-NJ-DE-MD",".Philadelphia-Camden-Wilmington, PA-NJ-DE-MD Metro Area",6330422.0
37980,"Philadelphia-Camden-Wilmington, PA-NJ-DE-MD",10.03.0,New Castle County,Delaware,"Philadelphia-Camden-Wilmington, PA-NJ-DE-MD",".Philadelphia-Camden-Wilmington, PA-NJ-DE-MD Metro Area",6330422.0
37980,"Philadelphia-Camden-Wilmington, PA-NJ-DE-MD",24.015.0,Cecil County,Maryland,"Philadelphia-Camden-Wilmington, PA-NJ-DE-MD",".Philadelphia-Camden-Wilmington, PA-NJ-DE-MD Metro Area",6330422.0
37980,"Philadelphia-Camden-Wilmington, PA-NJ-DE-MD",34.033.0,Salem County,New Jersey,"Philadelphia-Camden-Wilmington, PA-NJ-DE-MD",".Philadelphia-Camden-Wilmington, PA-NJ-DE-MD Metro Area",6330422.0
38060,"Phoenix-Mesa-Chandler, AZ",4.013.0,Maricopa County,Arizona,"Phoenix-Mesa-Chandler, AZ",".Phoenix-Mesa-Chandler, AZ Metro Area",5186958.0
38060,"Phoenix-Mesa-Chandler, AZ",4.021.0,Pinal County,Arizona,"Phoenix-Mesa-Chandler, AZ",".Phoenix-Mesa-Chandler, AZ Metro Area",5186958.0
38240,"Pinehurst-Southern Pines, NC",37.0125.0,Moore County,North Carolina,"Pinehurst-Southern Pines, NC",".Pinehurst-Southern Pines, NC Metro Area",108417.0
38300,"Pittsburgh, PA",42.03.0,Allegheny County,Pennsylvania,"Pittsburgh, PA",".Pittsburgh, PA Metro Area",2429917.0
38300,"Pittsburgh, PA",42.05.0,Armstrong County,Pennsylvania,"Pittsburgh, PA",".Pittsburgh, PA Metro Area",2429917.0
38300,"Pittsburgh, PA",42.07.0,Beaver County,Pennsylvania,"Pittsburgh, PA",".Pittsburgh, PA Metro Area",2429917.0
38300,"Pittsburgh, PA",42.019.0,Butler County,Pennsylvania,"Pittsburgh, PA",".Pittsburgh, PA Metro Area",2429917.0
38300,"Pittsburgh, PA",42.051.0,Fayette County,Pennsylvania,"Pittsburgh, PA",".Pittsburgh, PA Metro Area",2429917.0
38300,"Pittsburgh, PA",42.073.0,Lawrence County,Pennsylvania,"Pittsburgh, PA",".Pittsburgh, PA Metro Area",2429917.0
38300,"Pittsburgh, PA",42.0125.0,Washington County,Pennsylvania,"Pittsburgh, PA",".Pittsburgh, PA Metro Area",2429917.0
38300,"Pittsburgh, PA",42.0129.0,Westmoreland County,Pennsylvania,"Pittsburgh, PA",".Pittsburgh, PA Metro Area",2429917.0
38340,"Pittsfield, MA",25.03.0,Berkshire County,Massachusetts,"Pittsfield, MA",".Pittsfield, MA Metro Area",128726.0
38540,"Pocatello, ID",16.05.0,Bannock County,Idaho,"Pocatello, ID",".Pocatello, ID Metro Area",91010.0
38660,"Ponce, PR",72.059.0,Guayanilla Municipio,Puerto Rico,"Ponce, PR",".Ponce, PR Metro Area",265039.0
38660,"Ponce, PR",72.075.0,Juana Díaz Municipio,Puerto Rico,"Ponce, PR",".Ponce, PR Metro Area",265039.0
38660,"Ponce, PR",72.0111.0,Peñuelas Municipio,Puerto Rico,"Ponce, PR",".Ponce, PR Metro Area",265039.0
38660,"Ponce, PR",72.0113.0,Ponce Municipio,Puerto Rico,"Ponce, PR",".Ponce, PR Metro Area",265039.0
38660,"Ponce, PR",72.0149.0,Villalba Municipio,Puerto Rico,"Ponce, PR",".Ponce, PR Metro Area",265039.0
38660,"Ponce, PR",72.0153.0,Yauco Municipio,Puerto Rico,"Ponce, PR",".Ponce, PR Metro Area",265039.0
38860,"Portland-South Portland, ME",23.05.0,Cumberland County,Maine,"Portland-South Portland, ME",".Portland-South Portland, ME Metro Area",571534.0
38860,"Portland-South Portland, ME",23.023.0,Sagadahoc County,Maine,"Portland-South Portland, ME",".Portland-South Portland, ME Metro Area",571534.0
38860,"Portland-South Portland, ME",23.031.0,York County,Maine,"Portland-South Portland, ME",".Portland-South Portland, ME Metro Area",571534.0
38900,"Portland-Vancouver-Hillsboro, OR-WA",41.05.0,Clackamas County,Oregon,"Portland-Vancouver-Hillsboro, OR-WA",".Portland-Vancouver-Hillsboro, OR-WA Metro Area",2537904.0
38900,"Portland-Vancouver-Hillsboro, OR-WA",41.09.0,Columbia County,Oregon,"Portland-Vancouver-Hillsboro, OR-WA",".Portland-Vancouver-Hillsboro, OR-WA Metro Area",2537904.0
38900,"Portland-Vancouver-Hillsboro, OR-WA",41.051.0,Multnomah County,Oregon,"Portland-Vancouver-Hillsboro, OR-WA",".Portland-Vancouver-Hillsboro, OR-WA Metro Area",2537904.0
38900,"Portland-Vancouver-Hillsboro, OR-WA",41.067.0,Washington County,Oregon,"Portland-Vancouver-Hillsboro, OR-WA",".Portland-Vancouver-Hillsboro, OR-WA Metro Area",2537904.0
38900,"Portland-Vancouver-Hillsboro, OR-WA",41.071.0,Yamhill County,Oregon,"Portland-Vancouver-Hillsboro, OR-WA",".Portland-Vancouver-Hillsboro, OR-WA Metro Area",2537904.0
38900,"Portland-Vancouver-Hillsboro, OR-WA",53.011.0,Clark County,Washington,"Portland-Vancouver-Hillsboro, OR-WA",".Portland-Vancouver-Hillsboro, OR-WA Metro Area",2537904.0
38900,"Portland-Vancouver-Hillsboro, OR-WA",53.059.0,Skamania County,Washington,"Portland-Vancouver-Hillsboro, OR-WA",".Portland-Vancouver-Hillsboro, OR-WA Metro Area",2537904.0
38940,"Port St. Lucie, FL",12.085.0,Martin County,Florida,"Port St. Lucie, FL",".Port St. Lucie, FL Metro Area",556336.0
38940,"Port St. Lucie, FL",12.0111.0,St. Lucie County,Florida,"Port St. Lucie, FL",".Port St. Lucie, FL Metro Area",556336.0
39150,"Prescott Valley-Prescott, AZ",4.025.0,Yavapai County,Arizona,"Prescott Valley-Prescott, AZ",".Prescott Valley-Prescott, AZ Metro Area",252013.0
39300,"Providence-Warwick, RI-MA",25.05.0,Bristol County,Massachusetts,"Providence-Warwick, RI-MA",".Providence-Warwick, RI-MA Metro Area",1700901.0
39300,"Providence-Warwick, RI-MA",44.01.0,Bristol County,Rhode Island,"Providence-Warwick, RI-MA",".Providence-Warwick, RI-MA Metro Area",1700901.0
39300,"Providence-Warwick, RI-MA",44.03.0,Kent County,Rhode Island,"Providence-Warwick, RI-MA",".Providence-Warwick, RI-MA Metro Area",1700901.0
39300,"Providence-Warwick, RI-MA",44.05.0,Newport County,Rhode Island,"Providence-Warwick, RI-MA",".Providence-Warwick, RI-MA Metro Area",1700901.0
39300,"Providence-Warwick, RI-MA",44.07.0,Providence County,Rhode Island,"Providence-Warwick, RI-MA",".Providence-Warwick, RI-MA Metro Area",1700901.0
39300,"Providence-Warwick, RI-MA",44.09.0,Washington County,Rhode Island,"Providence-Warwick, RI-MA",".Providence-Warwick, RI-MA Metro Area",1700901.0
39340,"Provo-Orem-Lehi, UT",49.023.0,Juab County,Utah,"Provo-Orem-Lehi, UT",".Provo-Orem-Lehi, UT Metro Area",760531.0
39340,"Provo-Orem-Lehi, UT",49.049.0,Utah County,Utah,"Provo-Orem-Lehi, UT",".Provo-Orem-Lehi, UT Metro Area",760531.0
39380,"Pueblo, CO",8.0101.0,Pueblo County,Colorado,"Pueblo, CO",".Pueblo, CO Metro Area",169866.0
39460,"Punta Gorda, FL",12.015.0,Charlotte County,Florida,"Punta Gorda, FL",".Punta Gorda, FL Metro Area",212122.0
39540,"Racine-Mount Pleasant, WI",55.0101.0,Racine County,Wisconsin,"Racine-Mount Pleasant, WI",".Racine-Mount Pleasant, WI Metro Area",198651.0
39580,"Raleigh-Cary, NC",37.069.0,Franklin County,North Carolina,"Raleigh-Cary, NC",".Raleigh-Cary, NC Metro Area",1562009.0
39580,"Raleigh-Cary, NC",37.0101.0,Johnston County,North Carolina,"Raleigh-Cary, NC",".Raleigh-Cary, NC Metro Area",1562009.0
39580,"Raleigh-Cary, NC",37.0183.0,Wake County,North Carolina,"Raleigh-Cary, NC",".Raleigh-Cary, NC Metro Area",1562009.0
39660,"Rapid City, SD",46.033.0,Custer County,South Dakota,"Rapid City, SD",".Rapid City, SD Metro Area",156227.0
39660,"Rapid City, SD",46.093.0,Meade County,South Dakota,"Rapid City, SD",".Rapid City, SD Metro Area",156227.0
39660,"Rapid City, SD",46.0103.0,Pennington County,South Dakota,"Rapid City, SD",".Rapid City, SD Metro Area",156227.0
39740,"Reading, PA",42.011.0,Berks County,Pennsylvania,"Reading, PA",".Reading, PA Metro Area",439117.0
39820,"Redding, CA",6.089.0,Shasta County,California,"Redding, CA",".Redding, CA Metro Area",181121.0
39900,"Reno, NV",32.019.0,Lyon County,Nevada,"Reno, NV",".Reno, NV Metro Area",575110.0
39900,"Reno, NV",32.029.0,Storey County,Nevada,"Reno, NV",".Reno, NV Metro Area",575110.0
39900,"Reno, NV",32.031.0,Washoe County,Nevada,"Reno, NV",".Reno, NV Metro Area",575110.0
40060,"Richmond, VA",51.07.0,Amelia County,Virginia,"Richmond, VA",".Richmond, VA Metro Area",1370165.0
40060,"Richmond, VA",51.036.0,Charles City County,Virginia,"Richmond, VA",".Richmond, VA Metro Area",1370165.0
40060,"Richmond, VA",51.041.0,Chesterfield County,Virginia,"Richmond, VA",".Richmond, VA Metro Area",1370165.0
40060,"Richmond, VA",51.053.0,Dinwiddie County,Virginia,"Richmond, VA",".Richmond, VA Metro Area",1370165.0
40060,"Richmond, VA",51.075.0,Goochland County,Virginia,"Richmond, VA",".Richmond, VA Metro Area",1370165.0
40060,"Richmond, VA",51.085.0,Hanover County,Virginia,"Richmond, VA",".Richmond, VA Metro Area",1370165.0
40060,"Richmond, VA",51.087.0,Henrico County,Virginia,"Richmond, VA",".Richmond, VA Metro Area",1370165.0
40060,"Richmond, VA",51.097.0,King and Queen County,Virginia,"Richmond, VA",".Richmond, VA Metro Area",1370165.0
40060,"Richmond, VA",51.0101.0,King William County,Virginia,"Richmond, VA",".Richmond, VA Metro Area",1370165.0
40060,"Richmond, VA",51.0127.0,New Kent County,Virginia,"Richmond, VA",".Richmond, VA Metro Area",1370165.0
40060,"Richmond, VA",51.0145.0,Powhatan County,Virginia,"Richmond, VA",".Richmond, VA Metro Area",1370165.0
40060,"Richmond, VA",51.0149.0,Prince George County,Virginia,"Richmond, VA",".Richmond, VA Metro Area",1370165.0
40060,"Richmond, VA",51.0183.0,Sussex County,Virginia,"Richmond, VA",".Richmond, VA Metro Area",1370165.0
40060,"Richmond, VA",51.0570.0,Colonial Heights city,Virginia,"Richmond, VA",".Richmond, VA Metro Area",1370165.0
40060,"Richmond, VA",51.0670.0,Hopewell city,Virginia,"Richmond, VA",".Richmond, VA Metro Area",1370165.0
40060,"Richmond, VA",51.0730.0,Petersburg city,Virginia,"Richmond, VA",".Richmond, VA Metro Area",1370165.0
40060,"Richmond, VA",51.0760.0,Richmond city,Virginia,"Richmond, VA",".Richmond, VA Metro Area",1370165.0
40140,"Riverside-San Bernardino-Ontario, CA",6.065.0,Riverside County,California,"Riverside-San Bernardino-Ontario, CA",".Riverside-San Bernardino-Ontario, CA Metro Area",4744214.0
40140,"Riverside-San Bernardino-Ontario, CA",6.071.0,San Bernardino County,California,"Riverside-San Bernardino-Ontario, CA",".Riverside-San Bernardino-Ontario, CA Metro Area",4744214.0
40220,"Roanoke, VA",51.023.0,Botetourt County,Virginia,"Roanoke, VA",".Roanoke, VA Metro Area",315749.0
40220,"Roanoke, VA",51.045.0,Craig County,Virginia,"Roanoke, VA",".Roanoke, VA Metro Area",315749.0
40220,"Roanoke, VA",51.067.0,Franklin County,Virginia,"Roanoke, VA",".Roanoke, VA Metro Area",315749.0
40220,"Roanoke, VA",51.0161.0,Roanoke County,Virginia,"Roanoke, VA",".Roanoke, VA Metro Area",315749.0
40220,"Roanoke, VA",51.0770.0,Roanoke city,Virginia,"Roanoke, VA",".Roanoke, VA Metro Area",315749.0
40220,"Roanoke, VA",51.0775.0,Salem city,Virginia,"Roanoke, VA",".Roanoke, VA Metro Area",315749.0
40340,"Rochester, MN",27.039.0,Dodge County,Minnesota,"Rochester, MN",".Rochester, MN Metro Area",230742.0
40340,"Rochester, MN",27.045.0,Fillmore County,Minnesota,"Rochester, MN",".Rochester, MN Metro Area",230742.0
40340,"Rochester, MN",27.0109.0,Olmsted County,Minnesota,"Rochester, MN",".Rochester, MN Metro Area",230742.0
40340,"Rochester, MN",27.0157.0,Wabasha County,Minnesota,"Rochester, MN",".Rochester, MN Metro Area",230742.0
40380,"Rochester, NY",36.051.0,Livingston County,New York,"Rochester, NY",".Rochester, NY Metro Area",1057218.0
40380,"Rochester, NY",36.055.0,Monroe County,New York,"Rochester, NY",".Rochester, NY Metro Area",1057218.0
40380,"Rochester, NY",36.069.0,Ontario County,New York,"Rochester, NY",".Rochester, NY Metro Area",1057218.0
40380,"Rochester, NY",36.073.0,Orleans County,New York,"Rochester, NY",".Rochester, NY Metro Area",1057218.0
40380,"Rochester, NY",36.0117.0,Wayne County,New York,"Rochester, NY",".Rochester, NY Metro Area",1057218.0
40420,"Rockford, IL",17.07.0,Boone County,Illinois,"Rockford, IL",".Rockford, IL Metro Area",337103.0
40420,"Rockford, IL",17.0201.0,Winnebago County,Illinois,"Rockford, IL",".Rockford, IL Metro Area",337103.0
40580,"Rocky Mount, NC",37.065.0,Edgecombe County,North Carolina,"Rocky Mount, NC",".Rocky Mount, NC Metro Area",147114.0
40580,"Rocky Mount, NC",37.0127.0,Nash County,North Carolina,"Rocky Mount, NC",".Rocky Mount, NC Metro Area",147114.0
40660,"Rome, GA",13.0115.0,Floyd County,Georgia,"Rome, GA",".Rome, GA Metro Area",101390.0
40900,"Sacramento-Roseville-Folsom, CA",6.017.0,El Dorado County,California,"Sacramento-Roseville-Folsom, CA",".Sacramento-Roseville-Folsom, CA Metro Area",2463127.0
40900,"Sacramento-Roseville-Folsom, CA",6.061.0,Placer County,California,"Sacramento-Roseville-Folsom, CA",".Sacramento-Roseville-Folsom, CA Metro Area",2463127.0
40900,"Sacramento-Roseville-Folsom, CA",6.067.0,Sacramento County,California,"Sacramento-Roseville-Folsom, CA",".Sacramento-Roseville-Folsom, CA Metro Area",2463127.0
40900,"Sacramento-Roseville-Folsom, CA",6.0113.0,Yolo County,California,"Sacramento-Roseville-Folsom, CA",".Sacramento-Roseville-Folsom, CA Metro Area",2463127.0
40980,"Saginaw, MI",26.0145.0,Saginaw County,Michigan,"Saginaw, MI",".Saginaw, MI Metro Area",187714.0
41060,"St. Cloud, MN",27.09.0,Benton County,Minnesota,"St. Cloud, MN",".St. Cloud, MN Metro Area",205878.0
41060,"St. Cloud, MN",27.0145.0,Stearns County,Minnesota,"St. Cloud, MN",".St. Cloud, MN Metro Area",205878.0
41100,"St. George, UT",49.053.0,Washington County,Utah,"St. George, UT",".St. George, UT Metro Area",207943.0
41140,"St. Joseph, MO-KS",20.043.0,Doniphan County,Kansas,"St. Joseph, MO-KS",".St. Joseph, MO-KS Metro Area",119124.0
41140,"St. Joseph, MO-KS",29.03.0,Andrew County,Missouri,"St. Joseph, MO-KS",".St. Joseph, MO-KS Metro Area",119124.0
41140,"St. Joseph, MO-KS",29.021.0,Buchanan County,Missouri,"St. Joseph, MO-KS",".St. Joseph, MO-KS Metro Area",119124.0
41140,"St. Joseph, MO-KS",29.063.0,DeKalb County,Missouri,"St. Joseph, MO-KS",".St. Joseph, MO-KS Metro Area",119124.0
41180,"St. Louis, MO-IL",17.05.0,Bond County,Illinois,"St. Louis, MO-IL",".St. Louis, MO-IL Metro Area",2811927.0
41180,"St. Louis, MO-IL",17.013.0,Calhoun County,Illinois,"St. Louis, MO-IL",".St. Louis, MO-IL Metro Area",2811927.0
41180,"St. Louis, MO-IL",17.027.0,Clinton County,Illinois,"St. Louis, MO-IL",".St. Louis, MO-IL Metro Area",2811927.0
41180,"St. Louis, MO-IL",17.083.0,Jersey County,Illinois,"St. Louis, MO-IL",".St. Louis, MO-IL Metro Area",2811927.0
41180,"St. Louis, MO-IL",17.0117.0,Macoupin County,Illinois,"St. Louis, MO-IL",".St. Louis, MO-IL Metro Area",2811927.0
41180,"St. Louis, MO-IL",17.0119.0,Madison County,Illinois,"St. Louis, MO-IL",".St. Louis, MO-IL Metro Area",2811927.0
41180,"St. Louis, MO-IL",17.0133.0,Monroe County,Illinois,"St. Louis, MO-IL",".St. Louis, MO-IL Metro Area",2811927.0
41180,"St. Louis, MO-IL",17.0163.0,St. Clair County,Illinois,"St. Louis, MO-IL",".St. Louis, MO-IL Metro Area",2811927.0
41180,"St. Louis, MO-IL",29.071.0,Franklin County,Missouri,"St. Louis, MO-IL",".St. Louis, MO-IL Metro Area",2811927.0
41180,"St. Louis, MO-IL",29.099.0,Jefferson County,Missouri,"St. Louis, MO-IL",".St. Louis, MO-IL Metro Area",2811927.0
41180,"St. Louis, MO-IL",29.0113.0,Lincoln County,Missouri,"St. Louis, MO-IL",".St. Louis, MO-IL Metro Area",2811927.0
41180,"St. Louis, MO-IL",29.0183.0,St. Charles County,Missouri,"St. Louis, MO-IL",".St. Louis, MO-IL Metro Area",2811927.0
41180,"St. Louis, MO-IL",29.0189.0,St. Louis County,Missouri,"St. Louis, MO-IL",".St. Louis, MO-IL Metro Area",2811927.0
41180,"St. Louis, MO-IL",29.0219.0,Warren County,Missouri,"St. Louis, MO-IL",".St. Louis, MO-IL Metro Area",2811927.0
41180,"St. Louis, MO-IL",29.0510.0,St. Louis city,Missouri,"St. Louis, MO-IL",".St. Louis, MO-IL Metro Area",2811927.0
41420,"Salem, OR",41.047.0,Marion County,Oregon,"Salem, OR",".Salem, OR Metro Area",443416.0
41420,"Salem, OR",41.053.0,Polk County,Oregon,"Salem, OR",".Salem, OR Metro Area",443416.0
41500,"Salinas, CA",6.053.0,Monterey County,California,"Salinas, CA",".Salinas, CA Metro Area",436251.0
41540,"Salisbury, MD",24.039.0,Somerset County,Maryland,"Salisbury, MD",".Salisbury, MD Metro Area",131570.0
41540,"Salisbury, MD",24.045.0,Wicomico County,Maryland,"Salisbury, MD",".Salisbury, MD Metro Area",131570.0
41620,"Salt Lake City-Murray, UT",49.035.0,Salt Lake County,Utah,"Salt Lake City-Murray, UT",".Salt Lake City-Murray, UT Metro Area",1300762.0
41620,"Salt Lake City-Murray, UT",49.045.0,Tooele County,Utah,"Salt Lake City-Murray, UT",".Salt Lake City-Murray, UT Metro Area",1300762.0
41660,"San Angelo, TX",48.0235.0,Irion County,Texas,"San Angelo, TX",".San Angelo, TX Metro Area",121629.0
41660,"San Angelo, TX",48.0451.0,Tom Green County,Texas,"San Angelo, TX",".San Angelo, TX Metro Area",121629.0
41700,"San Antonio-New Braunfels, TX",48.013.0,Atascosa County,Texas,"San Antonio-New Braunfels, TX",".San Antonio-New Braunfels, TX Metro Area",2763006.0
41700,"San Antonio-New Braunfels, TX",48.019.0,Bandera County,Texas,"San Antonio-New Braunfels, TX",".San Antonio-New Braunfels, TX Metro Area",2763006.0
41700,"San Antonio-New Braunfels, TX",48.029.0,Bexar County,Texas,"San Antonio-New Braunfels, TX",".San Antonio-New Braunfels, TX Metro Area",2763006.0
41700,"San Antonio-New Braunfels, TX",48.091.0,Comal County,Texas,"San Antonio-New Braunfels, TX",".San Antonio-New Braunfels, TX Metro Area",2763006.0
41700,"San Antonio-New Braunfels, TX",48.0187.0,Guadalupe County,Texas,"San Antonio-New Braunfels, TX",".San Antonio-New Braunfels, TX Metro Area",2763006.0
41700,"San Antonio-New Braunfels, TX",48.0259.0,Kendall County,Texas,"San Antonio-New Braunfels, TX",".San Antonio-New Braunfels, TX Metro Area",2763006.0
41700,"San Antonio-New Braunfels, TX",48.0325.0,Medina County,Texas,"San Antonio-New Braunfels, TX",".San Antonio-New Braunfels, TX Metro Area",2763006.0
41700,"San Antonio-New Braunfels, TX",48.0493.0,Wilson County,Texas,"San Antonio-New Braunfels, TX",".San Antonio-New Braunfels, TX Metro Area",2763006.0
41740,"San Diego-Chula Vista-Carlsbad, CA",6.073.0,San Diego County,California,"San Diego-Chula Vista-Carlsbad, CA",".San Diego-Chula Vista-Carlsbad, CA Metro Area",3298799.0
41780,"Sandusky, OH",39.043.0,Erie County,Ohio,"Sandusky, OH",".Sandusky, OH Metro Area",113533.0
41780,"Sandusky, OH",39.0123.0,Ottawa County,Ohio,"Sandusky, OH",".Sandusky, OH Metro Area",113533.0
41860,"San Francisco-Oakland-Fremont, CA",6.01.0,Alameda County,California,"San Francisco-Oakland-Fremont, CA",".San Francisco-Oakland-Fremont, CA Metro Area",4648486.0
41860,"San Francisco-Oakland-Fremont, CA",6.013.0,Contra Costa County,California,"San Francisco-Oakland-Fremont, CA",".San Francisco-Oakland-Fremont, CA Metro Area",4648486.0
41860,"San Francisco-Oakland-Fremont, CA",6.075.0,San Francisco County,California,"San Francisco-Oakland-Fremont, CA",".San Francisco-Oakland-Fremont, CA Metro Area",4648486.0
41860,"San Francisco-Oakland-Fremont, CA",6.081.0,San Mateo County,California,"San Francisco-Oakland-Fremont, CA",".San Francisco-Oakland-Fremont, CA Metro Area",4648486.0
41860,"San Francisco-Oakland-Fremont, CA",6.041.0,Marin County,California,"San Francisco-Oakland-Fremont, CA",".San Francisco-Oakland-Fremont, CA Metro Area",4648486.0
41940,"San Jose-Sunnyvale-Santa Clara, CA",6.069.0,San Benito County,California,"San Jose-Sunnyvale-Santa Clara, CA",".San Jose-Sunnyvale-Santa Clara, CA Metro Area",1995484.0
41940,"San Jose-Sunnyvale-Santa Clara, CA",6.085.0,Santa Clara County,California,"San Jose-Sunnyvale-Santa Clara, CA",".San Jose-Sunnyvale-Santa Clara, CA Metro Area",1995484.0
41980,"San Juan-Bayamón-Caguas, PR",72.07.0,Aguas Buenas Municipio,Puerto Rico,"San Juan-Bayamón-Caguas, PR",".San Juan-Bayamón-Caguas, PR Metro Area",2035484.0
41980,"San Juan-Bayamón-Caguas, PR",72.09.0,Aibonito Municipio,Puerto Rico,"San Juan-Bayamón-Caguas, PR",".San Juan-Bayamón-Caguas, PR Metro Area",2035484.0
41980,"San Juan-Bayamón-Caguas, PR",72.017.0,Barceloneta Municipio,Puerto Rico,"San Juan-Bayamón-Caguas, PR",".San Juan-Bayamón-Caguas, PR Metro Area",2035484.0
41980,"San Juan-Bayamón-Caguas, PR",72.019.0,Barranquitas Municipio,Puerto Rico,"San Juan-Bayamón-Caguas, PR",".San Juan-Bayamón-Caguas, PR Metro Area",2035484.0
41980,"San Juan-Bayamón-Caguas, PR",72.021.0,Bayamón Municipio,Puerto Rico,"San Juan-Bayamón-Caguas, PR",".San Juan-Bayamón-Caguas, PR Metro Area",2035484.0
41980,"San Juan-Bayamón-Caguas, PR",72.025.0,Caguas Municipio,Puerto Rico,"San Juan-Bayamón-Caguas, PR",".San Juan-Bayamón-Caguas, PR Metro Area",2035484.0
41980,"San Juan-Bayamón-Caguas, PR",72.029.0,Canóvanas Municipio,Puerto Rico,"San Juan-Bayamón-Caguas, PR",".San Juan-Bayamón-Caguas, PR Metro Area",2035484.0
41980,"San Juan-Bayamón-Caguas, PR",72.031.0,Carolina Municipio,Puerto Rico,"San Juan-Bayamón-Caguas, PR",".San Juan-Bayamón-Caguas, PR Metro Area",2035484.0
41980,"San Juan-Bayamón-Caguas, PR",72.033.0,Cataño Municipio,Puerto Rico,"San Juan-Bayamón-Caguas, PR",".San Juan-Bayamón-Caguas, PR Metro Area",2035484.0
41980,"San Juan-Bayamón-Caguas, PR",72.035.0,Cayey Municipio,Puerto Rico,"San Juan-Bayamón-Caguas, PR",".San Juan-Bayamón-Caguas, PR Metro Area",2035484.0
41980,"San Juan-Bayamón-Caguas, PR",72.037.0,Ceiba Municipio,Puerto Rico,"San Juan-Bayamón-Caguas, PR",".San Juan-Bayamón-Caguas, PR Metro Area",2035484.0
41980,"San Juan-Bayamón-Caguas, PR",72.039.0,Ciales Municipio,Puerto Rico,"San Juan-Bayamón-Caguas, PR",".San Juan-Bayamón-Caguas, PR Metro Area",2035484.0
41980,"San Juan-Bayamón-Caguas, PR",72.041.0,Cidra Municipio,Puerto Rico,"San Juan-Bayamón-Caguas, PR",".San Juan-Bayamón-Caguas, PR Metro Area",2035484.0
41980,"San Juan-Bayamón-Caguas, PR",72.045.0,Comerío Municipio,Puerto Rico,"San Juan-Bayamón-Caguas, PR",".San Juan-Bayamón-Caguas, PR Metro Area",2035484.0
41980,"San Juan-Bayamón-Caguas, PR",72.047.0,Corozal Municipio,Puerto Rico,"San Juan-Bayamón-Caguas, PR",".San Juan-Bayamón-Caguas, PR Metro Area",2035484.0
41980,"San Juan-Bayamón-Caguas, PR",72.051.0,Dorado Municipio,Puerto Rico,"San Juan-Bayamón-Caguas, PR",".San Juan-Bayamón-Caguas, PR Metro Area",2035484.0
41980,"San Juan-Bayamón-Caguas, PR",72.053.0,Fajardo Municipio,Puerto Rico,"San Juan-Bayamón-Caguas, PR",".San Juan-Bayamón-Caguas, PR Metro Area",2035484.0
41980,"San Juan-Bayamón-Caguas, PR",72.054.0,Florida Municipio,Puerto Rico,"San Juan-Bayamón-Caguas, PR",".San Juan-Bayamón-Caguas, PR Metro Area",2035484.0
41980,"San Juan-Bayamón-Caguas, PR",72.061.0,Guaynabo Municipio,Puerto Rico,"San Juan-Bayamón-Caguas, PR",".San Juan-Bayamón-Caguas, PR Metro Area",2035484.0
41980,"San Juan-Bayamón-Caguas, PR",72.063.0,Gurabo Municipio,Puerto Rico,"San Juan-Bayamón-Caguas, PR",".San Juan-Bayamón-Caguas, PR Metro Area",2035484.0
41980,"San Juan-Bayamón-Caguas, PR",72.069.0,Humacao Municipio,Puerto Rico,"San Juan-Bayamón-Caguas, PR",".San Juan-Bayamón-Caguas, PR Metro Area",2035484.0
41980,"San Juan-Bayamón-Caguas, PR",72.077.0,Juncos Municipio,Puerto Rico,"San Juan-Bayamón-Caguas, PR",".San Juan-Bayamón-Caguas, PR Metro Area",2035484.0
41980,"San Juan-Bayamón-Caguas, PR",72.085.0,Las Piedras Municipio,Puerto Rico,"San Juan-Bayamón-Caguas, PR",".San Juan-Bayamón-Caguas, PR Metro Area",2035484.0
41980,"San Juan-Bayamón-Caguas, PR",72.087.0,Loíza Municipio,Puerto Rico,"San Juan-Bayamón-Caguas, PR",".San Juan-Bayamón-Caguas, PR Metro Area",2035484.0
41980,"San Juan-Bayamón-Caguas, PR",72.089.0,Luquillo Municipio,Puerto Rico,"San Juan-Bayamón-Caguas, PR",".San Juan-Bayamón-Caguas, PR Metro Area",2035484.0
41980,"San Juan-Bayamón-Caguas, PR",72.091.0,Manatí Municipio,Puerto Rico,"San Juan-Bayamón-Caguas, PR",".San Juan-Bayamón-Caguas, PR Metro Area",2035484.0
41980,"San Juan-Bayamón-Caguas, PR",72.095.0,Maunabo Municipio,Puerto Rico,"San Juan-Bayamón-Caguas, PR",".San Juan-Bayamón-Caguas, PR Metro Area",2035484.0
41980,"San Juan-Bayamón-Caguas, PR",72.0101.0,Morovis Municipio,Puerto Rico,"San Juan-Bayamón-Caguas, PR",".San Juan-Bayamón-Caguas, PR Metro Area",2035484.0
41980,"San Juan-Bayamón-Caguas, PR",72.0103.0,Naguabo Municipio,Puerto Rico,"San Juan-Bayamón-Caguas, PR",".San Juan-Bayamón-Caguas, PR Metro Area",2035484.0
41980,"San Juan-Bayamón-Caguas, PR",72.0105.0,Naranjito Municipio,Puerto Rico,"San Juan-Bayamón-Caguas, PR",".San Juan-Bayamón-Caguas, PR Metro Area",2035484.0
41980,"San Juan-Bayamón-Caguas, PR",72.0107.0,Orocovis Municipio,Puerto Rico,"San Juan-Bayamón-Caguas, PR",".San Juan-Bayamón-Caguas, PR Metro Area",2035484.0
41980,"San Juan-Bayamón-Caguas, PR",72.0119.0,Río Grande Municipio,Puerto Rico,"San Juan-Bayamón-Caguas, PR",".San Juan-Bayamón-Caguas, PR Metro Area",2035484.0
41980,"San Juan-Bayamón-Caguas, PR",72.0127.0,San Juan Municipio,Puerto Rico,"San Juan-Bayamón-Caguas, PR",".San Juan-Bayamón-Caguas, PR Metro Area",2035484.0
41980,"San Juan-Bayamón-Caguas, PR",72.0129.0,San Lorenzo Municipio,Puerto Rico,"San Juan-Bayamón-Caguas, PR",".San Juan-Bayamón-Caguas, PR Metro Area",2035484.0
41980,"San Juan-Bayamón-Caguas, PR",72.0135.0,Toa Alta Municipio,Puerto Rico,"San Juan-Bayamón-Caguas, PR",".San Juan-Bayamón-Caguas, PR Metro Area",2035484.0
41980,"San Juan-Bayamón-Caguas, PR",72.0137.0,Toa Baja Municipio,Puerto Rico,"San Juan-Bayamón-Caguas, PR",".San Juan-Bayamón-Caguas, PR Metro Area",2035484.0
41980,"San Juan-Bayamón-Caguas, PR",72.0139.0,Trujillo Alto Municipio,Puerto Rico,"San Juan-Bayamón-Caguas, PR",".San Juan-Bayamón-Caguas, PR Metro Area",2035484.0
41980,"San Juan-Bayamón-Caguas, PR",72.0143.0,Vega Alta Municipio,Puerto Rico,"San Juan-Bayamón-Caguas, PR",".San Juan-Bayamón-Caguas, PR Metro Area",2035484.0
41980,"San Juan-Bayamón-Caguas, PR",72.0145.0,Vega Baja Municipio,Puerto Rico,"San Juan-Bayamón-Caguas, PR",".San Juan-Bayamón-Caguas, PR Metro Area",2035484.0
41980,"San Juan-Bayamón-Caguas, PR",72.0151.0,Yabucoa Municipio,Puerto Rico,"San Juan-Bayamón-Caguas, PR",".San Juan-Bayamón-Caguas, PR Metro Area",2035484.0
42020,"San Luis Obispo-Paso Robles, CA",6.079.0,San Luis Obispo County,California,"San Luis Obispo-Paso Robles, CA",".San Luis Obispo-Paso Robles, CA Metro Area",281843.0
42100,"Santa Cruz-Watsonville, CA",6.087.0,Santa Cruz County,California,"Santa Cruz-Watsonville, CA",".Santa Cruz-Watsonville, CA Metro Area",262406.0
42140,"Santa Fe, NM",35.049.0,Santa Fe County,New Mexico,"Santa Fe, NM",".Santa Fe, NM Metro Area",157765.0
42200,"Santa Maria-Santa Barbara, CA",6.083.0,Santa Barbara County,California,"Santa Maria-Santa Barbara, CA",".Santa Maria-Santa Barbara, CA Metro Area",444500.0
42220,"Santa Rosa-Petaluma, CA",6.097.0,Sonoma County,California,"Santa Rosa-Petaluma, CA",".Santa Rosa-Petaluma, CA Metro Area",485375.0
42340,"Savannah, GA",13.029.0,Bryan County,Georgia,"Savannah, GA",".Savannah, GA Metro Area",431589.0
42340,"Savannah, GA",13.051.0,Chatham County,Georgia,"Savannah, GA",".Savannah, GA Metro Area",431589.0
42340,"Savannah, GA",13.0103.0,Effingham County,Georgia,"Savannah, GA",".Savannah, GA Metro Area",431589.0
42540,"Scranton--Wilkes-Barre, PA",42.069.0,Lackawanna County,Pennsylvania,"Scranton--Wilkes-Barre, PA",".Scranton--Wilkes-Barre, PA Metro Area",574009.0
42540,"Scranton--Wilkes-Barre, PA",42.079.0,Luzerne County,Pennsylvania,"Scranton--Wilkes-Barre, PA",".Scranton--Wilkes-Barre, PA Metro Area",574009.0
42540,"Scranton--Wilkes-Barre, PA",42.0131.0,Wyoming County,Pennsylvania,"Scranton--Wilkes-Barre, PA",".Scranton--Wilkes-Barre, PA Metro Area",574009.0
42660,"Seattle-Tacoma-Bellevue, WA",53.061.0,Snohomish County,Washington,"Seattle-Tacoma-Bellevue, WA",".Seattle-Tacoma-Bellevue, WA Metro Area",4145494.0
42660,"Seattle-Tacoma-Bellevue, WA",53.033.0,King County,Washington,"Seattle-Tacoma-Bellevue, WA",".Seattle-Tacoma-Bellevue, WA Metro Area",4145494.0
42660,"Seattle-Tacoma-Bellevue, WA",53.053.0,Pierce County,Washington,"Seattle-Tacoma-Bellevue, WA",".Seattle-Tacoma-Bellevue, WA Metro Area",4145494.0
42680,"Sebastian-Vero Beach-West Vero Corridor, FL",12.061.0,Indian River County,Florida,"Sebastian-Vero Beach-West Vero Corridor, FL",".Sebastian-Vero Beach-West Vero Corridor, FL Metro Area",172139.0
42700,"Sebring, FL",12.055.0,Highlands County,Florida,"Sebring, FL",".Sebring, FL Metro Area",109778.0
43100,"Sheboygan, WI",55.0117.0,Sheboygan County,Wisconsin,"Sheboygan, WI",".Sheboygan, WI Metro Area",118331.0
43300,"Sherman-Denison, TX",48.0181.0,Grayson County,Texas,"Sherman-Denison, TX",".Sherman-Denison, TX Metro Area",150532.0
43340,"Shreveport-Bossier City, LA",22.015.0,Bossier Parish,Louisiana,"Shreveport-Bossier City, LA",".Shreveport-Bossier City, LA Metro Area",383269.0
43340,"Shreveport-Bossier City, LA",22.017.0,Caddo Parish,Louisiana,"Shreveport-Bossier City, LA",".Shreveport-Bossier City, LA Metro Area",383269.0
43340,"Shreveport-Bossier City, LA",22.031.0,De Soto Parish,Louisiana,"Shreveport-Bossier City, LA",".Shreveport-Bossier City, LA Metro Area",383269.0
43420,"Sierra Vista-Douglas, AZ",4.03.0,Cochise County,Arizona,"Sierra Vista-Douglas, AZ",".Sierra Vista-Douglas, AZ Metro Area",125773.0
43580,"Sioux City, IA-NE-SD",19.0193.0,Woodbury County,Iowa,"Sioux City, IA-NE-SD",".Sioux City, IA-NE-SD Metro Area",145994.0
43580,"Sioux City, IA-NE-SD",31.043.0,Dakota County,Nebraska,"Sioux City, IA-NE-SD",".Sioux City, IA-NE-SD Metro Area",145994.0
43580,"Sioux City, IA-NE-SD",46.0127.0,Union County,South Dakota,"Sioux City, IA-NE-SD",".Sioux City, IA-NE-SD Metro Area",145994.0
43620,"Sioux Falls, SD-MN",27.0133.0,Rock County,Minnesota,"Sioux Falls, SD-MN",".Sioux Falls, SD-MN Metro Area",308266.0
43620,"Sioux Falls, SD-MN",46.083.0,Lincoln County,South Dakota,"Sioux Falls, SD-MN",".Sioux Falls, SD-MN Metro Area",308266.0
43620,"Sioux Falls, SD-MN",46.087.0,McCook County,South Dakota,"Sioux Falls, SD-MN",".Sioux Falls, SD-MN Metro Area",308266.0
43620,"Sioux Falls, SD-MN",46.099.0,Minnehaha County,South Dakota,"Sioux Falls, SD-MN",".Sioux Falls, SD-MN Metro Area",308266.0
43620,"Sioux Falls, SD-MN",46.0125.0,Turner County,South Dakota,"Sioux Falls, SD-MN",".Sioux Falls, SD-MN Metro Area",308266.0
43640,"Slidell-Mandeville-Covington, LA",22.0103.0,St. Tammany Parish,Louisiana,"Slidell-Mandeville-Covington, LA",".Slidell-Mandeville-Covington, LA Metro Area",277615.0
43780,"South Bend-Mishawaka, IN-MI",18.0141.0,St. Joseph County,Indiana,"South Bend-Mishawaka, IN-MI",".South Bend-Mishawaka, IN-MI Metro Area",325294.0
43780,"South Bend-Mishawaka, IN-MI",26.027.0,Cass County,Michigan,"South Bend-Mishawaka, IN-MI",".South Bend-Mishawaka, IN-MI Metro Area",325294.0
43900,"Spartanburg, SC",45.083.0,Spartanburg County,South Carolina,"Spartanburg, SC",".Spartanburg, SC Metro Area",395934.0
43900,"Spartanburg, SC",45.087.0,Union County,South Carolina,"Spartanburg, SC",".Spartanburg, SC Metro Area",395934.0
44060,"Spokane-Spokane Valley, WA",53.063.0,Spokane County,Washington,"Spokane-Spokane Valley, WA",".Spokane-Spokane Valley, WA Metro Area",604962.0
44060,"Spokane-Spokane Valley, WA",53.065.0,Stevens County,Washington,"Spokane-Spokane Valley, WA",".Spokane-Spokane Valley, WA Metro Area",604962.0
44100,"Springfield, IL",17.0129.0,Menard County,Illinois,"Springfield, IL",".Springfield, IL Metro Area",206308.0
44100,"Springfield, IL",17.0167.0,Sangamon County,Illinois,"Springfield, IL",".Springfield, IL Metro Area",206308.0
44140,"Springfield, MA",25.013.0,Hampden County,Massachusetts,"Springfield, MA",".Springfield, MA Metro Area",464151.0
44180,"Springfield, MO",29.043.0,Christian County,Missouri,"Springfield, MO",".Springfield, MO Metro Area",496975.0
44180,"Springfield, MO",29.059.0,Dallas County,Missouri,"Springfield, MO",".Springfield, MO Metro Area",496975.0
44180,"Springfield, MO",29.077.0,Greene County,Missouri,"Springfield, MO",".Springfield, MO Metro Area",496975.0
44180,"Springfield, MO",29.0167.0,Polk County,Missouri,"Springfield, MO",".Springfield, MO Metro Area",496975.0
44180,"Springfield, MO",29.0225.0,Webster County,Missouri,"Springfield, MO",".Springfield, MO Metro Area",496975.0
44220,"Springfield, OH",39.023.0,Clark County,Ohio,"Springfield, OH",".Springfield, OH Metro Area",134985.0
44300,"State College, PA",42.027.0,Centre County,Pennsylvania,"State College, PA",".State College, PA Metro Area",159805.0
44420,"Staunton-Stuarts Draft, VA",51.015.0,Augusta County,Virginia,"Staunton-Stuarts Draft, VA",".Staunton-Stuarts Draft, VA Metro Area",128481.0
44420,"Staunton-Stuarts Draft, VA",51.0790.0,Staunton city,Virginia,"Staunton-Stuarts Draft, VA",".Staunton-Stuarts Draft, VA Metro Area",128481.0
44420,"Staunton-Stuarts Draft, VA",51.0820.0,Waynesboro city,Virginia,"Staunton-Stuarts Draft, VA",".Staunton-Stuarts Draft, VA Metro Area",128481.0
44700,"Stockton-Lodi, CA",6.077.0,San Joaquin County,California,"Stockton-Lodi, CA",".Stockton-Lodi, CA Metro Area",816108.0
44940,"Sumter, SC",45.085.0,Sumter County,South Carolina,"Sumter, SC",".Sumter, SC Metro Area",104776.0
45060,"Syracuse, NY",36.053.0,Madison County,New York,"Syracuse, NY",".Syracuse, NY Metro Area",655189.0
45060,"Syracuse, NY",36.067.0,Onondaga County,New York,"Syracuse, NY",".Syracuse, NY Metro Area",655189.0
45060,"Syracuse, NY",36.075.0,Oswego County,New York,"Syracuse, NY",".Syracuse, NY Metro Area",655189.0
45220,"Tallahassee, FL",12.039.0,Gadsden County,Florida,"Tallahassee, FL",".Tallahassee, FL Metro Area",397675.0
45220,"Tallahassee, FL",12.065.0,Jefferson County,Florida,"Tallahassee, FL",".Tallahassee, FL Metro Area",397675.0
45220,"Tallahassee, FL",12.073.0,Leon County,Florida,"Tallahassee, FL",".Tallahassee, FL Metro Area",397675.0
45220,"Tallahassee, FL",12.0129.0,Wakulla County,Florida,"Tallahassee, FL",".Tallahassee, FL Metro Area",397675.0
45300,"Tampa-St. Petersburg-Clearwater, FL",12.0103.0,Pinellas County,Florida,"Tampa-St. Petersburg-Clearwater, FL",".Tampa-St. Petersburg-Clearwater, FL Metro Area",3424560.0
45300,"Tampa-St. Petersburg-Clearwater, FL",12.053.0,Hernando County,Florida,"Tampa-St. Petersburg-Clearwater, FL",".Tampa-St. Petersburg-Clearwater, FL Metro Area",3424560.0
45300,"Tampa-St. Petersburg-Clearwater, FL",12.057.0,Hillsborough County,Florida,"Tampa-St. Petersburg-Clearwater, FL",".Tampa-St. Petersburg-Clearwater, FL Metro Area",3424560.0
45300,"Tampa-St. Petersburg-Clearwater, FL",12.0101.0,Pasco County,Florida,"Tampa-St. Petersburg-Clearwater, FL",".Tampa-St. Petersburg-Clearwater, FL Metro Area",3424560.0
45460,"Terre Haute, IN",18.021.0,Clay County,Indiana,"Terre Haute, IN",".Terre Haute, IN Metro Area",168874.0
45460,"Terre Haute, IN",18.0153.0,Sullivan County,Indiana,"Terre Haute, IN",".Terre Haute, IN Metro Area",168874.0
45460,"Terre Haute, IN",18.0165.0,Vermillion County,Indiana,"Terre Haute, IN",".Terre Haute, IN Metro Area",168874.0
45460,"Terre Haute, IN",18.0167.0,Vigo County,Indiana,"Terre Haute, IN",".Terre Haute, IN Metro Area",168874.0
45500,"Texarkana, TX-AR",5.081.0,Little River County,Arkansas,"Texarkana, TX-AR",".Texarkana, TX-AR Metro Area",145576.0
45500,"Texarkana, TX-AR",5.091.0,Miller County,Arkansas,"Texarkana, TX-AR",".Texarkana, TX-AR Metro Area",145576.0
45500,"Texarkana, TX-AR",48.037.0,Bowie County,Texas,"Texarkana, TX-AR",".Texarkana, TX-AR Metro Area",145576.0
45780,"Toledo, OH",39.051.0,Fulton County,Ohio,"Toledo, OH",".Toledo, OH Metro Area",601396.0
45780,"Toledo, OH",39.095.0,Lucas County,Ohio,"Toledo, OH",".Toledo, OH Metro Area",601396.0
45780,"Toledo, OH",39.0173.0,Wood County,Ohio,"Toledo, OH",".Toledo, OH Metro Area",601396.0
45820,"Topeka, KS",20.085.0,Jackson County,Kansas,"Topeka, KS",".Topeka, KS Metro Area",232648.0
45820,"Topeka, KS",20.087.0,Jefferson County,Kansas,"Topeka, KS",".Topeka, KS Metro Area",232648.0
45820,"Topeka, KS",20.0139.0,Osage County,Kansas,"Topeka, KS",".Topeka, KS Metro Area",232648.0
45820,"Topeka, KS",20.0177.0,Shawnee County,Kansas,"Topeka, KS",".Topeka, KS Metro Area",232648.0
45820,"Topeka, KS",20.0197.0,Wabaunsee County,Kansas,"Topeka, KS",".Topeka, KS Metro Area",232648.0
45900,"Traverse City, MI",26.019.0,Benzie County,Michigan,"Traverse City, MI",".Traverse City, MI Metro Area",156634.0
45900,"Traverse City, MI",26.055.0,Grand Traverse County,Michigan,"Traverse City, MI",".Traverse City, MI Metro Area",156634.0
45900,"Traverse City, MI",26.079.0,Kalkaska County,Michigan,"Traverse City, MI",".Traverse City, MI Metro Area",156634.0
45900,"Traverse City, MI",26.089.0,Leelanau County,Michigan,"Traverse City, MI",".Traverse City, MI Metro Area",156634.0
45940,"Trenton-Princeton, NJ",34.021.0,Mercer County,New Jersey,"Trenton-Princeton, NJ",".Trenton-Princeton, NJ Metro Area",392138.0
46060,"Tucson, AZ",4.019.0,Pima County,Arizona,"Tucson, AZ",".Tucson, AZ Metro Area",1080149.0
46140,"Tulsa, OK",40.037.0,Creek County,Oklahoma,"Tulsa, OK",".Tulsa, OK Metro Area",1059803.0
46140,"Tulsa, OK",40.0111.0,Okmulgee County,Oklahoma,"Tulsa, OK",".Tulsa, OK Metro Area",1059803.0
46140,"Tulsa, OK",40.0113.0,Osage County,Oklahoma,"Tulsa, OK",".Tulsa, OK Metro Area",1059803.0
46140,"Tulsa, OK",40.0117.0,Pawnee County,Oklahoma,"Tulsa, OK",".Tulsa, OK Metro Area",1059803.0
46140,"Tulsa, OK",40.0131.0,Rogers County,Oklahoma,"Tulsa, OK",".Tulsa, OK Metro Area",1059803.0
46140,"Tulsa, OK",40.0143.0,Tulsa County,Oklahoma,"Tulsa, OK",".Tulsa, OK Metro Area",1059803.0
46140,"Tulsa, OK",40.0145.0,Wagoner County,Oklahoma,"Tulsa, OK",".Tulsa, OK Metro Area",1059803.0
46220,"Tuscaloosa, AL",1.063.0,Greene County,Alabama,"Tuscaloosa, AL",".Tuscaloosa, AL Metro Area",281963.0
46220,"Tuscaloosa, AL",1.065.0,Hale County,Alabama,"Tuscaloosa, AL",".Tuscaloosa, AL Metro Area",281963.0
46220,"Tuscaloosa, AL",1.0107.0,Pickens County,Alabama,"Tuscaloosa, AL",".Tuscaloosa, AL Metro Area",281963.0
46220,"Tuscaloosa, AL",1.0125.0,Tuscaloosa County,Alabama,"Tuscaloosa, AL",".Tuscaloosa, AL Metro Area",281963.0
46300,"Twin Falls, ID",16.053.0,Jerome County,Idaho,"Twin Falls, ID",".Twin Falls, ID Metro Area",122565.0
46300,"Twin Falls, ID",16.083.0,Twin Falls County,Idaho,"Twin Falls, ID",".Twin Falls, ID Metro Area",122565.0
46340,"Tyler, TX",48.0423.0,Smith County,Texas,"Tyler, TX",".Tyler, TX Metro Area",249091.0
46520,"Urban Honolulu, HI",15.03.0,Honolulu County,Hawaii,"Urban Honolulu, HI",".Urban Honolulu, HI Metro Area",998747.0
46540,"Utica-Rome, NY",36.043.0,Herkimer County,New York,"Utica-Rome, NY",".Utica-Rome, NY Metro Area",287932.0
46540,"Utica-Rome, NY",36.065.0,Oneida County,New York,"Utica-Rome, NY",".Utica-Rome, NY Metro Area",287932.0
46660,"Valdosta, GA",13.027.0,Brooks County,Georgia,"Valdosta, GA",".Valdosta, GA Metro Area",152588.0
46660,"Valdosta, GA",13.0101.0,Echols County,Georgia,"Valdosta, GA",".Valdosta, GA Metro Area",152588.0
46660,"Valdosta, GA",13.0173.0,Lanier County,Georgia,"Valdosta, GA",".Valdosta, GA Metro Area",152588.0
46660,"Valdosta, GA",13.0185.0,Lowndes County,Georgia,"Valdosta, GA",".Valdosta, GA Metro Area",152588.0
46700,"Vallejo, CA",6.095.0,Solano County,California,"Vallejo, CA",".Vallejo, CA Metro Area",455101.0
47020,"Victoria, TX",48.0175.0,Goliad County,Texas,"Victoria, TX",".Victoria, TX Metro Area",99170.0
47020,"Victoria, TX",48.0469.0,Victoria County,Texas,"Victoria, TX",".Victoria, TX Metro Area",99170.0
47220,"Vineland, NJ",34.011.0,Cumberland County,New Jersey,"Vineland, NJ",".Vineland, NJ Metro Area",155678.0
47260,"Virginia Beach-Chesapeake-Norfolk, VA-NC",37.029.0,Camden County,North Carolina,"Virginia Beach-Chesapeake-Norfolk, VA-NC",".Virginia Beach-Chesapeake-Norfolk, VA-NC Metro Area",1794278.0
47260,"Virginia Beach-Chesapeake-Norfolk, VA-NC",37.053.0,Currituck County,North Carolina,"Virginia Beach-Chesapeake-Norfolk, VA-NC",".Virginia Beach-Chesapeake-Norfolk, VA-NC Metro Area",1794278.0
47260,"Virginia Beach-Chesapeake-Norfolk, VA-NC",37.073.0,Gates County,North Carolina,"Virginia Beach-Chesapeake-Norfolk, VA-NC",".Virginia Beach-Chesapeake-Norfolk, VA-NC Metro Area",1794278.0
47260,"Virginia Beach-Chesapeake-Norfolk, VA-NC",51.073.0,Gloucester County,Virginia,"Virginia Beach-Chesapeake-Norfolk, VA-NC",".Virginia Beach-Chesapeake-Norfolk, VA-NC Metro Area",1794278.0
47260,"Virginia Beach-Chesapeake-Norfolk, VA-NC",51.093.0,Isle of Wight County,Virginia,"Virginia Beach-Chesapeake-Norfolk, VA-NC",".Virginia Beach-Chesapeake-Norfolk, VA-NC Metro Area",1794278.0
47260,"Virginia Beach-Chesapeake-Norfolk, VA-NC",51.095.0,James City County,Virginia,"Virginia Beach-Chesapeake-Norfolk, VA-NC",".Virginia Beach-Chesapeake-Norfolk, VA-NC Metro Area",1794278.0
47260,"Virginia Beach-Chesapeake-Norfolk, VA-NC",51.0115.0,Mathews County,Virginia,"Virginia Beach-Chesapeake-Norfolk, VA-NC",".Virginia Beach-Chesapeake-Norfolk, VA-NC Metro Area",1794278.0
47260,"Virginia Beach-Chesapeake-Norfolk, VA-NC",51.0181.0,Surry County,Virginia,"Virginia Beach-Chesapeake-Norfolk, VA-NC",".Virginia Beach-Chesapeake-Norfolk, VA-NC Metro Area",1794278.0
47260,"Virginia Beach-Chesapeake-Norfolk, VA-NC",51.0199.0,York County,Virginia,"Virginia Beach-Chesapeake-Norfolk, VA-NC",".Virginia Beach-Chesapeake-Norfolk, VA-NC Metro Area",1794278.0
47260,"Virginia Beach-Chesapeake-Norfolk, VA-NC",51.0550.0,Chesapeake city,Virginia,"Virginia Beach-Chesapeake-Norfolk, VA-NC",".Virginia Beach-Chesapeake-Norfolk, VA-NC Metro Area",1794278.0
47260,"Virginia Beach-Chesapeake-Norfolk, VA-NC",51.0650.0,Hampton city,Virginia,"Virginia Beach-Chesapeake-Norfolk, VA-NC",".Virginia Beach-Chesapeake-Norfolk, VA-NC Metro Area",1794278.0
47260,"Virginia Beach-Chesapeake-Norfolk, VA-NC",51.0700.0,Newport News city,Virginia,"Virginia Beach-Chesapeake-Norfolk, VA-NC",".Virginia Beach-Chesapeake-Norfolk, VA-NC Metro Area",1794278.0
47260,"Virginia Beach-Chesapeake-Norfolk, VA-NC",51.0710.0,Norfolk city,Virginia,"Virginia Beach-Chesapeake-Norfolk, VA-NC",".Virginia Beach-Chesapeake-Norfolk, VA-NC Metro Area",1794278.0
47260,"Virginia Beach-Chesapeake-Norfolk, VA-NC",51.0735.0,Poquoson city,Virginia,"Virginia Beach-Chesapeake-Norfolk, VA-NC",".Virginia Beach-Chesapeake-Norfolk, VA-NC Metro Area",1794278.0
47260,"Virginia Beach-Chesapeake-Norfolk, VA-NC",51.0740.0,Portsmouth city,Virginia,"Virginia Beach-Chesapeake-Norfolk, VA-NC",".Virginia Beach-Chesapeake-Norfolk, VA-NC Metro Area",1794278.0
47260,"Virginia Beach-Chesapeake-Norfolk, VA-NC",51.0800.0,Suffolk city,Virginia,"Virginia Beach-Chesapeake-Norfolk, VA-NC",".Virginia Beach-Chesapeake-Norfolk, VA-NC Metro Area",1794278.0
47260,"Virginia Beach-Chesapeake-Norfolk, VA-NC",51.0810.0,Virginia Beach city,Virginia,"Virginia Beach-Chesapeake-Norfolk, VA-NC",".Virginia Beach-Chesapeake-Norfolk, VA-NC Metro Area",1794278.0
47260,"Virginia Beach-Chesapeake-Norfolk, VA-NC",51.0830.0,Williamsburg city,Virginia,"Virginia Beach-Chesapeake-Norfolk, VA-NC",".Virginia Beach-Chesapeake-Norfolk, VA-NC Metro Area",1794278.0
47300,"Visalia, CA",6.0107.0,Tulare County,California,"Visalia, CA",".Visalia, CA Metro Area",483546.0
47380,"Waco, TX",48.035.0,Bosque County,Texas,"Waco, TX",".Waco, TX Metro Area",307123.0
47380,"Waco, TX",48.0145.0,Falls County,Texas,"Waco, TX",".Waco, TX Metro Area",307123.0
47380,"Waco, TX",48.0309.0,McLennan County,Texas,"Waco, TX",".Waco, TX Metro Area",307123.0
47460,"Walla Walla, WA",53.071.0,Walla Walla County,Washington,"Walla Walla, WA",".Walla Walla, WA Metro Area",62068.0
47580,"Warner Robins, GA",13.0153.0,Houston County,Georgia,"Warner Robins, GA",".Warner Robins, GA Metro Area",204110.0
47580,"Warner Robins, GA",13.0225.0,Peach County,Georgia,"Warner Robins, GA",".Warner Robins, GA Metro Area",204110.0
47900,"Washington-Arlington-Alexandria, DC-VA-MD-WV",51.013.0,Arlington County,Virginia,"Washington-Arlington-Alexandria, DC-VA-MD-WV",".Washington-Arlington-Alexandria, DC-VA-MD-WV Metro Area",6436489.0
47900,"Washington-Arlington-Alexandria, DC-VA-MD-WV",51.043.0,Clarke County,Virginia,"Washington-Arlington-Alexandria, DC-VA-MD-WV",".Washington-Arlington-Alexandria, DC-VA-MD-WV Metro Area",6436489.0
47900,"Washington-Arlington-Alexandria, DC-VA-MD-WV",51.047.0,Culpeper County,Virginia,"Washington-Arlington-Alexandria, DC-VA-MD-WV",".Washington-Arlington-Alexandria, DC-VA-MD-WV Metro Area",6436489.0
47900,"Washington-Arlington-Alexandria, DC-VA-MD-WV",51.059.0,Fairfax County,Virginia,"Washington-Arlington-Alexandria, DC-VA-MD-WV",".Washington-Arlington-Alexandria, DC-VA-MD-WV Metro Area",6436489.0
47900,"Washington-Arlington-Alexandria, DC-VA-MD-WV",51.061.0,Fauquier County,Virginia,"Washington-Arlington-Alexandria, DC-VA-MD-WV",".Washington-Arlington-Alexandria, DC-VA-MD-WV Metro Area",6436489.0
47900,"Washington-Arlington-Alexandria, DC-VA-MD-WV",51.0107.0,Loudoun County,Virginia,"Washington-Arlington-Alexandria, DC-VA-MD-WV",".Washington-Arlington-Alexandria, DC-VA-MD-WV Metro Area",6436489.0
47900,"Washington-Arlington-Alexandria, DC-VA-MD-WV",51.0153.0,Prince William County,Virginia,"Washington-Arlington-Alexandria, DC-VA-MD-WV",".Washington-Arlington-Alexandria, DC-VA-MD-WV Metro Area",6436489.0
47900,"Washington-Arlington-Alexandria, DC-VA-MD-WV",51.0157.0,Rappahannock County,Virginia,"Washington-Arlington-Alexandria, DC-VA-MD-WV",".Washington-Arlington-Alexandria, DC-VA-MD-WV Metro Area",6436489.0
47900,"Washington-Arlington-Alexandria, DC-VA-MD-WV",51.0177.0,Spotsylvania County,Virginia,"Washington-Arlington-Alexandria, DC-VA-MD-WV",".Washington-Arlington-Alexandria, DC-VA-MD-WV Metro Area",6436489.0
47900,"Washington-Arlington-Alexandria, DC-VA-MD-WV",51.0179.0,Stafford County,Virginia,"Washington-Arlington-Alexandria, DC-VA-MD-WV",".Washington-Arlington-Alexandria, DC-VA-MD-WV Metro Area",6436489.0
47900,"Washington-Arlington-Alexandria, DC-VA-MD-WV",51.0187.0,Warren County,Virginia,"Washington-Arlington-Alexandria, DC-VA-MD-WV",".Washington-Arlington-Alexandria, DC-VA-MD-WV Metro Area",6436489.0
47900,"Washington-Arlington-Alexandria, DC-VA-MD-WV",51.0510.0,Alexandria city,Virginia,"Washington-Arlington-Alexandria, DC-VA-MD-WV",".Washington-Arlington-Alexandria, DC-VA-MD-WV Metro Area",6436489.0
47900,"Washington-Arlington-Alexandria, DC-VA-MD-WV",51.0600.0,Fairfax city,Virginia,"Washington-Arlington-Alexandria, DC-VA-MD-WV",".Washington-Arlington-Alexandria, DC-VA-MD-WV Metro Area",6436489.0
47900,"Washington-Arlington-Alexandria, DC-VA-MD-WV",51.0610.0,Falls Church city,Virginia,"Washington-Arlington-Alexandria, DC-VA-MD-WV",".Washington-Arlington-Alexandria, DC-VA-MD-WV Metro Area",6436489.0
47900,"Washington-Arlington-Alexandria, DC-VA-MD-WV",51.0630.0,Fredericksburg city,Virginia,"Washington-Arlington-Alexandria, DC-VA-MD-WV",".Washington-Arlington-Alexandria, DC-VA-MD-WV Metro Area",6436489.0
47900,"Washington-Arlington-Alexandria, DC-VA-MD-WV",51.0683.0,Manassas city,Virginia,"Washington-Arlington-Alexandria, DC-VA-MD-WV",".Washington-Arlington-Alexandria, DC-VA-MD-WV Metro Area",6436489.0
47900,"Washington-Arlington-Alexandria, DC-VA-MD-WV",51.0685.0,Manassas Park city,Virginia,"Washington-Arlington-Alexandria, DC-VA-MD-WV",".Washington-Arlington-Alexandria, DC-VA-MD-WV Metro Area",6436489.0
47900,"Washington-Arlington-Alexandria, DC-VA-MD-WV",54.037.0,Jefferson County,West Virginia,"Washington-Arlington-Alexandria, DC-VA-MD-WV",".Washington-Arlington-Alexandria, DC-VA-MD-WV Metro Area",6436489.0
47900,"Washington-Arlington-Alexandria, DC-VA-MD-WV",24.021.0,Frederick County,Maryland,"Washington-Arlington-Alexandria, DC-VA-MD-WV",".Washington-Arlington-Alexandria, DC-VA-MD-WV Metro Area",6436489.0
47900,"Washington-Arlington-Alexandria, DC-VA-MD-WV",24.031.0,Montgomery County,Maryland,"Washington-Arlington-Alexandria, DC-VA-MD-WV",".Washington-Arlington-Alexandria, DC-VA-MD-WV Metro Area",6436489.0
47900,"Washington-Arlington-Alexandria, DC-VA-MD-WV",11.01.0,District of Columbia,District of Columbia,"Washington-Arlington-Alexandria, DC-VA-MD-WV",".Washington-Arlington-Alexandria, DC-VA-MD-WV Metro Area",6436489.0
47900,"Washington-Arlington-Alexandria, DC-VA-MD-WV",24.017.0,Charles County,Maryland,"Washington-Arlington-Alexandria, DC-VA-MD-WV",".Washington-Arlington-Alexandria, DC-VA-MD-WV Metro Area",6436489.0
47900,"Washington-Arlington-Alexandria, DC-VA-MD-WV",24.033.0,Prince George's County,Maryland,"Washington-Arlington-Alexandria, DC-VA-MD-WV",".Washington-Arlington-Alexandria, DC-VA-MD-WV Metro Area",6436489.0
47930,"Waterbury-Shelton, CT",9.0140.0,Naugatuck Valley Planning Region,Connecticut,"Waterbury-Shelton, CT",".Waterbury-Shelton, CT Metro Area",462220.0
47940,"Waterloo-Cedar Falls, IA",19.013.0,Black Hawk County,Iowa,"Waterloo-Cedar Falls, IA",".Waterloo-Cedar Falls, IA Metro Area",170081.0
47940,"Waterloo-Cedar Falls, IA",19.017.0,Bremer County,Iowa,"Waterloo-Cedar Falls, IA",".Waterloo-Cedar Falls, IA Metro Area",170081.0
47940,"Waterloo-Cedar Falls, IA",19.075.0,Grundy County,Iowa,"Waterloo-Cedar Falls, IA",".Waterloo-Cedar Falls, IA Metro Area",170081.0
48060,"Watertown-Fort Drum, NY",36.045.0,Jefferson County,New York,"Watertown-Fort Drum, NY",".Watertown-Fort Drum, NY Metro Area",113140.0
48140,"Wausau, WI",55.073.0,Marathon County,Wisconsin,"Wausau, WI",".Wausau, WI Metro Area",139091.0
48260,"Weirton-Steubenville, WV-OH",39.081.0,Jefferson County,Ohio,"Weirton-Steubenville, WV-OH",".Weirton-Steubenville, WV-OH Metro Area",113239.0
48260,"Weirton-Steubenville, WV-OH",54.09.0,Brooke County,West Virginia,"Weirton-Steubenville, WV-OH",".Weirton-Steubenville, WV-OH Metro Area",113239.0
48260,"Weirton-Steubenville, WV-OH",54.029.0,Hancock County,West Virginia,"Weirton-Steubenville, WV-OH",".Weirton-Steubenville, WV-OH Metro Area",113239.0
48300,"Wenatchee-East Wenatchee, WA",53.07.0,Chelan County,Washington,"Wenatchee-East Wenatchee, WA",".Wenatchee-East Wenatchee, WA Metro Area",127023.0
48300,"Wenatchee-East Wenatchee, WA",53.017.0,Douglas County,Washington,"Wenatchee-East Wenatchee, WA",".Wenatchee-East Wenatchee, WA Metro Area",127023.0
48540,"Wheeling, WV-OH",39.013.0,Belmont County,Ohio,"Wheeling, WV-OH",".Wheeling, WV-OH Metro Area",135136.0
48540,"Wheeling, WV-OH",54.051.0,Marshall County,West Virginia,"Wheeling, WV-OH",".Wheeling, WV-OH Metro Area",135136.0
48540,"Wheeling, WV-OH",54.069.0,Ohio County,West Virginia,"Wheeling, WV-OH",".Wheeling, WV-OH Metro Area",135136.0
48620,"Wichita, KS",20.015.0,Butler County,Kansas,"Wichita, KS",".Wichita, KS Metro Area",661217.0
48620,"Wichita, KS",20.079.0,Harvey County,Kansas,"Wichita, KS",".Wichita, KS Metro Area",661217.0
48620,"Wichita, KS",20.0173.0,Sedgwick County,Kansas,"Wichita, KS",".Wichita, KS Metro Area",661217.0
48620,"Wichita, KS",20.0191.0,Sumner County,Kansas,"Wichita, KS",".Wichita, KS Metro Area",661217.0
48660,"Wichita Falls, TX",48.09.0,Archer County,Texas,"Wichita Falls, TX",".Wichita Falls, TX Metro Area",149869.0
48660,"Wichita Falls, TX",48.077.0,Clay County,Texas,"Wichita Falls, TX",".Wichita Falls, TX Metro Area",149869.0
48660,"Wichita Falls, TX",48.0485.0,Wichita County,Texas,"Wichita Falls, TX",".Wichita Falls, TX Metro Area",149869.0
48680,"Wildwood-The Villages, FL",12.0119.0,Sumter County,Florida,"Wildwood-The Villages, FL",".Wildwood-The Villages, FL Metro Area",154693.0
48700,"Williamsport, PA",42.081.0,Lycoming County,Pennsylvania,"Williamsport, PA",".Williamsport, PA Metro Area",113236.0
48900,"Wilmington, NC",37.019.0,Brunswick County,North Carolina,"Wilmington, NC",".Wilmington, NC Metro Area",480522.0
48900,"Wilmington, NC",37.0129.0,New Hanover County,North Carolina,"Wilmington, NC",".Wilmington, NC Metro Area",480522.0
48900,"Wilmington, NC",37.0141.0,Pender County,North Carolina,"Wilmington, NC",".Wilmington, NC Metro Area",480522.0
49020,"Winchester, VA-WV",51.069.0,Frederick County,Virginia,"Winchester, VA-WV",".Winchester, VA-WV Metro Area",149702.0
49020,"Winchester, VA-WV",51.0840.0,Winchester city,Virginia,"Winchester, VA-WV",".Winchester, VA-WV Metro Area",149702.0
49020,"Winchester, VA-WV",54.027.0,Hampshire County,West Virginia,"Winchester, VA-WV",".Winchester, VA-WV Metro Area",149702.0
49180,"Winston-Salem, NC",37.057.0,Davidson County,North Carolina,"Winston-Salem, NC",".Winston-Salem, NC Metro Area",705187.0
49180,"Winston-Salem, NC",37.059.0,Davie County,North Carolina,"Winston-Salem, NC",".Winston-Salem, NC Metro Area",705187.0
49180,"Winston-Salem, NC",37.067.0,Forsyth County,North Carolina,"Winston-Salem, NC",".Winston-Salem, NC Metro Area",705187.0
49180,"Winston-Salem, NC",37.0169.0,Stokes County,North Carolina,"Winston-Salem, NC",".Winston-Salem, NC Metro Area",705187.0
49180,"Winston-Salem, NC",37.0197.0,Yadkin County,North Carolina,"Winston-Salem, NC",".Winston-Salem, NC Metro Area",705187.0
49340,"Worcester, MA",25.027.0,Worcester County,Massachusetts,"Worcester, MA",".Worcester, MA Metro Area",881248.0
49420,"Yakima, WA",53.077.0,Yakima County,Washington,"Yakima, WA",".Yakima, WA Metro Area",258523.0
49620,"York-Hanover, PA",42.0133.0,York County,Pennsylvania,"York-Hanover, PA",".York-Hanover, PA Metro Area",471240.0
49660,"Youngstown-Warren, OH",39.099.0,Mahoning County,Ohio,"Youngstown-Warren, OH",".Youngstown-Warren, OH Metro Area",426086.0
49660,"Youngstown-Warren, OH",39.0155.0,Trumbull County,Ohio,"Youngstown-Warren, OH",".Youngstown-Warren, OH Metro Area",426086.0
49700,"Yuba City, CA",6.0101.0,Sutter County,California,"Yuba City, CA",".Yuba City, CA Metro Area",186014.0
49700,"Yuba City, CA",6.0115.0,Yuba County,California,"Yuba City, CA",".Yuba City, CA Metro Area",186014.0
49740,"Yuma, AZ",4.027.0,Yuma County,Arizona,"Yuma, AZ",".Yuma, AZ Metro Area",220310.0
