county_fips,county_name,state_fips,practice_state,provider_count,unique_taxonomies,avg_provider_enum_year,recent_provider_growth,total_population,providers_per_100k
01001,"Autauga County, Alabama",01,AL,3,2,2022.3333333333333,2,58761,5.1054
01003,"Baldwin County, Alabama",01,AL,61,9,2011.0,7,233420,26.1332
01005,"Barbour County, Alabama",01,AL,1,1,2010.0,0,24877,4.0198
01007,"Bibb County, Alabama",01,AL,1,1,2006.0,0,22251,4.4942
01009,"Blount County, Alabama",01,AL,0,0,0.0,0,59077,0.0
01011,"Bullock County, Alabama",01,AL,0,0,0.0,0,10328,0.0
01013,"Butler County, Alabama",01,AL,3,2,2009.6666666666667,0,18981,15.8053
01015,"Calhoun County, Alabama",01,AL,14,4,2011.5714285714287,2,116162,12.0521
01017,"Chambers County, Alabama",01,AL,3,3,2008.6666666666667,0,34612,8.6675
01019,"Cherokee County, Alabama",01,AL,0,0,0.0,0,25069,0.0
01021,"Chilton County, Alabama",01,AL,3,3,2011.3333333333333,0,45140,6.646
01023,"Choctaw County, Alabama",01,AL,0,0,0.0,0,12669,0.0
01025,"Clarke County, Alabama",01,AL,0,0,0.0,0,23058,0.0
01027,"Clay County, Alabama",01,AL,1,1,2021.0,0,14209,7.0378
01029,"Cleburne County, Alabama",01,AL,0,0,0.0,0,15144,0.0
01031,"Coffee County, Alabama",01,AL,6,3,2008.1666666666667,0,53559,11.2026
01033,"Colbert County, Alabama",01,AL,16,4,2010.75,2,57270,27.9378
01035,"Conecuh County, Alabama",01,AL,0,0,0.0,0,11576,0.0
01037,"Coosa County, Alabama",01,AL,0,0,0.0,0,10329,0.0
01039,"Covington County, Alabama",01,AL,8,2,2008.125,0,37542,21.3095
01041,"Crenshaw County, Alabama",01,AL,2,1,2010.5,0,13205,15.1458
01043,"Cullman County, Alabama",01,AL,10,2,2011.6,0,88284,11.3271
01045,"Dale County, Alabama",01,AL,5,3,2006.8,0,49455,10.1102
01047,"Dallas County, Alabama",01,AL,8,1,2010.625,0,38326,20.8736
01049,"DeKalb County, Alabama",01,AL,7,3,2007.142857142857,0,71680,9.7656
01051,"Elmore County, Alabama",01,AL,4,2,2016.25,1,87694,4.5613
01053,"Escambia County, Alabama",01,AL,3,1,2006.0,0,36755,8.1622
01055,"Etowah County, Alabama",01,AL,14,4,2008.357142857143,0,103348,13.5465
01057,"Fayette County, Alabama",01,AL,3,1,2006.0,0,16297,18.4083
01059,"Franklin County, Alabama",01,AL,4,2,2006.0,0,32011,12.4957
01061,"Geneva County, Alabama",01,AL,0,0,0.0,0,26647,0.0
01063,"Greene County, Alabama",01,AL,0,0,0.0,0,7706,0.0
01065,"Hale County, Alabama",01,AL,0,0,0.0,0,14742,0.0
01067,"Henry County, Alabama",01,AL,0,0,0.0,0,17282,0.0
01069,"Houston County, Alabama",01,AL,50,6,2008.3,2,107040,46.7115
01071,"Jackson County, Alabama",01,AL,4,1,2006.25,0,52618,7.602
01073,"Jefferson County, Alabama",01,AL,321,10,2010.8006230529595,7,672265,47.749
01075,"Lamar County, Alabama",01,AL,0,0,0.0,0,13885,0.0
01077,"Lauderdale County, Alabama",01,AL,18,4,2008.888888888889,0,94329,19.0821
01079,"Lawrence County, Alabama",01,AL,1,1,2007.0,0,33116,3.0197
01081,"Lee County, Alabama",01,AL,29,7,2011.2413793103449,2,175126,16.5595
01083,"Limestone County, Alabama",01,AL,15,5,2010.4,0,104199,14.3955
01085,"Lowndes County, Alabama",01,AL,0,0,0.0,0,10153,0.0
01087,"Macon County, Alabama",01,AL,1,1,2017.0,0,19198,5.2089
01089,"Madison County, Alabama",01,AL,130,11,2011.9538461538461,13,389781,33.3521
01091,"Marengo County, Alabama",01,AL,0,0,0.0,0,19180,0.0
01093,"Marion County, Alabama",01,AL,1,1,2008.0,0,29203,3.4243
01095,"Marshall County, Alabama",01,AL,15,4,2010.4666666666667,0,97923,15.3182
01097,"Mobile County, Alabama",01,AL,127,10,2011.4960629921259,16,413878,30.6854
01099,"Monroe County, Alabama",01,AL,1,1,2017.0,0,19816,5.0464
01101,"Montgomery County, Alabama",01,AL,64,6,2009.875,5,228132,28.0539
01103,"Morgan County, Alabama",01,AL,25,5,2010.12,0,123102,20.3084
01105,"Perry County, Alabama",01,AL,0,0,0.0,0,8479,0.0
01107,"Pickens County, Alabama",01,AL,0,0,0.0,0,18925,0.0
01109,"Pike County, Alabama",01,AL,5,2,2010.6,0,32997,15.1529
01111,"Randolph County, Alabama",01,AL,1,1,2021.0,0,22179,4.5088
01113,"Russell County, Alabama",01,AL,4,2,2008.5,0,58849,6.7971
01115,"St. Clair County, Alabama",01,AL,0,0,0.0,0,91719,0.0
01117,"Shelby County, Alabama",01,AL,30,6,2012.2666666666667,3,223916,13.3979
01119,"Sumter County, Alabama",01,AL,0,0,0.0,0,12196,0.0
01121,"Talladega County, Alabama",01,AL,11,3,2008.2727272727273,1,81105,13.5627
01123,"Tallapoosa County, Alabama",01,AL,7,2,2007.5714285714287,0,41251,16.9693
01125,"Tuscaloosa County, Alabama",01,AL,24,4,2011.9166666666667,1,231558,10.3646
01127,"Walker County, Alabama",01,AL,9,2,2011.6666666666667,1,64978,13.8508
01129,"Washington County, Alabama",01,AL,0,0,0.0,0,15434,0.0
01131,"Wilcox County, Alabama",01,AL,0,0,0.0,0,10441,0.0
01133,"Winston County, Alabama",01,AL,0,0,0.0,0,23655,0.0
02013,"Aleutians East Borough, Alaska",02,AK,0,0,0.0,0,3407,0.0
02016,"Aleutians West Census Area, Alaska",02,AK,0,0,0.0,0,5219,0.0
02020,"Anchorage Municipality, Alaska",02,AK,183,9,2011.1639344262296,13,290674,62.9571
02050,"Bethel Census Area, Alaska",02,AK,4,2,2007.0,0,18538,21.5773
02060,"Bristol Bay Borough, Alaska",02,AK,0,0,0.0,0,854,0.0
02063,"Chugach Census Area, Alaska",02,AK,0,0,0.0,0,7000,0.0
02066,"Copper River Census Area, Alaska",02,AK,0,0,0.0,0,2614,0.0
02068,"Denali Borough, Alaska",02,AK,0,0,0.0,0,2101,0.0
02070,"Dillingham Census Area, Alaska",02,AK,0,0,0.0,0,4854,0.0
02090,"Fairbanks North Star Borough, Alaska",02,AK,16,5,2012.6875,1,96299,16.6149
02100,"Haines Borough, Alaska",02,AK,0,0,0.0,0,2079,0.0
02105,"Hoonah-Angoon Census Area, Alaska",02,AK,0,0,0.0,0,2329,0.0
02110,"Juneau City and Borough, Alaska",02,AK,20,5,2009.6,0,32108,62.2898
02122,"Kenai Peninsula Borough, Alaska",02,AK,27,3,2011.5185185185185,1,59235,45.5812
02130,"Ketchikan Gateway Borough, Alaska",02,AK,10,4,2007.2,0,13910,71.8907
02150,"Kodiak Island Borough, Alaska",02,AK,3,2,2017.6666666666667,0,13065,22.9621
02158,"Kusilvak Census Area, Alaska",02,AK,0,0,0.0,0,8372,0.0
02164,"Lake and Peninsula Borough, Alaska",02,AK,0,0,0.0,0,999,0.0
02170,"Matanuska-Susitna Borough, Alaska",02,AK,58,6,2013.344827586207,5,108661,53.377
02180,"Nome Census Area, Alaska",02,AK,1,1,2019.0,0,10018,9.982
02185,"North Slope Borough, Alaska",02,AK,0,0,0.0,0,10924,0.0
02188,"Northwest Arctic Borough, Alaska",02,AK,5,2,2007.2,0,7682,65.0872
02195,"Petersburg Borough, Alaska",02,AK,0,0,0.0,0,3374,0.0
02198,"Prince of Wales-Hyder Census Area, Alaska",02,AK,0,0,0.0,0,5799,0.0
02220,"Sitka City and Borough, Alaska",02,AK,3,3,2012.0,0,8462,35.4526
02230,"Skagway Municipality, Alaska",02,AK,0,0,0.0,0,1303,0.0
02240,"Southeast Fairbanks Census Area, Alaska",02,AK,1,1,2010.0,0,6888,14.518
02275,"Wrangell City and Borough, Alaska",02,AK,0,0,0.0,0,2134,0.0
02282,"Yakutat City and Borough, Alaska",02,AK,0,0,0.0,0,564,0.0
02290,"Yukon-Koyukuk Census Area, Alaska",02,AK,40,5,2010.625,2,5355,746.9655
04001,"Apache County, Arizona",04,AZ,44,3,2010.25,3,66054,66.6122
04003,"Cochise County, Arizona",04,AZ,28,4,2011.9642857142858,2,125504,22.31
04005,"Coconino County, Arizona",04,AZ,72,6,2010.7222222222222,5,144705,49.7564
04007,"Gila County, Arizona",04,AZ,11,4,2011.2727272727273,2,53419,20.5919
04009,"Graham County, Arizona",04,AZ,7,3,2012.4285714285713,0,38453,18.204
04011,"Greenlee County, Arizona",04,AZ,0,0,0.0,0,9483,0.0
04012,"La Paz County, Arizona",04,AZ,1,1,2010.0,0,16681,5.9948
04013,"Maricopa County, Arizona",04,AZ,1292,10,2011.2128482972137,87,4430871,29.1591
04015,"Mohave County, Arizona",04,AZ,24,5,2008.7916666666667,0,214229,11.203
04017,"Navajo County, Arizona",04,AZ,25,5,2008.88,1,107110,23.3405
04019,"Pima County, Arizona",04,AZ,316,10,2010.5822784810127,19,1042393,30.3149
04021,"Pinal County, Arizona",04,AZ,61,7,2014.1639344262296,11,433338,14.0768
04023,"Santa Cruz County, Arizona",04,AZ,8,3,2011.625,1,47838,16.7231
04025,"Yavapai County, Arizona",04,AZ,44,6,2011.2954545454545,2,237830,18.5006
04027,"Yuma County, Arizona",04,AZ,48,5,2009.9583333333333,3,204374,23.4864
05001,"Arkansas County, Arkansas",05,AR,3,1,2013.3333333333333,0,17024,17.6222
05003,"Ashley County, Arkansas",05,AR,5,1,2005.4,0,19018,26.2909
05005,"Baxter County, Arkansas",05,AR,10,4,2012.0,0,41801,23.9229
05007,"Benton County, Arkansas",05,AR,65,7,2011.876923076923,4,286528,22.6854
05009,"Boone County, Arkansas",05,AR,10,6,2009.2,0,37662,26.552
05011,"Bradley County, Arkansas",05,AR,1,1,2010.0,0,10461,9.5593
05013,"Calhoun County, Arkansas",05,AR,0,0,0.0,0,4773,0.0
05015,"Carroll County, Arkansas",05,AR,4,2,2007.0,0,28362,14.1034
05017,"Chicot County, Arkansas",05,AR,1,1,2006.0,0,10234,9.7714
05019,"Clark County, Arkansas",05,AR,7,2,2007.4285714285713,0,21469,32.6052
05021,"Clay County, Arkansas",05,AR,0,0,0.0,0,14537,0.0
05023,"Cleburne County, Arkansas",05,AR,1,1,2025.0,1,24948,4.0083
05025,"Cleveland County, Arkansas",05,AR,0,0,0.0,0,7548,0.0
05027,"Columbia County, Arkansas",05,AR,3,3,2010.6666666666667,0,22707,13.2118
05029,"Conway County, Arkansas",05,AR,1,1,2013.0,0,20782,4.8119
05031,"Craighead County, Arkansas",05,AR,25,5,2009.32,1,111038,22.5148
05033,"Crawford County, Arkansas",05,AR,1,1,2007.0,0,60593,1.6504
05035,"Crittenden County, Arkansas",05,AR,5,1,2008.0,0,47945,10.4286
05037,"Cross County, Arkansas",05,AR,1,1,2006.0,0,16827,5.9428
05039,"Dallas County, Arkansas",05,AR,0,0,0.0,0,6472,0.0
05041,"Desha County, Arkansas",05,AR,0,0,0.0,0,11285,0.0
05043,"Drew County, Arkansas",05,AR,3,2,2006.3333333333333,0,17309,17.332
05045,"Faulkner County, Arkansas",05,AR,31,5,2011.967741935484,1,124611,24.8774
05047,"Franklin County, Arkansas",05,AR,0,0,0.0,0,17160,0.0
05049,"Fulton County, Arkansas",05,AR,0,0,0.0,0,12183,0.0
05051,"Garland County, Arkansas",05,AR,18,5,2009.0555555555557,2,100021,17.9962
05053,"Grant County, Arkansas",05,AR,1,1,2020.0,0,18022,5.5488
05055,"Greene County, Arkansas",05,AR,7,2,2006.5714285714287,0,45954,15.2326
05057,"Hempstead County, Arkansas",05,AR,2,2,2006.5,0,20037,9.9815
05059,"Hot Spring County, Arkansas",05,AR,2,1,2009.5,0,33129,6.037
05061,"Howard County, Arkansas",05,AR,0,0,0.0,0,12779,0.0
05063,"Independence County, Arkansas",05,AR,11,3,2009.7272727272727,0,37910,29.0161
05065,"Izard County, Arkansas",05,AR,0,0,0.0,0,13748,0.0
05067,"Jackson County, Arkansas",05,AR,5,1,2009.2,0,16784,29.7903
05069,"Jefferson County, Arkansas",05,AR,16,4,2009.9375,0,66934,23.9041
05071,"Johnson County, Arkansas",05,AR,3,1,2011.0,0,25925,11.5718
05073,"Lafayette County, Arkansas",05,AR,1,1,2011.0,0,6277,15.9312
05075,"Lawrence County, Arkansas",05,AR,0,0,0.0,0,16258,0.0
05077,"Lee County, Arkansas",05,AR,1,1,2008.0,0,8666,11.5393
05079,"Lincoln County, Arkansas",05,AR,0,0,0.0,0,13016,0.0
05081,"Little River County, Arkansas",05,AR,1,1,2006.0,0,12024,8.3167
05083,"Logan County, Arkansas",05,AR,0,0,0.0,0,21247,0.0
05085,"Lonoke County, Arkansas",05,AR,3,3,2007.0,0,74292,4.0381
05087,"Madison County, Arkansas",05,AR,1,1,2007.0,0,16737,5.9748
05089,"Marion County, Arkansas",05,AR,0,0,0.0,0,16905,0.0
05091,"Miller County, Arkansas",05,AR,2,1,2009.0,0,42682,4.6858
05093,"Mississippi County, Arkansas",05,AR,3,3,2008.6666666666667,0,40361,7.4329
05095,"Monroe County, Arkansas",05,AR,0,0,0.0,0,6787,0.0
05097,"Montgomery County, Arkansas",05,AR,1,1,2012.0,0,8555,11.6891
05099,"Nevada County, Arkansas",05,AR,0,0,0.0,0,8292,0.0
05101,"Newton County, Arkansas",05,AR,0,0,0.0,0,7243,0.0
05103,"Ouachita County, Arkansas",05,AR,2,1,2006.0,0,22606,8.8472
05105,"Perry County, Arkansas",05,AR,0,0,0.0,0,10055,0.0
05107,"Phillips County, Arkansas",05,AR,3,3,2006.6666666666667,0,16373,18.3228
05109,"Pike County, Arkansas",05,AR,1,1,2006.0,0,10205,9.7991
05111,"Poinsett County, Arkansas",05,AR,1,1,2006.0,0,22997,4.3484
05113,"Polk County, Arkansas",05,AR,3,2,2012.3333333333333,1,19384,15.4767
05115,"Pope County, Arkansas",05,AR,14,3,2007.642857142857,0,63475,22.0559
05117,"Prairie County, Arkansas",05,AR,0,0,0.0,0,8217,0.0
05119,"Pulaski County, Arkansas",05,AR,190,11,2010.0736842105264,7,398322,47.7001
05121,"Randolph County, Arkansas",05,AR,0,0,0.0,0,18619,0.0
05123,"St. Francis County, Arkansas",05,AR,3,2,2010.3333333333333,0,23138,12.9657
05125,"Saline County, Arkansas",05,AR,12,4,2009.0833333333333,0,123988,9.6784
05127,"Scott County, Arkansas",05,AR,0,0,0.0,0,9871,0.0
05129,"Searcy County, Arkansas",05,AR,0,0,0.0,0,7880,0.0
05131,"Sebastian County, Arkansas",05,AR,40,6,2011.3,5,128184,31.2051
05133,"Sevier County, Arkansas",05,AR,3,2,2012.0,0,15913,18.8525
05135,"Sharp County, Arkansas",05,AR,1,1,2017.0,0,17422,5.7399
05137,"Stone County, Arkansas",05,AR,0,0,0.0,0,12393,0.0
05139,"Union County, Arkansas",05,AR,5,2,2009.2,0,38815,12.8816
05141,"Van Buren County, Arkansas",05,AR,1,1,2013.0,0,15900,6.2893
05143,"Washington County, Arkansas",05,AR,69,8,2009.8840579710145,2,247331,27.8978
05145,"White County, Arkansas",05,AR,9,3,2009.5555555555557,0,77118,11.6704
05147,"Woodruff County, Arkansas",05,AR,0,0,0.0,0,6259,0.0
05149,"Yell County, Arkansas",05,AR,0,0,0.0,0,20342,0.0
06001,"Alameda County, California",06,CA,569,11,2009.688927943761,17,1663823,34.1983
06003,"Alpine County, California",06,CA,1,1,2020.0,0,1515,66.0066
06005,"Amador County, California",06,CA,7,4,2007.142857142857,0,40577,17.2512
06007,"Butte County, California",06,CA,63,8,2010.7936507936508,2,213605,29.4937
06009,"Calaveras County, California",06,CA,2,2,2013.0,0,45674,4.3789
06011,"Colusa County, California",06,CA,0,0,0.0,0,21811,0.0
06013,"Contra Costa County, California",06,CA,294,11,2009.799319727891,6,1162648,25.2871
06015,"Del Norte County, California",06,CA,5,4,2007.8,0,27462,18.207
06017,"El Dorado County, California",06,CA,33,6,2010.1515151515152,4,191713,17.2132
06019,"Fresno County, California",06,CA,223,10,2009.986547085202,12,1008280,22.1169
06021,"Glenn County, California",06,CA,0,0,0.0,0,28657,0.0
06023,"Humboldt County, California",06,CA,57,6,2010.4035087719299,1,136132,41.8711
06025,"Imperial County, California",06,CA,32,7,2010.4375,0,179578,17.8196
06027,"Inyo County, California",06,CA,0,0,0.0,0,18829,0.0
06029,"Kern County, California",06,CA,160,12,2010.225,11,906883,17.6428
06031,"Kings County, California",06,CA,20,5,2012.65,2,152515,13.1135
06033,"Lake County, California",06,CA,11,4,2008.3636363636363,0,68024,16.1708
06035,"Lassen County, California",06,CA,3,3,2007.6666666666667,0,31873,9.4124
06037,"Los Angeles County, California",06,CA,2623,12,2010.2451391536408,90,9936690,26.3971
06039,"Madera County, California",06,CA,25,6,2009.2,0,157243,15.899
06041,"Marin County, California",06,CA,112,7,2010.7589285714287,6,260485,42.9967
06043,"Mariposa County, California",06,CA,2,2,2022.5,1,17130,11.6754
06045,"Mendocino County, California",06,CA,36,5,2010.638888888889,2,91145,39.4975
06047,"Merced County, California",06,CA,34,6,2009.0,0,282290,12.0444
06049,"Modoc County, California",06,CA,0,0,0.0,0,8651,0.0
06051,"Mono County, California",06,CA,15,3,2011.0,2,13219,113.473
06053,"Monterey County, California",06,CA,103,6,2010.0,4,437609,23.537
06055,"Napa County, California",06,CA,51,6,2008.5098039215686,0,137384,37.1222
06057,"Nevada County, California",06,CA,36,4,2010.9722222222222,2,102322,35.183
06059,"Orange County, California",06,CA,882,12,2010.1337868480725,25,3175227,27.7775
06061,"Placer County, California",06,CA,106,8,2010.2358490566037,3,406608,26.0693
06063,"Plumas County, California",06,CA,1,1,2012.0,0,19650,5.0891
06065,"Riverside County, California",06,CA,349,11,2010.2951289398281,18,2429487,14.3652
06067,"Sacramento County, California",06,CA,433,10,2009.367205542725,10,1579211,27.4188
06069,"San Benito County, California",06,CA,6,2,2007.0,0,64753,9.266
06071,"San Bernardino County, California",06,CA,384,12,2010.6901041666667,12,2180563,17.6101
06073,"San Diego County, California",06,CA,1044,11,2010.3726053639846,45,3289701,31.7354
06075,"San Francisco County, California",06,CA,400,10,2010.0425,14,851036,47.0015
06077,"San Joaquin County, California",06,CA,129,8,2009.4961240310076,8,779445,16.5502
06079,"San Luis Obispo County, California",06,CA,97,9,2010.4432989690722,7,281712,34.4323
06081,"San Mateo County, California",06,CA,193,9,2009.9637305699482,6,754250,25.5883
06083,"Santa Barbara County, California",06,CA,156,10,2010.378205128205,4,445213,35.0394
06085,"Santa Clara County, California",06,CA,700,11,2009.6242857142856,15,1916831,36.5186
06087,"Santa Cruz County, California",06,CA,107,7,2011.2242990654206,7,268571,39.8405
06089,"Shasta County, California",06,CA,42,5,2013.0238095238096,3,181852,23.0957
06091,"Sierra County, California",06,CA,0,0,0.0,0,2916,0.0
06093,"Siskiyou County, California",06,CA,7,3,2009.4285714285713,0,44049,15.8914
06095,"Solano County, California",06,CA,97,7,2009.7422680412371,6,450995,21.508
06097,"Sonoma County, California",06,CA,125,7,2009.368,2,488436,25.5919
06099,"Stanislaus County, California",06,CA,112,9,2008.75,0,552063,20.2875
06101,"Sutter County, California",06,CA,29,4,2009.655172413793,0,99101,29.2631
06103,"Tehama County, California",06,CA,13,3,2010.4615384615386,0,65484,19.8522
06105,"Trinity County, California",06,CA,2,1,2017.0,0,15889,12.5873
06107,"Tulare County, California",06,CA,88,7,2010.9204545454545,10,473446,18.5871
06109,"Tuolumne County, California",06,CA,19,5,2011.8947368421052,1,54993,34.5499
06111,"Ventura County, California",06,CA,223,12,2009.9641255605382,10,842009,26.4843
06113,"Yolo County, California",06,CA,67,4,2010.6268656716418,5,217141,30.8555
06115,"Yuba County, California",06,CA,11,4,2012.909090909091,2,81705,13.4631
08001,"Adams County, Colorado",08,CO,310,10,2011.6612903225807,16,520149,59.5983
08003,"Alamosa County, Colorado",08,CO,10,3,2009.7,0,16460,60.7533
08005,"Arapahoe County, Colorado",08,CO,259,9,2011.7220077220077,19,654453,39.575
08007,"Archuleta County, Colorado",08,CO,2,2,2018.5,0,13509,14.8049
08009,"Baca County, Colorado",08,CO,0,0,0.0,0,3496,0.0
08011,"Bent County, Colorado",08,CO,1,1,2025.0,1,5561,17.9824
08013,"Boulder County, Colorado",08,CO,184,9,2011.1576086956522,13,328658,55.9852
08014,"Broomfield County, Colorado",08,CO,13,5,2010.6153846153845,2,73946,17.5804
08015,"Chaffee County, Colorado",08,CO,9,4,2013.4444444444443,1,19564,46.0029
08017,"Cheyenne County, Colorado",08,CO,0,0,0.0,0,1726,0.0
08019,"Clear Creek County, Colorado",08,CO,5,3,2016.4,2,9403,53.1745
08021,"Conejos County, Colorado",08,CO,1,1,2008.0,0,7553,13.2398
08023,"Costilla County, Colorado",08,CO,0,0,0.0,0,3534,0.0
08025,"Crowley County, Colorado",08,CO,0,0,0.0,0,5782,0.0
08027,"Custer County, Colorado",08,CO,0,0,0.0,0,4885,0.0
08029,"Delta County, Colorado",08,CO,7,2,2010.7142857142858,0,31173,22.4553
08031,"Denver County, Colorado",08,CO,456,11,2011.344298245614,29,710800,64.1531
08033,"Dolores County, Colorado",08,CO,1,1,2006.0,0,2329,42.9369
08035,"Douglas County, Colorado",08,CO,191,11,2012.8167539267015,19,360206,53.0252
08037,"Eagle County, Colorado",08,CO,21,5,2012.047619047619,1,55650,37.7358
08039,"Elbert County, Colorado",08,CO,4,2,2010.0,0,26457,15.1189
08041,"El Paso County, Colorado",08,CO,266,10,2011.8045112781954,28,730323,36.4222
08043,"Fremont County, Colorado",08,CO,6,1,2011.6666666666667,0,49107,12.2182
08045,"Garfield County, Colorado",08,CO,26,6,2010.7307692307693,0,61683,42.151
08047,"Gilpin County, Colorado",08,CO,0,0,0.0,0,5856,0.0
08049,"Grand County, Colorado",08,CO,4,2,2011.25,0,15724,25.4388
08051,"Gunnison County, Colorado",08,CO,8,4,2015.0,1,17018,47.009
08053,"Hinsdale County, Colorado",08,CO,0,0,0.0,0,911,0.0
08055,"Huerfano County, Colorado",08,CO,0,0,0.0,0,6896,0.0
08057,"Jackson County, Colorado",08,CO,0,0,0.0,0,1440,0.0
08059,"Jefferson County, Colorado",08,CO,131,8,2011.4351145038167,7,580519,22.566
08061,"Kiowa County, Colorado",08,CO,1,1,2006.0,0,1347,74.239
08063,"Kit Carson County, Colorado",08,CO,1,1,2020.0,0,7039,14.2066
08065,"Lake County, Colorado",08,CO,0,0,0.0,0,7403,0.0
08067,"La Plata County, Colorado",08,CO,37,6,2009.7837837837837,0,55983,66.0915
08069,"Larimer County, Colorado",08,CO,121,10,2013.2314049586778,10,359363,33.6707
08071,"Las Animas County, Colorado",08,CO,1,1,2006.0,0,14422,6.9339
08073,"Lincoln County, Colorado",08,CO,2,1,2021.5,0,5583,35.823
08075,"Logan County, Colorado",08,CO,4,2,2009.5,0,21302,18.7776
08077,"Mesa County, Colorado",08,CO,59,7,2011.1016949152543,2,156131,37.7888
08079,"Mineral County, Colorado",08,CO,0,0,0.0,0,794,0.0
08081,"Moffat County, Colorado",08,CO,2,1,2010.5,0,13232,15.1149
08083,"Montezuma County, Colorado",08,CO,11,4,2011.1818181818182,0,26070,42.1941
08085,"Montrose County, Colorado",08,CO,28,5,2013.2142857142858,5,42823,65.3854
08087,"Morgan County, Colorado",08,CO,4,2,2010.25,0,29045,13.7717
08089,"Otero County, Colorado",08,CO,1,1,2018.0,0,18580,5.3821
08091,"Ouray County, Colorado",08,CO,4,2,2013.0,0,4936,81.0373
08093,"Park County, Colorado",08,CO,0,0,0.0,0,17597,0.0
08095,"Phillips County, Colorado",08,CO,0,0,0.0,0,4493,0.0
08097,"Pitkin County, Colorado",08,CO,9,3,2008.0,0,17325,51.9481
08099,"Prowers County, Colorado",08,CO,3,1,2009.6666666666667,0,11968,25.0668
08101,"Pueblo County, Colorado",08,CO,51,8,2011.2745098039215,5,168135,30.3328
08103,"Rio Blanco County, Colorado",08,CO,7,3,2008.857142857143,1,6511,107.5104
08105,"Rio Grande County, Colorado",08,CO,6,3,2011.8333333333333,0,11442,52.4384
08107,"Routt County, Colorado",08,CO,13,4,2012.0,1,24944,52.1167
08109,"Saguache County, Colorado",08,CO,1,1,2012.0,0,6454,15.4943
08111,"San Juan County, Colorado",08,CO,0,0,0.0,0,690,0.0
08113,"San Miguel County, Colorado",08,CO,1,1,2021.0,0,8082,12.3732
08115,"Sedgwick County, Colorado",08,CO,0,0,0.0,0,2391,0.0
08117,"Summit County, Colorado",08,CO,14,2,2011.0,0,30955,45.2269
08119,"Teller County, Colorado",08,CO,1,1,2016.0,0,24758,4.0391
08121,"Washington County, Colorado",08,CO,0,0,0.0,0,4817,0.0
08123,"Weld County, Colorado",08,CO,58,7,2011.7413793103449,1,331466,17.498
08125,"Yuma County, Colorado",08,CO,1,1,2005.0,0,9938,10.0624
09110,"Capitol Planning Region, Connecticut",09,CT,0,0,0.0,0,977165,0.0
09120,"Greater Bridgeport Planning Region, Connecticut",09,CT,0,0,0.0,0,326381,0.0
09130,"Lower Connecticut River Valley Planning Region, Connecticut",09,CT,0,0,0.0,0,175244,0.0
09140,"Naugatuck Valley Planning Region, Connecticut",09,CT,0,0,0.0,0,451887,0.0
09150,"Northeastern Connecticut Planning Region, Connecticut",09,CT,0,0,0.0,0,95687,0.0
09160,"Northwest Hills Planning Region, Connecticut",09,CT,0,0,0.0,0,112696,0.0
09170,"South Central Connecticut Planning Region, Connecticut",09,CT,0,0,0.0,0,571298,0.0
09180,"Southeastern Connecticut Planning Region, Connecticut",09,CT,0,0,0.0,0,280293,0.0
09190,"Western Connecticut Planning Region, Connecticut",09,CT,0,0,0.0,0,620666,0.0
10001,"Kent County, Delaware",10,DE,39,6,2009.4358974358975,4,182400,21.3816
10003,"New Castle County, Delaware",10,DE,206,11,2010.131067961165,9,570567,36.1044
10005,"Sussex County, Delaware",10,DE,67,6,2009.8059701492537,2,240668,27.8392
11001,"District of Columbia, District of Columbia",11,DC,409,10,2011.1638141809292,16,670587,60.9913
12001,"Alachua County, Florida",12,FL,173,10,2011.2658959537573,9,279729,61.8456
12003,"Baker County, Florida",12,FL,1,1,2016.0,0,27969,3.5754
12005,"Bay County, Florida",12,FL,52,8,2010.9615384615386,5,181055,28.7206
12007,"Bradford County, Florida",12,FL,2,2,2009.5,0,27816,7.1901
12009,"Brevard County, Florida",12,FL,151,10,2010.1920529801325,7,610723,24.7248
12011,"Broward County, Florida",12,FL,680,11,2011.210294117647,45,1940907,35.0352
12013,"Calhoun County, Florida",12,FL,0,0,0.0,0,13753,0.0
12015,"Charlotte County, Florida",12,FL,37,7,2010.6486486486488,3,189900,19.4839
12017,"Citrus County, Florida",12,FL,24,5,2009.125,2,155173,15.4666
12019,"Clay County, Florida",12,FL,67,7,2014.4626865671642,3,219650,30.5031
12021,"Collier County, Florida",12,FL,115,10,2008.7739130434782,0,380221,30.2456
12023,"Columbia County, Florida",12,FL,8,3,2011.0,0,69832,11.4561
12027,"DeSoto County, Florida",12,FL,3,1,2013.3333333333333,1,34258,8.7571
12029,"Dixie County, Florida",12,FL,0,0,0.0,0,16737,0.0
12031,"Duval County, Florida",12,FL,389,10,2011.7377892030847,27,995708,39.0677
12033,"Escambia County, Florida",12,FL,177,9,2012.316384180791,24,321296,55.0894
12035,"Flagler County, Florida",12,FL,16,6,2009.875,1,117515,13.6153
12037,"Franklin County, Florida",12,FL,1,1,2006.0,0,12276,8.146
12039,"Gadsden County, Florida",12,FL,5,3,2007.0,0,43746,11.4296
12041,"Gilchrist County, Florida",12,FL,1,1,2018.0,0,18070,5.534
12043,"Glades County, Florida",12,FL,1,1,2007.0,0,12179,8.2109
12045,"Gulf County, Florida",12,FL,0,0,0.0,0,15002,0.0
12047,"Hamilton County, Florida",12,FL,0,0,0.0,0,13492,0.0
12049,"Hardee County, Florida",12,FL,3,2,2005.3333333333333,0,25528,11.7518
12051,"Hendry County, Florida",12,FL,5,4,2013.0,0,39902,12.5307
12053,"Hernando County, Florida",12,FL,41,8,2011.121951219512,2,196621,20.8523
12055,"Highlands County, Florida",12,FL,15,4,2011.9333333333334,0,102339,14.6572
12057,"Hillsborough County, Florida",12,FL,587,10,2010.6831345826236,35,1468560,39.9711
12059,"Holmes County, Florida",12,FL,1,1,2012.0,0,19529,5.1206
12061,"Indian River County, Florida",12,FL,40,6,2010.725,4,160986,24.8469
12063,"Jackson County, Florida",12,FL,2,2,2005.5,0,47704,4.1925
12065,"Jefferson County, Florida",12,FL,0,0,0.0,0,14458,0.0
12067,"Lafayette County, Florida",12,FL,2,1,2018.5,1,8107,24.67
12069,"Lake County, Florida",12,FL,64,7,2010.96875,3,386829,16.5448
12071,"Lee County, Florida",12,FL,200,9,2010.96,14,772902,25.8765
12073,"Leon County, Florida",12,FL,103,10,2011.2233009708739,7,294128,35.0188
12075,"Levy County, Florida",12,FL,3,2,2017.6666666666667,0,43268,6.9335
12077,"Liberty County, Florida",12,FL,2,2,2006.5,0,7704,25.9605
12079,"Madison County, Florida",12,FL,0,0,0.0,0,17986,0.0
12081,"Manatee County, Florida",12,FL,99,9,2010.4141414141413,10,405069,24.4403
12083,"Marion County, Florida",12,FL,75,6,2010.2133333333334,4,378225,19.8295
12085,"Martin County, Florida",12,FL,65,8,2011.553846153846,4,159399,40.7782
12086,"Miami-Dade County, Florida",12,FL,743,10,2011.1897711978465,31,2688237,27.6389
12087,"Monroe County, Florida",12,FL,16,5,2010.3125,2,82044,19.5017
12089,"Nassau County, Florida",12,FL,16,5,2012.3125,0,91538,17.4791
12091,"Okaloosa County, Florida",12,FL,89,6,2011.1573033707866,2,212021,41.977
12093,"Okeechobee County, Florida",12,FL,9,4,2006.6666666666667,0,39870,22.5734
12095,"Orange County, Florida",12,FL,629,11,2011.7726550079492,40,1427403,44.066
12097,"Osceola County, Florida",12,FL,124,10,2012.725806451613,9,393745,31.4925
12099,"Palm Beach County, Florida",12,FL,564,11,2011.5531914893618,30,1494805,37.7307
12101,"Pasco County, Florida",12,FL,95,9,2012.0,5,569211,16.6898
12103,"Pinellas County, Florida",12,FL,318,10,2010.874213836478,10,959918,33.1278
12105,"Polk County, Florida",12,FL,154,11,2012.2792207792209,17,736229,20.9174
12107,"Putnam County, Florida",12,FL,9,4,2013.3333333333333,2,73604,12.2276
12109,"St. Johns County, Florida",12,FL,84,7,2013.1785714285713,11,278722,30.1376
12111,"St. Lucie County, Florida",12,FL,77,8,2013.8181818181818,8,334682,23.0069
12113,"Santa Rosa County, Florida",12,FL,30,5,2012.2666666666667,2,188994,15.8735
12115,"Sarasota County, Florida",12,FL,171,10,2011.029239766082,9,439392,38.9174
12117,"Seminole County, Florida",12,FL,198,9,2012.479797979798,12,471321,42.0096
12119,"Sumter County, Florida",12,FL,14,4,2007.2142857142858,0,131832,10.6196
12121,"Suwannee County, Florida",12,FL,4,2,2017.75,0,43881,9.1156
12123,"Taylor County, Florida",12,FL,1,1,2006.0,0,21421,4.6683
12125,"Union County, Florida",12,FL,0,0,0.0,0,15524,0.0
12127,"Volusia County, Florida",12,FL,109,8,2011.6422018348624,10,558520,19.5159
12129,"Wakulla County, Florida",12,FL,2,1,2007.0,0,33732,5.9291
12131,"Walton County, Florida",12,FL,13,5,2012.6153846153845,0,76618,16.9673
12133,"Washington County, Florida",12,FL,2,1,2021.0,0,25014,7.9955
13001,"Appling County, Georgia",13,GA,4,2,2010.75,0,18441,21.6908
13003,"Atkinson County, Georgia",13,GA,0,0,0.0,0,8265,0.0
13005,"Bacon County, Georgia",13,GA,3,2,2010.3333333333333,0,11138,26.9348
13007,"Baker County, Georgia",13,GA,0,0,0.0,0,2878,0.0
13009,"Baldwin County, Georgia",13,GA,15,5,2012.0,4,43778,34.2638
13011,"Banks County, Georgia",13,GA,0,0,0.0,0,18381,0.0
13013,"Barrow County, Georgia",13,GA,3,2,2015.0,0,84399,3.5545
13015,"Bartow County, Georgia",13,GA,17,3,2011.4117647058824,1,109410,15.5379
13017,"Ben Hill County, Georgia",13,GA,2,1,2006.0,0,17169,11.6489
13019,"Berrien County, Georgia",13,GA,1,1,2014.0,0,18187,5.4984
13021,"Bibb County, Georgia",13,GA,75,9,2009.9066666666668,3,156554,47.9068
13023,"Bleckley County, Georgia",13,GA,0,0,0.0,0,12413,0.0
13025,"Brantley County, Georgia",13,GA,0,0,0.0,0,18105,0.0
13027,"Brooks County, Georgia",13,GA,0,0,0.0,0,16275,0.0
13029,"Bryan County, Georgia",13,GA,9,4,2011.3333333333333,1,44995,20.0022
13031,"Bulloch County, Georgia",13,GA,23,4,2009.2608695652175,2,79829,28.8116
13033,"Burke County, Georgia",13,GA,1,1,2008.0,0,24337,4.109
13035,"Butts County, Georgia",13,GA,1,1,2015.0,0,25522,3.9182
13037,"Calhoun County, Georgia",13,GA,1,1,2006.0,0,5594,17.8763
13039,"Camden County, Georgia",13,GA,17,3,2009.3529411764705,0,55105,30.8502
13043,"Candler County, Georgia",13,GA,0,0,0.0,0,10946,0.0
13045,"Carroll County, Georgia",13,GA,37,5,2008.3513513513512,0,120060,30.8179
13047,"Catoosa County, Georgia",13,GA,6,3,2011.1666666666667,0,68052,8.8168
13049,"Charlton County, Georgia",13,GA,0,0,0.0,0,12547,0.0
13051,"Chatham County, Georgia",13,GA,132,10,2010.3484848484848,6,296266,44.5546
13053,"Chattahoochee County, Georgia",13,GA,8,5,2008.25,0,9402,85.0883
13055,"Chattooga County, Georgia",13,GA,1,1,2006.0,0,24902,4.0157
13057,"Cherokee County, Georgia",13,GA,51,5,2010.4117647058824,4,268567,18.9897
13059,"Clarke County, Georgia",13,GA,79,8,2010.7215189873418,6,128864,61.3049
13061,"Clay County, Georgia",13,GA,0,0,0.0,0,2855,0.0
13063,"Clayton County, Georgia",13,GA,54,6,2011.2592592592594,3,296312,18.224
13065,"Clinch County, Georgia",13,GA,0,0,0.0,0,6713,0.0
13067,"Cobb County, Georgia",13,GA,268,10,2009.5223880597016,13,765813,34.9955
13069,"Coffee County, Georgia",13,GA,9,2,2008.7777777777778,0,43056,20.903
13071,"Colquitt County, Georgia",13,GA,19,7,2013.3684210526317,1,45813,41.4729
13073,"Columbia County, Georgia",13,GA,8,3,2010.0,0,156921,5.0981
13075,"Cook County, Georgia",13,GA,0,0,0.0,0,17242,0.0
13077,"Coweta County, Georgia",13,GA,33,6,2009.8484848484848,1,147449,22.3806
13079,"Crawford County, Georgia",13,GA,0,0,0.0,0,12156,0.0
13081,"Crisp County, Georgia",13,GA,18,3,2014.8333333333333,4,20255,88.8669
13083,"Dade County, Georgia",13,GA,0,0,0.0,0,16239,0.0
13085,"Dawson County, Georgia",13,GA,5,3,2012.4,0,27355,18.2782
13087,"Decatur County, Georgia",13,GA,6,2,2007.8333333333333,0,29063,20.6448
13089,"DeKalb County, Georgia",13,GA,235,9,2011.3531914893617,15,761209,30.8719
13091,"Dodge County, Georgia",13,GA,5,3,2007.2,0,19977,25.0288
13093,"Dooly County, Georgia",13,GA,0,0,0.0,0,11236,0.0
13095,"Dougherty County, Georgia",13,GA,47,7,2010.404255319149,4,85038,55.2694
13097,"Douglas County, Georgia",13,GA,34,7,2009.1176470588234,0,144735,23.4912
13099,"Early County, Georgia",13,GA,0,0,0.0,0,10753,0.0
13101,"Echols County, Georgia",13,GA,1,1,2012.0,0,3707,26.976
13103,"Effingham County, Georgia",13,GA,7,4,2008.142857142857,0,65314,10.7175
13105,"Elbert County, Georgia",13,GA,2,2,2009.5,0,19570,10.2197
13107,"Emanuel County, Georgia",13,GA,1,1,2007.0,0,22907,4.3655
13109,"Evans County, Georgia",13,GA,4,1,2006.5,0,10759,37.1782
13111,"Fannin County, Georgia",13,GA,2,2,2006.0,0,25436,7.8629
13113,"Fayette County, Georgia",13,GA,77,7,2010.8311688311687,4,119259,64.5654
13115,"Floyd County, Georgia",13,GA,26,2,2009.4615384615386,0,98541,26.385
13117,"Forsyth County, Georgia",13,GA,29,5,2010.1379310344828,2,253225,11.4523
13119,"Franklin County, Georgia",13,GA,5,1,2007.2,0,23480,21.2947
13121,"Fulton County, Georgia",13,GA,798,11,2010.8195488721803,45,1061944,75.1452
13123,"Gilmer County, Georgia",13,GA,2,2,2012.0,0,31519,6.3454
13125,"Glascock County, Georgia",13,GA,0,0,0.0,0,2903,0.0
13127,"Glynn County, Georgia",13,GA,20,4,2008.85,2,84566,23.6502
13129,"Gordon County, Georgia",13,GA,13,6,2012.2307692307693,3,57785,22.4972
13131,"Grady County, Georgia",13,GA,2,1,2011.0,0,26075,7.6702
13133,"Greene County, Georgia",13,GA,7,2,2011.2857142857142,0,19020,36.8034
13135,"Gwinnett County, Georgia",13,GA,249,11,2010.9036144578313,19,957977,25.9923
13137,"Habersham County, Georgia",13,GA,9,3,2010.5555555555557,1,46326,19.4275
13139,"Hall County, Georgia",13,GA,75,9,2010.08,2,204953,36.5938
13141,"Hancock County, Georgia",13,GA,0,0,0.0,0,8588,0.0
13143,"Haralson County, Georgia",13,GA,0,0,0.0,0,30178,0.0
13145,"Harris County, Georgia",13,GA,0,0,0.0,0,34914,0.0
13147,"Hart County, Georgia",13,GA,0,0,0.0,0,26110,0.0
13149,"Heard County, Georgia",13,GA,0,0,0.0,0,11489,0.0
13151,"Henry County, Georgia",13,GA,60,7,2011.7333333333333,4,240853,24.9115
13153,"Houston County, Georgia",13,GA,45,5,2011.1555555555556,5,164117,27.4195
13155,"Irwin County, Georgia",13,GA,0,0,0.0,0,9487,0.0
13157,"Jackson County, Georgia",13,GA,13,4,2010.8461538461538,0,77033,16.8759
13159,"Jasper County, Georgia",13,GA,0,0,0.0,0,14882,0.0
13161,"Jeff Davis County, Georgia",13,GA,2,1,2017.0,0,14791,13.5217
13163,"Jefferson County, Georgia",13,GA,0,0,0.0,0,15591,0.0
13165,"Jenkins County, Georgia",13,GA,0,0,0.0,0,8704,0.0
13167,"Johnson County, Georgia",13,GA,0,0,0.0,0,9225,0.0
13169,"Jones County, Georgia",13,GA,18,5,2008.1666666666667,0,28382,63.4205
13171,"Lamar County, Georgia",13,GA,2,1,2007.0,0,18676,10.7089
13173,"Lanier County, Georgia",13,GA,0,0,0.0,0,9964,0.0
13175,"Laurens County, Georgia",13,GA,15,4,2010.3333333333333,1,49407,30.3601
13177,"Lee County, Georgia",13,GA,0,0,0.0,0,32968,0.0
13179,"Liberty County, Georgia",13,GA,37,5,2008.972972972973,0,65550,56.4455
13181,"Lincoln County, Georgia",13,GA,0,0,0.0,0,7726,0.0
13183,"Long County, Georgia",13,GA,1,1,2007.0,0,16804,5.951
13185,"Lowndes County, Georgia",13,GA,31,6,2010.3870967741937,2,118257,26.2141
13187,"Lumpkin County, Georgia",13,GA,5,5,2010.0,1,33405,14.9678
13189,"McDuffie County, Georgia",13,GA,0,0,0.0,0,21715,0.0
13191,"McIntosh County, Georgia",13,GA,2,2,2007.5,0,11183,17.8843
13193,"Macon County, Georgia",13,GA,1,1,2025.0,1,12099,8.2651
13195,"Madison County, Georgia",13,GA,1,1,2016.0,0,30378,3.2919
13197,"Marion County, Georgia",13,GA,0,0,0.0,0,7508,0.0
13199,"Meriwether County, Georgia",13,GA,0,0,0.0,0,20679,0.0
13201,"Miller County, Georgia",13,GA,0,0,0.0,0,5923,0.0
13205,"Mitchell County, Georgia",13,GA,0,0,0.0,0,21634,0.0
13207,"Monroe County, Georgia",13,GA,1,1,2020.0,0,28287,3.5352
13209,"Montgomery County, Georgia",13,GA,0,0,0.0,0,8687,0.0
13211,"Morgan County, Georgia",13,GA,0,0,0.0,0,20171,0.0
13213,"Murray County, Georgia",13,GA,2,2,2012.5,0,40063,4.9921
13215,"Muscogee County, Georgia",13,GA,85,10,2010.9058823529413,6,204572,41.5502
13217,"Newton County, Georgia",13,GA,23,5,2009.8260869565217,2,113298,20.3004
13219,"Oconee County, Georgia",13,GA,16,5,2011.125,2,41978,38.1152
13221,"Oglethorpe County, Georgia",13,GA,0,0,0.0,0,14974,0.0
13223,"Paulding County, Georgia",13,GA,7,4,2014.142857142857,0,169898,4.1201
13225,"Peach County, Georgia",13,GA,1,1,2006.0,0,28054,3.5646
13227,"Pickens County, Georgia",13,GA,10,3,2006.8,0,33439,29.9052
13229,"Pierce County, Georgia",13,GA,0,0,0.0,0,19822,0.0
13231,"Pike County, Georgia",13,GA,2,2,2019.0,1,19145,10.4466
13233,"Polk County, Georgia",13,GA,0,0,0.0,0,43019,0.0
13235,"Pulaski County, Georgia",13,GA,4,3,2009.25,0,9887,40.4572
13237,"Putnam County, Georgia",13,GA,4,2,2010.25,0,22206,18.0131
13239,"Quitman County, Georgia",13,GA,0,0,0.0,0,2180,0.0
13241,"Rabun County, Georgia",13,GA,3,2,2005.6666666666667,0,16915,17.7357
13243,"Randolph County, Georgia",13,GA,0,0,0.0,0,6365,0.0
13245,"Richmond County, Georgia",13,GA,161,10,2011.2981366459628,16,206153,78.0973
13247,"Rockdale County, Georgia",13,GA,39,7,2011.0,3,93641,41.6484
13249,"Schley County, Georgia",13,GA,0,0,0.0,0,4565,0.0
13251,"Screven County, Georgia",13,GA,0,0,0.0,0,14026,0.0
13253,"Seminole County, Georgia",13,GA,3,1,2008.3333333333333,0,9117,32.9056
13255,"Spalding County, Georgia",13,GA,17,5,2010.0588235294117,1,67415,25.2169
13257,"Stephens County, Georgia",13,GA,8,5,2009.375,0,26732,29.9267
13259,"Stewart County, Georgia",13,GA,0,0,0.0,0,5121,0.0
13261,"Sumter County, Georgia",13,GA,18,5,2010.888888888889,1,29378,61.2703
13263,"Talbot County, Georgia",13,GA,0,0,0.0,0,5793,0.0
13265,"Taliaferro County, Georgia",13,GA,0,0,0.0,0,1635,0.0
13267,"Tattnall County, Georgia",13,GA,0,0,0.0,0,24309,0.0
13269,"Taylor County, Georgia",13,GA,1,1,2010.0,0,7799,12.8222
13271,"Telfair County, Georgia",13,GA,0,0,0.0,0,12619,0.0
13273,"Terrell County, Georgia",13,GA,0,0,0.0,0,9004,0.0
13275,"Thomas County, Georgia",13,GA,16,6,2010.5625,1,45665,35.0378
13277,"Tift County, Georgia",13,GA,20,2,2009.0,0,41247,48.4884
13279,"Toombs County, Georgia",13,GA,14,5,2010.5,1,26946,51.9558
13281,"Towns County, Georgia",13,GA,0,0,0.0,0,12546,0.0
13283,"Treutlen County, Georgia",13,GA,0,0,0.0,0,6411,0.0
13285,"Troup County, Georgia",13,GA,15,5,2008.8,0,69527,21.5744
13287,"Turner County, Georgia",13,GA,0,0,0.0,0,8894,0.0
13289,"Twiggs County, Georgia",13,GA,0,0,0.0,0,7955,0.0
13291,"Union County, Georgia",13,GA,7,3,2008.4285714285713,0,24880,28.135
13293,"Upson County, Georgia",13,GA,8,3,2007.75,0,27638,28.9457
13295,"Walker County, Georgia",13,GA,2,2,2023.5,1,68065,2.9384
13297,"Walton County, Georgia",13,GA,14,5,2012.7857142857142,0,97752,14.322
13299,"Ware County, Georgia",13,GA,7,3,2009.142857142857,0,35917,19.4894
13301,"Warren County, Georgia",13,GA,0,0,0.0,0,5197,0.0
13303,"Washington County, Georgia",13,GA,3,2,2006.0,0,19975,15.0188
13305,"Wayne County, Georgia",13,GA,6,1,2007.5,0,30277,19.817
13307,"Webster County, Georgia",13,GA,0,0,0.0,0,2354,0.0
13309,"Wheeler County, Georgia",13,GA,0,0,0.0,0,7550,0.0
13311,"White County, Georgia",13,GA,2,2,2009.5,0,28165,7.101
13313,"Whitfield County, Georgia",13,GA,36,5,2009.3055555555557,2,103033,34.9403
13315,"Wilcox County, Georgia",13,GA,0,0,0.0,0,8839,0.0
13317,"Wilkes County, Georgia",13,GA,0,0,0.0,0,9610,0.0
13319,"Wilkinson County, Georgia",13,GA,0,0,0.0,0,8852,0.0
13321,"Worth County, Georgia",13,GA,1,1,2014.0,0,20706,4.8295
15001,"Hawaii County, Hawaii",15,HI,55,6,2012.290909090909,8,202163,27.2058
15003,"Honolulu County, Hawaii",15,HI,373,10,2010.656836461126,27,1010100,36.927
15005,"Kalawao County, Hawaii",15,HI,0,0,0.0,0,50,0.0
15007,"Kauai County, Hawaii",15,HI,22,4,2010.409090909091,1,73511,29.9275
15009,"Maui County, Hawaii",15,HI,50,5,2010.34,2,164765,30.3463
16001,"Ada County, Idaho",16,ID,223,10,2011.6233183856502,18,497494,44.8247
16003,"Adams County, Idaho",16,ID,0,0,0.0,0,4464,0.0
16005,"Bannock County, Idaho",16,ID,22,5,2009.090909090909,0,87434,25.1618
16007,"Bear Lake County, Idaho",16,ID,1,1,2011.0,0,6436,15.5376
16009,"Benewah County, Idaho",16,ID,3,2,2013.0,0,9731,30.8293
16011,"Bingham County, Idaho",16,ID,5,2,2009.2,0,48253,10.3621
16013,"Blaine County, Idaho",16,ID,3,3,2006.6666666666667,0,24248,12.3722
16015,"Boise County, Idaho",16,ID,0,0,0.0,0,7809,0.0
16017,"Bonner County, Idaho",16,ID,14,4,2009.2142857142858,0,47976,29.1813
16019,"Bonneville County, Idaho",16,ID,51,6,2011.6274509803923,1,124490,40.9671
16021,"Boundary County, Idaho",16,ID,5,1,2015.0,1,12335,40.5351
16023,"Butte County, Idaho",16,ID,0,0,0.0,0,2605,0.0
16025,"Camas County, Idaho",16,ID,0,0,0.0,0,1133,0.0
16027,"Canyon County, Idaho",16,ID,51,7,2012.4901960784314,7,235006,21.7016
16029,"Caribou County, Idaho",16,ID,0,0,0.0,0,7058,0.0
16031,"Cassia County, Idaho",16,ID,7,4,2012.142857142857,0,24859,28.1588
16033,"Clark County, Idaho",16,ID,0,0,0.0,0,756,0.0
16035,"Clearwater County, Idaho",16,ID,0,0,0.0,0,8810,0.0
16037,"Custer County, Idaho",16,ID,0,0,0.0,0,4344,0.0
16039,"Elmore County, Idaho",16,ID,9,4,2012.2222222222222,1,28752,31.3022
16041,"Franklin County, Idaho",16,ID,0,0,0.0,0,14376,0.0
16043,"Fremont County, Idaho",16,ID,1,1,2019.0,0,13519,7.397
16045,"Gem County, Idaho",16,ID,1,1,2006.0,0,19250,5.1948
16047,"Gooding County, Idaho",16,ID,0,0,0.0,0,15520,0.0
16049,"Idaho County, Idaho",16,ID,4,2,2016.25,2,16787,23.828
16051,"Jefferson County, Idaho",16,ID,9,3,2015.3333333333333,2,31383,28.6779
16053,"Jerome County, Idaho",16,ID,1,1,2009.0,0,24474,4.086
16055,"Kootenai County, Idaho",16,ID,53,8,2013.245283018868,10,173396,30.5659
16057,"Latah County, Idaho",16,ID,3,2,2016.3333333333333,1,39872,7.5241
16059,"Lemhi County, Idaho",16,ID,1,1,2007.0,0,8043,12.4332
16061,"Lewis County, Idaho",16,ID,0,0,0.0,0,3630,0.0
16063,"Lincoln County, Idaho",16,ID,0,0,0.0,0,5203,0.0
16065,"Madison County, Idaho",16,ID,11,3,2011.090909090909,0,52487,20.9576
16067,"Minidoka County, Idaho",16,ID,0,0,0.0,0,21626,0.0
16069,"Nez Perce County, Idaho",16,ID,13,5,2012.2307692307693,2,42200,30.8057
16071,"Oneida County, Idaho",16,ID,1,1,2024.0,1,4572,21.8723
16073,"Owyhee County, Idaho",16,ID,0,0,0.0,0,12043,0.0
16075,"Payette County, Idaho",16,ID,1,1,2005.0,0,25571,3.9107
16077,"Power County, Idaho",16,ID,1,1,2022.0,0,7918,12.6295
16079,"Shoshone County, Idaho",16,ID,0,0,0.0,0,13399,0.0
16081,"Teton County, Idaho",16,ID,0,0,0.0,0,11813,0.0
16083,"Twin Falls County, Idaho",16,ID,17,3,2009.4705882352941,0,90592,18.7655
16085,"Valley County, Idaho",16,ID,2,2,2015.0,0,11830,16.9062
16087,"Washington County, Idaho",16,ID,0,0,0.0,0,10612,0.0
17001,"Adams County, Illinois",17,IL,11,2,2007.6363636363637,0,65583,16.7726
17003,"Alexander County, Illinois",17,IL,1,1,2006.0,0,5261,19.0078
17005,"Bond County, Illinois",17,IL,4,2,2007.25,0,16750,23.8806
17007,"Boone County, Illinois",17,IL,4,2,2006.75,0,53459,7.4824
17009,"Brown County, Illinois",17,IL,0,0,0.0,0,6334,0.0
17011,"Bureau County, Illinois",17,IL,6,2,2008.5,0,33203,18.0707
17013,"Calhoun County, Illinois",17,IL,0,0,0.0,0,4472,0.0
17015,"Carroll County, Illinois",17,IL,0,0,0.0,0,15594,0.0
17017,"Cass County, Illinois",17,IL,0,0,0.0,0,12955,0.0
17019,"Champaign County, Illinois",17,IL,89,6,2012.4719101123596,10,206525,43.0941
17021,"Christian County, Illinois",17,IL,2,1,2007.0,0,33893,5.9009
17023,"Clark County, Illinois",17,IL,0,0,0.0,0,15467,0.0
17025,"Clay County, Illinois",17,IL,1,1,2010.0,0,13248,7.5483
17027,"Clinton County, Illinois",17,IL,8,3,2008.5,0,36998,21.6228
17029,"Coles County, Illinois",17,IL,8,3,2009.375,0,47076,16.9938
17031,"Cook County, Illinois",17,IL,2059,12,2011.0082564351626,127,5225367,39.4039
17033,"Crawford County, Illinois",17,IL,7,3,2015.4285714285713,2,18729,37.3752
17035,"Cumberland County, Illinois",17,IL,0,0,0.0,0,10447,0.0
17037,"DeKalb County, Illinois",17,IL,24,5,2008.375,0,100686,23.8365
17039,"De Witt County, Illinois",17,IL,0,0,0.0,0,15535,0.0
17041,"Douglas County, Illinois",17,IL,0,0,0.0,0,19714,0.0
17043,"DuPage County, Illinois",17,IL,372,9,2009.8521505376343,14,930559,39.976
17045,"Edgar County, Illinois",17,IL,2,2,2006.0,0,16852,11.868
17047,"Edwards County, Illinois",17,IL,0,0,0.0,0,6182,0.0
17049,"Effingham County, Illinois",17,IL,10,3,2007.9,0,34594,28.9067
17051,"Fayette County, Illinois",17,IL,0,0,0.0,0,21464,0.0
17053,"Ford County, Illinois",17,IL,4,3,2017.75,1,13484,29.6648
17055,"Franklin County, Illinois",17,IL,2,1,2010.5,0,37810,5.2896
17057,"Fulton County, Illinois",17,IL,4,2,2009.5,0,33691,11.8726
17059,"Gallatin County, Illinois",17,IL,0,0,0.0,0,4967,0.0
17061,"Greene County, Illinois",17,IL,0,0,0.0,0,12015,0.0
17063,"Grundy County, Illinois",17,IL,14,2,2006.7857142857142,0,52624,26.6038
17065,"Hamilton County, Illinois",17,IL,0,0,0.0,0,8008,0.0
17067,"Hancock County, Illinois",17,IL,3,2,2005.6666666666667,0,17582,17.0629
17069,"Hardin County, Illinois",17,IL,0,0,0.0,0,3665,0.0
17071,"Henderson County, Illinois",17,IL,0,0,0.0,0,6374,0.0
17073,"Henry County, Illinois",17,IL,3,3,2013.6666666666667,1,49157,6.1029
17075,"Iroquois County, Illinois",17,IL,1,1,2005.0,0,27043,3.6978
17077,"Jackson County, Illinois",17,IL,23,5,2014.4782608695652,3,53176,43.2526
17079,"Jasper County, Illinois",17,IL,1,1,2013.0,0,9295,10.7585
17081,"Jefferson County, Illinois",17,IL,10,4,2009.7,0,37043,26.9957
17083,"Jersey County, Illinois",17,IL,6,3,2006.0,0,21462,27.9564
17085,"Jo Daviess County, Illinois",17,IL,1,1,2010.0,0,21942,4.5575
17087,"Johnson County, Illinois",17,IL,0,0,0.0,0,13313,0.0
17089,"Kane County, Illinois",17,IL,97,8,2008.4639175257732,2,517254,18.7529
17091,"Kankakee County, Illinois",17,IL,19,3,2009.421052631579,0,107421,17.6874
17093,"Kendall County, Illinois",17,IL,7,3,2010.857142857143,1,132795,5.2713
17095,"Knox County, Illinois",17,IL,12,4,2008.0,1,49751,24.1201
17097,"Lake County, Illinois",17,IL,155,9,2008.8903225806453,5,713159,21.7343
17099,"LaSalle County, Illinois",17,IL,24,6,2009.5833333333333,3,109495,21.9188
17101,"Lawrence County, Illinois",17,IL,0,0,0.0,0,15302,0.0
17103,"Lee County, Illinois",17,IL,6,2,2008.5,0,34221,17.5331
17105,"Livingston County, Illinois",17,IL,4,3,2006.25,0,35771,11.1822
17107,"Logan County, Illinois",17,IL,2,1,2006.0,0,28027,7.136
17109,"McDonough County, Illinois",17,IL,12,3,2006.75,0,27370,43.8436
17111,"McHenry County, Illinois",17,IL,36,5,2008.5833333333333,1,311133,11.5706
17113,"McLean County, Illinois",17,IL,62,5,2010.983870967742,6,171284,36.1972
17115,"Macon County, Illinois",17,IL,32,6,2009.96875,1,103542,30.9053
17117,"Macoupin County, Illinois",17,IL,0,0,0.0,0,44907,0.0
17119,"Madison County, Illinois",17,IL,44,6,2010.8181818181818,3,265512,16.5718
17121,"Marion County, Illinois",17,IL,5,5,2012.8,1,37543,13.3181
17123,"Marshall County, Illinois",17,IL,0,0,0.0,0,11740,0.0
17125,"Mason County, Illinois",17,IL,1,1,2024.0,1,13074,7.6488
17127,"Massac County, Illinois",17,IL,0,0,0.0,0,14135,0.0
17129,"Menard County, Illinois",17,IL,0,0,0.0,0,12284,0.0
17131,"Mercer County, Illinois",17,IL,0,0,0.0,0,15692,0.0
17133,"Monroe County, Illinois",17,IL,4,2,2009.0,0,34905,11.4597
17135,"Montgomery County, Illinois",17,IL,2,2,2009.0,0,28352,7.0542
17137,"Morgan County, Illinois",17,IL,11,2,2010.1818181818182,0,32882,33.453
17139,"Moultrie County, Illinois",17,IL,0,0,0.0,0,14531,0.0
17141,"Ogle County, Illinois",17,IL,2,2,2021.0,1,51672,3.8706
17143,"Peoria County, Illinois",17,IL,89,9,2009.7865168539327,4,181186,49.1208
17145,"Perry County, Illinois",17,IL,2,1,2006.5,0,20996,9.5256
17147,"Piatt County, Illinois",17,IL,0,0,0.0,0,16698,0.0
17149,"Pike County, Illinois",17,IL,0,0,0.0,0,14776,0.0
17151,"Pope County, Illinois",17,IL,0,0,0.0,0,3799,0.0
17153,"Pulaski County, Illinois",17,IL,0,0,0.0,0,5177,0.0
17155,"Putnam County, Illinois",17,IL,0,0,0.0,0,5628,0.0
17157,"Randolph County, Illinois",17,IL,3,2,2006.3333333333333,0,30413,9.8642
17159,"Richland County, Illinois",17,IL,4,1,2006.0,0,15716,25.4518
17161,"Rock Island County, Illinois",17,IL,26,5,2007.923076923077,0,143819,18.0783
17163,"St. Clair County, Illinois",17,IL,65,7,2011.8615384615384,6,256791,25.3124
17165,"Saline County, Illinois",17,IL,2,1,2006.5,0,23662,8.4524
17167,"Sangamon County, Illinois",17,IL,97,8,2011.2268041237114,9,196122,49.459
17169,"Schuyler County, Illinois",17,IL,0,0,0.0,0,6879,0.0
17171,"Scott County, Illinois",17,IL,0,0,0.0,0,4899,0.0
17173,"Shelby County, Illinois",17,IL,0,0,0.0,0,21042,0.0
17175,"Stark County, Illinois",17,IL,0,0,0.0,0,5395,0.0
17177,"Stephenson County, Illinois",17,IL,9,5,2009.2222222222222,1,44482,20.2329
17179,"Tazewell County, Illinois",17,IL,8,3,2011.75,1,131276,6.094
17181,"Union County, Illinois",17,IL,0,0,0.0,0,17122,0.0
17183,"Vermilion County, Illinois",17,IL,5,3,2011.0,0,74113,6.7465
17185,"Wabash County, Illinois",17,IL,0,0,0.0,0,11321,0.0
17187,"Warren County, Illinois",17,IL,1,1,2006.0,0,16760,5.9666
17189,"Washington County, Illinois",17,IL,0,0,0.0,0,13781,0.0
17191,"Wayne County, Illinois",17,IL,0,0,0.0,0,16127,0.0
17193,"White County, Illinois",17,IL,0,0,0.0,0,13834,0.0
17195,"Whiteside County, Illinois",17,IL,6,3,2010.5,0,55569,10.7974
17197,"Will County, Illinois",17,IL,87,9,2010.551724137931,10,696774,12.4861
17199,"Williamson County, Illinois",17,IL,23,5,2009.304347826087,2,67120,34.267
17201,"Winnebago County, Illinois",17,IL,101,8,2011.029702970297,6,284591,35.4895
17203,"Woodford County, Illinois",17,IL,2,1,2022.5,1,38414,5.2064
18001,"Adams County, Indiana",18,IN,2,2,2013.0,0,35827,5.5824
18003,"Allen County, Indiana",18,IN,119,10,2009.7058823529412,3,385456,30.8725
18005,"Bartholomew County, Indiana",18,IN,27,5,2011.7407407407406,5,82371,32.7785
18007,"Benton County, Indiana",18,IN,0,0,0.0,0,8709,0.0
18009,"Blackford County, Indiana",18,IN,1,1,2006.0,0,12074,8.2823
18011,"Boone County, Indiana",18,IN,11,3,2006.090909090909,0,71235,15.4418
18013,"Brown County, Indiana",18,IN,1,1,2005.0,0,15513,6.4462
18015,"Carroll County, Indiana",18,IN,2,2,2006.5,0,20397,9.8054
18017,"Cass County, Indiana",18,IN,8,1,2007.75,0,37820,21.1528
18019,"Clark County, Indiana",18,IN,26,6,2013.7307692307693,4,121484,21.402
18021,"Clay County, Indiana",18,IN,3,2,2010.6666666666667,0,26396,11.3654
18023,"Clinton County, Indiana",18,IN,2,2,2010.0,0,33020,6.0569
18025,"Crawford County, Indiana",18,IN,0,0,0.0,0,10511,0.0
18027,"Daviess County, Indiana",18,IN,7,3,2012.857142857143,1,33337,20.9977
18029,"Dearborn County, Indiana",18,IN,6,3,2009.8333333333333,0,50709,11.8322
18031,"Decatur County, Indiana",18,IN,3,2,2008.0,0,26432,11.3499
18033,"DeKalb County, Indiana",18,IN,15,5,2011.9333333333334,0,43312,34.6324
18035,"Delaware County, Indiana",18,IN,27,4,2008.2962962962963,0,112156,24.0736
18037,"Dubois County, Indiana",18,IN,12,4,2009.5833333333333,0,43584,27.533
18039,"Elkhart County, Indiana",18,IN,66,8,2010.7121212121212,4,206841,31.9086
18041,"Fayette County, Indiana",18,IN,3,2,2006.3333333333333,0,23391,12.8254
18043,"Floyd County, Indiana",18,IN,16,3,2010.4375,1,80191,19.9524
18045,"Fountain County, Indiana",18,IN,0,0,0.0,0,16468,0.0
18047,"Franklin County, Indiana",18,IN,3,2,2014.0,1,22850,13.1291
18049,"Fulton County, Indiana",18,IN,0,0,0.0,0,20420,0.0
18051,"Gibson County, Indiana",18,IN,0,0,0.0,0,33006,0.0
18053,"Grant County, Indiana",18,IN,9,3,2006.5555555555557,0,66560,13.5216
18055,"Greene County, Indiana",18,IN,4,1,2008.0,0,30900,12.945
18057,"Hamilton County, Indiana",18,IN,147,10,2010.312925170068,6,349527,42.0568
18059,"Hancock County, Indiana",18,IN,13,3,2014.0,3,80170,16.2155
18061,"Harrison County, Indiana",18,IN,5,3,2009.6,0,39684,12.5995
18063,"Hendricks County, Indiana",18,IN,41,7,2009.7317073170732,3,175639,23.3433
18065,"Henry County, Indiana",18,IN,6,3,2010.1666666666667,0,48913,12.2667
18067,"Howard County, Indiana",18,IN,23,4,2011.391304347826,2,83452,27.5608
18069,"Huntington County, Indiana",18,IN,11,4,2010.909090909091,0,36699,29.9736
18071,"Jackson County, Indiana",18,IN,10,4,2010.1,1,46212,21.6394
18073,"Jasper County, Indiana",18,IN,1,1,2005.0,0,33045,3.0262
18075,"Jay County, Indiana",18,IN,0,0,0.0,0,20451,0.0
18077,"Jefferson County, Indiana",18,IN,5,3,2014.0,0,33057,15.1254
18079,"Jennings County, Indiana",18,IN,1,1,2007.0,0,27610,3.6219
18081,"Johnson County, Indiana",18,IN,17,5,2008.764705882353,1,161952,10.4969
18083,"Knox County, Indiana",18,IN,4,2,2011.0,0,36148,11.0656
18085,"Kosciusko County, Indiana",18,IN,16,5,2012.5,3,80442,19.8901
18087,"LaGrange County, Indiana",18,IN,4,3,2014.25,1,40364,9.9098
18089,"Lake County, Indiana",18,IN,161,9,2009.8819875776398,14,497682,32.35
18091,"LaPorte County, Indiana",18,IN,30,5,2008.7,2,112215,26.7344
18093,"Lawrence County, Indiana",18,IN,7,4,2009.2857142857142,1,45113,15.5166
18095,"Madison County, Indiana",18,IN,31,4,2010.5806451612902,1,130545,23.7466
18097,"Marion County, Indiana",18,IN,401,11,2010.0598503740648,19,971737,41.2663
18099,"Marshall County, Indiana",18,IN,4,2,2009.0,0,46208,8.6565
18101,"Martin County, Indiana",18,IN,0,0,0.0,0,9863,0.0
18103,"Miami County, Indiana",18,IN,0,0,0.0,0,35952,0.0
18105,"Monroe County, Indiana",18,IN,57,6,2009.8245614035088,2,140065,40.6954
18107,"Montgomery County, Indiana",18,IN,6,3,2007.8333333333333,0,38018,15.782
18109,"Morgan County, Indiana",18,IN,23,5,2007.695652173913,0,71757,32.0526
18111,"Newton County, Indiana",18,IN,0,0,0.0,0,13829,0.0
18113,"Noble County, Indiana",18,IN,4,1,2006.25,0,47431,8.4333
18115,"Ohio County, Indiana",18,IN,0,0,0.0,0,5974,0.0
18117,"Orange County, Indiana",18,IN,4,2,2006.0,0,19768,20.2347
18119,"Owen County, Indiana",18,IN,0,0,0.0,0,21361,0.0
18121,"Parke County, Indiana",18,IN,1,1,2009.0,0,16327,6.1248
18123,"Perry County, Indiana",18,IN,2,1,2005.5,0,19186,10.4243
18125,"Pike County, Indiana",18,IN,0,0,0.0,0,12227,0.0
18127,"Porter County, Indiana",18,IN,43,6,2010.953488372093,5,173355,24.8046
18129,"Posey County, Indiana",18,IN,0,0,0.0,0,25226,0.0
18131,"Pulaski County, Indiana",18,IN,1,1,2007.0,0,12498,8.0013
18133,"Putnam County, Indiana",18,IN,2,2,2012.0,0,36942,5.4139
18135,"Randolph County, Indiana",18,IN,7,2,2007.142857142857,0,24586,28.4715
18137,"Ripley County, Indiana",18,IN,5,1,2011.4,0,28990,17.2473
18139,"Rush County, Indiana",18,IN,4,2,2007.25,0,16716,23.9292
18141,"St. Joseph County, Indiana",18,IN,89,6,2010.3595505617977,2,272388,32.674
18143,"Scott County, Indiana",18,IN,2,1,2009.0,0,24403,8.1957
18145,"Shelby County, Indiana",18,IN,6,3,2008.5,0,44940,13.3511
18147,"Spencer County, Indiana",18,IN,1,1,2017.0,0,19935,5.0163
18149,"Starke County, Indiana",18,IN,1,1,2007.0,0,23308,4.2904
18151,"Steuben County, Indiana",18,IN,5,2,2008.6,0,34507,14.4898
18153,"Sullivan County, Indiana",18,IN,2,1,2006.0,0,20791,9.6195
18155,"Switzerland County, Indiana",18,IN,0,0,0.0,0,9896,0.0
18157,"Tippecanoe County, Indiana",18,IN,49,5,2011.3265306122448,3,186955,26.2095
18159,"Tipton County, Indiana",18,IN,1,1,2008.0,0,15328,6.524
18161,"Union County, Indiana",18,IN,0,0,0.0,0,7041,0.0
18163,"Vanderburgh County, Indiana",18,IN,33,5,2009.3636363636363,1,179900,18.3435
18165,"Vermillion County, Indiana",18,IN,0,0,0.0,0,15488,0.0
18167,"Vigo County, Indiana",18,IN,24,7,2007.25,0,106355,22.5659
18169,"Wabash County, Indiana",18,IN,4,4,2009.5,0,31032,12.8899
18171,"Warren County, Indiana",18,IN,0,0,0.0,0,8454,0.0
18173,"Warrick County, Indiana",18,IN,56,7,2007.4464285714287,1,64065,87.4112
18175,"Washington County, Indiana",18,IN,0,0,0.0,0,28133,0.0
18177,"Wayne County, Indiana",18,IN,15,4,2010.2,0,66522,22.5489
18179,"Wells County, Indiana",18,IN,5,3,2006.0,0,28167,17.7513
18181,"White County, Indiana",18,IN,1,1,2006.0,0,24630,4.0601
18183,"Whitley County, Indiana",18,IN,3,1,2005.6666666666667,0,34259,8.7568
19001,"Adair County, Iowa",19,IA,0,0,0.0,0,7479,0.0
19003,"Adams County, Iowa",19,IA,0,0,0.0,0,3680,0.0
19005,"Allamakee County, Iowa",19,IA,0,0,0.0,0,14046,0.0
19007,"Appanoose County, Iowa",19,IA,2,1,2006.0,0,12279,16.288
19009,"Audubon County, Iowa",19,IA,0,0,0.0,0,5651,0.0
19011,"Benton County, Iowa",19,IA,1,1,2018.0,0,25652,3.8983
19013,"Black Hawk County, Iowa",19,IA,45,6,2012.3333333333333,3,131041,34.3404
19015,"Boone County, Iowa",19,IA,1,1,2006.0,0,26700,3.7453
19017,"Bremer County, Iowa",19,IA,2,1,2007.0,0,25012,7.9962
19019,"Buchanan County, Iowa",19,IA,0,0,0.0,0,20631,0.0
19021,"Buena Vista County, Iowa",19,IA,1,1,2006.0,0,20687,4.834
19023,"Butler County, Iowa",19,IA,0,0,0.0,0,14376,0.0
19025,"Calhoun County, Iowa",19,IA,0,0,0.0,0,9893,0.0
19027,"Carroll County, Iowa",19,IA,2,2,2006.0,0,20728,9.6488
19029,"Cass County, Iowa",19,IA,2,2,2009.5,0,13116,15.2486
19031,"Cedar County, Iowa",19,IA,1,1,2020.0,0,18479,5.4115
19033,"Cerro Gordo County, Iowa",19,IA,17,5,2010.5882352941176,2,42979,39.5542
19035,"Cherokee County, Iowa",19,IA,0,0,0.0,0,11601,0.0
19037,"Chickasaw County, Iowa",19,IA,1,1,2022.0,0,11957,8.3633
19039,"Clarke County, Iowa",19,IA,0,0,0.0,0,9737,0.0
19041,"Clay County, Iowa",19,IA,4,3,2009.75,0,16423,24.3561
19043,"Clayton County, Iowa",19,IA,0,0,0.0,0,17123,0.0
19045,"Clinton County, Iowa",19,IA,9,2,2007.6666666666667,0,46488,19.3598
19047,"Crawford County, Iowa",19,IA,1,1,2007.0,0,16450,6.079
19049,"Dallas County, Iowa",19,IA,30,5,2009.7,2,100367,29.8903
19051,"Davis County, Iowa",19,IA,0,0,0.0,0,9093,0.0
19053,"Decatur County, Iowa",19,IA,0,0,0.0,0,7684,0.0
19055,"Delaware County, Iowa",19,IA,1,1,2006.0,0,17523,5.7068
19057,"Des Moines County, Iowa",19,IA,13,4,2008.923076923077,0,38824,33.4844
19059,"Dickinson County, Iowa",19,IA,1,1,2025.0,1,17692,5.6523
19061,"Dubuque County, Iowa",19,IA,22,4,2007.909090909091,1,98812,22.2645
19063,"Emmet County, Iowa",19,IA,2,1,2005.5,0,9349,21.3927
19065,"Fayette County, Iowa",19,IA,2,2,2012.5,0,19519,10.2464
19067,"Floyd County, Iowa",19,IA,2,1,2016.5,0,15601,12.8197
19069,"Franklin County, Iowa",19,IA,1,1,2022.0,0,10015,9.985
19071,"Fremont County, Iowa",19,IA,0,0,0.0,0,6639,0.0
19073,"Greene County, Iowa",19,IA,1,1,2008.0,0,8801,11.3623
19075,"Grundy County, Iowa",19,IA,0,0,0.0,0,12351,0.0
19077,"Guthrie County, Iowa",19,IA,1,1,2025.0,1,10619,9.4171
19079,"Hamilton County, Iowa",19,IA,2,2,2016.5,0,14979,13.352
19081,"Hancock County, Iowa",19,IA,0,0,0.0,0,10790,0.0
19083,"Hardin County, Iowa",19,IA,2,1,2010.0,0,16861,11.8617
19085,"Harrison County, Iowa",19,IA,0,0,0.0,0,14623,0.0
19087,"Henry County, Iowa",19,IA,6,5,2009.5,0,20436,29.36
19089,"Howard County, Iowa",19,IA,3,2,2018.6666666666667,1,9479,31.6489
19091,"Humboldt County, Iowa",19,IA,0,0,0.0,0,9606,0.0
19093,"Ida County, Iowa",19,IA,0,0,0.0,0,6969,0.0
19095,"Iowa County, Iowa",19,IA,1,1,2023.0,0,16575,6.0332
19097,"Jackson County, Iowa",19,IA,0,0,0.0,0,19470,0.0
19099,"Jasper County, Iowa",19,IA,1,1,2013.0,0,37808,2.6449
19101,"Jefferson County, Iowa",19,IA,0,0,0.0,0,15785,0.0
19103,"Johnson County, Iowa",19,IA,157,10,2013.5541401273886,26,153360,102.3735
19105,"Jones County, Iowa",19,IA,0,0,0.0,0,20733,0.0
19107,"Keokuk County, Iowa",19,IA,0,0,0.0,0,10026,0.0
19109,"Kossuth County, Iowa",19,IA,1,1,2006.0,0,14718,6.7944
19111,"Lee County, Iowa",19,IA,13,4,2006.923076923077,0,33442,38.8733
19113,"Linn County, Iowa",19,IA,59,7,2010.6440677966102,3,229308,25.7296
19115,"Louisa County, Iowa",19,IA,0,0,0.0,0,10823,0.0
19117,"Lucas County, Iowa",19,IA,1,1,2010.0,0,8666,11.5393
19119,"Lyon County, Iowa",19,IA,0,0,0.0,0,12023,0.0
19121,"Madison County, Iowa",19,IA,0,0,0.0,0,16609,0.0
19123,"Mahaska County, Iowa",19,IA,2,2,2021.0,1,22059,9.0666
19125,"Marion County, Iowa",19,IA,4,2,2006.0,0,33487,11.9449
19127,"Marshall County, Iowa",19,IA,10,3,2008.2,0,40049,24.9694
19129,"Mills County, Iowa",19,IA,0,0,0.0,0,14605,0.0
19131,"Mitchell County, Iowa",19,IA,0,0,0.0,0,10537,0.0
19133,"Monona County, Iowa",19,IA,1,1,2010.0,0,8671,11.5327
19135,"Monroe County, Iowa",19,IA,0,0,0.0,0,7574,0.0
19137,"Montgomery County, Iowa",19,IA,5,2,2007.4,0,10285,48.6145
19139,"Muscatine County, Iowa",19,IA,5,3,2008.2,0,42968,11.6366
19141,"O'Brien County, Iowa",19,IA,0,0,0.0,0,14138,0.0
19143,"Osceola County, Iowa",19,IA,0,0,0.0,0,6149,0.0
19145,"Page County, Iowa",19,IA,4,2,2006.25,0,15225,26.2726
19147,"Palo Alto County, Iowa",19,IA,0,0,0.0,0,8938,0.0
19149,"Plymouth County, Iowa",19,IA,0,0,0.0,0,25621,0.0
19151,"Pocahontas County, Iowa",19,IA,0,0,0.0,0,7061,0.0
19153,"Polk County, Iowa",19,IA,114,10,2009.9649122807018,5,493378,23.106
19155,"Pottawattamie County, Iowa",19,IA,22,3,2010.0,0,93543,23.5186
19157,"Poweshiek County, Iowa",19,IA,2,2,2010.5,0,18608,10.7481
19159,"Ringgold County, Iowa",19,IA,0,0,0.0,0,4690,0.0
19161,"Sac County, Iowa",19,IA,0,0,0.0,0,9778,0.0
19163,"Scott County, Iowa",19,IA,66,6,2009.8939393939395,5,174315,37.8625
19165,"Shelby County, Iowa",19,IA,1,1,2016.0,0,11737,8.5201
19167,"Sioux County, Iowa",19,IA,5,3,2013.0,0,35815,13.9606
19169,"Story County, Iowa",19,IA,31,6,2009.4193548387098,2,98573,31.4488
19171,"Tama County, Iowa",19,IA,1,1,2006.0,0,17017,5.8765
19173,"Taylor County, Iowa",19,IA,0,0,0.0,0,5916,0.0
19175,"Union County, Iowa",19,IA,2,2,2006.5,0,12107,16.5194
19177,"Van Buren County, Iowa",19,IA,1,1,2006.0,0,7207,13.8754
19179,"Wapello County, Iowa",19,IA,10,3,2008.3,1,35292,28.335
19181,"Warren County, Iowa",19,IA,0,0,0.0,0,52709,0.0
19183,"Washington County, Iowa",19,IA,1,1,2006.0,0,22534,4.4377
19185,"Wayne County, Iowa",19,IA,4,2,2008.75,0,6484,61.6903
19187,"Webster County, Iowa",19,IA,7,3,2009.7142857142858,1,36986,18.9261
19189,"Winnebago County, Iowa",19,IA,0,0,0.0,0,10704,0.0
19191,"Winneshiek County, Iowa",19,IA,3,3,2006.0,0,20050,14.9626
19193,"Woodbury County, Iowa",19,IA,23,5,2009.1739130434783,0,105526,21.7956
19195,"Worth County, Iowa",19,IA,0,0,0.0,0,7417,0.0
19197,"Wright County, Iowa",19,IA,3,2,2008.0,0,12897,23.2612
20001,"Allen County, Kansas",20,KS,0,0,0.0,0,12554,0.0
20003,"Anderson County, Kansas",20,KS,1,1,2005.0,0,7799,12.8222
20005,"Atchison County, Kansas",20,KS,0,0,0.0,0,16309,0.0
20007,"Barber County, Kansas",20,KS,0,0,0.0,0,4081,0.0
20009,"Barton County, Kansas",20,KS,5,1,2008.2,0,25477,19.6255
20011,"Bourbon County, Kansas",20,KS,2,2,2015.5,1,14405,13.8841
20013,"Brown County, Kansas",20,KS,0,0,0.0,0,9486,0.0
20015,"Butler County, Kansas",20,KS,10,3,2012.0,1,67618,14.789
20017,"Chase County, Kansas",20,KS,0,0,0.0,0,2570,0.0
20019,"Chautauqua County, Kansas",20,KS,0,0,0.0,0,3389,0.0
20021,"Cherokee County, Kansas",20,KS,1,1,2007.0,0,19380,5.16
20023,"Cheyenne County, Kansas",20,KS,2,2,2018.5,0,2619,76.365
20025,"Clark County, Kansas",20,KS,0,0,0.0,0,1977,0.0
20027,"Clay County, Kansas",20,KS,0,0,0.0,0,8088,0.0
20029,"Cloud County, Kansas",20,KS,0,0,0.0,0,9008,0.0
20031,"Coffey County, Kansas",20,KS,0,0,0.0,0,8334,0.0
20033,"Comanche County, Kansas",20,KS,0,0,0.0,0,1825,0.0
20035,"Cowley County, Kansas",20,KS,6,3,2010.3333333333333,0,34661,17.3105
20037,"Crawford County, Kansas",20,KS,9,3,2009.888888888889,0,39012,23.0698
20039,"Decatur County, Kansas",20,KS,0,0,0.0,0,2771,0.0
20041,"Dickinson County, Kansas",20,KS,2,2,2010.5,0,18492,10.8155
20043,"Doniphan County, Kansas",20,KS,0,0,0.0,0,7501,0.0
20045,"Douglas County, Kansas",20,KS,32,6,2012.21875,3,119094,26.8695
20047,"Edwards County, Kansas",20,KS,0,0,0.0,0,2849,0.0
20049,"Elk County, Kansas",20,KS,0,0,0.0,0,2453,0.0
20051,"Ellis County, Kansas",20,KS,6,2,2007.5,0,28921,20.7462
20053,"Ellsworth County, Kansas",20,KS,0,0,0.0,0,6374,0.0
20055,"Finney County, Kansas",20,KS,14,2,2009.642857142857,2,38187,36.6617
20057,"Ford County, Kansas",20,KS,9,4,2011.4444444444443,2,34212,26.3066
20059,"Franklin County, Kansas",20,KS,2,2,2005.5,0,25968,7.7018
20061,"Geary County, Kansas",20,KS,4,2,2006.5,0,36247,11.0354
20063,"Gove County, Kansas",20,KS,0,0,0.0,0,2758,0.0
20065,"Graham County, Kansas",20,KS,0,0,0.0,0,2430,0.0
20067,"Grant County, Kansas",20,KS,0,0,0.0,0,7336,0.0
20069,"Gray County, Kansas",20,KS,0,0,0.0,0,5719,0.0
20071,"Greeley County, Kansas",20,KS,0,0,0.0,0,1279,0.0
20073,"Greenwood County, Kansas",20,KS,0,0,0.0,0,6001,0.0
20075,"Hamilton County, Kansas",20,KS,0,0,0.0,0,2520,0.0
20077,"Harper County, Kansas",20,KS,0,0,0.0,0,5457,0.0
20079,"Harvey County, Kansas",20,KS,7,2,2009.0,0,33959,20.6131
20081,"Haskell County, Kansas",20,KS,0,0,0.0,0,3735,0.0
20083,"Hodgeman County, Kansas",20,KS,0,0,0.0,0,1770,0.0
20085,"Jackson County, Kansas",20,KS,0,0,0.0,0,13274,0.0
20087,"Jefferson County, Kansas",20,KS,0,0,0.0,0,18387,0.0
20089,"Jewell County, Kansas",20,KS,0,0,0.0,0,2929,0.0
20091,"Johnson County, Kansas",20,KS,205,10,2010.6,11,610742,33.5657
20093,"Kearny County, Kansas",20,KS,0,0,0.0,0,3964,0.0
20095,"Kingman County, Kansas",20,KS,0,0,0.0,0,7369,0.0
20097,"Kiowa County, Kansas",20,KS,0,0,0.0,0,2445,0.0
20099,"Labette County, Kansas",20,KS,7,3,2009.5714285714287,0,20096,34.8328
20101,"Lane County, Kansas",20,KS,0,0,0.0,0,1528,0.0
20103,"Leavenworth County, Kansas",20,KS,8,5,2008.625,1,82050,9.7502
20105,"Lincoln County, Kansas",20,KS,0,0,0.0,0,2929,0.0
20107,"Linn County, Kansas",20,KS,0,0,0.0,0,9696,0.0
20109,"Logan County, Kansas",20,KS,0,0,0.0,0,2752,0.0
20111,"Lyon County, Kansas",20,KS,7,3,2011.7142857142858,1,32182,21.7513
20113,"McPherson County, Kansas",20,KS,1,1,2007.0,0,30085,3.3239
20115,"Marion County, Kansas",20,KS,0,0,0.0,0,11867,0.0
20117,"Marshall County, Kansas",20,KS,0,0,0.0,0,10014,0.0
20119,"Meade County, Kansas",20,KS,0,0,0.0,0,4019,0.0
20121,"Miami County, Kansas",20,KS,1,1,2006.0,0,34312,2.9144
20123,"Mitchell County, Kansas",20,KS,0,0,0.0,0,5829,0.0
20125,"Montgomery County, Kansas",20,KS,5,2,2006.8,0,31448,15.8993
20127,"Morris County, Kansas",20,KS,1,1,2012.0,0,5385,18.5701
20129,"Morton County, Kansas",20,KS,0,0,0.0,0,2688,0.0
20131,"Nemaha County, Kansas",20,KS,0,0,0.0,0,10219,0.0
20133,"Neosho County, Kansas",20,KS,4,2,2012.0,0,15826,25.2749
20135,"Ness County, Kansas",20,KS,0,0,0.0,0,2677,0.0
20137,"Norton County, Kansas",20,KS,0,0,0.0,0,5431,0.0
20139,"Osage County, Kansas",20,KS,0,0,0.0,0,15787,0.0
20141,"Osborne County, Kansas",20,KS,0,0,0.0,0,3493,0.0
20143,"Ottawa County, Kansas",20,KS,0,0,0.0,0,5768,0.0
20145,"Pawnee County, Kansas",20,KS,0,0,0.0,0,6288,0.0
20147,"Phillips County, Kansas",20,KS,0,0,0.0,0,4960,0.0
20149,"Pottawatomie County, Kansas",20,KS,0,0,0.0,0,25482,0.0
20151,"Pratt County, Kansas",20,KS,0,0,0.0,0,9175,0.0
20153,"Rawlins County, Kansas",20,KS,0,0,0.0,0,2544,0.0
20155,"Reno County, Kansas",20,KS,19,3,2008.1052631578948,1,61881,30.7041
20157,"Republic County, Kansas",20,KS,0,0,0.0,0,4686,0.0
20159,"Rice County, Kansas",20,KS,1,1,2010.0,0,9441,10.5921
20161,"Riley County, Kansas",20,KS,35,5,2008.7428571428572,0,72105,48.5403
20163,"Rooks County, Kansas",20,KS,0,0,0.0,0,4925,0.0
20165,"Rush County, Kansas",20,KS,0,0,0.0,0,2939,0.0
20167,"Russell County, Kansas",20,KS,0,0,0.0,0,6702,0.0
20169,"Saline County, Kansas",20,KS,17,3,2009.764705882353,0,54160,31.3885
20171,"Scott County, Kansas",20,KS,0,0,0.0,0,5128,0.0
20173,"Sedgwick County, Kansas",20,KS,146,10,2012.2945205479452,17,522700,27.9319
20175,"Seward County, Kansas",20,KS,10,3,2011.8,1,21942,45.5747
20177,"Shawnee County, Kansas",20,KS,36,7,2009.9166666666667,1,178625,20.154
20179,"Sheridan County, Kansas",20,KS,0,0,0.0,0,2450,0.0
20181,"Sherman County, Kansas",20,KS,1,1,2024.0,1,5940,16.835
20183,"Smith County, Kansas",20,KS,0,0,0.0,0,3561,0.0
20185,"Stafford County, Kansas",20,KS,0,0,0.0,0,4054,0.0
20187,"Stanton County, Kansas",20,KS,0,0,0.0,0,2060,0.0
20189,"Stevens County, Kansas",20,KS,0,0,0.0,0,5275,0.0
20191,"Sumner County, Kansas",20,KS,0,0,0.0,0,22517,0.0
20193,"Thomas County, Kansas",20,KS,4,3,2022.25,2,7907,50.5881
20195,"Trego County, Kansas",20,KS,0,0,0.0,0,2798,0.0
20197,"Wabaunsee County, Kansas",20,KS,0,0,0.0,0,6922,0.0
20199,"Wallace County, Kansas",20,KS,0,0,0.0,0,1489,0.0
20201,"Washington County, Kansas",20,KS,0,0,0.0,0,5529,0.0
20203,"Wichita County, Kansas",20,KS,0,0,0.0,0,2131,0.0
20205,"Wilson County, Kansas",20,KS,0,0,0.0,0,8667,0.0
20207,"Woodson County, Kansas",20,KS,0,0,0.0,0,3134,0.0
20209,"Wyandotte County, Kansas",20,KS,79,9,2013.0506329113923,12,167989,47.0269
21001,"Adair County, Kentucky",21,KY,2,2,2010.5,0,18887,10.5893
21003,"Allen County, Kentucky",21,KY,0,0,0.0,0,20773,0.0
21005,"Anderson County, Kentucky",21,KY,0,0,0.0,0,23839,0.0
21007,"Ballard County, Kentucky",21,KY,0,0,0.0,0,7742,0.0
21009,"Barren County, Kentucky",21,KY,12,4,2007.9166666666667,0,44511,26.9596
21011,"Bath County, Kentucky",21,KY,0,0,0.0,0,12739,0.0
21013,"Bell County, Kentucky",21,KY,4,2,2008.5,0,24248,16.4962
21015,"Boone County, Kentucky",21,KY,31,6,2010.4193548387098,1,136150,22.769
21017,"Bourbon County, Kentucky",21,KY,4,3,2014.5,1,20228,19.7746
21019,"Boyd County, Kentucky",21,KY,25,4,2008.84,1,48242,51.8221
21021,"Boyle County, Kentucky",21,KY,17,4,2012.3529411764705,4,30613,55.532
21023,"Bracken County, Kentucky",21,KY,1,1,2010.0,0,8420,11.8765
21025,"Breathitt County, Kentucky",21,KY,2,1,2006.0,0,13580,14.7275
21027,"Breckinridge County, Kentucky",21,KY,0,0,0.0,0,20528,0.0
21029,"Bullitt County, Kentucky",21,KY,2,2,2011.0,0,82482,2.4248
21031,"Butler County, Kentucky",21,KY,0,0,0.0,0,12365,0.0
21033,"Caldwell County, Kentucky",21,KY,1,1,2005.0,0,12635,7.9145
21035,"Calloway County, Kentucky",21,KY,10,2,2007.5,0,37345,26.7773
21037,"Campbell County, Kentucky",21,KY,11,3,2008.5454545454545,0,93122,11.8125
21039,"Carlisle County, Kentucky",21,KY,0,0,0.0,0,4782,0.0
21041,"Carroll County, Kentucky",21,KY,0,0,0.0,0,10842,0.0
21043,"Carter County, Kentucky",21,KY,1,1,2008.0,0,26671,3.7494
21045,"Casey County, Kentucky",21,KY,1,1,2017.0,0,15942,6.2727
21047,"Christian County, Kentucky",21,KY,15,4,2008.4666666666667,0,72766,20.614
21049,"Clark County, Kentucky",21,KY,10,2,2009.4,0,36897,27.1025
21051,"Clay County, Kentucky",21,KY,2,1,2006.0,0,20322,9.8416
21053,"Clinton County, Kentucky",21,KY,1,1,2008.0,0,9295,10.7585
21055,"Crittenden County, Kentucky",21,KY,0,0,0.0,0,8979,0.0
21057,"Cumberland County, Kentucky",21,KY,1,1,2006.0,0,5974,16.7392
21059,"Daviess County, Kentucky",21,KY,29,6,2010.448275862069,4,102916,28.1783
21061,"Edmonson County, Kentucky",21,KY,0,0,0.0,0,12179,0.0
21063,"Elliott County, Kentucky",21,KY,0,0,0.0,0,7378,0.0
21065,"Estill County, Kentucky",21,KY,1,1,2008.0,0,14138,7.0731
21067,"Fayette County, Kentucky",21,KY,163,9,2010.5276073619632,3,321276,50.7352
21069,"Fleming County, Kentucky",21,KY,0,0,0.0,0,15111,0.0
21071,"Floyd County, Kentucky",21,KY,12,5,2009.25,0,35780,33.5383
21073,"Franklin County, Kentucky",21,KY,8,2,2007.0,0,51475,15.5415
21075,"Fulton County, Kentucky",21,KY,0,0,0.0,0,6480,0.0
21077,"Gallatin County, Kentucky",21,KY,0,0,0.0,0,8720,0.0
21079,"Garrard County, Kentucky",21,KY,1,1,2007.0,0,17175,5.8224
21081,"Grant County, Kentucky",21,KY,0,0,0.0,0,25085,0.0
21083,"Graves County, Kentucky",21,KY,7,4,2009.5714285714287,0,36701,19.073
21085,"Grayson County, Kentucky",21,KY,8,2,2007.625,0,26465,30.2286
21087,"Green County, Kentucky",21,KY,3,2,2005.6666666666667,0,11198,26.7905
21089,"Greenup County, Kentucky",21,KY,1,1,2008.0,0,35853,2.7892
21091,"Hancock County, Kentucky",21,KY,0,0,0.0,0,9058,0.0
21093,"Hardin County, Kentucky",21,KY,31,5,2008.0,0,111005,27.9267
21095,"Harlan County, Kentucky",21,KY,3,2,2010.0,0,26589,11.2829
21097,"Harrison County, Kentucky",21,KY,10,3,2010.0,1,18803,53.183
21099,"Hart County, Kentucky",21,KY,1,1,2024.0,1,19345,5.1693
21101,"Henderson County, Kentucky",21,KY,8,3,2008.375,0,44770,17.8691
21103,"Henry County, Kentucky",21,KY,0,0,0.0,0,15731,0.0
21105,"Hickman County, Kentucky",21,KY,0,0,0.0,0,4491,0.0
21107,"Hopkins County, Kentucky",21,KY,10,3,2011.0,0,45223,22.1126
21109,"Jackson County, Kentucky",21,KY,0,0,0.0,0,13002,0.0
21111,"Jefferson County, Kentucky",21,KY,307,10,2009.7817589576548,11,779232,39.3978
21113,"Jessamine County, Kentucky",21,KY,3,2,2009.3333333333333,0,53381,5.62
21115,"Johnson County, Kentucky",21,KY,3,1,2006.3333333333333,0,22631,13.2562
21117,"Kenton County, Kentucky",21,KY,52,6,2010.2884615384614,4,169066,30.7572
21119,"Knott County, Kentucky",21,KY,0,0,0.0,0,14282,0.0
21121,"Knox County, Kentucky",21,KY,0,0,0.0,0,30207,0.0
21123,"Larue County, Kentucky",21,KY,0,0,0.0,0,14902,0.0
21125,"Laurel County, Kentucky",21,KY,14,4,2010.857142857143,1,62442,22.4208
21127,"Lawrence County, Kentucky",21,KY,2,2,2006.0,0,16228,12.3244
21129,"Lee County, Kentucky",21,KY,0,0,0.0,0,7338,0.0
21131,"Leslie County, Kentucky",21,KY,4,2,2010.25,0,10468,38.2117
21133,"Letcher County, Kentucky",21,KY,7,3,2009.142857142857,0,21490,32.5733
21135,"Lewis County, Kentucky",21,KY,2,2,2016.5,0,13063,15.3104
21137,"Lincoln County, Kentucky",21,KY,6,4,2010.1666666666667,0,24320,24.6711
21139,"Livingston County, Kentucky",21,KY,0,0,0.0,0,8980,0.0
21141,"Logan County, Kentucky",21,KY,4,2,2006.5,0,27498,14.5465
21143,"Lyon County, Kentucky",21,KY,0,0,0.0,0,8721,0.0
21145,"McCracken County, Kentucky",21,KY,38,5,2010.3157894736842,4,67573,56.2355
21147,"McCreary County, Kentucky",21,KY,0,0,0.0,0,16892,0.0
21149,"McLean County, Kentucky",21,KY,0,0,0.0,0,9173,0.0
21151,"Madison County, Kentucky",21,KY,14,5,2011.142857142857,3,92955,15.0611
21153,"Magoffin County, Kentucky",21,KY,0,0,0.0,0,11647,0.0
21155,"Marion County, Kentucky",21,KY,6,3,2008.6666666666667,0,19627,30.5701
21157,"Marshall County, Kentucky",21,KY,1,1,2006.0,0,31706,3.154
21159,"Martin County, Kentucky",21,KY,0,0,0.0,0,11298,0.0
21161,"Mason County, Kentucky",21,KY,10,2,2007.4,0,17068,58.5892
21163,"Meade County, Kentucky",21,KY,0,0,0.0,0,29964,0.0
21165,"Menifee County, Kentucky",21,KY,0,0,0.0,0,6174,0.0
21167,"Mercer County, Kentucky",21,KY,0,0,0.0,0,22662,0.0
21169,"Metcalfe County, Kentucky",21,KY,2,1,2014.5,0,10313,19.393
21171,"Monroe County, Kentucky",21,KY,0,0,0.0,0,11331,0.0
21173,"Montgomery County, Kentucky",21,KY,5,3,2009.6,1,28188,17.738
21175,"Morgan County, Kentucky",21,KY,0,0,0.0,0,13840,0.0
21177,"Muhlenberg County, Kentucky",21,KY,2,2,2010.5,0,30735,6.5072
21179,"Nelson County, Kentucky",21,KY,10,3,2007.1,0,46779,21.3771
21181,"Nicholas County, Kentucky",21,KY,0,0,0.0,0,7613,0.0
21183,"Ohio County, Kentucky",21,KY,2,2,2015.5,1,23782,8.4097
21185,"Oldham County, Kentucky",21,KY,7,3,2007.2857142857142,0,67997,10.2946
21187,"Owen County, Kentucky",21,KY,0,0,0.0,0,11229,0.0
21189,"Owsley County, Kentucky",21,KY,0,0,0.0,0,4054,0.0
21191,"Pendleton County, Kentucky",21,KY,0,0,0.0,0,14638,0.0
21193,"Perry County, Kentucky",21,KY,3,2,2015.0,0,28136,10.6625
21195,"Pike County, Kentucky",21,KY,14,3,2007.4285714285713,0,58196,24.0566
21197,"Powell County, Kentucky",21,KY,0,0,0.0,0,13089,0.0
21199,"Pulaski County, Kentucky",21,KY,17,3,2009.1176470588234,0,65145,26.0956
21201,"Robertson County, Kentucky",21,KY,0,0,0.0,0,2207,0.0
21203,"Rockcastle County, Kentucky",21,KY,0,0,0.0,0,16171,0.0
21205,"Rowan County, Kentucky",21,KY,14,4,2009.857142857143,1,24551,57.0242
21207,"Russell County, Kentucky",21,KY,1,1,2024.0,1,18021,5.5491
21209,"Scott County, Kentucky",21,KY,11,3,2008.4545454545455,0,57286,19.2019
21211,"Shelby County, Kentucky",21,KY,8,4,2009.125,1,48105,16.6303
21213,"Simpson County, Kentucky",21,KY,0,0,0.0,0,19574,0.0
21215,"Spencer County, Kentucky",21,KY,0,0,0.0,0,19549,0.0
21217,"Taylor County, Kentucky",21,KY,13,4,2008.5384615384614,0,26056,49.8925
21219,"Todd County, Kentucky",21,KY,0,0,0.0,0,12281,0.0
21221,"Trigg County, Kentucky",21,KY,2,2,2009.0,0,14154,14.1303
21223,"Trimble County, Kentucky",21,KY,0,0,0.0,0,8510,0.0
21225,"Union County, Kentucky",21,KY,0,0,0.0,0,13495,0.0
21227,"Warren County, Kentucky",21,KY,37,7,2010.3783783783783,0,135307,27.3452
21229,"Washington County, Kentucky",21,KY,0,0,0.0,0,12025,0.0
21231,"Wayne County, Kentucky",21,KY,0,0,0.0,0,19666,0.0
21233,"Webster County, Kentucky",21,KY,1,1,2007.0,0,12951,7.7214
21235,"Whitley County, Kentucky",21,KY,10,4,2007.7,0,36648,27.2866
21237,"Wolfe County, Kentucky",21,KY,0,0,0.0,0,6573,0.0
21239,"Woodford County, Kentucky",21,KY,9,3,2021.4444444444443,7,26886,33.4747
22001,"Acadia Parish, Louisiana",22,LA,16,3,2009.125,0,57674,27.7421
22003,"Allen Parish, Louisiana",22,LA,3,3,2013.0,1,22798,13.159
22005,"Ascension Parish, Louisiana",22,LA,3,3,2010.6666666666667,0,126973,2.3627
22007,"Assumption Parish, Louisiana",22,LA,9,2,2009.7777777777778,0,21067,42.7208
22009,"Avoyelles Parish, Louisiana",22,LA,1,1,2023.0,1,39529,2.5298
22011,"Beauregard Parish, Louisiana",22,LA,11,5,2012.090909090909,2,36553,30.0933
22013,"Bienville Parish, Louisiana",22,LA,0,0,0.0,0,12958,0.0
22015,"Bossier Parish, Louisiana",22,LA,30,2,2010.7,2,128877,23.278
22017,"Caddo Parish, Louisiana",22,LA,152,9,2009.796052631579,9,236259,64.3362
22019,"Calcasieu Parish, Louisiana",22,LA,55,8,2008.6181818181817,2,210770,26.0948
22021,"Caldwell Parish, Louisiana",22,LA,0,0,0.0,0,9658,0.0
22023,"Cameron Parish, Louisiana",22,LA,0,0,0.0,0,5447,0.0
22025,"Catahoula Parish, Louisiana",22,LA,0,0,0.0,0,8895,0.0
22027,"Claiborne Parish, Louisiana",22,LA,0,0,0.0,0,14203,0.0
22029,"Concordia Parish, Louisiana",22,LA,2,1,2006.5,0,18677,10.7084
22031,"De Soto Parish, Louisiana",22,LA,0,0,0.0,0,26821,0.0
22033,"East Baton Rouge Parish, Louisiana",22,LA,171,9,2009.4912280701753,5,454369,37.6346
22035,"East Carroll Parish, Louisiana",22,LA,0,0,0.0,0,7371,0.0
22037,"East Feliciana Parish, Louisiana",22,LA,0,0,0.0,0,19452,0.0
22039,"Evangeline Parish, Louisiana",22,LA,6,2,2008.1666666666667,0,32335,18.5557
22041,"Franklin Parish, Louisiana",22,LA,0,0,0.0,0,19752,0.0
22043,"Grant Parish, Louisiana",22,LA,0,0,0.0,0,22185,0.0
22045,"Iberia Parish, Louisiana",22,LA,13,3,2010.0,1,69958,18.5826
22047,"Iberville Parish, Louisiana",22,LA,5,3,2009.4,0,30210,16.5508
22049,"Jackson Parish, Louisiana",22,LA,1,1,2021.0,0,15093,6.6256
22051,"Jefferson Parish, Louisiana",22,LA,147,9,2008.7823129251701,3,436171,33.7024
22053,"Jefferson Davis Parish, Louisiana",22,LA,6,3,2009.8333333333333,0,32277,18.5891
22055,"Lafayette Parish, Louisiana",22,LA,104,10,2011.6634615384614,9,243175,42.7676
22057,"Lafourche Parish, Louisiana",22,LA,14,5,2008.2142857142858,1,97220,14.4003
22059,"LaSalle Parish, Louisiana",22,LA,1,1,2006.0,0,14764,6.7732
22061,"Lincoln Parish, Louisiana",22,LA,11,4,2008.0,0,48323,22.7635
22063,"Livingston Parish, Louisiana",22,LA,2,2,2014.0,0,143425,1.3945
22065,"Madison Parish, Louisiana",22,LA,0,0,0.0,0,10028,0.0
22067,"Morehouse Parish, Louisiana",22,LA,4,3,2006.5,0,25438,15.7245
22069,"Natchitoches Parish, Louisiana",22,LA,9,2,2010.6666666666667,1,37478,24.0141
22071,"Orleans Parish, Louisiana",22,LA,152,10,2011.6052631578948,14,380408,39.9571
22073,"Ouachita Parish, Louisiana",22,LA,51,5,2010.686274509804,4,159585,31.9579
22075,"Plaquemines Parish, Louisiana",22,LA,0,0,0.0,0,23305,0.0
22077,"Pointe Coupee Parish, Louisiana",22,LA,0,0,0.0,0,20652,0.0
22079,"Rapides Parish, Louisiana",22,LA,43,5,2008.3720930232557,1,129536,33.1954
22081,"Red River Parish, Louisiana",22,LA,0,0,0.0,0,7631,0.0
22083,"Richland Parish, Louisiana",22,LA,3,3,2012.3333333333333,0,20028,14.979
22085,"Sabine Parish, Louisiana",22,LA,0,0,0.0,0,22209,0.0
22087,"St. Bernard Parish, Louisiana",22,LA,1,1,2009.0,0,44038,2.2708
22089,"St. Charles Parish, Louisiana",22,LA,2,2,2008.0,0,52191,3.8321
22091,"St. Helena Parish, Louisiana",22,LA,1,1,2013.0,0,10872,9.1979
22093,"St. James Parish, Louisiana",22,LA,0,0,0.0,0,20090,0.0
22095,"St. John the Baptist Parish, Louisiana",22,LA,4,1,2007.0,0,41986,9.527
22097,"St. Landry Parish, Louisiana",22,LA,17,4,2011.1764705882354,2,82574,20.5876
22099,"St. Martin Parish, Louisiana",22,LA,2,1,2009.5,0,51856,3.8568
22101,"St. Mary Parish, Louisiana",22,LA,2,1,2006.5,0,49114,4.0722
22103,"St. Tammany Parish, Louisiana",22,LA,86,7,2009.953488372093,7,266168,32.3104
22105,"Tangipahoa Parish, Louisiana",22,LA,34,6,2009.235294117647,0,133953,25.382
22107,"Tensas Parish, Louisiana",22,LA,0,0,0.0,0,4127,0.0
22109,"Terrebonne Parish, Louisiana",22,LA,27,4,2007.037037037037,0,108862,24.802
22111,"Union Parish, Louisiana",22,LA,1,1,2005.0,0,21049,4.7508
22113,"Vermilion Parish, Louisiana",22,LA,3,2,2005.6666666666667,0,57202,5.2446
22115,"Vernon Parish, Louisiana",22,LA,4,1,2013.5,0,48452,8.2556
22117,"Washington Parish, Louisiana",22,LA,6,3,2012.0,1,45514,13.1828
22119,"Webster Parish, Louisiana",22,LA,5,2,2013.0,1,36761,13.6014
22121,"West Baton Rouge Parish, Louisiana",22,LA,1,1,2006.0,0,27377,3.6527
22123,"West Carroll Parish, Louisiana",22,LA,0,0,0.0,0,9800,0.0
22125,"West Feliciana Parish, Louisiana",22,LA,0,0,0.0,0,15358,0.0
22127,"Winn Parish, Louisiana",22,LA,0,0,0.0,0,13665,0.0
23001,"Androscoggin County, Maine",23,ME,24,4,2010.7083333333333,3,111532,21.5185
23003,"Aroostook County, Maine",23,ME,27,6,2007.7407407407406,2,67237,40.1565
23005,"Cumberland County, Maine",23,ME,199,9,2011.4120603015076,5,303357,65.5993
23007,"Franklin County, Maine",23,ME,12,4,2007.5833333333333,0,29839,40.2158
23009,"Hancock County, Maine",23,ME,28,5,2007.8214285714287,1,55851,50.1334
23011,"Kennebec County, Maine",23,ME,39,5,2009.5641025641025,4,124003,31.4509
23013,"Knox County, Maine",23,ME,16,4,2010.1875,1,40729,39.284
23015,"Lincoln County, Maine",23,ME,19,4,2008.0,0,35466,53.5724
23017,"Oxford County, Maine",23,ME,15,4,2010.8,0,58276,25.7396
23019,"Penobscot County, Maine",23,ME,56,6,2010.25,3,152640,36.6876
23021,"Piscataquis County, Maine",23,ME,2,2,2008.0,0,16936,11.8092
23023,"Sagadahoc County, Maine",23,ME,10,3,2016.3,2,36868,27.1238
23025,"Somerset County, Maine",23,ME,5,2,2008.8,0,50656,9.8705
23027,"Waldo County, Maine",23,ME,10,4,2013.6,2,39772,25.1433
23029,"Washington County, Maine",23,ME,7,4,2009.142857142857,1,31096,22.5109
23031,"York County, Maine",23,ME,40,8,2009.65,1,212691,18.8066
24001,"Allegany County, Maryland",24,MD,18,4,2010.7777777777778,0,68161,26.4081
24003,"Anne Arundel County, Maryland",24,MD,225,12,2011.7955555555557,26,588109,38.2582
24005,"Baltimore County, Maryland",24,MD,330,10,2010.3333333333333,34,850737,38.7899
24009,"Calvert County, Maryland",24,MD,25,4,2010.56,2,93244,26.8114
24011,"Caroline County, Maryland",24,MD,2,2,2023.5,2,33320,6.0024
24013,"Carroll County, Maryland",24,MD,45,8,2013.1777777777777,10,173225,25.9778
24015,"Cecil County, Maryland",24,MD,24,3,2009.75,1,103876,23.1045
24017,"Charles County, Maryland",24,MD,33,5,2011.3333333333333,2,167035,19.7563
24019,"Dorchester County, Maryland",24,MD,6,4,2015.0,0,32557,18.4292
24021,"Frederick County, Maryland",24,MD,67,8,2013.1641791044776,15,273829,24.4678
24023,"Garrett County, Maryland",24,MD,6,3,2011.5,1,28856,20.7929
24025,"Harford County, Maryland",24,MD,48,7,2013.9791666666667,13,261059,18.3866
24027,"Howard County, Maryland",24,MD,135,9,2010.8444444444444,18,332011,40.6613
24029,"Kent County, Maryland",24,MD,4,2,2007.75,0,19289,20.7372
24031,"Montgomery County, Maryland",24,MD,564,10,2011.2854609929077,66,1056910,53.3631
24033,"Prince George's County, Maryland",24,MD,245,8,2013.4326530612245,58,957189,25.5958
24035,"Queen Anne's County, Maryland",24,MD,7,3,2018.0,3,50316,13.9121
24037,"St. Mary's County, Maryland",24,MD,23,5,2012.0869565217392,1,113814,20.2084
24039,"Somerset County, Maryland",24,MD,1,1,2006.0,0,24672,4.0532
24041,"Talbot County, Maryland",24,MD,28,7,2013.357142857143,3,37663,74.3435
24043,"Washington County, Maryland",24,MD,55,8,2012.6545454545455,11,154645,35.5653
24045,"Wicomico County, Maryland",24,MD,51,7,2011.450980392157,7,103815,49.1258
24047,"Worcester County, Maryland",24,MD,8,4,2013.375,2,52827,15.1438
24510,"Baltimore city, Maryland",24,MD,398,10,2011.1381909547738,28,584548,68.0868
25001,"Barnstable County, Massachusetts",25,MA,57,5,2009.2280701754387,5,229436,24.8435
25003,"Berkshire County, Massachusetts",25,MA,35,4,2009.6285714285714,1,128763,27.1817
25005,"Bristol County, Massachusetts",25,MA,112,9,2008.705357142857,1,576699,19.4209
25007,"Dukes County, Massachusetts",25,MA,11,5,2007.7272727272727,0,20543,53.5462
25009,"Essex County, Massachusetts",25,MA,172,9,2009.9825581395348,10,806103,21.3372
25011,"Franklin County, Massachusetts",25,MA,29,5,2010.551724137931,0,70980,40.8566
25013,"Hampden County, Massachusetts",25,MA,180,11,2010.0222222222221,8,464575,38.7451
25015,"Hampshire County, Massachusetts",25,MA,53,5,2010.1698113207547,4,153931,34.431
25017,"Middlesex County, Massachusetts",25,MA,459,11,2010.0065359477123,24,1623109,28.2791
25019,"Nantucket County, Massachusetts",25,MA,0,0,0.0,0,14065,0.0
25021,"Norfolk County, Massachusetts",25,MA,311,10,2009.6334405144694,14,722112,43.0681
25023,"Plymouth County, Massachusetts",25,MA,128,6,2010.1953125,8,529548,24.1716
25025,"Suffolk County, Massachusetts",25,MA,676,12,2011.0059171597634,36,785443,86.0661
25027,"Worcester County, Massachusetts",25,MA,255,11,2009.0862745098038,4,858898,29.6892
26001,"Alcona County, Michigan",26,MI,0,0,0.0,0,10238,0.0
26003,"Alger County, Michigan",26,MI,1,1,2007.0,0,8866,11.279
26005,"Allegan County, Michigan",26,MI,27,4,2010.037037037037,2,120189,22.4646
26007,"Alpena County, Michigan",26,MI,10,3,2007.3,0,28911,34.5889
26009,"Antrim County, Michigan",26,MI,1,1,2006.0,0,23662,4.2262
26011,"Arenac County, Michigan",26,MI,0,0,0.0,0,15031,0.0
26013,"Baraga County, Michigan",26,MI,0,0,0.0,0,8245,0.0
26015,"Barry County, Michigan",26,MI,16,4,2013.75,0,62581,25.5669
26017,"Bay County, Michigan",26,MI,18,4,2007.388888888889,1,103752,17.3491
26019,"Benzie County, Michigan",26,MI,3,2,2014.0,0,18058,16.6131
26021,"Berrien County, Michigan",26,MI,48,7,2010.0416666666667,1,153938,31.1814
26023,"Branch County, Michigan",26,MI,6,2,2006.1666666666667,0,44795,13.3944
26025,"Calhoun County, Michigan",26,MI,43,5,2011.5581395348838,2,134011,32.0869
26027,"Cass County, Michigan",26,MI,4,1,2022.75,2,51604,7.7513
26029,"Charlevoix County, Michigan",26,MI,9,4,2010.4444444444443,0,26174,34.3853
26031,"Cheboygan County, Michigan",26,MI,4,2,2006.75,0,25709,15.5588
26033,"Chippewa County, Michigan",26,MI,5,2,2009.0,0,36670,13.6351
26035,"Clare County, Michigan",26,MI,0,0,0.0,0,30998,0.0
26037,"Clinton County, Michigan",26,MI,6,2,2009.1666666666667,1,79249,7.5711
26039,"Crawford County, Michigan",26,MI,5,3,2016.2,2,13197,37.8874
26041,"Delta County, Michigan",26,MI,7,2,2006.857142857143,0,36839,19.0016
26043,"Dickinson County, Michigan",26,MI,9,3,2010.4444444444443,1,25937,34.6995
26045,"Eaton County, Michigan",26,MI,5,4,2014.6,2,109072,4.5841
26047,"Emmet County, Michigan",26,MI,18,5,2009.2222222222222,0,34072,52.8293
26049,"Genesee County, Michigan",26,MI,127,9,2011.3070866141732,14,405280,31.3364
26051,"Gladwin County, Michigan",26,MI,0,0,0.0,0,25461,0.0
26053,"Gogebic County, Michigan",26,MI,4,4,2007.75,0,14597,27.4029
26055,"Grand Traverse County, Michigan",26,MI,12,3,2011.0833333333333,0,95315,12.5898
26057,"Gratiot County, Michigan",26,MI,7,3,2007.2857142857142,0,41534,16.8537
26059,"Hillsdale County, Michigan",26,MI,6,4,2013.0,2,45698,13.1297
26061,"Houghton County, Michigan",26,MI,20,5,2010.75,2,37414,53.4559
26063,"Huron County, Michigan",26,MI,7,4,2010.4285714285713,1,31461,22.2498
26065,"Ingham County, Michigan",26,MI,112,9,2011.5625,12,282540,39.6404
26067,"Ionia County, Michigan",26,MI,2,2,2006.0,0,66663,3.0002
26069,"Iosco County, Michigan",26,MI,5,3,2010.0,0,25319,19.748
26071,"Iron County, Michigan",26,MI,1,1,2007.0,0,11585,8.6319
26073,"Isabella County, Michigan",26,MI,25,5,2011.28,2,64938,38.4983
26075,"Jackson County, Michigan",26,MI,33,6,2011.6060606060605,5,160637,20.5432
26077,"Kalamazoo County, Michigan",26,MI,97,8,2010.1030927835052,6,261426,37.1042
26079,"Kalkaska County, Michigan",26,MI,2,2,2009.5,0,17934,11.152
26081,"Kent County, Michigan",26,MI,299,11,2011.591973244147,23,657321,45.4877
26083,"Keweenaw County, Michigan",26,MI,0,0,0.0,0,2088,0.0
26085,"Lake County, Michigan",26,MI,0,0,0.0,0,12285,0.0
26087,"Lapeer County, Michigan",26,MI,11,4,2011.2727272727273,0,88687,12.4032
26089,"Leelanau County, Michigan",26,MI,36,8,2011.2222222222222,4,22426,160.528
26091,"Lenawee County, Michigan",26,MI,9,3,2010.3333333333333,1,99263,9.0668
26093,"Livingston County, Michigan",26,MI,41,9,2010.7073170731708,3,194302,21.1012
26095,"Luce County, Michigan",26,MI,0,0,0.0,0,5442,0.0
26097,"Mackinac County, Michigan",26,MI,1,1,2006.0,0,10843,9.2225
26099,"Macomb County, Michigan",26,MI,192,7,2009.953125,12,878453,21.8566
26101,"Manistee County, Michigan",26,MI,8,3,2008.75,0,25058,31.9259
26103,"Marquette County, Michigan",26,MI,13,2,2007.4615384615386,0,66376,19.5854
26105,"Mason County, Michigan",26,MI,11,4,2011.7272727272727,0,29178,37.6996
26107,"Mecosta County, Michigan",26,MI,16,4,2010.1875,0,40128,39.8724
26109,"Menominee County, Michigan",26,MI,0,0,0.0,0,23433,0.0
26111,"Midland County, Michigan",26,MI,32,6,2009.96875,3,83503,38.322
26113,"Missaukee County, Michigan",26,MI,0,0,0.0,0,15089,0.0
26115,"Monroe County, Michigan",26,MI,21,6,2010.095238095238,1,154823,13.5639
26117,"Montcalm County, Michigan",26,MI,18,3,2010.8333333333333,1,66901,26.9054
26119,"Montmorency County, Michigan",26,MI,1,1,2012.0,0,9261,10.798
26121,"Muskegon County, Michigan",26,MI,45,8,2009.8,1,175947,25.5759
26123,"Newaygo County, Michigan",26,MI,13,3,2011.923076923077,1,50130,25.9326
26125,"Oakland County, Michigan",26,MI,701,11,2010.6233951497861,57,1272264,55.0986
26127,"Oceana County, Michigan",26,MI,2,1,2013.0,0,26707,7.4887
26129,"Ogemaw County, Michigan",26,MI,3,2,2005.6666666666667,0,20820,14.4092
26131,"Ontonagon County, Michigan",26,MI,0,0,0.0,0,5862,0.0
26133,"Osceola County, Michigan",26,MI,3,2,2006.3333333333333,0,23022,13.031
26135,"Oscoda County, Michigan",26,MI,0,0,0.0,0,8264,0.0
26137,"Otsego County, Michigan",26,MI,2,1,2006.0,0,25221,7.9299
26139,"Ottawa County, Michigan",26,MI,46,5,2012.304347826087,5,296183,15.5309
26141,"Presque Isle County, Michigan",26,MI,1,1,2023.0,1,13083,7.6435
26143,"Roscommon County, Michigan",26,MI,1,1,2005.0,0,23556,4.2452
26145,"Saginaw County, Michigan",26,MI,88,9,2013.7613636363637,15,189821,46.3595
26147,"St. Clair County, Michigan",26,MI,22,4,2007.909090909091,0,160257,13.7279
26149,"St. Joseph County, Michigan",26,MI,16,5,2009.4375,1,60887,26.2782
26151,"Sanilac County, Michigan",26,MI,3,1,2010.3333333333333,0,40759,7.3603
26153,"Schoolcraft County, Michigan",26,MI,0,0,0.0,0,8062,0.0
26155,"Shiawassee County, Michigan",26,MI,11,6,2011.1818181818182,0,68124,16.147
26157,"Tuscola County, Michigan",26,MI,2,2,2014.5,0,53218,3.7581
26159,"Van Buren County, Michigan",26,MI,11,3,2008.8181818181818,1,75636,14.5433
26161,"Washtenaw County, Michigan",26,MI,365,11,2011.6849315068494,25,370231,98.5871
26163,"Wayne County, Michigan",26,MI,611,11,2010.7790507364975,44,1781641,34.2942
26165,"Wexford County, Michigan",26,MI,12,4,2012.9166666666667,2,33766,35.5387
27001,"Aitkin County, Minnesota",27,MN,1,1,2013.0,0,15859,6.3056
27003,"Anoka County, Minnesota",27,MN,79,7,2010.0253164556962,3,363985,21.7042
27005,"Becker County, Minnesota",27,MN,8,3,2007.625,0,35202,22.726
27007,"Beltrami County, Minnesota",27,MN,11,4,2013.4545454545455,1,46274,23.7714
27009,"Benton County, Minnesota",27,MN,1,1,2006.0,0,41300,2.4213
27011,"Big Stone County, Minnesota",27,MN,0,0,0.0,0,5161,0.0
27013,"Blue Earth County, Minnesota",27,MN,27,4,2012.0,0,69022,39.118
27015,"Brown County, Minnesota",27,MN,6,1,2010.0,0,25880,23.1839
27017,"Carlton County, Minnesota",27,MN,4,2,2011.0,0,36362,11.0005
27019,"Carver County, Minnesota",27,MN,29,4,2011.896551724138,4,107216,27.0482
27021,"Cass County, Minnesota",27,MN,1,1,2007.0,0,30288,3.3016
27023,"Chippewa County, Minnesota",27,MN,3,3,2009.0,0,12466,24.0655
27025,"Chisago County, Minnesota",27,MN,1,1,2026.0,1,56927,1.7566
27027,"Clay County, Minnesota",27,MN,7,3,2012.4285714285713,0,65307,10.7186
27029,"Clearwater County, Minnesota",27,MN,1,1,2021.0,0,8541,11.7082
27031,"Cook County, Minnesota",27,MN,1,1,2016.0,0,5611,17.8221
27033,"Cottonwood County, Minnesota",27,MN,1,1,2006.0,0,11481,8.71
27035,"Crow Wing County, Minnesota",27,MN,19,4,2010.1052631578948,1,66558,28.5465
27037,"Dakota County, Minnesota",27,MN,67,6,2010.2388059701493,1,439179,15.2557
27039,"Dodge County, Minnesota",27,MN,3,2,2020.3333333333333,1,20893,14.3589
27041,"Douglas County, Minnesota",27,MN,17,4,2011.6470588235295,1,39081,43.4994
27043,"Faribault County, Minnesota",27,MN,1,1,2024.0,1,13931,7.1782
27045,"Fillmore County, Minnesota",27,MN,2,1,2021.5,1,21251,9.4113
27047,"Freeborn County, Minnesota",27,MN,5,2,2007.4,0,30857,16.2038
27049,"Goodhue County, Minnesota",27,MN,8,3,2010.625,0,47697,16.7725
27051,"Grant County, Minnesota",27,MN,1,1,2005.0,0,6091,16.4177
27053,"Hennepin County, Minnesota",27,MN,683,11,2010.7232796486092,42,1270787,53.7462
27055,"Houston County, Minnesota",27,MN,0,0,0.0,0,18826,0.0
27057,"Hubbard County, Minnesota",27,MN,1,1,2016.0,0,21479,4.6557
27059,"Isanti County, Minnesota",27,MN,5,2,2009.2,0,41257,12.1192
27061,"Itasca County, Minnesota",27,MN,5,2,2014.8,1,45054,11.0978
27063,"Jackson County, Minnesota",27,MN,0,0,0.0,0,9990,0.0
27065,"Kanabec County, Minnesota",27,MN,3,2,2008.0,0,16145,18.5816
27067,"Kandiyohi County, Minnesota",27,MN,4,1,2006.0,0,43686,9.1563
27069,"Kittson County, Minnesota",27,MN,0,0,0.0,0,4191,0.0
27071,"Koochiching County, Minnesota",27,MN,1,1,2006.0,0,12072,8.2836
27073,"Lac qui Parle County, Minnesota",27,MN,0,0,0.0,0,6736,0.0
27075,"Lake County, Minnesota",27,MN,1,1,2015.0,0,10915,9.1617
27077,"Lake of the Woods County, Minnesota",27,MN,0,0,0.0,0,3786,0.0
27079,"Le Sueur County, Minnesota",27,MN,2,2,2014.0,0,28795,6.9457
27081,"Lincoln County, Minnesota",27,MN,0,0,0.0,0,5630,0.0
27083,"Lyon County, Minnesota",27,MN,6,2,2009.3333333333333,1,25352,23.6668
27085,"McLeod County, Minnesota",27,MN,5,2,2006.4,0,36727,13.614
27087,"Mahnomen County, Minnesota",27,MN,0,0,0.0,0,5389,0.0
27089,"Marshall County, Minnesota",27,MN,0,0,0.0,0,9017,0.0
27091,"Martin County, Minnesota",27,MN,4,1,2007.75,0,19960,20.0401
27093,"Meeker County, Minnesota",27,MN,1,1,2006.0,0,23352,4.2823
27095,"Mille Lacs County, Minnesota",27,MN,9,2,2012.2222222222222,1,26680,33.7331
27097,"Morrison County, Minnesota",27,MN,2,2,2008.5,0,34023,5.8784
27099,"Mower County, Minnesota",27,MN,7,2,2009.0,1,40082,17.4642
27101,"Murray County, Minnesota",27,MN,0,0,0.0,0,8170,0.0
27103,"Nicollet County, Minnesota",27,MN,6,2,2015.6666666666667,0,34380,17.452
27105,"Nobles County, Minnesota",27,MN,11,4,2008.2727272727273,0,22194,49.5629
27107,"Norman County, Minnesota",27,MN,0,0,0.0,0,6457,0.0
27109,"Olmsted County, Minnesota",27,MN,185,10,2012.9837837837838,21,162307,113.9815
27111,"Otter Tail County, Minnesota",27,MN,6,3,2013.0,0,60072,9.988
27113,"Pennington County, Minnesota",27,MN,5,2,2008.8,0,13995,35.727
27115,"Pine County, Minnesota",27,MN,0,0,0.0,0,29090,0.0
27117,"Pipestone County, Minnesota",27,MN,2,1,2010.0,0,9380,21.322
27119,"Polk County, Minnesota",27,MN,5,3,2012.4,1,31128,16.0627
27121,"Pope County, Minnesota",27,MN,1,1,2022.0,0,11312,8.8402
27123,"Ramsey County, Minnesota",27,MN,251,9,2011.7131474103585,19,547202,45.8697
27125,"Red Lake County, Minnesota",27,MN,0,0,0.0,0,3912,0.0
27127,"Redwood County, Minnesota",27,MN,1,1,2008.0,0,15428,6.4817
27129,"Renville County, Minnesota",27,MN,1,1,2005.0,0,14707,6.7995
27131,"Rice County, Minnesota",27,MN,24,4,2011.375,2,67152,35.7398
27133,"Rock County, Minnesota",27,MN,1,1,2013.0,0,9659,10.353
27135,"Roseau County, Minnesota",27,MN,0,0,0.0,0,15294,0.0
27137,"St. Louis County, Minnesota",27,MN,68,6,2011.5882352941176,8,200122,33.9793
27139,"Scott County, Minnesota",27,MN,17,4,2011.235294117647,2,151347,11.2325
27141,"Sherburne County, Minnesota",27,MN,14,4,2011.357142857143,1,97820,14.312
27143,"Sibley County, Minnesota",27,MN,0,0,0.0,0,14950,0.0
27145,"Stearns County, Minnesota",27,MN,33,5,2006.7272727272727,0,158622,20.8042
27147,"Steele County, Minnesota",27,MN,3,2,2010.3333333333333,0,37396,8.0222
27149,"Stevens County, Minnesota",27,MN,1,1,2006.0,0,9682,10.3284
27151,"Swift County, Minnesota",27,MN,1,1,2018.0,0,9806,10.1978
27153,"Todd County, Minnesota",27,MN,14,3,2013.9285714285713,2,25277,55.3863
27155,"Traverse County, Minnesota",27,MN,0,0,0.0,0,3345,0.0
27157,"Wabasha County, Minnesota",27,MN,0,0,0.0,0,21460,0.0
27159,"Wadena County, Minnesota",27,MN,5,2,2008.6,0,14108,35.4409
27161,"Waseca County, Minnesota",27,MN,0,0,0.0,0,18953,0.0
27163,"Washington County, Minnesota",27,MN,71,7,2009.8450704225352,6,268651,26.4283
27165,"Watonwan County, Minnesota",27,MN,0,0,0.0,0,11205,0.0
27167,"Wilkin County, Minnesota",27,MN,0,0,0.0,0,6454,0.0
27169,"Winona County, Minnesota",27,MN,10,4,2009.2,1,49792,20.0835
27171,"Wright County, Minnesota",27,MN,12,3,2009.75,1,142543,8.4185
27173,"Yellow Medicine County, Minnesota",27,MN,2,1,2018.0,0,9569,20.9008
28001,"Adams County, Mississippi",28,MS,7,3,2008.5714285714287,0,29425,23.7893
28003,"Alcorn County, Mississippi",28,MS,7,2,2011.4285714285713,1,34717,20.163
28005,"Amite County, Mississippi",28,MS,0,0,0.0,0,12683,0.0
28007,"Attala County, Mississippi",28,MS,1,1,2006.0,0,17842,5.6048
28009,"Benton County, Mississippi",28,MS,0,0,0.0,0,7637,0.0
28011,"Bolivar County, Mississippi",28,MS,4,2,2010.75,1,30688,13.0344
28013,"Calhoun County, Mississippi",28,MS,0,0,0.0,0,13193,0.0
28015,"Carroll County, Mississippi",28,MS,0,0,0.0,0,9930,0.0
28017,"Chickasaw County, Mississippi",28,MS,0,0,0.0,0,17024,0.0
28019,"Choctaw County, Mississippi",28,MS,0,0,0.0,0,8208,0.0
28021,"Claiborne County, Mississippi",28,MS,0,0,0.0,0,9044,0.0
28023,"Clarke County, Mississippi",28,MS,1,1,2021.0,0,15553,6.4296
28025,"Clay County, Mississippi",28,MS,9,1,2008.0,0,18598,48.3923
28027,"Coahoma County, Mississippi",28,MS,4,1,2013.5,1,21264,18.8111
28029,"Copiah County, Mississippi",28,MS,0,0,0.0,0,28210,0.0
28031,"Covington County, Mississippi",28,MS,0,0,0.0,0,18323,0.0
28033,"DeSoto County, Mississippi",28,MS,35,4,2011.857142857143,2,186214,18.7956
28035,"Forrest County, Mississippi",28,MS,29,5,2009.0344827586207,0,77917,37.2191
28037,"Franklin County, Mississippi",28,MS,1,1,2007.0,0,7690,13.0039
28039,"George County, Mississippi",28,MS,4,2,2007.75,0,24547,16.2953
28041,"Greene County, Mississippi",28,MS,0,0,0.0,0,13672,0.0
28043,"Grenada County, Mississippi",28,MS,5,1,2007.4,0,21474,23.284
28045,"Hancock County, Mississippi",28,MS,5,3,2009.8,0,46010,10.8672
28047,"Harrison County, Mississippi",28,MS,56,6,2010.2142857142858,2,208748,26.8266
28049,"Hinds County, Mississippi",28,MS,124,10,2010.3951612903227,13,226541,54.7362
28051,"Holmes County, Mississippi",28,MS,0,0,0.0,0,16848,0.0
28053,"Humphreys County, Mississippi",28,MS,0,0,0.0,0,7744,0.0
28055,"Issaquena County, Mississippi",28,MS,0,0,0.0,0,1206,0.0
28057,"Itawamba County, Mississippi",28,MS,2,1,2020.5,0,23888,8.3724
28059,"Jackson County, Mississippi",28,MS,24,5,2010.25,1,143721,16.699
28061,"Jasper County, Mississippi",28,MS,0,0,0.0,0,16320,0.0
28063,"Jefferson County, Mississippi",28,MS,0,0,0.0,0,7207,0.0
28065,"Jefferson Davis County, Mississippi",28,MS,0,0,0.0,0,11291,0.0
28067,"Jones County, Mississippi",28,MS,24,3,2009.0416666666667,0,67152,35.7398
28069,"Kemper County, Mississippi",28,MS,0,0,0.0,0,8980,0.0
28071,"Lafayette County, Mississippi",28,MS,15,4,2009.6666666666667,1,56172,26.7037
28073,"Lamar County, Mississippi",28,MS,17,4,2008.8823529411766,0,64425,26.3873
28075,"Lauderdale County, Mississippi",28,MS,41,5,2009.3902439024391,1,72741,56.3644
28077,"Lawrence County, Mississippi",28,MS,0,0,0.0,0,11933,0.0
28079,"Leake County, Mississippi",28,MS,3,3,2006.3333333333333,0,21335,14.0614
28081,"Lee County, Mississippi",28,MS,32,6,2010.53125,1,83343,38.3955
28083,"Leflore County, Mississippi",28,MS,9,4,2006.111111111111,0,27920,32.235
28085,"Lincoln County, Mississippi",28,MS,3,2,2015.3333333333333,1,34855,8.6071
28087,"Lowndes County, Mississippi",28,MS,4,1,2006.25,0,58547,6.8321
28089,"Madison County, Mississippi",28,MS,19,7,2010.2631578947369,2,109257,17.3902
28091,"Marion County, Mississippi",28,MS,2,2,2006.0,0,24362,8.2095
28093,"Marshall County, Mississippi",28,MS,0,0,0.0,0,33980,0.0
28095,"Monroe County, Mississippi",28,MS,14,4,2009.7142857142858,0,34168,40.974
28097,"Montgomery County, Mississippi",28,MS,0,0,0.0,0,9803,0.0
28099,"Neshoba County, Mississippi",28,MS,2,2,2014.5,0,28970,6.9037
28101,"Newton County, Mississippi",28,MS,1,1,2020.0,0,21275,4.7004
28103,"Noxubee County, Mississippi",28,MS,1,1,2007.0,0,10261,9.7456
28105,"Oktibbeha County, Mississippi",28,MS,9,3,2009.3333333333333,1,51388,17.5138
28107,"Panola County, Mississippi",28,MS,6,3,2012.1666666666667,0,33157,18.0957
28109,"Pearl River County, Mississippi",28,MS,12,2,2012.25,1,56351,21.2951
28111,"Perry County, Mississippi",28,MS,0,0,0.0,0,11511,0.0
28113,"Pike County, Mississippi",28,MS,14,4,2013.0,1,40098,34.9145
28115,"Pontotoc County, Mississippi",28,MS,0,0,0.0,0,31202,0.0
28117,"Prentiss County, Mississippi",28,MS,0,0,0.0,0,24945,0.0
28119,"Quitman County, Mississippi",28,MS,0,0,0.0,0,6113,0.0
28121,"Rankin County, Mississippi",28,MS,68,8,2008.8088235294117,3,157185,43.2611
28123,"Scott County, Mississippi",28,MS,2,1,2011.5,0,27943,7.1574
28125,"Sharkey County, Mississippi",28,MS,0,0,0.0,0,3910,0.0
28127,"Simpson County, Mississippi",28,MS,2,2,2012.0,0,25889,7.7253
28129,"Smith County, Mississippi",28,MS,0,0,0.0,0,14310,0.0
28131,"Stone County, Mississippi",28,MS,0,0,0.0,0,18360,0.0
28133,"Sunflower County, Mississippi",28,MS,2,2,2025.0,2,25867,7.7319
28135,"Tallahatchie County, Mississippi",28,MS,0,0,0.0,0,12621,0.0
28137,"Tate County, Mississippi",28,MS,3,3,2010.0,0,28094,10.6784
28139,"Tippah County, Mississippi",28,MS,1,1,2023.0,1,21769,4.5937
28141,"Tishomingo County, Mississippi",28,MS,0,0,0.0,0,18837,0.0
28143,"Tunica County, Mississippi",28,MS,0,0,0.0,0,9787,0.0
28145,"Union County, Mississippi",28,MS,6,2,2009.3333333333333,1,27880,21.5208
28147,"Walthall County, Mississippi",28,MS,0,0,0.0,0,13888,0.0
28149,"Warren County, Mississippi",28,MS,7,3,2008.857142857143,1,44341,15.7867
28151,"Washington County, Mississippi",28,MS,9,2,2007.4444444444443,0,44604,20.1776
28153,"Wayne County, Mississippi",28,MS,2,2,2005.5,0,19760,10.1215
28155,"Webster County, Mississippi",28,MS,0,0,0.0,0,9942,0.0
28157,"Wilkinson County, Mississippi",28,MS,0,0,0.0,0,8531,0.0
28159,"Winston County, Mississippi",28,MS,0,0,0.0,0,17741,0.0
28161,"Yalobusha County, Mississippi",28,MS,0,0,0.0,0,12499,0.0
28163,"Yazoo County, Mississippi",28,MS,0,0,0.0,0,27467,0.0
29001,"Adair County, Missouri",29,MO,8,2,2007.75,0,25299,31.6218
29003,"Andrew County, Missouri",29,MO,0,0,0.0,0,18069,0.0
29005,"Atchison County, Missouri",29,MO,0,0,0.0,0,5270,0.0
29007,"Audrain County, Missouri",29,MO,3,2,2012.6666666666667,0,24873,12.0613
29009,"Barry County, Missouri",29,MO,5,3,2010.2,0,34701,14.4088
29011,"Barton County, Missouri",29,MO,0,0,0.0,0,11683,0.0
29013,"Bates County, Missouri",29,MO,2,1,2019.5,1,16101,12.4216
29015,"Benton County, Missouri",29,MO,0,0,0.0,0,19616,0.0
29017,"Bollinger County, Missouri",29,MO,0,0,0.0,0,10658,0.0
29019,"Boone County, Missouri",29,MO,76,9,2011.078947368421,4,184043,41.2947
29021,"Buchanan County, Missouri",29,MO,25,3,2009.44,0,84544,29.5704
29023,"Butler County, Missouri",29,MO,18,5,2007.7222222222222,0,42280,42.5733
29025,"Caldwell County, Missouri",29,MO,0,0,0.0,0,8876,0.0
29027,"Callaway County, Missouri",29,MO,0,0,0.0,0,44517,0.0
29029,"Camden County, Missouri",29,MO,16,3,2008.625,1,43227,37.0139
29031,"Cape Girardeau County, Missouri",29,MO,36,8,2008.3333333333333,1,81703,44.062
29033,"Carroll County, Missouri",29,MO,0,0,0.0,0,8513,0.0
29035,"Carter County, Missouri",29,MO,0,0,0.0,0,5299,0.0
29037,"Cass County, Missouri",29,MO,1,1,2021.0,0,108205,0.9242
29039,"Cedar County, Missouri",29,MO,1,1,2010.0,0,14314,6.9862
29041,"Chariton County, Missouri",29,MO,0,0,0.0,0,7417,0.0
29043,"Christian County, Missouri",29,MO,8,4,2011.5,0,89568,8.9318
29045,"Clark County, Missouri",29,MO,1,1,2024.0,1,6693,14.941
29047,"Clay County, Missouri",29,MO,65,7,2011.1846153846154,8,253085,25.6831
29049,"Clinton County, Missouri",29,MO,0,0,0.0,0,21155,0.0
29051,"Cole County, Missouri",29,MO,20,3,2009.35,1,76890,26.0112
29053,"Cooper County, Missouri",29,MO,2,1,2013.5,0,16893,11.8392
29055,"Crawford County, Missouri",29,MO,1,1,2015.0,0,23023,4.3435
29057,"Dade County, Missouri",29,MO,1,1,2009.0,0,7598,13.1614
29059,"Dallas County, Missouri",29,MO,0,0,0.0,0,17158,0.0
29061,"Daviess County, Missouri",29,MO,0,0,0.0,0,8418,0.0
29063,"DeKalb County, Missouri",29,MO,2,1,2006.0,0,11838,16.8947
29065,"Dent County, Missouri",29,MO,0,0,0.0,0,14509,0.0
29067,"Douglas County, Missouri",29,MO,0,0,0.0,0,11803,0.0
29069,"Dunklin County, Missouri",29,MO,5,1,2008.4,0,28174,17.7469
29071,"Franklin County, Missouri",29,MO,21,6,2009.1904761904761,3,104858,20.0271
29073,"Gasconade County, Missouri",29,MO,0,0,0.0,0,14801,0.0
29075,"Gentry County, Missouri",29,MO,0,0,0.0,0,6219,0.0
29077,"Greene County, Missouri",29,MO,104,8,2010.375,5,299188,34.7608
29079,"Grundy County, Missouri",29,MO,4,3,2006.75,0,9878,40.494
29081,"Harrison County, Missouri",29,MO,0,0,0.0,0,8190,0.0
29083,"Henry County, Missouri",29,MO,4,1,2009.75,0,22064,18.1291
29085,"Hickory County, Missouri",29,MO,0,0,0.0,0,8452,0.0
29087,"Holt County, Missouri",29,MO,0,0,0.0,0,4274,0.0
29089,"Howard County, Missouri",29,MO,0,0,0.0,0,10142,0.0
29091,"Howell County, Missouri",29,MO,9,3,2011.7777777777778,0,39960,22.5225
29093,"Iron County, Missouri",29,MO,0,0,0.0,0,9538,0.0
29095,"Jackson County, Missouri",29,MO,234,10,2010.4017094017095,11,715526,32.7032
29097,"Jasper County, Missouri",29,MO,8,3,2010.25,0,122788,6.5153
29099,"Jefferson County, Missouri",29,MO,28,4,2010.607142857143,1,226984,12.3357
29101,"Johnson County, Missouri",29,MO,16,4,2010.4375,2,54025,29.6159
29103,"Knox County, Missouri",29,MO,3,1,2016.3333333333333,1,3772,79.5334
29105,"Laclede County, Missouri",29,MO,6,2,2006.3333333333333,0,36060,16.6389
29107,"Lafayette County, Missouri",29,MO,2,1,2021.5,0,32858,6.0868
29109,"Lawrence County, Missouri",29,MO,3,3,2007.6666666666667,0,38231,7.847
29111,"Lewis County, Missouri",29,MO,0,0,0.0,0,9987,0.0
29113,"Lincoln County, Missouri",29,MO,3,3,2006.3333333333333,0,60172,4.9857
29115,"Linn County, Missouri",29,MO,0,0,0.0,0,11892,0.0
29117,"Livingston County, Missouri",29,MO,4,2,2010.25,0,14402,27.7739
29119,"McDonald County, Missouri",29,MO,0,0,0.0,0,23381,0.0
29121,"Macon County, Missouri",29,MO,0,0,0.0,0,15173,0.0
29123,"Madison County, Missouri",29,MO,1,1,2007.0,0,12649,7.9058
29125,"Maries County, Missouri",29,MO,0,0,0.0,0,8454,0.0
29127,"Marion County, Missouri",29,MO,8,2,2008.25,0,28525,28.0456
29129,"Mercer County, Missouri",29,MO,0,0,0.0,0,3517,0.0
29131,"Miller County, Missouri",29,MO,1,1,2012.0,0,24855,4.0233
29133,"Mississippi County, Missouri",29,MO,0,0,0.0,0,12305,0.0
29135,"Moniteau County, Missouri",29,MO,1,1,2012.0,0,15401,6.4931
29137,"Monroe County, Missouri",29,MO,0,0,0.0,0,8668,0.0
29139,"Montgomery County, Missouri",29,MO,0,0,0.0,0,11421,0.0
29141,"Morgan County, Missouri",29,MO,0,0,0.0,0,21169,0.0
29143,"New Madrid County, Missouri",29,MO,0,0,0.0,0,16341,0.0
29145,"Newton County, Missouri",29,MO,39,7,2011.179487179487,2,59019,66.0804
29147,"Nodaway County, Missouri",29,MO,4,2,2005.5,0,21140,18.9215
29149,"Oregon County, Missouri",29,MO,0,0,0.0,0,8783,0.0
29151,"Osage County, Missouri",29,MO,0,0,0.0,0,13374,0.0
29153,"Ozark County, Missouri",29,MO,1,1,2024.0,1,8688,11.5101
29155,"Pemiscot County, Missouri",29,MO,4,2,2009.25,0,15555,25.7152
29157,"Perry County, Missouri",29,MO,3,2,2005.3333333333333,0,18970,15.8144
29159,"Pettis County, Missouri",29,MO,10,5,2010.7,2,43059,23.2239
29161,"Phelps County, Missouri",29,MO,21,5,2012.857142857143,2,44843,46.8301
29163,"Pike County, Missouri",29,MO,0,0,0.0,0,17719,0.0
29165,"Platte County, Missouri",29,MO,13,4,2011.8461538461538,2,107033,12.1458
29167,"Polk County, Missouri",29,MO,9,3,2010.3333333333333,1,31877,28.2335
29169,"Pulaski County, Missouri",29,MO,8,4,2017.0,2,53726,14.8904
29171,"Putnam County, Missouri",29,MO,2,1,2022.5,0,4698,42.5713
29173,"Ralls County, Missouri",29,MO,0,0,0.0,0,10356,0.0
29175,"Randolph County, Missouri",29,MO,1,1,2005.0,0,24652,4.0565
29177,"Ray County, Missouri",29,MO,0,0,0.0,0,23122,0.0
29179,"Reynolds County, Missouri",29,MO,0,0,0.0,0,6102,0.0
29181,"Ripley County, Missouri",29,MO,0,0,0.0,0,10839,0.0
29183,"St. Charles County, Missouri",29,MO,80,5,2009.85,3,406262,19.6917
29185,"St. Clair County, Missouri",29,MO,1,1,2007.0,0,9330,10.7181
29186,"Ste. Genevieve County, Missouri",29,MO,5,3,2009.4,0,18494,27.0358
29187,"St. Francois County, Missouri",29,MO,15,3,2008.6666666666667,1,66814,22.4504
29189,"St. Louis County, Missouri",29,MO,568,10,2010.531690140845,30,999703,56.8169
29195,"Saline County, Missouri",29,MO,7,4,2007.5714285714287,0,23219,30.1477
29197,"Schuyler County, Missouri",29,MO,0,0,0.0,0,4066,0.0
29199,"Scotland County, Missouri",29,MO,3,2,2009.0,0,4720,63.5593
29201,"Scott County, Missouri",29,MO,9,3,2007.7777777777778,0,38055,23.65
29203,"Shannon County, Missouri",29,MO,0,0,0.0,0,7132,0.0
29205,"Shelby County, Missouri",29,MO,0,0,0.0,0,6049,0.0
29207,"Stoddard County, Missouri",29,MO,1,1,2017.0,0,28656,3.4897
29209,"Stone County, Missouri",29,MO,0,0,0.0,0,31314,0.0
29211,"Sullivan County, Missouri",29,MO,0,0,0.0,0,5983,0.0
29213,"Taney County, Missouri",29,MO,11,4,2009.1818181818182,0,56202,19.5723
29215,"Texas County, Missouri",29,MO,1,1,2006.0,0,24828,4.0277
29217,"Vernon County, Missouri",29,MO,5,3,2016.4,0,19777,25.2819
29219,"Warren County, Missouri",29,MO,1,1,2013.0,0,35729,2.7988
29221,"Washington County, Missouri",29,MO,1,1,2013.0,0,23580,4.2409
29223,"Wayne County, Missouri",29,MO,0,0,0.0,0,11081,0.0
29225,"Webster County, Missouri",29,MO,0,0,0.0,0,39265,0.0
29227,"Worth County, Missouri",29,MO,0,0,0.0,0,1982,0.0
29229,"Wright County, Missouri",29,MO,1,1,2022.0,0,18475,5.4127
29510,"St. Louis city, Missouri",29,MO,218,10,2014.2477064220184,27,298018,73.1499
30001,"Beaverhead County, Montana",30,MT,5,3,2006.6,0,9469,52.8039
30003,"Big Horn County, Montana",30,MT,2,1,2006.5,0,13090,15.2788
30005,"Blaine County, Montana",30,MT,0,0,0.0,0,7030,0.0
30007,"Broadwater County, Montana",30,MT,0,0,0.0,0,6977,0.0
30009,"Carbon County, Montana",30,MT,0,0,0.0,0,10645,0.0
30011,"Carter County, Montana",30,MT,0,0,0.0,0,1332,0.0
30013,"Cascade County, Montana",30,MT,31,6,2009.5483870967741,1,84423,36.7199
30015,"Chouteau County, Montana",30,MT,0,0,0.0,0,5897,0.0
30017,"Custer County, Montana",30,MT,5,3,2007.4,0,11957,41.8165
30019,"Daniels County, Montana",30,MT,0,0,0.0,0,1535,0.0
30021,"Dawson County, Montana",30,MT,2,1,2011.5,0,8915,22.4341
30023,"Deer Lodge County, Montana",30,MT,3,2,2006.6666666666667,0,9435,31.7965
30025,"Fallon County, Montana",30,MT,0,0,0.0,0,2941,0.0
30027,"Fergus County, Montana",30,MT,3,3,2015.6666666666667,0,11496,26.096
30029,"Flathead County, Montana",30,MT,63,7,2011.5396825396826,2,105950,59.462
30031,"Gallatin County, Montana",30,MT,57,8,2012.1754385964912,6,119685,47.625
30033,"Garfield County, Montana",30,MT,0,0,0.0,0,976,0.0
30035,"Glacier County, Montana",30,MT,1,1,2006.0,0,13781,7.2564
30037,"Golden Valley County, Montana",30,MT,0,0,0.0,0,841,0.0
30039,"Granite County, Montana",30,MT,0,0,0.0,0,3368,0.0
30041,"Hill County, Montana",30,MT,1,1,2006.0,0,16238,6.1584
30043,"Jefferson County, Montana",30,MT,1,1,2011.0,0,12273,8.148
30045,"Judith Basin County, Montana",30,MT,0,0,0.0,0,2039,0.0
30047,"Lake County, Montana",30,MT,4,3,2007.75,0,31509,12.6948
30049,"Lewis and Clark County, Montana",30,MT,25,7,2012.12,3,71487,34.9714
30051,"Liberty County, Montana",30,MT,0,0,0.0,0,1993,0.0
30053,"Lincoln County, Montana",30,MT,4,2,2009.75,0,20157,19.8442
30055,"McCone County, Montana",30,MT,0,0,0.0,0,1746,0.0
30057,"Madison County, Montana",30,MT,0,0,0.0,0,8742,0.0
30059,"Meagher County, Montana",30,MT,0,0,0.0,0,1948,0.0
30061,"Mineral County, Montana",30,MT,0,0,0.0,0,4652,0.0
30063,"Missoula County, Montana",30,MT,58,8,2010.1724137931035,3,118541,48.9282
30065,"Musselshell County, Montana",30,MT,0,0,0.0,0,4924,0.0
30067,"Park County, Montana",30,MT,4,3,2010.25,0,17320,23.0947
30069,"Petroleum County, Montana",30,MT,0,0,0.0,0,416,0.0
30071,"Phillips County, Montana",30,MT,0,0,0.0,0,4233,0.0
30073,"Pondera County, Montana",30,MT,0,0,0.0,0,5987,0.0
30075,"Powder River County, Montana",30,MT,0,0,0.0,0,1773,0.0
30077,"Powell County, Montana",30,MT,1,1,2007.0,0,6998,14.2898
30079,"Prairie County, Montana",30,MT,0,0,0.0,0,1283,0.0
30081,"Ravalli County, Montana",30,MT,12,4,2011.5833333333333,1,44876,26.7404
30083,"Richland County, Montana",30,MT,5,2,2006.6,0,11366,43.9908
30085,"Roosevelt County, Montana",30,MT,1,1,2014.0,0,10799,9.2601
30087,"Rosebud County, Montana",30,MT,0,0,0.0,0,8310,0.0
30089,"Sanders County, Montana",30,MT,4,2,2010.75,0,12615,31.7083
30091,"Sheridan County, Montana",30,MT,0,0,0.0,0,3700,0.0
30093,"Silver Bow County, Montana",30,MT,13,5,2010.923076923077,0,35306,36.8209
30095,"Stillwater County, Montana",30,MT,1,1,2013.0,0,8978,11.1383
30097,"Sweet Grass County, Montana",30,MT,0,0,0.0,0,3697,0.0
30099,"Teton County, Montana",30,MT,0,0,0.0,0,6238,0.0
30101,"Toole County, Montana",30,MT,1,1,2015.0,0,5018,19.9283
30103,"Treasure County, Montana",30,MT,0,0,0.0,0,680,0.0
30105,"Valley County, Montana",30,MT,4,1,2010.25,0,7552,52.9661
30107,"Wheatland County, Montana",30,MT,0,0,0.0,0,2060,0.0
30109,"Wibaux County, Montana",30,MT,0,0,0.0,0,1119,0.0
30111,"Yellowstone County, Montana",30,MT,62,8,2010.4193548387098,3,165524,37.4568
31001,"Adams County, Nebraska",31,NE,11,3,2010.1818181818182,1,31143,35.3209
31003,"Antelope County, Nebraska",31,NE,0,0,0.0,0,6302,0.0
31005,"Arthur County, Nebraska",31,NE,0,0,0.0,0,485,0.0
31007,"Banner County, Nebraska",31,NE,0,0,0.0,0,670,0.0
31009,"Blaine County, Nebraska",31,NE,0,0,0.0,0,384,0.0
31011,"Boone County, Nebraska",31,NE,0,0,0.0,0,5397,0.0
31013,"Box Butte County, Nebraska",31,NE,0,0,0.0,0,10778,0.0
31015,"Boyd County, Nebraska",31,NE,0,0,0.0,0,1767,0.0
31017,"Brown County, Nebraska",31,NE,0,0,0.0,0,2691,0.0
31019,"Buffalo County, Nebraska",31,NE,13,3,2010.1538461538462,1,50103,25.9466
31021,"Burt County, Nebraska",31,NE,1,1,2021.0,0,6717,14.8876
31023,"Butler County, Nebraska",31,NE,0,0,0.0,0,8373,0.0
31025,"Cass County, Nebraska",31,NE,0,0,0.0,0,26749,0.0
31027,"Cedar County, Nebraska",31,NE,0,0,0.0,0,8375,0.0
31029,"Chase County, Nebraska",31,NE,0,0,0.0,0,3704,0.0
31031,"Cherry County, Nebraska",31,NE,0,0,0.0,0,5473,0.0
31033,"Cheyenne County, Nebraska",31,NE,0,0,0.0,0,9489,0.0
31035,"Clay County, Nebraska",31,NE,0,0,0.0,0,6088,0.0
31037,"Colfax County, Nebraska",31,NE,0,0,0.0,0,10563,0.0
31039,"Cuming County, Nebraska",31,NE,0,0,0.0,0,9000,0.0
31041,"Custer County, Nebraska",31,NE,0,0,0.0,0,10566,0.0
31043,"Dakota County, Nebraska",31,NE,0,0,0.0,0,21308,0.0
31045,"Dawes County, Nebraska",31,NE,0,0,0.0,0,8279,0.0
31047,"Dawson County, Nebraska",31,NE,3,3,2011.3333333333333,0,24037,12.4808
31049,"Deuel County, Nebraska",31,NE,0,0,0.0,0,1858,0.0
31051,"Dixon County, Nebraska",31,NE,0,0,0.0,0,5579,0.0
31053,"Dodge County, Nebraska",31,NE,5,1,2006.8,0,37175,13.4499
31055,"Douglas County, Nebraska",31,NE,230,11,2011.8521739130435,25,582638,39.4756
31057,"Dundy County, Nebraska",31,NE,0,0,0.0,0,1825,0.0
31059,"Fillmore County, Nebraska",31,NE,0,0,0.0,0,5557,0.0
31061,"Franklin County, Nebraska",31,NE,1,1,2023.0,0,2901,34.4709
31063,"Frontier County, Nebraska",31,NE,0,0,0.0,0,2491,0.0
31065,"Furnas County, Nebraska",31,NE,0,0,0.0,0,4630,0.0
31067,"Gage County, Nebraska",31,NE,4,2,2009.0,0,21654,18.4723
31069,"Garden County, Nebraska",31,NE,0,0,0.0,0,1778,0.0
31071,"Garfield County, Nebraska",31,NE,0,0,0.0,0,1833,0.0
31073,"Gosper County, Nebraska",31,NE,0,0,0.0,0,1873,0.0
31075,"Grant County, Nebraska",31,NE,0,0,0.0,0,649,0.0
31077,"Greeley County, Nebraska",31,NE,0,0,0.0,0,2212,0.0
31079,"Hall County, Nebraska",31,NE,12,2,2009.5,1,62575,19.177
31081,"Hamilton County, Nebraska",31,NE,0,0,0.0,0,9400,0.0
31083,"Harlan County, Nebraska",31,NE,0,0,0.0,0,3094,0.0
31085,"Hayes County, Nebraska",31,NE,0,0,0.0,0,919,0.0
31087,"Hitchcock County, Nebraska",31,NE,0,0,0.0,0,2620,0.0
31089,"Holt County, Nebraska",31,NE,0,0,0.0,0,10149,0.0
31091,"Hooker County, Nebraska",31,NE,0,0,0.0,0,659,0.0
31093,"Howard County, Nebraska",31,NE,0,0,0.0,0,6476,0.0
31095,"Jefferson County, Nebraska",31,NE,1,1,2015.0,0,7185,13.9179
31097,"Johnson County, Nebraska",31,NE,0,0,0.0,0,5294,0.0
31099,"Kearney County, Nebraska",31,NE,0,0,0.0,0,6655,0.0
31101,"Keith County, Nebraska",31,NE,0,0,0.0,0,8303,0.0
31103,"Keya Paha County, Nebraska",31,NE,0,0,0.0,0,987,0.0
31105,"Kimball County, Nebraska",31,NE,0,0,0.0,0,3395,0.0
31107,"Knox County, Nebraska",31,NE,0,0,0.0,0,8415,0.0
31109,"Lancaster County, Nebraska",31,NE,91,7,2009.6483516483515,4,322063,28.2553
31111,"Lincoln County, Nebraska",31,NE,10,3,2011.4,1,34532,28.9586
31113,"Logan County, Nebraska",31,NE,0,0,0.0,0,839,0.0
31115,"Loup County, Nebraska",31,NE,0,0,0.0,0,629,0.0
31117,"McPherson County, Nebraska",31,NE,0,0,0.0,0,456,0.0
31119,"Madison County, Nebraska",31,NE,12,4,2009.5,0,35538,33.7667
31121,"Merrick County, Nebraska",31,NE,0,0,0.0,0,7675,0.0
31123,"Morrill County, Nebraska",31,NE,0,0,0.0,0,4562,0.0
31125,"Nance County, Nebraska",31,NE,0,0,0.0,0,3366,0.0
31127,"Nemaha County, Nebraska",31,NE,0,0,0.0,0,7019,0.0
31129,"Nuckolls County, Nebraska",31,NE,0,0,0.0,0,4092,0.0
31131,"Otoe County, Nebraska",31,NE,0,0,0.0,0,15995,0.0
31133,"Pawnee County, Nebraska",31,NE,0,0,0.0,0,2553,0.0
31135,"Perkins County, Nebraska",31,NE,0,0,0.0,0,2860,0.0
31137,"Phelps County, Nebraska",31,NE,1,1,2007.0,0,8966,11.1532
31139,"Pierce County, Nebraska",31,NE,0,0,0.0,0,7301,0.0
31141,"Platte County, Nebraska",31,NE,10,4,2010.4,1,34219,29.2235
31143,"Polk County, Nebraska",31,NE,0,0,0.0,0,5182,0.0
31145,"Red Willow County, Nebraska",31,NE,0,0,0.0,0,10690,0.0
31147,"Richardson County, Nebraska",31,NE,2,1,2022.0,0,7850,25.4777
31149,"Rock County, Nebraska",31,NE,0,0,0.0,0,1312,0.0
31151,"Saline County, Nebraska",31,NE,1,1,2014.0,0,14275,7.0053
31153,"Sarpy County, Nebraska",31,NE,40,7,2010.475,1,191272,20.9126
31155,"Saunders County, Nebraska",31,NE,0,0,0.0,0,22374,0.0
31157,"Scotts Bluff County, Nebraska",31,NE,0,0,0.0,0,36048,0.0
31159,"Seward County, Nebraska",31,NE,0,0,0.0,0,17644,0.0
31161,"Sheridan County, Nebraska",31,NE,0,0,0.0,0,5102,0.0
31163,"Sherman County, Nebraska",31,NE,0,0,0.0,0,2970,0.0
31165,"Sioux County, Nebraska",31,NE,15,4,2010.8,1,1162,1290.8778
31167,"Stanton County, Nebraska",31,NE,0,0,0.0,0,5828,0.0
31169,"Thayer County, Nebraska",31,NE,0,0,0.0,0,5006,0.0
31171,"Thomas County, Nebraska",31,NE,0,0,0.0,0,592,0.0
31173,"Thurston County, Nebraska",31,NE,0,0,0.0,0,6716,0.0
31175,"Valley County, Nebraska",31,NE,0,0,0.0,0,4053,0.0
31177,"Washington County, Nebraska",31,NE,0,0,0.0,0,20884,0.0
31179,"Wayne County, Nebraska",31,NE,0,0,0.0,0,9701,0.0
31181,"Webster County, Nebraska",31,NE,0,0,0.0,0,3410,0.0
31183,"Wheeler County, Nebraska",31,NE,0,0,0.0,0,771,0.0
31185,"York County, Nebraska",31,NE,0,0,0.0,0,14212,0.0
32001,"Churchill County, Nevada",32,NV,5,2,2005.8,0,25409,19.6781
32003,"Clark County, Nevada",32,NV,508,10,2010.5767716535433,28,2265926,22.4191
32005,"Douglas County, Nevada",32,NV,5,4,2010.6,0,49476,10.1059
32007,"Elko County, Nevada",32,NV,9,3,2009.0,0,53600,16.791
32009,"Esmeralda County, Nevada",32,NV,0,0,0.0,0,980,0.0
32011,"Eureka County, Nevada",32,NV,0,0,0.0,0,1622,0.0
32013,"Humboldt County, Nevada",32,NV,2,2,2014.0,0,17266,11.5835
32015,"Lander County, Nevada",32,NV,0,0,0.0,0,5728,0.0
32017,"Lincoln County, Nevada",32,NV,0,0,0.0,0,4507,0.0
32019,"Lyon County, Nevada",32,NV,1,1,2021.0,0,59435,1.6825
32021,"Mineral County, Nevada",32,NV,0,0,0.0,0,4568,0.0
32023,"Nye County, Nevada",32,NV,2,2,2013.0,0,51698,3.8686
32027,"Pershing County, Nevada",32,NV,0,0,0.0,0,6587,0.0
32029,"Storey County, Nevada",32,NV,2,2,2007.0,0,4095,48.84
32031,"Washoe County, Nevada",32,NV,148,10,2011.168918918919,7,486674,30.4105
32033,"White Pine County, Nevada",32,NV,0,0,0.0,0,8997,0.0
32510,"Carson City, Nevada",32,NV,19,3,2009.157894736842,0,58249,32.6186
33001,"Belknap County, New Hampshire",33,NH,8,2,2006.25,0,63914,12.5168
33003,"Carroll County, New Hampshire",33,NH,16,3,2008.9375,0,50679,31.5713
33005,"Cheshire County, New Hampshire",33,NH,30,4,2011.3333333333333,0,76610,39.1594
33007,"Coos County, New Hampshire",33,NH,9,3,2008.0,1,31430,28.6351
33009,"Grafton County, New Hampshire",33,NH,20,5,2008.6,0,90836,22.0177
33011,"Hillsborough County, New Hampshire",33,NH,197,9,2010.5431472081218,10,422733,46.6015
33013,"Merrimack County, New Hampshire",33,NH,50,5,2010.06,1,153918,32.4848
33015,"Rockingham County, New Hampshire",33,NH,89,7,2011.0674157303372,8,315169,28.2388
33017,"Strafford County, New Hampshire",33,NH,59,5,2010.3728813559321,2,130965,45.0502
33019,"Sullivan County, New Hampshire",33,NH,2,2,2011.0,0,43356,4.613
34001,"Atlantic County, New Jersey",34,NJ,92,6,2010.5326086956522,5,274339,33.5352
34003,"Bergen County, New Jersey",34,NJ,362,11,2010.03591160221,20,953243,37.9756
34005,"Burlington County, New Jersey",34,NJ,136,8,2010.0073529411766,5,461853,29.4466
34007,"Camden County, New Jersey",34,NJ,311,10,2011.6784565916398,18,522581,59.5123
34009,"Cape May County, New Jersey",34,NJ,14,6,2006.7857142857142,0,95456,14.6664
34011,"Cumberland County, New Jersey",34,NJ,36,9,2009.75,1,153588,23.4393
34013,"Essex County, New Jersey",34,NJ,321,9,2010.1246105919004,18,853374,37.6154
34015,"Gloucester County, New Jersey",34,NJ,66,7,2011.3484848484848,4,302621,21.8095
34017,"Hudson County, New Jersey",34,NJ,136,10,2011.3235294117646,11,712029,19.1003
34019,"Hunterdon County, New Jersey",34,NJ,31,6,2009.225806451613,0,129099,24.0126
34021,"Mercer County, New Jersey",34,NJ,209,10,2009.88995215311,12,383732,54.4651
34023,"Middlesex County, New Jersey",34,NJ,253,11,2010.3241106719368,10,860147,29.4136
34025,"Monmouth County, New Jersey",34,NJ,265,11,2010.1924528301886,13,643064,41.209
34027,"Morris County, New Jersey",34,NJ,178,11,2010.7640449438202,12,508816,34.9832
34029,"Ocean County, New Jersey",34,NJ,109,8,2010.1467889908256,9,638691,17.0662
34031,"Passaic County, New Jersey",34,NJ,185,9,2010.5783783783784,6,519986,35.5779
34033,"Salem County, New Jersey",34,NJ,11,5,2013.4545454545455,3,64840,16.9648
34035,"Somerset County, New Jersey",34,NJ,114,10,2009.578947368421,5,344978,33.0456
34037,"Sussex County, New Jersey",34,NJ,19,6,2008.1052631578948,0,144808,13.1208
34039,"Union County, New Jersey",34,NJ,147,9,2010.7823129251701,10,572079,25.6958
34041,"Warren County, New Jersey",34,NJ,32,9,2009.84375,1,109739,29.1601
35001,"Bernalillo County, New Mexico",35,NM,356,10,2010.6825842696628,23,674692,52.7648
35003,"Catron County, New Mexico",35,NM,0,0,0.0,0,3635,0.0
35005,"Chaves County, New Mexico",35,NM,20,4,2009.9,1,64701,30.9114
35006,"Cibola County, New Mexico",35,NM,5,3,2006.0,0,27211,18.3749
35007,"Colfax County, New Mexico",35,NM,6,2,2006.6666666666667,0,12370,48.5044
35009,"Curry County, New Mexico",35,NM,12,4,2011.75,2,48327,24.8308
35011,"De Baca County, New Mexico",35,NM,0,0,0.0,0,1695,0.0
35013,"Doña Ana County, New Mexico",35,NM,84,7,2010.1190476190477,2,219870,38.2044
35015,"Eddy County, New Mexico",35,NM,10,5,2008.1,0,61264,16.3228
35017,"Grant County, New Mexico",35,NM,12,5,2010.0,1,28006,42.848
35019,"Guadalupe County, New Mexico",35,NM,0,0,0.0,0,4413,0.0
35021,"Harding County, New Mexico",35,NM,0,0,0.0,0,671,0.0
35023,"Hidalgo County, New Mexico",35,NM,1,1,2016.0,0,4160,24.0385
35025,"Lea County, New Mexico",35,NM,12,3,2009.6666666666667,1,73103,16.4152
35027,"Lincoln County, New Mexico",35,NM,2,2,2005.5,0,20222,9.8902
35028,"Los Alamos County, New Mexico",35,NM,0,0,0.0,0,19253,0.0
35029,"Luna County, New Mexico",35,NM,6,5,2006.5,0,25393,23.6286
35031,"McKinley County, New Mexico",35,NM,23,4,2010.5652173913043,1,72073,31.9121
35033,"Mora County, New Mexico",35,NM,1,1,2010.0,0,4208,23.7643
35035,"Otero County, New Mexico",35,NM,17,5,2008.8823529411766,0,67850,25.0553
35037,"Quay County, New Mexico",35,NM,1,1,2008.0,0,8641,11.5727
35039,"Rio Arriba County, New Mexico",35,NM,11,5,2011.4545454545455,1,40285,27.3054
35041,"Roosevelt County, New Mexico",35,NM,2,2,2006.0,0,19142,10.4482
35043,"Sandoval County, New Mexico",35,NM,26,6,2010.1538461538462,2,149460,17.396
35045,"San Juan County, New Mexico",35,NM,39,4,2011.179487179487,3,121798,32.0202
35047,"San Miguel County, New Mexico",35,NM,10,5,2010.4,0,27215,36.7444
35049,"Santa Fe County, New Mexico",35,NM,63,6,2011.126984126984,5,154481,40.7817
35051,"Sierra County, New Mexico",35,NM,0,0,0.0,0,11506,0.0
35053,"Socorro County, New Mexico",35,NM,1,1,2006.0,0,16453,6.0779
35055,"Taos County, New Mexico",35,NM,18,4,2009.6666666666667,0,34475,52.2117
35057,"Torrance County, New Mexico",35,NM,0,0,0.0,0,15203,0.0
35059,"Union County, New Mexico",35,NM,0,0,0.0,0,4074,0.0
35061,"Valencia County, New Mexico",35,NM,3,2,2016.6666666666667,1,76613,3.9158
36001,"Albany County, New York",36,NY,162,11,2010.2222222222222,10,315041,51.4219
36003,"Allegany County, New York",36,NY,8,5,2011.875,0,47222,16.9413
36005,"Bronx County, New York",36,NY,386,10,2011.082901554404,27,1443229,26.7456
36007,"Broome County, New York",36,NY,57,5,2008.3508771929824,1,198365,28.7349
36009,"Cattaraugus County, New York",36,NY,16,6,2009.3125,0,77000,20.7792
36011,"Cayuga County, New York",36,NY,22,5,2008.4545454545455,0,76171,28.8824
36013,"Chautauqua County, New York",36,NY,35,5,2010.4857142857143,0,127440,27.4639
36015,"Chemung County, New York",36,NY,27,5,2010.111111111111,0,83584,32.3028
36017,"Chenango County, New York",36,NY,7,2,2010.0,0,47096,14.8633
36019,"Clinton County, New York",36,NY,31,5,2008.4516129032259,0,79839,38.8281
36021,"Columbia County, New York",36,NY,16,5,2009.125,0,61469,26.0294
36023,"Cortland County, New York",36,NY,12,4,2007.5833333333333,0,46755,25.6657
36025,"Delaware County, New York",36,NY,3,2,2010.0,0,44637,6.7209
36027,"Dutchess County, New York",36,NY,116,10,2010.155172413793,6,296467,39.1275
36029,"Erie County, New York",36,NY,328,10,2008.4329268292684,4,951232,34.4816
36031,"Essex County, New York",36,NY,2,2,2014.0,0,37314,5.3599
36033,"Franklin County, New York",36,NY,14,5,2009.7857142857142,1,47459,29.4991
36035,"Fulton County, New York",36,NY,5,3,2006.0,0,53280,9.3844
36037,"Genesee County, New York",36,NY,16,6,2009.375,0,58204,27.4895
36039,"Greene County, New York",36,NY,3,3,2006.6666666666667,0,48067,6.2413
36041,"Hamilton County, New York",36,NY,0,0,0.0,0,5090,0.0
36043,"Herkimer County, New York",36,NY,3,2,2005.6666666666667,0,60293,4.9757
36045,"Jefferson County, New York",36,NY,34,5,2010.4411764705883,1,117445,28.9497
36047,"Kings County, New York",36,NY,852,12,2011.2159624413146,56,2679620,31.7956
36049,"Lewis County, New York",36,NY,11,2,2008.4545454545455,1,26690,41.2139
36051,"Livingston County, New York",36,NY,13,2,2011.7692307692307,0,61980,20.9745
36053,"Madison County, New York",36,NY,14,3,2011.4285714285713,0,68020,20.5822
36055,"Monroe County, New York",36,NY,340,10,2009.379411764706,7,756406,44.9494
36057,"Montgomery County, New York",36,NY,12,4,2009.25,0,49624,24.1818
36059,"Nassau County, New York",36,NY,615,12,2010.3772357723578,25,1389160,44.2714
36061,"New York County, New York",36,NY,1666,12,2010.4111644657862,79,1645867,101.2232
36063,"Niagara County, New York",36,NY,34,4,2008.3529411764705,0,212230,16.0204
36065,"Oneida County, New York",36,NY,47,5,2008.2340425531916,1,231055,20.3415
36067,"Onondaga County, New York",36,NY,189,11,2009.079365079365,3,472637,39.9884
36069,"Ontario County, New York",36,NY,21,5,2009.0,0,112288,18.7019
36071,"Orange County, New York",36,NY,101,7,2008.8118811881188,2,401237,25.1722
36073,"Orleans County, New York",36,NY,3,2,2006.3333333333333,0,40148,7.4724
36075,"Oswego County, New York",36,NY,7,3,2009.5714285714287,0,118037,5.9303
36077,"Otsego County, New York",36,NY,44,6,2008.7272727272727,0,59678,73.729
36079,"Putnam County, New York",36,NY,19,5,2007.7894736842106,0,97942,19.3992
36081,"Queens County, New York",36,NY,481,10,2010.4261954261954,22,2360826,20.3742
36083,"Rensselaer County, New York",36,NY,39,6,2011.1538461538462,2,160943,24.2322
36085,"Richmond County, New York",36,NY,130,9,2010.2230769230769,7,492925,26.3732
36087,"Rockland County, New York",36,NY,111,9,2011.6216216216217,8,337326,32.9059
36089,"St. Lawrence County, New York",36,NY,39,4,2008.7179487179487,1,108670,35.8885
36091,"Saratoga County, New York",36,NY,45,5,2009.9777777777779,3,236328,19.0413
36093,"Schenectady County, New York",36,NY,35,6,2007.1142857142856,0,159447,21.9509
36095,"Schoharie County, New York",36,NY,1,1,2007.0,0,29970,3.3367
36097,"Schuyler County, New York",36,NY,4,3,2007.0,0,17855,22.4027
36099,"Seneca County, New York",36,NY,0,0,0.0,0,33651,0.0
36101,"Steuben County, New York",36,NY,9,2,2009.888888888889,1,93584,9.617
36103,"Suffolk County, New York",36,NY,415,11,2009.6506024096386,17,1524486,27.2223
36105,"Sullivan County, New York",36,NY,12,5,2008.4166666666667,1,78725,15.2429
36107,"Tioga County, New York",36,NY,3,3,2015.6666666666667,1,48344,6.2055
36109,"Tompkins County, New York",36,NY,34,5,2009.4705882352941,2,102555,33.1529
36111,"Ulster County, New York",36,NY,37,6,2010.1081081081081,2,182153,20.3126
36113,"Warren County, New York",36,NY,46,6,2011.8695652173913,3,65684,70.0323
36115,"Washington County, New York",36,NY,3,2,2008.0,0,61310,4.8932
36117,"Wayne County, New York",36,NY,9,3,2008.888888888889,0,91324,9.855
36119,"Westchester County, New York",36,NY,402,10,2009.7014925373135,17,997904,40.2844
36121,"Wyoming County, New York",36,NY,12,3,2008.4166666666667,0,40338,29.7486
36123,"Yates County, New York",36,NY,3,2,2014.3333333333333,1,24713,12.1394
37001,"Alamance County, North Carolina",37,NC,38,7,2012.0,3,171779,22.1214
37003,"Alexander County, North Carolina",37,NC,2,2,2009.5,0,36505,5.4787
37005,"Alleghany County, North Carolina",37,NC,0,0,0.0,0,10989,0.0
37007,"Anson County, North Carolina",37,NC,1,1,2012.0,0,22200,4.5045
37009,"Ashe County, North Carolina",37,NC,6,4,2011.5,0,26759,22.4224
37011,"Avery County, North Carolina",37,NC,3,3,2007.6666666666667,0,17679,16.9693
37013,"Beaufort County, North Carolina",37,NC,10,4,2009.2,1,44711,22.3659
37015,"Bertie County, North Carolina",37,NC,0,0,0.0,0,17818,0.0
37017,"Bladen County, North Carolina",37,NC,5,2,2009.6,0,29807,16.7746
37019,"Brunswick County, North Carolina",37,NC,34,6,2012.4117647058824,4,139721,24.3342
37021,"Buncombe County, North Carolina",37,NC,152,9,2010.407894736842,8,269449,56.4114
37023,"Burke County, North Carolina",37,NC,22,5,2009.9545454545455,0,87799,25.0572
37025,"Cabarrus County, North Carolina",37,NC,56,7,2009.9464285714287,0,226396,24.7354
37027,"Caldwell County, North Carolina",37,NC,9,3,2008.0,0,80716,11.1502
37029,"Camden County, North Carolina",37,NC,1,1,2020.0,0,10547,9.4814
37031,"Carteret County, North Carolina",37,NC,23,5,2009.4347826086957,2,68353,33.6489
37033,"Caswell County, North Carolina",37,NC,0,0,0.0,0,22747,0.0
37035,"Catawba County, North Carolina",37,NC,64,7,2010.546875,5,161011,39.7488
37037,"Chatham County, North Carolina",37,NC,5,3,2007.2,0,76754,6.5143
37039,"Cherokee County, North Carolina",37,NC,5,2,2011.8,1,28868,17.3202
37041,"Chowan County, North Carolina",37,NC,5,2,2006.2,0,13835,36.1402
37043,"Clay County, North Carolina",37,NC,0,0,0.0,0,11186,0.0
37045,"Cleveland County, North Carolina",37,NC,31,3,2010.741935483871,0,99527,31.1473
37047,"Columbus County, North Carolina",37,NC,9,3,2008.111111111111,0,50827,17.7071
37049,"Craven County, North Carolina",37,NC,29,5,2010.2068965517242,4,101098,28.685
37051,"Cumberland County, North Carolina",37,NC,132,11,2011.340909090909,9,335207,39.3787
37053,"Currituck County, North Carolina",37,NC,0,0,0.0,0,28616,0.0
37055,"Dare County, North Carolina",37,NC,7,5,2012.7142857142858,1,37160,18.8375
37057,"Davidson County, North Carolina",37,NC,25,3,2010.44,1,169498,14.7494
37059,"Davie County, North Carolina",37,NC,0,0,0.0,0,43030,0.0
37061,"Duplin County, North Carolina",37,NC,7,2,2009.2857142857142,0,49312,14.1953
37063,"Durham County, North Carolina",37,NC,120,9,2011.3916666666667,8,325101,36.9116
37065,"Edgecombe County, North Carolina",37,NC,4,2,2005.5,0,49067,8.1521
37067,"Forsyth County, North Carolina",37,NC,151,11,2011.8807947019868,16,383739,39.3497
37069,"Franklin County, North Carolina",37,NC,2,2,2015.5,1,69680,2.8703
37071,"Gaston County, North Carolina",37,NC,63,8,2012.031746031746,6,228972,27.5143
37073,"Gates County, North Carolina",37,NC,0,0,0.0,0,10509,0.0
37075,"Graham County, North Carolina",37,NC,1,1,2019.0,0,8047,12.427
37077,"Granville County, North Carolina",37,NC,17,4,2011.1176470588234,0,61161,27.7955
37079,"Greene County, North Carolina",37,NC,1,1,2006.0,0,20407,4.9003
37081,"Guilford County, North Carolina",37,NC,181,10,2010.8342541436464,10,539557,33.546
37083,"Halifax County, North Carolina",37,NC,8,3,2011.0,0,48772,16.4029
37085,"Harnett County, North Carolina",37,NC,7,3,2018.142857142857,3,134718,5.196
37087,"Haywood County, North Carolina",37,NC,10,2,2007.5,0,62152,16.0896
37089,"Henderson County, North Carolina",37,NC,34,6,2008.4117647058824,1,116469,29.1923
37091,"Hertford County, North Carolina",37,NC,6,3,2007.0,0,21633,27.7354
37093,"Hoke County, North Carolina",37,NC,5,1,2010.0,0,52612,9.5035
37095,"Hyde County, North Carolina",37,NC,0,0,0.0,0,4636,0.0
37097,"Iredell County, North Carolina",37,NC,59,6,2012.0338983050847,4,187839,31.4099
37099,"Jackson County, North Carolina",37,NC,23,6,2009.5217391304348,2,42388,54.2606
37101,"Johnston County, North Carolina",37,NC,23,5,2013.0,3,219042,10.5003
37103,"Jones County, North Carolina",37,NC,1,1,2006.0,0,9263,10.7956
37105,"Lee County, North Carolina",37,NC,20,4,2012.35,1,63560,31.4663
37107,"Lenoir County, North Carolina",37,NC,22,4,2009.3636363636363,1,55071,39.9484
37109,"Lincoln County, North Carolina",37,NC,25,4,2011.32,0,87933,28.4307
37111,"McDowell County, North Carolina",37,NC,9,4,2008.5555555555557,0,44629,20.1663
37113,"Macon County, North Carolina",37,NC,9,4,2007.111111111111,0,37088,24.2666
37115,"Madison County, North Carolina",37,NC,2,2,2009.0,0,21414,9.3397
37117,"Martin County, North Carolina",37,NC,2,1,2005.5,0,21992,9.0942
37119,"Mecklenburg County, North Carolina",37,NC,573,10,2011.7504363001744,35,1115403,51.3716
37121,"Mitchell County, North Carolina",37,NC,5,3,2010.2,0,14989,33.3578
37123,"Montgomery County, North Carolina",37,NC,1,1,2012.0,0,25839,3.8701
37125,"Moore County, North Carolina",37,NC,35,7,2012.6857142857143,7,100759,34.7364
37127,"Nash County, North Carolina",37,NC,20,4,2011.45,2,95015,21.0493
37129,"New Hanover County, North Carolina",37,NC,124,9,2011.483870967742,7,228134,54.354
37131,"Northampton County, North Carolina",37,NC,0,0,0.0,0,17528,0.0
37133,"Onslow County, North Carolina",37,NC,63,6,2010.8095238095239,2,203686,30.93
37135,"Orange County, North Carolina",37,NC,163,9,2011.484662576687,5,145919,111.7058
37137,"Pamlico County, North Carolina",37,NC,0,0,0.0,0,12317,0.0
37139,"Pasquotank County, North Carolina",37,NC,21,4,2009.4761904761904,1,40454,51.9108
37141,"Pender County, North Carolina",37,NC,3,3,2011.6666666666667,0,61592,4.8708
37143,"Perquimans County, North Carolina",37,NC,0,0,0.0,0,13053,0.0
37145,"Person County, North Carolina",37,NC,6,2,2010.6666666666667,0,39131,15.3331
37147,"Pitt County, North Carolina",37,NC,83,10,2010.433734939759,7,171196,48.4824
37149,"Polk County, North Carolina",37,NC,1,1,2007.0,0,19538,5.1182
37151,"Randolph County, North Carolina",37,NC,13,2,2009.8461538461538,0,144403,9.0026
37153,"Richmond County, North Carolina",37,NC,10,3,2008.2,0,43149,23.1755
37155,"Robeson County, North Carolina",37,NC,37,6,2009.5135135135135,2,117573,31.4698
37157,"Rockingham County, North Carolina",37,NC,13,4,2008.4615384615386,0,91209,14.253
37159,"Rowan County, North Carolina",37,NC,18,6,2009.388888888889,1,147067,12.2393
37161,"Rutherford County, North Carolina",37,NC,8,5,2011.875,1,64680,12.3686
37163,"Sampson County, North Carolina",37,NC,18,4,2009.7777777777778,2,59317,30.3454
37165,"Scotland County, North Carolina",37,NC,11,3,2009.5454545454545,0,34222,32.1431
37167,"Stanly County, North Carolina",37,NC,14,4,2006.357142857143,0,62723,22.3204
37169,"Stokes County, North Carolina",37,NC,1,1,2006.0,0,44696,2.2373
37171,"Surry County, North Carolina",37,NC,21,4,2010.142857142857,1,71429,29.3998
37173,"Swain County, North Carolina",37,NC,1,1,2014.0,0,14130,7.0771
37175,"Transylvania County, North Carolina",37,NC,4,3,2008.5,0,33131,12.0733
37177,"Tyrrell County, North Carolina",37,NC,0,0,0.0,0,3389,0.0
37179,"Union County, North Carolina",37,NC,35,3,2010.5714285714287,1,240109,14.5767
37181,"Vance County, North Carolina",37,NC,6,2,2009.6666666666667,0,42492,14.1203
37183,"Wake County, North Carolina",37,NC,394,10,2011.3451776649747,29,1132103,34.8025
37185,"Warren County, North Carolina",37,NC,0,0,0.0,0,18803,0.0
37187,"Washington County, North Carolina",37,NC,3,2,2012.3333333333333,0,11051,27.1469
37189,"Watauga County, North Carolina",37,NC,17,6,2009.8235294117646,0,54540,31.1698
37191,"Wayne County, North Carolina",37,NC,31,4,2009.3225806451612,2,117480,26.3875
37193,"Wilkes County, North Carolina",37,NC,6,1,2007.0,0,66125,9.0737
37195,"Wilson County, North Carolina",37,NC,14,3,2011.9285714285713,3,78667,17.7965
37197,"Yadkin County, North Carolina",37,NC,0,0,0.0,0,37280,0.0
37199,"Yancey County, North Carolina",37,NC,2,1,2006.0,0,18538,10.7887
38001,"Adams County, North Dakota",38,ND,0,0,0.0,0,2190,0.0
38003,"Barnes County, North Dakota",38,ND,0,0,0.0,0,10826,0.0
38005,"Benson County, North Dakota",38,ND,1,1,2006.0,0,5960,16.7785
38007,"Billings County, North Dakota",38,ND,0,0,0.0,0,839,0.0
38009,"Bottineau County, North Dakota",38,ND,0,0,0.0,0,6411,0.0
38011,"Bowman County, North Dakota",38,ND,0,0,0.0,0,2975,0.0
38013,"Burke County, North Dakota",38,ND,0,0,0.0,0,2184,0.0
38015,"Burleigh County, North Dakota",38,ND,26,4,2009.6923076923076,0,98443,26.4112
38017,"Cass County, North Dakota",38,ND,69,6,2011.1884057971015,2,186328,37.0315
38019,"Cavalier County, North Dakota",38,ND,0,0,0.0,0,3691,0.0
38021,"Dickey County, North Dakota",38,ND,0,0,0.0,0,5003,0.0
38023,"Divide County, North Dakota",38,ND,0,0,0.0,0,2195,0.0
38025,"Dunn County, North Dakota",38,ND,0,0,0.0,0,4049,0.0
38027,"Eddy County, North Dakota",38,ND,0,0,0.0,0,2345,0.0
38029,"Emmons County, North Dakota",38,ND,0,0,0.0,0,3297,0.0
38031,"Foster County, North Dakota",38,ND,0,0,0.0,0,3388,0.0
38033,"Golden Valley County, North Dakota",38,ND,0,0,0.0,0,1734,0.0
38035,"Grand Forks County, North Dakota",38,ND,17,4,2010.764705882353,0,72927,23.311
38037,"Grant County, North Dakota",38,ND,0,0,0.0,0,2320,0.0
38039,"Griggs County, North Dakota",38,ND,0,0,0.0,0,2309,0.0
38041,"Hettinger County, North Dakota",38,ND,0,0,0.0,0,2477,0.0
38043,"Kidder County, North Dakota",38,ND,0,0,0.0,0,2391,0.0
38045,"LaMoure County, North Dakota",38,ND,0,0,0.0,0,4135,0.0
38047,"Logan County, North Dakota",38,ND,0,0,0.0,0,1849,0.0
38049,"McHenry County, North Dakota",38,ND,0,0,0.0,0,5326,0.0
38051,"McIntosh County, North Dakota",38,ND,0,0,0.0,0,2529,0.0
38053,"McKenzie County, North Dakota",38,ND,0,0,0.0,0,14081,0.0
38055,"McLean County, North Dakota",38,ND,1,1,2025.0,1,9781,10.2239
38057,"Mercer County, North Dakota",38,ND,0,0,0.0,0,8366,0.0
38059,"Morton County, North Dakota",38,ND,0,0,0.0,0,33192,0.0
38061,"Mountrail County, North Dakota",38,ND,0,0,0.0,0,9648,0.0
38063,"Nelson County, North Dakota",38,ND,0,0,0.0,0,3025,0.0
38065,"Oliver County, North Dakota",38,ND,0,0,0.0,0,1832,0.0
38067,"Pembina County, North Dakota",38,ND,0,0,0.0,0,6853,0.0
38069,"Pierce County, North Dakota",38,ND,0,0,0.0,0,3999,0.0
38071,"Ramsey County, North Dakota",38,ND,1,1,2006.0,0,11613,8.611
38073,"Ransom County, North Dakota",38,ND,0,0,0.0,0,5663,0.0
38075,"Renville County, North Dakota",38,ND,0,0,0.0,0,2282,0.0
38077,"Richland County, North Dakota",38,ND,2,2,2006.5,0,16548,12.0861
38079,"Rolette County, North Dakota",38,ND,3,2,2013.6666666666667,1,12292,24.4061
38081,"Sargent County, North Dakota",38,ND,0,0,0.0,0,3828,0.0
38083,"Sheridan County, North Dakota",38,ND,0,0,0.0,0,1338,0.0
38085,"Sioux County, North Dakota",38,ND,1,1,2017.0,0,3896,25.6674
38087,"Slope County, North Dakota",38,ND,0,0,0.0,0,837,0.0
38089,"Stark County, North Dakota",38,ND,7,1,2009.7142857142858,0,32989,21.2192
38091,"Steele County, North Dakota",38,ND,0,0,0.0,0,1774,0.0
38093,"Stutsman County, North Dakota",38,ND,2,1,2009.5,0,21609,9.2554
38095,"Towner County, North Dakota",38,ND,0,0,0.0,0,2152,0.0
38097,"Traill County, North Dakota",38,ND,0,0,0.0,0,8004,0.0
38099,"Walsh County, North Dakota",38,ND,0,0,0.0,0,10553,0.0
38101,"Ward County, North Dakota",38,ND,16,4,2010.75,1,69532,23.011
38103,"Wells County, North Dakota",38,ND,1,1,2006.0,0,3990,25.0627
38105,"Williams County, North Dakota",38,ND,13,4,2010.7692307692307,0,39076,33.2685
39001,"Adams County, Ohio",39,OH,0,0,0.0,0,27509,0.0
39003,"Allen County, Ohio",39,OH,42,5,2009.7380952380952,0,102087,41.1414
39005,"Ashland County, Ohio",39,OH,8,3,2011.125,2,52522,15.2317
39007,"Ashtabula County, Ohio",39,OH,10,4,2013.1,3,97666,10.239
39009,"Athens County, Ohio",39,OH,21,4,2009.6666666666667,0,61276,34.2712
39011,"Auglaize County, Ohio",39,OH,10,4,2009.9,0,46263,21.6155
39013,"Belmont County, Ohio",39,OH,9,1,2009.111111111111,0,66554,13.5229
39015,"Brown County, Ohio",39,OH,5,2,2009.2,0,43715,11.4377
39017,"Butler County, Ohio",39,OH,85,8,2010.3176470588235,6,388327,21.8888
39019,"Carroll County, Ohio",39,OH,1,1,2005.0,0,26761,3.7368
39021,"Champaign County, Ohio",39,OH,2,1,2014.5,0,38715,5.166
39023,"Clark County, Ohio",39,OH,35,6,2009.942857142857,2,135877,25.7586
39025,"Clermont County, Ohio",39,OH,25,5,2009.64,0,208851,11.9703
39027,"Clinton County, Ohio",39,OH,11,3,2008.2727272727273,1,42077,26.1425
39029,"Columbiana County, Ohio",39,OH,12,4,2008.75,0,101723,11.7967
39031,"Coshocton County, Ohio",39,OH,5,3,2015.8,1,36629,13.6504
39033,"Crawford County, Ohio",39,OH,3,2,2014.0,1,41861,7.1666
39035,"Cuyahoga County, Ohio",39,OH,418,11,2009.9832535885168,17,1256620,33.2638
39037,"Darke County, Ohio",39,OH,8,3,2011.0,0,51751,15.4586
39039,"Defiance County, Ohio",39,OH,10,3,2009.4,0,38300,26.1097
39041,"Delaware County, Ohio",39,OH,33,6,2011.5151515151515,3,216074,15.2725
39043,"Erie County, Ohio",39,OH,14,5,2008.857142857143,1,75299,18.5925
39045,"Fairfield County, Ohio",39,OH,32,5,2013.03125,6,159371,20.0789
39047,"Fayette County, Ohio",39,OH,3,2,2007.0,0,28901,10.3803
39049,"Franklin County, Ohio",39,OH,551,11,2011.502722323049,31,1318149,41.801
39051,"Fulton County, Ohio",39,OH,2,2,2010.0,0,42602,4.6946
39053,"Gallia County, Ohio",39,OH,11,3,2009.3636363636363,1,29276,37.5734
39055,"Geauga County, Ohio",39,OH,16,5,2010.5,0,95455,16.7618
39057,"Greene County, Ohio",39,OH,51,7,2011.3725490196077,2,167567,30.4356
39059,"Guernsey County, Ohio",39,OH,11,3,2013.3636363636363,1,38409,28.6391
39061,"Hamilton County, Ohio",39,OH,415,11,2009.9518072289156,21,827671,50.1407
39063,"Hancock County, Ohio",39,OH,31,6,2009.8064516129032,1,75072,41.2937
39065,"Hardin County, Ohio",39,OH,0,0,0.0,0,30622,0.0
39067,"Harrison County, Ohio",39,OH,1,1,2005.0,0,14528,6.8833
39069,"Henry County, Ohio",39,OH,6,3,2009.5,0,27601,21.7383
39071,"Highland County, Ohio",39,OH,5,1,2005.6,0,43285,11.5513
39073,"Hocking County, Ohio",39,OH,2,1,2012.0,0,28104,7.1164
39075,"Holmes County, Ohio",39,OH,11,3,2018.8181818181818,2,44273,24.8458
39077,"Huron County, Ohio",39,OH,8,3,2008.375,0,58518,13.671
39079,"Jackson County, Ohio",39,OH,1,1,2007.0,0,32563,3.071
39081,"Jefferson County, Ohio",39,OH,19,5,2007.6842105263158,0,65280,29.1054
39083,"Knox County, Ohio",39,OH,7,5,2010.857142857143,1,62657,11.1719
39085,"Lake County, Ohio",39,OH,39,4,2008.051282051282,2,232236,16.7933
39087,"Lawrence County, Ohio",39,OH,4,2,2008.75,0,57994,6.8973
39089,"Licking County, Ohio",39,OH,29,7,2010.1724137931035,1,178844,16.2152
39091,"Logan County, Ohio",39,OH,10,5,2009.7,0,46098,21.6929
39093,"Lorain County, Ohio",39,OH,52,5,2008.7884615384614,2,313101,16.6081
39095,"Lucas County, Ohio",39,OH,179,10,2010.195530726257,9,430014,41.6266
39097,"Madison County, Ohio",39,OH,1,1,2005.0,0,43961,2.2747
39099,"Mahoning County, Ohio",39,OH,73,10,2009.7260273972602,3,227979,32.0205
39101,"Marion County, Ohio",39,OH,11,3,2010.2727272727273,0,65366,16.8283
39103,"Medina County, Ohio",39,OH,29,5,2009.0689655172414,0,182347,15.9037
39105,"Meigs County, Ohio",39,OH,1,1,2019.0,0,22242,4.496
39107,"Mercer County, Ohio",39,OH,7,2,2008.0,0,42321,16.5403
39109,"Miami County, Ohio",39,OH,17,3,2009.2941176470588,0,108818,15.6224
39111,"Monroe County, Ohio",39,OH,0,0,0.0,0,13401,0.0
39113,"Montgomery County, Ohio",39,OH,222,10,2009.099099099099,4,536121,41.4086
39115,"Morgan County, Ohio",39,OH,0,0,0.0,0,13851,0.0
39117,"Morrow County, Ohio",39,OH,4,1,2008.0,0,35049,11.4126
39119,"Muskingum County, Ohio",39,OH,20,3,2010.2,2,86393,23.15
39121,"Noble County, Ohio",39,OH,0,0,0.0,0,14216,0.0
39123,"Ottawa County, Ohio",39,OH,1,1,2009.0,0,40367,2.4773
39125,"Paulding County, Ohio",39,OH,0,0,0.0,0,18827,0.0
39127,"Perry County, Ohio",39,OH,0,0,0.0,0,35451,0.0
39129,"Pickaway County, Ohio",39,OH,6,2,2011.1666666666667,0,58809,10.2025
39131,"Pike County, Ohio",39,OH,1,1,2006.0,0,27151,3.6831
39133,"Portage County, Ohio",39,OH,13,5,2009.6153846153845,0,161217,8.0637
39135,"Preble County, Ohio",39,OH,0,0,0.0,0,40929,0.0
39137,"Putnam County, Ohio",39,OH,0,0,0.0,0,34400,0.0
39139,"Richland County, Ohio",39,OH,28,5,2010.1785714285713,1,125008,22.3986
39141,"Ross County, Ohio",39,OH,19,3,2010.6315789473683,0,76957,24.6891
39143,"Sandusky County, Ohio",39,OH,13,5,2007.6923076923076,0,58885,22.0769
39145,"Scioto County, Ohio",39,OH,17,4,2006.9411764705883,0,73716,23.0615
39147,"Seneca County, Ohio",39,OH,10,4,2008.9,0,55062,18.1613
39149,"Shelby County, Ohio",39,OH,16,4,2011.3125,2,48145,33.2329
39151,"Stark County, Ohio",39,OH,87,9,2009.7816091954023,7,374199,23.2497
39153,"Summit County, Ohio",39,OH,197,11,2009.746192893401,7,539361,36.5247
39155,"Trumbull County, Ohio",39,OH,26,7,2009.6923076923076,0,201749,12.8873
39157,"Tuscarawas County, Ohio",39,OH,11,5,2011.6363636363637,2,92840,11.8483
39159,"Union County, Ohio",39,OH,8,5,2010.75,0,63411,12.6161
39161,"Van Wert County, Ohio",39,OH,0,0,0.0,0,28833,0.0
39163,"Vinton County, Ohio",39,OH,0,0,0.0,0,12790,0.0
39165,"Warren County, Ohio",39,OH,33,5,2009.7272727272727,4,243189,13.5697
39167,"Washington County, Ohio",39,OH,12,3,2008.25,0,59639,20.1211
39169,"Wayne County, Ohio",39,OH,36,5,2012.0,2,116680,30.8536
39171,"Williams County, Ohio",39,OH,13,4,2013.1538461538462,1,36973,35.1608
39173,"Wood County, Ohio",39,OH,19,6,2008.6315789473683,0,131564,14.4416
39175,"Wyandot County, Ohio",39,OH,2,2,2010.0,0,21818,9.1667
40001,"Adair County, Oklahoma",40,OK,0,0,0.0,0,19726,0.0
40003,"Alfalfa County, Oklahoma",40,OK,0,0,0.0,0,5683,0.0
40005,"Atoka County, Oklahoma",40,OK,1,1,2013.0,0,14117,7.0837
40007,"Beaver County, Oklahoma",40,OK,0,0,0.0,0,5071,0.0
40009,"Beckham County, Oklahoma",40,OK,4,2,2006.75,0,22295,17.9412
40011,"Blaine County, Oklahoma",40,OK,0,0,0.0,0,8661,0.0
40013,"Bryan County, Oklahoma",40,OK,9,1,2007.111111111111,0,46528,19.3432
40015,"Caddo County, Oklahoma",40,OK,0,0,0.0,0,26910,0.0
40017,"Canadian County, Oklahoma",40,OK,11,3,2011.3636363636363,1,156681,7.0206
40019,"Carter County, Oklahoma",40,OK,12,3,2010.3333333333333,0,48202,24.8952
40021,"Cherokee County, Oklahoma",40,OK,29,5,2010.4137931034484,0,47412,61.1659
40023,"Choctaw County, Oklahoma",40,OK,0,0,0.0,0,14285,0.0
40025,"Cimarron County, Oklahoma",40,OK,1,1,2016.0,0,2272,44.0141
40027,"Cleveland County, Oklahoma",40,OK,57,6,2011.1929824561403,2,295060,19.3181
40029,"Coal County, Oklahoma",40,OK,0,0,0.0,0,5287,0.0
40031,"Comanche County, Oklahoma",40,OK,26,3,2008.0384615384614,0,121777,21.3505
40033,"Cotton County, Oklahoma",40,OK,0,0,0.0,0,5537,0.0
40035,"Craig County, Oklahoma",40,OK,1,1,2016.0,0,14144,7.0701
40037,"Creek County, Oklahoma",40,OK,3,2,2008.6666666666667,0,72076,4.1623
40039,"Custer County, Oklahoma",40,OK,5,2,2010.8,0,28391,17.6112
40041,"Delaware County, Oklahoma",40,OK,5,4,2009.8,0,40791,12.2576
40043,"Dewey County, Oklahoma",40,OK,0,0,0.0,0,4504,0.0
40045,"Ellis County, Oklahoma",40,OK,1,1,2014.0,0,3755,26.6312
40047,"Garfield County, Oklahoma",40,OK,16,3,2007.25,0,62456,25.618
40049,"Garvin County, Oklahoma",40,OK,0,0,0.0,0,25806,0.0
40051,"Grady County, Oklahoma",40,OK,1,1,2007.0,0,55314,1.8079
40053,"Grant County, Oklahoma",40,OK,0,0,0.0,0,4152,0.0
40055,"Greer County, Oklahoma",40,OK,0,0,0.0,0,5531,0.0
40057,"Harmon County, Oklahoma",40,OK,0,0,0.0,0,2499,0.0
40059,"Harper County, Oklahoma",40,OK,0,0,0.0,0,3272,0.0
40061,"Haskell County, Oklahoma",40,OK,1,1,2017.0,0,11651,8.583
40063,"Hughes County, Oklahoma",40,OK,1,1,2007.0,0,13409,7.4577
40065,"Jackson County, Oklahoma",40,OK,8,3,2010.5,0,24776,32.2893
40067,"Jefferson County, Oklahoma",40,OK,0,0,0.0,0,5420,0.0
40069,"Johnston County, Oklahoma",40,OK,2,1,2008.5,0,10410,19.2123
40071,"Kay County, Oklahoma",40,OK,10,3,2010.4,1,43859,22.8003
40073,"Kingfisher County, Oklahoma",40,OK,1,1,2012.0,0,15290,6.5402
40075,"Kiowa County, Oklahoma",40,OK,0,0,0.0,0,8446,0.0
40077,"Latimer County, Oklahoma",40,OK,6,4,2010.5,1,9537,62.9129
40079,"Le Flore County, Oklahoma",40,OK,1,1,2011.0,0,48525,2.0608
40081,"Lincoln County, Oklahoma",40,OK,0,0,0.0,0,33734,0.0
40083,"Logan County, Oklahoma",40,OK,3,3,2009.0,0,49919,6.0097
40085,"Love County, Oklahoma",40,OK,0,0,0.0,0,10158,0.0
40087,"McClain County, Oklahoma",40,OK,0,0,0.0,0,42393,0.0
40089,"McCurtain County, Oklahoma",40,OK,3,1,2006.6666666666667,0,31003,9.6765
40091,"McIntosh County, Oklahoma",40,OK,1,1,2010.0,0,19159,5.2195
40093,"Major County, Oklahoma",40,OK,0,0,0.0,0,7678,0.0
40095,"Marshall County, Oklahoma",40,OK,0,0,0.0,0,15494,0.0
40097,"Mayes County, Oklahoma",40,OK,6,3,2006.6666666666667,0,39324,15.2579
40099,"Murray County, Oklahoma",40,OK,0,0,0.0,0,13837,0.0
40101,"Muskogee County, Oklahoma",40,OK,12,3,2008.0,0,66606,18.0164
40103,"Noble County, Oklahoma",40,OK,0,0,0.0,0,10981,0.0
40105,"Nowata County, Oklahoma",40,OK,0,0,0.0,0,9460,0.0
40107,"Okfuskee County, Oklahoma",40,OK,0,0,0.0,0,11349,0.0
40109,"Oklahoma County, Oklahoma",40,OK,340,10,2011.729411764706,27,795822,42.7231
40111,"Okmulgee County, Oklahoma",40,OK,2,2,2014.0,0,36900,5.4201
40113,"Osage County, Oklahoma",40,OK,11,3,2011.7272727272727,0,46004,23.911
40115,"Ottawa County, Oklahoma",40,OK,6,2,2006.8333333333333,0,30472,19.6902
40117,"Pawnee County, Oklahoma",40,OK,0,0,0.0,0,15682,0.0
40119,"Payne County, Oklahoma",40,OK,13,5,2011.4615384615386,1,82058,15.8425
40121,"Pittsburg County, Oklahoma",40,OK,6,2,2008.8333333333333,0,43758,13.7118
40123,"Pontotoc County, Oklahoma",40,OK,25,4,2010.48,3,38116,65.5893
40125,"Pottawatomie County, Oklahoma",40,OK,9,2,2009.2222222222222,0,72734,12.3739
40127,"Pushmataha County, Oklahoma",40,OK,0,0,0.0,0,10845,0.0
40129,"Roger Mills County, Oklahoma",40,OK,0,0,0.0,0,3423,0.0
40131,"Rogers County, Oklahoma",40,OK,17,5,2010.6470588235295,0,95870,17.7323
40133,"Seminole County, Oklahoma",40,OK,2,2,2014.5,0,23592,8.4774
40135,"Sequoyah County, Oklahoma",40,OK,0,0,0.0,0,39538,0.0
40137,"Stephens County, Oklahoma",40,OK,9,2,2008.2222222222222,0,43140,20.8623
40139,"Texas County, Oklahoma",40,OK,5,4,2012.4,0,21144,23.6474
40141,"Tillman County, Oklahoma",40,OK,1,1,2007.0,0,7013,14.2592
40143,"Tulsa County, Oklahoma",40,OK,226,11,2010.1946902654868,7,668923,33.7857
40145,"Wagoner County, Oklahoma",40,OK,3,2,2012.3333333333333,1,82269,3.6466
40147,"Washington County, Oklahoma",40,OK,8,2,2010.125,0,52579,15.2152
40149,"Washita County, Oklahoma",40,OK,0,0,0.0,0,10930,0.0
40151,"Woods County, Oklahoma",40,OK,0,0,0.0,0,8661,0.0
40153,"Woodward County, Oklahoma",40,OK,2,2,2011.0,0,20411,9.7986
41001,"Baker County, Oregon",41,OR,0,0,0.0,0,16685,0.0
41003,"Benton County, Oregon",41,OR,47,8,2011.3829787234042,4,95615,49.1555
41005,"Clackamas County, Oregon",41,OR,102,8,2009.7058823529412,5,420925,24.2323
41007,"Clatsop County, Oregon",41,OR,17,3,2013.4705882352941,2,41190,41.2722
41009,"Columbia County, Oregon",41,OR,3,2,2013.6666666666667,1,52865,5.6748
41011,"Coos County, Oregon",41,OR,17,5,2009.5294117647059,2,64908,26.1909
41013,"Crook County, Oregon",41,OR,3,2,2014.0,0,24987,12.0062
41015,"Curry County, Oregon",41,OR,6,4,2011.5,1,23404,25.6366
41017,"Deschutes County, Oregon",41,OR,87,6,2010.471264367816,3,199352,43.6414
41019,"Douglas County, Oregon",41,OR,26,5,2010.2307692307693,0,111322,23.3557
41021,"Gilliam County, Oregon",41,OR,0,0,0.0,0,1983,0.0
41023,"Grant County, Oregon",41,OR,0,0,0.0,0,7237,0.0
41025,"Harney County, Oregon",41,OR,2,2,2006.0,0,7496,26.6809
41027,"Hood River County, Oregon",41,OR,15,4,2008.8666666666666,0,23965,62.5913
41029,"Jackson County, Oregon",41,OR,103,7,2011.0970873786407,9,222604,46.2705
41031,"Jefferson County, Oregon",41,OR,2,2,2009.5,0,24659,8.1106
41033,"Josephine County, Oregon",41,OR,27,5,2011.2222222222222,1,87994,30.6839
41035,"Klamath County, Oregon",41,OR,18,4,2010.0,0,69506,25.897
41037,"Lake County, Oregon",41,OR,0,0,0.0,0,8201,0.0
41039,"Lane County, Oregon",41,OR,120,9,2010.125,7,382218,31.3957
41041,"Lincoln County, Oregon",41,OR,22,5,2008.0,0,50334,43.708
41043,"Linn County, Oregon",41,OR,23,3,2009.3478260869565,0,128598,17.8852
41045,"Malheur County, Oregon",41,OR,10,3,2008.8,0,31538,31.7078
41047,"Marion County, Oregon",41,OR,102,6,2010.0196078431372,4,345815,29.4955
41049,"Morrow County, Oregon",41,OR,0,0,0.0,0,12140,0.0
41051,"Multnomah County, Oregon",41,OR,520,10,2010.923076923077,20,808098,64.3486
41053,"Polk County, Oregon",41,OR,10,3,2017.7,3,87600,11.4155
41055,"Sherman County, Oregon",41,OR,0,0,0.0,0,1900,0.0
41057,"Tillamook County, Oregon",41,OR,4,2,2007.0,0,27345,14.6279
41059,"Umatilla County, Oregon",41,OR,16,3,2008.625,0,79904,20.024
41061,"Union County, Oregon",41,OR,7,2,2007.857142857143,0,26286,26.6301
41063,"Wallowa County, Oregon",41,OR,0,0,0.0,0,7439,0.0
41065,"Wasco County, Oregon",41,OR,8,3,2007.25,0,26639,30.0312
41067,"Washington County, Oregon",41,OR,268,11,2010.141791044776,8,599541,44.7009
41069,"Wheeler County, Oregon",41,OR,0,0,0.0,0,1407,0.0
41071,"Yamhill County, Oregon",41,OR,36,4,2010.9722222222222,3,107674,33.4343
42001,"Adams County, Pennsylvania",42,PA,15,4,2012.6,2,104604,14.3398
42003,"Allegheny County, Pennsylvania",42,PA,478,12,2010.7803347280335,19,1245310,38.384
42005,"Armstrong County, Pennsylvania",42,PA,7,1,2008.5714285714287,0,65538,10.6808
42007,"Beaver County, Pennsylvania",42,PA,24,3,2008.7916666666667,1,167629,14.3173
42009,"Bedford County, Pennsylvania",42,PA,5,2,2007.2,0,47613,10.5013
42011,"Berks County, Pennsylvania",42,PA,129,9,2011.2248062015503,8,428483,30.1062
42013,"Blair County, Pennsylvania",42,PA,33,5,2009.3030303030303,1,122640,26.908
42015,"Bradford County, Pennsylvania",42,PA,22,5,2009.0454545454545,1,60159,36.5698
42017,"Bucks County, Pennsylvania",42,PA,132,9,2009.7727272727273,6,645163,20.4599
42019,"Butler County, Pennsylvania",42,PA,29,7,2010.5172413793102,3,194562,14.9053
42021,"Cambria County, Pennsylvania",42,PA,27,5,2009.6666666666667,1,133263,20.2607
42023,"Cameron County, Pennsylvania",42,PA,0,0,0.0,0,4536,0.0
42025,"Carbon County, Pennsylvania",42,PA,6,2,2010.3333333333333,0,65018,9.2282
42027,"Centre County, Pennsylvania",42,PA,38,7,2009.0,1,158665,23.9498
42029,"Chester County, Pennsylvania",42,PA,145,10,2009.9655172413793,7,536474,27.0283
42031,"Clarion County, Pennsylvania",42,PA,8,2,2012.5,0,37489,21.3396
42033,"Clearfield County, Pennsylvania",42,PA,19,5,2011.2631578947369,1,79707,23.8373
42035,"Clinton County, Pennsylvania",42,PA,5,3,2009.6,0,37860,13.2066
42037,"Columbia County, Pennsylvania",42,PA,16,3,2010.9375,1,64924,24.6442
42039,"Crawford County, Pennsylvania",42,PA,12,3,2007.4166666666667,0,83876,14.3068
42041,"Cumberland County, Pennsylvania",42,PA,111,10,2011.837837837838,7,261269,42.4849
42043,"Dauphin County, Pennsylvania",42,PA,146,10,2010.1849315068494,2,286108,51.0297
42045,"Delaware County, Pennsylvania",42,PA,213,10,2010.4413145539907,8,575312,37.0234
42047,"Elk County, Pennsylvania",42,PA,6,4,2009.5,0,30886,19.4263
42049,"Erie County, Pennsylvania",42,PA,71,9,2011.0140845070423,4,270495,26.2482
42051,"Fayette County, Pennsylvania",42,PA,23,5,2009.2608695652175,2,128417,17.9104
42053,"Forest County, Pennsylvania",42,PA,0,0,0.0,0,6959,0.0
42055,"Franklin County, Pennsylvania",42,PA,40,6,2013.4,5,156084,25.6272
42057,"Fulton County, Pennsylvania",42,PA,0,0,0.0,0,14545,0.0
42059,"Greene County, Pennsylvania",42,PA,3,2,2012.6666666666667,0,35781,8.3843
42061,"Huntingdon County, Pennsylvania",42,PA,4,1,2008.25,0,44123,9.0656
42063,"Indiana County, Pennsylvania",42,PA,8,3,2006.875,0,83394,9.593
42065,"Jefferson County, Pennsylvania",42,PA,6,3,2007.6666666666667,0,44326,13.5361
42067,"Juniata County, Pennsylvania",42,PA,1,1,2019.0,0,23535,4.249
42069,"Lackawanna County, Pennsylvania",42,PA,52,7,2008.8653846153845,3,215672,24.1107
42071,"Lancaster County, Pennsylvania",42,PA,166,9,2011.0361445783133,12,553202,30.0071
42073,"Lawrence County, Pennsylvania",42,PA,9,2,2008.2222222222222,0,85907,10.4764
42075,"Lebanon County, Pennsylvania",42,PA,31,4,2010.3548387096773,3,143258,21.6393
42077,"Lehigh County, Pennsylvania",42,PA,209,10,2011.4354066985645,17,374110,55.8659
42079,"Luzerne County, Pennsylvania",42,PA,69,7,2008.4057971014493,1,325396,21.2049
42081,"Lycoming County, Pennsylvania",42,PA,39,5,2010.2051282051282,4,114022,34.2039
42083,"McKean County, Pennsylvania",42,PA,11,3,2010.2727272727273,0,40459,27.188
42085,"Mercer County, Pennsylvania",42,PA,39,6,2012.3589743589744,7,110600,35.2622
42087,"Mifflin County, Pennsylvania",42,PA,14,4,2009.357142857143,0,46146,30.3385
42089,"Monroe County, Pennsylvania",42,PA,25,6,2009.28,0,168128,14.8696
42091,"Montgomery County, Pennsylvania",42,PA,360,10,2010.6138888888888,25,856399,42.0365
42093,"Montour County, Pennsylvania",42,PA,53,8,2012.188679245283,2,18165,291.7699
42095,"Northampton County, Pennsylvania",42,PA,136,9,2012.9779411764705,16,314299,43.2709
42097,"Northumberland County, Pennsylvania",42,PA,3,1,2006.0,0,91340,3.2844
42099,"Perry County, Pennsylvania",42,PA,2,1,2010.0,0,45941,4.3534
42101,"Philadelphia County, Pennsylvania",42,PA,793,12,2011.592686002522,57,1593208,49.7738
42103,"Pike County, Pennsylvania",42,PA,5,3,2017.4,0,58996,8.4752
42105,"Potter County, Pennsylvania",42,PA,8,4,2010.5,0,16390,48.8103
42107,"Schuylkill County, Pennsylvania",42,PA,16,5,2008.5,1,143201,11.1731
42109,"Snyder County, Pennsylvania",42,PA,0,0,0.0,0,39797,0.0
42111,"Somerset County, Pennsylvania",42,PA,12,6,2008.0833333333333,0,73802,16.2597
42113,"Sullivan County, Pennsylvania",42,PA,0,0,0.0,0,5880,0.0
42115,"Susquehanna County, Pennsylvania",42,PA,2,1,2006.0,0,38540,5.1894
42117,"Tioga County, Pennsylvania",42,PA,6,2,2010.3333333333333,0,41186,14.5681
42119,"Union County, Pennsylvania",42,PA,22,4,2009.0454545454545,1,42908,51.2725
42121,"Venango County, Pennsylvania",42,PA,10,1,2006.2,0,50475,19.8118
42123,"Warren County, Pennsylvania",42,PA,9,3,2010.111111111111,0,38492,23.3815
42125,"Washington County, Pennsylvania",42,PA,40,6,2009.15,1,209631,19.0811
42127,"Wayne County, Pennsylvania",42,PA,16,3,2011.75,1,51227,31.2335
42129,"Westmoreland County, Pennsylvania",42,PA,55,7,2009.1454545454546,4,354414,15.5186
42131,"Wyoming County, Pennsylvania",42,PA,1,1,2006.0,0,26219,3.814
42133,"York County, Pennsylvania",42,PA,183,10,2013.0765027322404,25,457051,40.0393
44001,"Bristol County, Rhode Island",44,RI,2,2,2025.0,2,50658,3.948
44003,"Kent County, Rhode Island",44,RI,37,5,2008.6756756756756,0,170168,21.7432
44005,"Newport County, Rhode Island",44,RI,18,3,2010.111111111111,1,85442,21.0669
44007,"Providence County, Rhode Island",44,RI,347,11,2011.0172910662825,16,657984,52.7368
44009,"Washington County, Rhode Island",44,RI,27,5,2008.0,1,129998,20.7696
45001,"Abbeville County, South Carolina",45,SC,0,0,0.0,0,24368,0.0
45003,"Aiken County, South Carolina",45,SC,16,4,2008.5,1,169865,9.4192
45005,"Allendale County, South Carolina",45,SC,3,1,2008.6666666666667,0,8073,37.1609
45007,"Anderson County, South Carolina",45,SC,32,5,2008.53125,1,204592,15.6409
45009,"Bamberg County, South Carolina",45,SC,0,0,0.0,0,13311,0.0
45011,"Barnwell County, South Carolina",45,SC,2,1,2010.5,0,20653,9.6838
45013,"Beaufort County, South Carolina",45,SC,64,8,2011.734375,9,189071,33.8497
45015,"Berkeley County, South Carolina",45,SC,21,7,2016.5714285714287,7,231419,9.0744
45017,"Calhoun County, South Carolina",45,SC,2,1,2006.0,0,14145,14.1393
45019,"Charleston County, South Carolina",45,SC,278,10,2012.025179856115,29,409840,67.8313
45021,"Cherokee County, South Carolina",45,SC,9,4,2011.3333333333333,0,56200,16.0142
45023,"Chester County, South Carolina",45,SC,3,2,2007.3333333333333,0,32171,9.3252
45025,"Chesterfield County, South Carolina",45,SC,5,2,2008.6,0,43536,11.4847
45027,"Clarendon County, South Carolina",45,SC,14,3,2010.9285714285713,0,31163,44.9251
45029,"Colleton County, South Carolina",45,SC,7,2,2009.857142857143,0,38561,18.1531
45031,"Darlington County, South Carolina",45,SC,8,1,2009.75,1,63025,12.6934
45033,"Dillon County, South Carolina",45,SC,3,1,2010.3333333333333,0,28255,10.6176
45035,"Dorchester County, South Carolina",45,SC,25,5,2010.0,1,162139,15.4189
45037,"Edgefield County, South Carolina",45,SC,1,1,2016.0,0,26181,3.8196
45039,"Fairfield County, South Carolina",45,SC,0,0,0.0,0,20942,0.0
45041,"Florence County, South Carolina",45,SC,49,5,2007.857142857143,1,137015,35.7625
45043,"Georgetown County, South Carolina",45,SC,16,3,2011.625,0,63594,25.1596
45045,"Greenville County, South Carolina",45,SC,285,11,2012.1684210526316,28,528251,53.9516
45047,"Greenwood County, South Carolina",45,SC,22,4,2010.909090909091,2,69309,31.7419
45049,"Hampton County, South Carolina",45,SC,0,0,0.0,0,18890,0.0
45051,"Horry County, South Carolina",45,SC,94,9,2012.0851063829787,13,356578,26.3617
45053,"Jasper County, South Carolina",45,SC,1,1,2010.0,0,29444,3.3963
45055,"Kershaw County, South Carolina",45,SC,10,2,2007.7,0,65779,15.2024
45057,"Lancaster County, South Carolina",45,SC,11,2,2008.909090909091,1,97611,11.2692
45059,"Laurens County, South Carolina",45,SC,7,3,2008.5714285714287,0,67456,10.3771
45061,"Lee County, South Carolina",45,SC,0,0,0.0,0,16557,0.0
45063,"Lexington County, South Carolina",45,SC,108,8,2010.4166666666667,3,295934,36.4946
45065,"McCormick County, South Carolina",45,SC,0,0,0.0,0,9612,0.0
45067,"Marion County, South Carolina",45,SC,7,1,2006.5714285714287,0,29212,23.9628
45069,"Marlboro County, South Carolina",45,SC,6,2,2008.0,0,26585,22.5691
45071,"Newberry County, South Carolina",45,SC,4,2,2007.0,0,37918,10.5491
45073,"Oconee County, South Carolina",45,SC,16,5,2010.3125,1,78775,20.311
45075,"Orangeburg County, South Carolina",45,SC,19,4,2008.8947368421052,1,84159,22.5763
45077,"Pickens County, South Carolina",45,SC,13,6,2010.0,0,131106,9.9156
45079,"Richland County, South Carolina",45,SC,154,9,2011.155844155844,16,416161,37.0049
45081,"Saluda County, South Carolina",45,SC,0,0,0.0,0,18952,0.0
45083,"Spartanburg County, South Carolina",45,SC,76,10,2009.5,5,330119,23.022
45085,"Sumter County, South Carolina",45,SC,25,4,2008.92,0,105199,23.7645
45087,"Union County, South Carolina",45,SC,10,2,2011.4,0,27158,36.8216
45089,"Williamsburg County, South Carolina",45,SC,4,4,2010.75,1,30879,12.9538
45091,"York County, South Carolina",45,SC,48,4,2011.3541666666667,6,282987,16.9619
46003,"Aurora County, South Dakota",46,SD,0,0,0.0,0,2590,0.0
46005,"Beadle County, South Dakota",46,SD,1,1,2006.0,0,19089,5.2386
46007,"Bennett County, South Dakota",46,SD,0,0,0.0,0,3391,0.0
46009,"Bon Homme County, South Dakota",46,SD,0,0,0.0,0,7018,0.0
46011,"Brookings County, South Dakota",46,SD,7,2,2010.4285714285713,0,34631,20.2131
46013,"Brown County, South Dakota",46,SD,13,3,2012.1538461538462,1,38278,33.9621
46015,"Brule County, South Dakota",46,SD,4,1,2006.5,0,5247,76.234
46017,"Buffalo County, South Dakota",46,SD,0,0,0.0,0,1859,0.0
46019,"Butte County, South Dakota",46,SD,0,0,0.0,0,10369,0.0
46021,"Campbell County, South Dakota",46,SD,0,0,0.0,0,1534,0.0
46023,"Charles Mix County, South Dakota",46,SD,1,1,2019.0,0,9302,10.7504
46025,"Clark County, South Dakota",46,SD,0,0,0.0,0,3837,0.0
46027,"Clay County, South Dakota",46,SD,0,0,0.0,0,14953,0.0
46029,"Codington County, South Dakota",46,SD,3,1,2007.3333333333333,0,28402,10.5626
46031,"Corson County, South Dakota",46,SD,0,0,0.0,0,3906,0.0
46033,"Custer County, South Dakota",46,SD,1,1,2021.0,0,8515,11.744
46035,"Davison County, South Dakota",46,SD,12,1,2010.25,0,19966,60.1022
46037,"Day County, South Dakota",46,SD,0,0,0.0,0,5485,0.0
46039,"Deuel County, South Dakota",46,SD,0,0,0.0,0,4298,0.0
46041,"Dewey County, South Dakota",46,SD,0,0,0.0,0,5275,0.0
46043,"Douglas County, South Dakota",46,SD,0,0,0.0,0,2823,0.0
46045,"Edmunds County, South Dakota",46,SD,0,0,0.0,0,4014,0.0
46047,"Fall River County, South Dakota",46,SD,1,1,2006.0,0,7079,14.1263
46049,"Faulk County, South Dakota",46,SD,0,0,0.0,0,2140,0.0
46051,"Grant County, South Dakota",46,SD,0,0,0.0,0,7533,0.0
46053,"Gregory County, South Dakota",46,SD,0,0,0.0,0,3983,0.0
46055,"Haakon County, South Dakota",46,SD,0,0,0.0,0,1755,0.0
46057,"Hamlin County, South Dakota",46,SD,0,0,0.0,0,6196,0.0
46059,"Hand County, South Dakota",46,SD,0,0,0.0,0,3075,0.0
46061,"Hanson County, South Dakota",46,SD,0,0,0.0,0,3443,0.0
46063,"Harding County, South Dakota",46,SD,0,0,0.0,0,1176,0.0
46065,"Hughes County, South Dakota",46,SD,5,2,2009.8,1,17812,28.071
46067,"Hutchinson County, South Dakota",46,SD,0,0,0.0,0,7401,0.0
46069,"Hyde County, South Dakota",46,SD,0,0,0.0,0,1319,0.0
46071,"Jackson County, South Dakota",46,SD,0,0,0.0,0,2838,0.0
46073,"Jerauld County, South Dakota",46,SD,1,1,2005.0,0,1836,54.4662
46075,"Jones County, South Dakota",46,SD,0,0,0.0,0,1006,0.0
46077,"Kingsbury County, South Dakota",46,SD,0,0,0.0,0,5172,0.0
46079,"Lake County, South Dakota",46,SD,0,0,0.0,0,11207,0.0
46081,"Lawrence County, South Dakota",46,SD,4,2,2006.5,0,26047,15.3569
46083,"Lincoln County, South Dakota",46,SD,11,3,2014.1818181818182,1,65801,16.7171
46085,"Lyman County, South Dakota",46,SD,0,0,0.0,0,3719,0.0
46087,"McCook County, South Dakota",46,SD,0,0,0.0,0,5714,0.0
46089,"McPherson County, South Dakota",46,SD,0,0,0.0,0,2251,0.0
46091,"Marshall County, South Dakota",46,SD,0,0,0.0,0,4363,0.0
46093,"Meade County, South Dakota",46,SD,1,1,2008.0,0,29970,3.3367
46095,"Mellette County, South Dakota",46,SD,0,0,0.0,0,1989,0.0
46097,"Miner County, South Dakota",46,SD,0,0,0.0,0,2312,0.0
46099,"Minnehaha County, South Dakota",46,SD,90,10,2010.2,5,197742,45.5139
46101,"Moody County, South Dakota",46,SD,1,1,2021.0,0,6346,15.758
46102,"Oglala Lakota County, South Dakota",46,SD,6,2,2008.3333333333333,0,13695,43.8116
46103,"Pennington County, South Dakota",46,SD,35,4,2010.7142857142858,0,110386,31.7069
46105,"Perkins County, South Dakota",46,SD,0,0,0.0,0,2970,0.0
46107,"Potter County, South Dakota",46,SD,0,0,0.0,0,2587,0.0
46109,"Roberts County, South Dakota",46,SD,2,1,2005.5,0,10242,19.5274
46111,"Sanborn County, South Dakota",46,SD,0,0,0.0,0,2373,0.0
46115,"Spink County, South Dakota",46,SD,1,1,2015.0,0,6355,15.7356
46117,"Stanley County, South Dakota",46,SD,0,0,0.0,0,2979,0.0
46119,"Sully County, South Dakota",46,SD,0,0,0.0,0,1318,0.0
46121,"Todd County, South Dakota",46,SD,1,1,2008.0,0,9353,10.6918
46123,"Tripp County, South Dakota",46,SD,0,0,0.0,0,5607,0.0
46125,"Turner County, South Dakota",46,SD,0,0,0.0,0,8687,0.0
46127,"Union County, South Dakota",46,SD,0,0,0.0,0,16700,0.0
46129,"Walworth County, South Dakota",46,SD,0,0,0.0,0,5317,0.0
46135,"Yankton County, South Dakota",46,SD,8,2,2011.125,0,23311,34.3186
46137,"Ziebach County, South Dakota",46,SD,0,0,0.0,0,2455,0.0
47001,"Anderson County, Tennessee",47,TN,14,3,2010.142857142857,0,77337,18.1026
47003,"Bedford County, Tennessee",47,TN,4,2,2013.75,1,50533,7.9156
47005,"Benton County, Tennessee",47,TN,0,0,0.0,0,15933,0.0
47007,"Bledsoe County, Tennessee",47,TN,0,0,0.0,0,14816,0.0
47009,"Blount County, Tennessee",47,TN,23,4,2008.5652173913043,0,135951,16.9179
47011,"Bradley County, Tennessee",47,TN,16,4,2009.9375,2,108859,14.6979
47013,"Campbell County, Tennessee",47,TN,3,2,2005.3333333333333,0,39397,7.6148
47015,"Cannon County, Tennessee",47,TN,1,1,2025.0,1,14481,6.9056
47017,"Carroll County, Tennessee",47,TN,3,2,2016.3333333333333,0,28381,10.5705
47019,"Carter County, Tennessee",47,TN,11,5,2008.0,0,56315,19.533
47021,"Cheatham County, Tennessee",47,TN,3,2,2013.3333333333333,1,41184,7.2844
47023,"Chester County, Tennessee",47,TN,1,1,2016.0,0,17392,5.7498
47025,"Claiborne County, Tennessee",47,TN,4,2,2013.75,1,32092,12.4642
47027,"Clay County, Tennessee",47,TN,0,0,0.0,0,7592,0.0
47029,"Cocke County, Tennessee",47,TN,2,1,2012.5,0,36186,5.527
47031,"Coffee County, Tennessee",47,TN,14,5,2010.5,2,58080,24.1047
47033,"Crockett County, Tennessee",47,TN,0,0,0.0,0,13955,0.0
47035,"Cumberland County, Tennessee",47,TN,14,3,2007.857142857143,0,61552,22.745
47037,"Davidson County, Tennessee",47,TN,546,10,2012.0,45,709786,76.9246
47039,"Decatur County, Tennessee",47,TN,0,0,0.0,0,11483,0.0
47041,"DeKalb County, Tennessee",47,TN,0,0,0.0,0,20209,0.0
47043,"Dickson County, Tennessee",47,TN,6,3,2013.6666666666667,1,54563,10.9965
47045,"Dyer County, Tennessee",47,TN,5,2,2005.4,0,36818,13.5803
47047,"Fayette County, Tennessee",47,TN,1,1,2007.0,0,42228,2.3681
47049,"Fentress County, Tennessee",47,TN,1,1,2022.0,0,18642,5.3642
47051,"Franklin County, Tennessee",47,TN,11,1,2012.5454545454545,0,42980,25.5933
47053,"Gibson County, Tennessee",47,TN,0,0,0.0,0,50455,0.0
47055,"Giles County, Tennessee",47,TN,8,2,2015.125,2,30317,26.3878
47057,"Grainger County, Tennessee",47,TN,0,0,0.0,0,23648,0.0
47059,"Greene County, Tennessee",47,TN,3,2,2008.0,0,70399,4.2614
47061,"Grundy County, Tennessee",47,TN,1,1,2006.0,0,13550,7.3801
47063,"Hamblen County, Tennessee",47,TN,17,4,2010.4705882352941,3,64531,26.3439
47065,"Hamilton County, Tennessee",47,TN,175,10,2010.1028571428571,8,367193,47.6589
47067,"Hancock County, Tennessee",47,TN,0,0,0.0,0,6726,0.0
47069,"Hardeman County, Tennessee",47,TN,1,1,2006.0,0,25519,3.9186
47071,"Hardin County, Tennessee",47,TN,2,1,2005.5,0,26824,7.456
47073,"Hawkins County, Tennessee",47,TN,3,3,2006.0,0,57107,5.2533
47075,"Haywood County, Tennessee",47,TN,1,1,2006.0,0,17806,5.6161
47077,"Henderson County, Tennessee",47,TN,0,0,0.0,0,27845,0.0
47079,"Henry County, Tennessee",47,TN,5,3,2005.8,0,32305,15.4775
47081,"Hickman County, Tennessee",47,TN,4,2,2016.0,1,24996,16.0026
47083,"Houston County, Tennessee",47,TN,0,0,0.0,0,8253,0.0
47085,"Humphreys County, Tennessee",47,TN,0,0,0.0,0,19032,0.0
47087,"Jackson County, Tennessee",47,TN,0,0,0.0,0,11730,0.0
47089,"Jefferson County, Tennessee",47,TN,5,4,2010.6,1,55017,9.0881
47091,"Johnson County, Tennessee",47,TN,1,1,2006.0,0,17982,5.5611
47093,"Knox County, Tennessee",47,TN,216,10,2010.8657407407406,20,481406,44.8686
47095,"Lake County, Tennessee",47,TN,0,0,0.0,0,6898,0.0
47097,"Lauderdale County, Tennessee",47,TN,0,0,0.0,0,25171,0.0
47099,"Lawrence County, Tennessee",47,TN,21,4,2011.0,3,44377,47.3218
47101,"Lewis County, Tennessee",47,TN,3,3,2021.0,1,12637,23.7398
47103,"Lincoln County, Tennessee",47,TN,5,3,2012.2,0,35365,14.1383
47105,"Loudon County, Tennessee",47,TN,2,2,2010.5,0,55507,3.6031
47107,"McMinn County, Tennessee",47,TN,7,3,2015.0,1,53532,13.0763
47109,"McNairy County, Tennessee",47,TN,2,2,2006.0,0,25895,7.7235
47111,"Macon County, Tennessee",47,TN,1,1,2023.0,0,25365,3.9424
47113,"Madison County, Tennessee",47,TN,46,6,2008.804347826087,1,98644,46.6323
47115,"Marion County, Tennessee",47,TN,3,1,2010.3333333333333,0,28852,10.3979
47117,"Marshall County, Tennessee",47,TN,1,1,2006.0,0,34567,2.8929
47119,"Maury County, Tennessee",47,TN,14,5,2011.5714285714287,0,102002,13.7252
47121,"Meigs County, Tennessee",47,TN,0,0,0.0,0,12839,0.0
47123,"Monroe County, Tennessee",47,TN,10,4,2008.1,0,46489,21.5105
47125,"Montgomery County, Tennessee",47,TN,64,7,2011.65625,4,222305,28.7893
47127,"Moore County, Tennessee",47,TN,0,0,0.0,0,6558,0.0
47129,"Morgan County, Tennessee",47,TN,1,1,2014.0,0,21124,4.734
47131,"Obion County, Tennessee",47,TN,6,2,2008.1666666666667,0,30670,19.5631
47133,"Overton County, Tennessee",47,TN,6,4,2008.0,0,22576,26.5769
47135,"Perry County, Tennessee",47,TN,0,0,0.0,0,8432,0.0
47137,"Pickett County, Tennessee",47,TN,0,0,0.0,0,5042,0.0
47139,"Polk County, Tennessee",47,TN,0,0,0.0,0,17620,0.0
47141,"Putnam County, Tennessee",47,TN,32,6,2010.6875,3,80157,39.9217
47143,"Rhea County, Tennessee",47,TN,1,1,2008.0,0,33031,3.0275
47145,"Roane County, Tennessee",47,TN,1,1,2006.0,0,53777,1.8595
47147,"Robertson County, Tennessee",47,TN,10,3,2014.6,2,73297,13.6431
47149,"Rutherford County, Tennessee",47,TN,77,8,2013.5584415584415,10,343727,22.4015
47151,"Scott County, Tennessee",47,TN,2,2,2010.5,0,21917,9.1253
47153,"Sequatchie County, Tennessee",47,TN,0,0,0.0,0,16065,0.0
47155,"Sevier County, Tennessee",47,TN,10,3,2008.8,0,98455,10.1569
47157,"Shelby County, Tennessee",47,TN,271,10,2010.5461254612546,13,926440,29.2518
47159,"Smith County, Tennessee",47,TN,3,3,2013.6666666666667,0,20034,14.9745
47161,"Stewart County, Tennessee",47,TN,2,1,2016.0,0,13724,14.573
47163,"Sullivan County, Tennessee",47,TN,51,5,2008.5098039215686,2,158722,32.1317
47165,"Sumner County, Tennessee",47,TN,40,4,2011.25,5,196845,20.3206
47167,"Tipton County, Tennessee",47,TN,7,3,2013.0,1,61116,11.4536
47169,"Trousdale County, Tennessee",47,TN,2,1,2008.5,0,11596,17.2473
47171,"Unicoi County, Tennessee",47,TN,1,1,2023.0,1,17845,5.6038
47173,"Union County, Tennessee",47,TN,1,1,2011.0,0,19860,5.0352
47175,"Van Buren County, Tennessee",47,TN,2,1,2019.0,1,6182,32.352
47177,"Warren County, Tennessee",47,TN,8,5,2011.5,1,41163,19.4349
47179,"Washington County, Tennessee",47,TN,59,10,2009.7796610169491,2,133282,44.267
47181,"Wayne County, Tennessee",47,TN,2,2,2007.0,0,16325,12.2511
47183,"Weakley County, Tennessee",47,TN,6,3,2012.1666666666667,1,32946,18.2116
47185,"White County, Tennessee",47,TN,1,1,2009.0,0,27420,3.647
47187,"Williamson County, Tennessee",47,TN,66,9,2010.2878787878788,2,248897,26.517
47189,"Wilson County, Tennessee",47,TN,8,5,2014.0,2,149096,5.3657
48001,"Anderson County, Texas",48,TX,16,4,2010.625,0,58077,27.5496
48003,"Andrews County, Texas",48,TX,5,2,2011.2,0,18362,27.2301
48005,"Angelina County, Texas",48,TX,18,2,2008.4444444444443,0,86608,20.7833
48007,"Aransas County, Texas",48,TX,0,0,0.0,0,24048,0.0
48009,"Archer County, Texas",48,TX,13,3,2011.7692307692307,1,8649,150.3064
48011,"Armstrong County, Texas",48,TX,0,0,0.0,0,1912,0.0
48013,"Atascosa County, Texas",48,TX,3,2,2009.0,0,49403,6.0725
48015,"Austin County, Texas",48,TX,0,0,0.0,0,30406,0.0
48017,"Bailey County, Texas",48,TX,0,0,0.0,0,6902,0.0
48019,"Bandera County, Texas",48,TX,2,1,2013.5,0,21182,9.442
48021,"Bastrop County, Texas",48,TX,10,6,2012.5,1,98435,10.159
48023,"Baylor County, Texas",48,TX,1,1,2023.0,1,3475,28.777
48025,"Bee County, Texas",48,TX,4,3,2012.5,0,30977,12.9128
48027,"Bell County, Texas",48,TX,46,5,2012.0434782608695,5,372821,12.3384
48029,"Bexar County, Texas",48,TX,624,10,2010.3733974358975,29,2014059,30.9822
48031,"Blanco County, Texas",48,TX,0,0,0.0,0,11608,0.0
48033,"Borden County, Texas",48,TX,0,0,0.0,0,686,0.0
48035,"Bosque County, Texas",48,TX,0,0,0.0,0,18404,0.0
48037,"Bowie County, Texas",48,TX,28,5,2007.5357142857142,1,92747,30.1897
48039,"Brazoria County, Texas",48,TX,40,6,2011.9,3,374600,10.6781
48041,"Brazos County, Texas",48,TX,74,5,2010.7432432432433,7,234548,31.55
48043,"Brewster County, Texas",48,TX,1,1,2019.0,0,9454,10.5775
48045,"Briscoe County, Texas",48,TX,0,0,0.0,0,1290,0.0
48047,"Brooks County, Texas",48,TX,0,0,0.0,0,7059,0.0
48049,"Brown County, Texas",48,TX,8,4,2008.375,0,38159,20.9649
48051,"Burleson County, Texas",48,TX,0,0,0.0,0,17958,0.0
48053,"Burnet County, Texas",48,TX,16,4,2011.5,2,49684,32.2035
48055,"Caldwell County, Texas",48,TX,2,2,2008.0,0,46141,4.3345
48057,"Calhoun County, Texas",48,TX,5,1,2007.0,0,20127,24.8423
48059,"Callahan County, Texas",48,TX,1,1,2018.0,0,13869,7.2103
48061,"Cameron County, Texas",48,TX,74,6,2007.9324324324325,1,421854,17.5416
48063,"Camp County, Texas",48,TX,3,2,2008.3333333333333,0,12543,23.9177
48065,"Carson County, Texas",48,TX,1,1,2025.0,1,5801,17.2384
48067,"Cass County, Texas",48,TX,0,0,0.0,0,28637,0.0
48069,"Castro County, Texas",48,TX,0,0,0.0,0,7381,0.0
48071,"Chambers County, Texas",48,TX,1,1,2019.0,0,47037,2.126
48073,"Cherokee County, Texas",48,TX,9,3,2011.0,0,50824,17.7082
48075,"Childress County, Texas",48,TX,0,0,0.0,0,6781,0.0
48077,"Clay County, Texas",48,TX,0,0,0.0,0,10290,0.0
48079,"Cochran County, Texas",48,TX,0,0,0.0,0,2529,0.0
48081,"Coke County, Texas",48,TX,0,0,0.0,0,3305,0.0
48083,"Coleman County, Texas",48,TX,0,0,0.0,0,7808,0.0
48085,"Collin County, Texas",48,TX,386,11,2011.2512953367875,28,1079153,35.7688
48087,"Collingsworth County, Texas",48,TX,0,0,0.0,0,2865,0.0
48089,"Colorado County, Texas",48,TX,2,1,2007.5,0,20582,9.7172
48091,"Comal County, Texas",48,TX,6,3,2018.5,2,165201,3.6319
48093,"Comanche County, Texas",48,TX,2,2,2006.0,0,13651,14.6509
48095,"Concho County, Texas",48,TX,0,0,0.0,0,3235,0.0
48097,"Cooke County, Texas",48,TX,10,4,2013.3,2,41860,23.8892
48099,"Coryell County, Texas",48,TX,29,4,2009.9310344827586,0,82927,34.9705
48101,"Cottle County, Texas",48,TX,0,0,0.0,0,1647,0.0
48103,"Crane County, Texas",48,TX,0,0,0.0,0,4636,0.0
48105,"Crockett County, Texas",48,TX,0,0,0.0,0,2949,0.0
48107,"Crosby County, Texas",48,TX,0,0,0.0,0,5157,0.0
48109,"Culberson County, Texas",48,TX,0,0,0.0,0,2181,0.0
48111,"Dallam County, Texas",48,TX,1,1,2024.0,1,7165,13.9567
48113,"Dallas County, Texas",48,TX,1060,11,2010.43679245283,44,2604053,40.7058
48115,"Dawson County, Texas",48,TX,1,1,2012.0,0,12342,8.1024
48117,"Deaf Smith County, Texas",48,TX,3,1,2016.3333333333333,0,18585,16.1421
48119,"Delta County, Texas",48,TX,0,0,0.0,0,5278,0.0
48121,"Denton County, Texas",48,TX,160,10,2010.875,9,914870,17.4888
48123,"DeWitt County, Texas",48,TX,1,1,2006.0,0,19826,5.0439
48125,"Dickens County, Texas",48,TX,0,0,0.0,0,1570,0.0
48127,"Dimmit County, Texas",48,TX,6,3,2009.3333333333333,0,8672,69.1882
48129,"Donley County, Texas",48,TX,0,0,0.0,0,3298,0.0
48131,"Duval County, Texas",48,TX,0,0,0.0,0,9960,0.0
48133,"Eastland County, Texas",48,TX,0,0,0.0,0,17812,0.0
48135,"Ector County, Texas",48,TX,63,8,2010.3174603174602,4,162300,38.817
48137,"Edwards County, Texas",48,TX,0,0,0.0,0,1380,0.0
48139,"Ellis County, Texas",48,TX,32,7,2011.78125,2,195509,16.3675
48141,"El Paso County, Texas",48,TX,234,11,2010.534188034188,15,863832,27.0886
48143,"Erath County, Texas",48,TX,6,4,2011.0,0,42788,14.0226
48145,"Falls County, Texas",48,TX,0,0,0.0,0,17013,0.0
48147,"Fannin County, Texas",48,TX,3,3,2011.6666666666667,0,36052,8.3213
48149,"Fayette County, Texas",48,TX,2,1,2006.0,0,24564,8.142
48151,"Fisher County, Texas",48,TX,0,0,0.0,0,3680,0.0
48153,"Floyd County, Texas",48,TX,0,0,0.0,0,5386,0.0
48155,"Foard County, Texas",48,TX,0,0,0.0,0,1075,0.0
48157,"Fort Bend County, Texas",48,TX,141,10,2010.8936170212767,9,832607,16.9348
48159,"Franklin County, Texas",48,TX,0,0,0.0,0,10445,0.0
48161,"Freestone County, Texas",48,TX,1,1,2007.0,0,19599,5.1023
48163,"Frio County, Texas",48,TX,1,1,2010.0,0,18151,5.5093
48165,"Gaines County, Texas",48,TX,9,5,2014.0,2,21523,41.8157
48167,"Galveston County, Texas",48,TX,132,8,2012.939393939394,25,350801,37.6282
48169,"Garza County, Texas",48,TX,0,0,0.0,0,5735,0.0
48171,"Gillespie County, Texas",48,TX,6,3,2008.5,0,26953,22.261
48173,"Glasscock County, Texas",48,TX,0,0,0.0,0,1068,0.0
48175,"Goliad County, Texas",48,TX,0,0,0.0,0,7092,0.0
48177,"Gonzales County, Texas",48,TX,1,1,2006.0,0,19736,5.0669
48179,"Gray County, Texas",48,TX,7,3,2008.7142857142858,0,21272,32.9071
48181,"Grayson County, Texas",48,TX,22,5,2010.2727272727273,0,137008,16.0575
48183,"Gregg County, Texas",48,TX,48,5,2010.4583333333333,1,124245,38.6333
48185,"Grimes County, Texas",48,TX,0,0,0.0,0,29442,0.0
48187,"Guadalupe County, Texas",48,TX,49,6,2010.9591836734694,5,173828,28.1888
48189,"Hale County, Texas",48,TX,4,1,2007.75,0,32525,12.2982
48191,"Hall County, Texas",48,TX,0,0,0.0,0,2847,0.0
48193,"Hamilton County, Texas",48,TX,0,0,0.0,0,8244,0.0
48195,"Hansford County, Texas",48,TX,0,0,0.0,0,5270,0.0
48197,"Hardeman County, Texas",48,TX,0,0,0.0,0,3541,0.0
48199,"Hardin County, Texas",48,TX,0,0,0.0,0,56576,0.0
48201,"Harris County, Texas",48,TX,1517,12,2010.5702043506922,59,4726177,32.0978
48203,"Harrison County, Texas",48,TX,5,2,2009.6,0,69098,7.2361
48205,"Hartley County, Texas",48,TX,0,0,0.0,0,5369,0.0
48207,"Haskell County, Texas",48,TX,0,0,0.0,0,5408,0.0
48209,"Hays County, Texas",48,TX,56,5,2011.4107142857142,6,245351,22.8244
48211,"Hemphill County, Texas",48,TX,0,0,0.0,0,3371,0.0
48213,"Henderson County, Texas",48,TX,16,4,2010.8125,1,82627,19.3641
48215,"Hidalgo County, Texas",48,TX,178,9,2010.438202247191,5,873167,20.3856
48217,"Hill County, Texas",48,TX,2,2,2021.5,1,36138,5.5343
48219,"Hockley County, Texas",48,TX,4,2,2006.0,0,21495,18.609
48221,"Hood County, Texas",48,TX,18,2,2010.9444444444443,0,62459,28.8189
48223,"Hopkins County, Texas",48,TX,11,5,2010.8181818181818,0,37008,29.7233
48225,"Houston County, Texas",48,TX,1,1,2008.0,0,22107,4.5235
48227,"Howard County, Texas",48,TX,6,2,2010.3333333333333,0,34488,17.3974
48229,"Hudspeth County, Texas",48,TX,0,0,0.0,0,3329,0.0
48231,"Hunt County, Texas",48,TX,20,5,2011.6,1,101596,19.6858
48233,"Hutchinson County, Texas",48,TX,5,2,2010.4,0,20595,24.2777
48235,"Irion County, Texas",48,TX,0,0,0.0,0,1561,0.0
48237,"Jack County, Texas",48,TX,0,0,0.0,0,8588,0.0
48239,"Jackson County, Texas",48,TX,0,0,0.0,0,15010,0.0
48241,"Jasper County, Texas",48,TX,5,4,2010.0,1,33032,15.1368
48243,"Jeff Davis County, Texas",48,TX,0,0,0.0,0,1992,0.0
48245,"Jefferson County, Texas",48,TX,61,5,2010.016393442623,3,254942,23.927
48247,"Jim Hogg County, Texas",48,TX,0,0,0.0,0,4830,0.0
48249,"Jim Wells County, Texas",48,TX,8,2,2007.0,0,39060,20.4813
48251,"Johnson County, Texas",48,TX,33,6,2009.8484848484848,1,182690,18.0634
48253,"Jones County, Texas",48,TX,18,6,2011.0555555555557,1,19758,91.1023
48255,"Karnes County, Texas",48,TX,1,1,2005.0,0,14805,6.7545
48257,"Kaufman County, Texas",48,TX,12,5,2013.6666666666667,1,149773,8.0121
48259,"Kendall County, Texas",48,TX,14,5,2013.5,3,45376,30.8533
48261,"Kenedy County, Texas",48,TX,0,0,0.0,0,116,0.0
48263,"Kent County, Texas",48,TX,0,0,0.0,0,635,0.0
48265,"Kerr County, Texas",48,TX,24,5,2011.375,4,52810,45.4459
48267,"Kimble County, Texas",48,TX,0,0,0.0,0,4316,0.0
48269,"King County, Texas",48,TX,0,0,0.0,0,216,0.0
48271,"Kinney County, Texas",48,TX,1,1,2007.0,0,3157,31.6756
48273,"Kleberg County, Texas",48,TX,10,3,2008.3,0,30860,32.4044
48275,"Knox County, Texas",48,TX,0,0,0.0,0,3333,0.0
48277,"Lamar County, Texas",48,TX,17,3,2010.8235294117646,2,50149,33.899
48279,"Lamb County, Texas",48,TX,0,0,0.0,0,13024,0.0
48281,"Lampasas County, Texas",48,TX,1,1,2017.0,0,21829,4.5811
48283,"La Salle County, Texas",48,TX,0,0,0.0,0,6965,0.0
48285,"Lavaca County, Texas",48,TX,0,0,0.0,0,20379,0.0
48287,"Lee County, Texas",48,TX,0,0,0.0,0,17543,0.0
48289,"Leon County, Texas",48,TX,1,1,2006.0,0,15928,6.2783
48291,"Liberty County, Texas",48,TX,4,2,2008.0,0,93523,4.277
48293,"Limestone County, Texas",48,TX,1,1,2007.0,0,22222,4.5
48295,"Lipscomb County, Texas",48,TX,0,0,0.0,0,3038,0.0
48297,"Live Oak County, Texas",48,TX,0,0,0.0,0,11374,0.0
48299,"Llano County, Texas",48,TX,1,1,2007.0,0,21637,4.6217
48301,"Loving County, Texas",48,TX,0,0,0.0,0,96,0.0
48303,"Lubbock County, Texas",48,TX,69,8,2012.4347826086957,11,311509,22.1502
48305,"Lynn County, Texas",48,TX,1,1,2010.0,0,5619,17.7968
48307,"McCulloch County, Texas",48,TX,0,0,0.0,0,7638,0.0
48309,"McLennan County, Texas",48,TX,71,6,2010.394366197183,4,261090,27.1937
48311,"McMullen County, Texas",48,TX,0,0,0.0,0,670,0.0
48313,"Madison County, Texas",48,TX,0,0,0.0,0,13556,0.0
48315,"Marion County, Texas",48,TX,1,1,2023.0,1,9668,10.3434
48317,"Martin County, Texas",48,TX,2,2,2015.5,1,5228,38.2555
48319,"Mason County, Texas",48,TX,0,0,0.0,0,3959,0.0
48321,"Matagorda County, Texas",48,TX,6,3,2008.5,0,36251,16.5513
48323,"Maverick County, Texas",48,TX,11,3,2011.909090909091,3,57806,19.0292
48325,"Medina County, Texas",48,TX,0,0,0.0,0,51432,0.0
48327,"Menard County, Texas",48,TX,0,0,0.0,0,1964,0.0
48329,"Midland County, Texas",48,TX,39,7,2011.3589743589744,2,169393,23.0234
48331,"Milam County, Texas",48,TX,0,0,0.0,0,25080,0.0
48333,"Mills County, Texas",48,TX,0,0,0.0,0,4501,0.0
48335,"Mitchell County, Texas",48,TX,0,0,0.0,0,8947,0.0
48337,"Montague County, Texas",48,TX,2,1,2018.0,1,20197,9.9025
48339,"Montgomery County, Texas",48,TX,141,9,2011.1914893617022,11,629989,22.3813
48341,"Moore County, Texas",48,TX,4,2,2006.0,0,21284,18.7935
48343,"Morris County, Texas",48,TX,0,0,0.0,0,11993,0.0
48345,"Motley County, Texas",48,TX,0,0,0.0,0,1223,0.0
48347,"Nacogdoches County, Texas",48,TX,31,4,2010.0,1,64768,47.8631
48349,"Navarro County, Texas",48,TX,4,2,2006.0,0,52834,7.5709
48351,"Newton County, Texas",48,TX,0,0,0.0,0,12333,0.0
48353,"Nolan County, Texas",48,TX,8,3,2010.5,1,14657,54.5814
48355,"Nueces County, Texas",48,TX,74,7,2009.2297297297298,3,353245,20.9486
48357,"Ochiltree County, Texas",48,TX,0,0,0.0,0,9924,0.0
48359,"Oldham County, Texas",48,TX,0,0,0.0,0,2171,0.0
48361,"Orange County, Texas",48,TX,2,1,2006.5,0,84761,2.3596
48363,"Palo Pinto County, Texas",48,TX,5,1,2006.6,0,28569,17.5015
48365,"Panola County, Texas",48,TX,0,0,0.0,0,22540,0.0
48367,"Parker County, Texas",48,TX,13,3,2010.923076923077,1,151188,8.5986
48369,"Parmer County, Texas",48,TX,0,0,0.0,0,9809,0.0
48371,"Pecos County, Texas",48,TX,1,1,2006.0,0,15114,6.6164
48373,"Polk County, Texas",48,TX,4,2,2010.0,0,50536,7.9151
48375,"Potter County, Texas",48,TX,58,8,2009.1379310344828,1,117905,49.1921
48377,"Presidio County, Texas",48,TX,0,0,0.0,0,6168,0.0
48379,"Rains County, Texas",48,TX,0,0,0.0,0,12257,0.0
48381,"Randall County, Texas",48,TX,7,3,2010.5714285714287,0,141489,4.9474
48383,"Reagan County, Texas",48,TX,0,0,0.0,0,3308,0.0
48385,"Real County, Texas",48,TX,0,0,0.0,0,2830,0.0
48387,"Red River County, Texas",48,TX,3,2,2008.3333333333333,0,11627,25.802
48389,"Reeves County, Texas",48,TX,3,2,2006.6666666666667,0,14022,21.395
48391,"Refugio County, Texas",48,TX,0,0,0.0,0,6718,0.0
48393,"Roberts County, Texas",48,TX,0,0,0.0,0,764,0.0
48395,"Robertson County, Texas",48,TX,0,0,0.0,0,16912,0.0
48397,"Rockwall County, Texas",48,TX,35,6,2011.142857142857,1,110631,31.6367
48399,"Runnels County, Texas",48,TX,0,0,0.0,0,9858,0.0
48401,"Rusk County, Texas",48,TX,4,2,2010.75,1,52755,7.5822
48403,"Sabine County, Texas",48,TX,0,0,0.0,0,9980,0.0
48405,"San Augustine County, Texas",48,TX,0,0,0.0,0,7920,0.0
48407,"San Jacinto County, Texas",48,TX,1,1,2021.0,0,27666,3.6145
48409,"San Patricio County, Texas",48,TX,4,3,2016.75,2,68942,5.802
48411,"San Saba County, Texas",48,TX,0,0,0.0,0,5779,0.0
48413,"Schleicher County, Texas",48,TX,0,0,0.0,0,2474,0.0
48415,"Scurry County, Texas",48,TX,5,1,2007.2,0,16883,29.6156
48417,"Shackelford County, Texas",48,TX,0,0,0.0,0,3134,0.0
48419,"Shelby County, Texas",48,TX,3,2,2011.3333333333333,0,24157,12.4188
48421,"Sherman County, Texas",48,TX,0,0,0.0,0,2414,0.0
48423,"Smith County, Texas",48,TX,83,8,2009.4819277108434,1,234667,35.3693
48425,"Somervell County, Texas",48,TX,0,0,0.0,0,9337,0.0
48427,"Starr County, Texas",48,TX,1,1,2006.0,0,65716,1.5217
48429,"Stephens County, Texas",48,TX,0,0,0.0,0,9260,0.0
48431,"Sterling County, Texas",48,TX,0,0,0.0,0,1392,0.0
48433,"Stonewall County, Texas",48,TX,0,0,0.0,0,1331,0.0
48435,"Sutton County, Texas",48,TX,0,0,0.0,0,3345,0.0
48437,"Swisher County, Texas",48,TX,0,0,0.0,0,6989,0.0
48439,"Tarrant County, Texas",48,TX,606,11,2010.7788778877887,34,2113854,28.668
48441,"Taylor County, Texas",48,TX,16,6,2011.0,1,143029,11.1865
48443,"Terrell County, Texas",48,TX,0,0,0.0,0,862,0.0
48445,"Terry County, Texas",48,TX,3,2,2014.0,0,11816,25.3893
48447,"Throckmorton County, Texas",48,TX,0,0,0.0,0,1439,0.0
48449,"Titus County, Texas",48,TX,15,5,2011.2666666666667,2,31301,47.9218
48451,"Tom Green County, Texas",48,TX,29,5,2009.3793103448277,1,119276,24.3134
48453,"Travis County, Texas",48,TX,525,10,2011.1561904761904,43,1289054,40.7275
48455,"Trinity County, Texas",48,TX,0,0,0.0,0,13735,0.0
48457,"Tyler County, Texas",48,TX,0,0,0.0,0,19962,0.0
48459,"Upshur County, Texas",48,TX,1,1,2008.0,0,41261,2.4236
48461,"Upton County, Texas",48,TX,0,0,0.0,0,3284,0.0
48463,"Uvalde County, Texas",48,TX,1,1,2007.0,0,24833,4.0269
48465,"Val Verde County, Texas",48,TX,5,2,2011.4,0,47693,10.4837
48467,"Van Zandt County, Texas",48,TX,4,2,2013.25,0,60053,6.6608
48469,"Victoria County, Texas",48,TX,16,6,2009.5,0,91209,17.5421
48471,"Walker County, Texas",48,TX,9,3,2008.7777777777778,0,77182,11.6607
48473,"Waller County, Texas",48,TX,1,1,2017.0,0,57463,1.7403
48475,"Ward County, Texas",48,TX,0,0,0.0,0,11347,0.0
48477,"Washington County, Texas",48,TX,8,3,2012.875,1,35807,22.342
48479,"Webb County, Texas",48,TX,40,4,2008.475,2,267282,14.9655
48481,"Wharton County, Texas",48,TX,5,2,2007.6,0,41614,12.0152
48483,"Wheeler County, Texas",48,TX,0,0,0.0,0,4980,0.0
48485,"Wichita County, Texas",48,TX,22,6,2009.1363636363637,0,129584,16.9774
48487,"Wilbarger County, Texas",48,TX,0,0,0.0,0,12795,0.0
48489,"Willacy County, Texas",48,TX,0,0,0.0,0,20308,0.0
48491,"Williamson County, Texas",48,TX,128,9,2010.59375,7,617396,20.7322
48493,"Wilson County, Texas",48,TX,5,2,2012.0,0,50381,9.9244
48495,"Winkler County, Texas",48,TX,0,0,0.0,0,7582,0.0
48497,"Wise County, Texas",48,TX,12,3,2009.0,1,70062,17.1277
48499,"Wood County, Texas",48,TX,0,0,0.0,0,45341,0.0
48501,"Yoakum County, Texas",48,TX,0,0,0.0,0,7630,0.0
48503,"Young County, Texas",48,TX,1,1,2007.0,0,17903,5.5857
48505,"Zapata County, Texas",48,TX,0,0,0.0,0,13896,0.0
48507,"Zavala County, Texas",48,TX,2,2,2007.0,0,9700,20.6186
49001,"Beaver County, Utah",49,UT,0,0,0.0,0,7102,0.0
49003,"Box Elder County, Utah",49,UT,12,3,2011.0,0,58291,20.5864
49005,"Cache County, Utah",49,UT,38,5,2011.1842105263158,4,134428,28.2679
49007,"Carbon County, Utah",49,UT,9,2,2009.2222222222222,0,20338,44.2521
49009,"Daggett County, Utah",49,UT,0,0,0.0,0,638,0.0
49011,"Davis County, Utah",49,UT,75,6,2012.3466666666666,7,363032,20.6593
49013,"Duchesne County, Utah",49,UT,2,1,2006.5,0,19779,10.1117
49015,"Emery County, Utah",49,UT,2,2,2024.5,2,9898,20.2061
49017,"Garfield County, Utah",49,UT,0,0,0.0,0,5121,0.0
49019,"Grand County, Utah",49,UT,3,2,2009.3333333333333,0,9680,30.9917
49021,"Iron County, Utah",49,UT,11,3,2011.1818181818182,2,58068,18.9433
49023,"Juab County, Utah",49,UT,1,1,2007.0,0,11943,8.3731
49025,"Kane County, Utah",49,UT,3,3,2017.6666666666667,2,7814,38.3926
49027,"Millard County, Utah",49,UT,1,1,2007.0,0,13027,7.6764
49029,"Morgan County, Utah",49,UT,0,0,0.0,0,12367,0.0
49031,"Piute County, Utah",49,UT,0,0,0.0,0,1764,0.0
49033,"Rich County, Utah",49,UT,0,0,0.0,0,2543,0.0
49035,"Salt Lake County, Utah",49,UT,373,9,2011.9008042895443,27,1180643,31.593
49037,"San Juan County, Utah",49,UT,2,2,2017.0,0,14524,13.7703
49039,"Sanpete County, Utah",49,UT,5,2,2010.8,0,28816,17.3515
49041,"Sevier County, Utah",49,UT,8,3,2013.75,2,21667,36.9225
49043,"Summit County, Utah",49,UT,21,7,2012.3333333333333,2,42524,49.3839
49045,"Tooele County, Utah",49,UT,13,3,2014.7692307692307,4,74032,17.56
49047,"Uintah County, Utah",49,UT,10,5,2012.4,2,35951,27.8156
49049,"Utah County, Utah",49,UT,174,9,2012.4137931034484,19,666021,26.1253
49051,"Wasatch County, Utah",49,UT,11,4,2009.909090909091,0,35009,31.4205
49053,"Washington County, Utah",49,UT,58,8,2011.1206896551723,3,183297,31.6426
49055,"Wayne County, Utah",49,UT,0,0,0.0,0,2532,0.0
49057,"Weber County, Utah",49,UT,69,7,2010.4782608695652,4,262960,26.2397
50001,"Addison County, Vermont",50,VT,20,4,2010.2,0,37434,53.4274
50003,"Bennington County, Vermont",50,VT,17,4,2009.1176470588234,0,37326,45.5447
50005,"Caledonia County, Vermont",50,VT,15,5,2009.5333333333333,0,30418,49.3129
50007,"Chittenden County, Vermont",50,VT,123,10,2010.4634146341464,5,168309,73.0799
50009,"Essex County, Vermont",50,VT,0,0,0.0,0,5976,0.0
50011,"Franklin County, Vermont",50,VT,11,4,2011.4545454545455,1,50101,21.9556
50013,"Grand Isle County, Vermont",50,VT,0,0,0.0,0,7335,0.0
50015,"Lamoille County, Vermont",50,VT,12,5,2008.8333333333333,1,25977,46.1947
50017,"Orange County, Vermont",50,VT,14,3,2010.5714285714287,1,29439,47.556
50019,"Orleans County, Vermont",50,VT,8,3,2011.5,0,27459,29.1343
50021,"Rutland County, Vermont",50,VT,19,4,2010.0526315789473,1,60585,31.3609
50023,"Washington County, Vermont",50,VT,35,5,2011.0857142857142,1,59768,58.5598
50025,"Windham County, Vermont",50,VT,22,4,2012.0454545454545,1,45857,47.9752
50027,"Windsor County, Vermont",50,VT,15,5,2011.2,3,57832,25.9372
51001,"Accomack County, Virginia",51,VA,8,3,2013.25,1,33367,23.9758
51003,"Albemarle County, Virginia",51,VA,95,8,2011.2,7,112513,84.4347
51005,"Alleghany County, Virginia",51,VA,1,1,2007.0,0,15159,6.5967
51007,"Amelia County, Virginia",51,VA,0,0,0.0,0,13309,0.0
51009,"Amherst County, Virginia",51,VA,1,1,2025.0,1,31426,3.1821
51011,"Appomattox County, Virginia",51,VA,1,1,2010.0,0,16253,6.1527
51013,"Arlington County, Virginia",51,VA,101,11,2011.6039603960396,5,235845,42.8247
51015,"Augusta County, Virginia",51,VA,43,5,2010.093023255814,3,77433,55.5319
51017,"Bath County, Virginia",51,VA,0,0,0.0,0,4177,0.0
51019,"Bedford County, Virginia",51,VA,27,7,2014.962962962963,7,79761,33.8511
51021,"Bland County, Virginia",51,VA,0,0,0.0,0,6241,0.0
51023,"Botetourt County, Virginia",51,VA,3,2,2011.0,0,33734,8.8931
51025,"Brunswick County, Virginia",51,VA,1,1,2007.0,0,15965,6.2637
51027,"Buchanan County, Virginia",51,VA,0,0,0.0,0,20246,0.0
51029,"Buckingham County, Virginia",51,VA,2,1,2023.5,1,16869,11.8561
51031,"Campbell County, Virginia",51,VA,16,5,2012.0625,3,55518,28.8195
51033,"Caroline County, Virginia",51,VA,0,0,0.0,0,31181,0.0
51035,"Carroll County, Virginia",51,VA,1,1,2023.0,1,29126,3.4334
51036,"Charles City County, Virginia",51,VA,0,0,0.0,0,6760,0.0
51037,"Charlotte County, Virginia",51,VA,0,0,0.0,0,11563,0.0
51041,"Chesterfield County, Virginia",51,VA,123,10,2010.5853658536585,5,366019,33.6048
51043,"Clarke County, Virginia",51,VA,3,2,2013.6666666666667,0,14882,20.1586
51045,"Craig County, Virginia",51,VA,0,0,0.0,0,4898,0.0
51047,"Culpeper County, Virginia",51,VA,9,2,2010.3333333333333,0,52822,17.0384
51049,"Cumberland County, Virginia",51,VA,13,7,2009.8461538461538,0,9697,134.0621
51051,"Dickenson County, Virginia",51,VA,0,0,0.0,0,14089,0.0
51053,"Dinwiddie County, Virginia",51,VA,6,3,2008.8333333333333,0,28057,21.385
51057,"Essex County, Virginia",51,VA,3,2,2006.0,0,10602,28.2965
51059,"Fairfax County, Virginia",51,VA,475,11,2011.6905263157894,55,1145354,41.4719
51061,"Fauquier County, Virginia",51,VA,18,5,2012.0555555555557,1,73290,24.56
51063,"Floyd County, Virginia",51,VA,1,1,2011.0,0,15532,6.4383
51065,"Fluvanna County, Virginia",51,VA,1,1,2018.0,0,27442,3.644
51067,"Franklin County, Virginia",51,VA,8,2,2009.375,0,54838,14.5884
51069,"Frederick County, Virginia",51,VA,4,3,2013.75,1,92007,4.3475
51071,"Giles County, Virginia",51,VA,0,0,0.0,0,16711,0.0
51073,"Gloucester County, Virginia",51,VA,7,3,2010.2857142857142,0,38875,18.0064
51075,"Goochland County, Virginia",51,VA,0,0,0.0,0,24906,0.0
51077,"Grayson County, Virginia",51,VA,4,2,2009.0,0,15356,26.0485
51079,"Greene County, Virginia",51,VA,0,0,0.0,0,20631,0.0
51081,"Greensville County, Virginia",51,VA,4,3,2013.25,1,11373,35.171
51083,"Halifax County, Virginia",51,VA,6,2,2012.0,1,34013,17.6403
51085,"Hanover County, Virginia",51,VA,34,6,2011.0,3,110513,30.7656
51087,"Henrico County, Virginia",51,VA,94,10,2010.5,1,333120,28.2181
51089,"Henry County, Virginia",51,VA,8,1,2007.375,0,50760,15.7604
51091,"Highland County, Virginia",51,VA,0,0,0.0,0,2247,0.0
51093,"Isle of Wight County, Virginia",51,VA,3,2,2018.3333333333333,1,38898,7.7125
51095,"James City County, Virginia",51,VA,27,6,2010.6296296296296,3,78818,34.2561
51097,"King and Queen County, Virginia",51,VA,0,0,0.0,0,6681,0.0
51099,"King George County, Virginia",51,VA,1,1,2023.0,1,26985,3.7058
51101,"King William County, Virginia",51,VA,0,0,0.0,0,17845,0.0
51103,"Lancaster County, Virginia",51,VA,0,0,0.0,0,10866,0.0
51105,"Lee County, Virginia",51,VA,1,1,2025.0,1,22287,4.4869
51107,"Loudoun County, Virginia",51,VA,122,8,2012.2377049180327,16,420773,28.9943
51109,"Louisa County, Virginia",51,VA,2,1,2017.5,0,38106,5.2485
51111,"Lunenburg County, Virginia",51,VA,0,0,0.0,0,11988,0.0
51113,"Madison County, Virginia",51,VA,3,1,2018.3333333333333,1,13828,21.6951
51115,"Mathews County, Virginia",51,VA,1,1,2011.0,0,8537,11.7137
51117,"Mecklenburg County, Virginia",51,VA,10,4,2006.4,0,30367,32.9305
51119,"Middlesex County, Virginia",51,VA,2,2,2012.5,0,10738,18.6254
51121,"Montgomery County, Virginia",51,VA,29,6,2010.8275862068965,2,99373,29.183
51125,"Nelson County, Virginia",51,VA,0,0,0.0,0,14773,0.0
51127,"New Kent County, Virginia",51,VA,0,0,0.0,0,23296,0.0
51131,"Northampton County, Virginia",51,VA,5,3,2005.8,0,12132,41.2133
51133,"Northumberland County, Virginia",51,VA,7,4,2008.2857142857142,0,12007,58.2993
51135,"Nottoway County, Virginia",51,VA,0,0,0.0,0,15638,0.0
51137,"Orange County, Virginia",51,VA,2,2,2015.5,1,36593,5.4655
51139,"Page County, Virginia",51,VA,0,0,0.0,0,23753,0.0
51141,"Patrick County, Virginia",51,VA,1,1,2025.0,1,17660,5.6625
51143,"Pittsylvania County, Virginia",51,VA,14,5,2014.4285714285713,5,60541,23.1248
51145,"Powhatan County, Virginia",51,VA,1,1,2016.0,0,30503,3.2784
51147,"Prince Edward County, Virginia",51,VA,0,0,0.0,0,21922,0.0
51149,"Prince George County, Virginia",51,VA,8,4,2008.25,0,42634,18.7644
51153,"Prince William County, Virginia",51,VA,69,7,2011.695652173913,9,481114,14.3417
51155,"Pulaski County, Virginia",51,VA,2,2,2008.5,0,33841,5.91
51157,"Rappahannock County, Virginia",51,VA,0,0,0.0,0,7422,0.0
51159,"Richmond County, Virginia",51,VA,0,0,0.0,0,8968,0.0
51161,"Roanoke County, Virginia",51,VA,40,8,2011.45,4,96653,41.3852
51163,"Rockbridge County, Virginia",51,VA,6,4,2010.8333333333333,0,22673,26.4632
51165,"Rockingham County, Virginia",51,VA,42,6,2011.857142857143,3,83905,50.0566
51167,"Russell County, Virginia",51,VA,2,1,2007.0,0,25763,7.7631
51169,"Scott County, Virginia",51,VA,0,0,0.0,0,21536,0.0
51171,"Shenandoah County, Virginia",51,VA,9,2,2012.2222222222222,2,44337,20.2991
51173,"Smyth County, Virginia",51,VA,13,3,2008.8461538461538,0,29799,43.6256
51175,"Southampton County, Virginia",51,VA,2,1,2006.5,0,18003,11.1093
51177,"Spotsylvania County, Virginia",51,VA,15,5,2012.3333333333333,1,141097,10.631
51179,"Stafford County, Virginia",51,VA,20,6,2014.35,4,157606,12.6899
51181,"Surry County, Virginia",51,VA,0,0,0.0,0,6546,0.0
51183,"Sussex County, Virginia",51,VA,1,1,2021.0,0,10866,9.203
51185,"Tazewell County, Virginia",51,VA,8,3,2008.125,1,40392,19.8059
51187,"Warren County, Virginia",51,VA,6,2,2010.0,1,40800,14.7059
51191,"Washington County, Virginia",51,VA,15,3,2008.7333333333333,0,53985,27.7855
51193,"Westmoreland County, Virginia",51,VA,0,0,0.0,0,18480,0.0
51195,"Wise County, Virginia",51,VA,10,2,2008.6,1,36105,27.697
51197,"Wythe County, Virginia",51,VA,7,3,2008.857142857143,0,28275,24.7569
51199,"York County, Virginia",51,VA,3,2,2011.3333333333333,0,70238,4.2712
51510,"Alexandria city, Virginia",51,VA,92,8,2010.9673913043478,7,157594,58.3779
51520,"Bristol city, Virginia",51,VA,0,0,0.0,0,17036,0.0
51530,"Buena Vista city, Virginia",51,VA,0,0,0.0,0,6639,0.0
51540,"Charlottesville city, Virginia",51,VA,45,7,2011.9777777777779,2,46289,97.2153
51550,"Chesapeake city, Virginia",51,VA,76,8,2010.4342105263158,10,249377,30.4759
51570,"Colonial Heights city, Virginia",51,VA,0,0,0.0,0,18158,0.0
51580,"Covington city, Virginia",51,VA,0,0,0.0,0,5722,0.0
51590,"Danville city, Virginia",51,VA,0,0,0.0,0,42507,0.0
51595,"Emporia city, Virginia",51,VA,0,0,0.0,0,5680,0.0
51600,"Fairfax city, Virginia",51,VA,0,0,0.0,0,24242,0.0
51610,"Falls Church city, Virginia",51,VA,17,4,2009.8235294117646,0,14576,116.6301
51620,"Franklin city, Virginia",51,VA,0,0,0.0,0,8194,0.0
51630,"Fredericksburg city, Virginia",51,VA,70,7,2010.3428571428572,4,28258,247.7175
51640,"Galax city, Virginia",51,VA,0,0,0.0,0,6687,0.0
51650,"Hampton city, Virginia",51,VA,39,5,2010.7948717948718,2,137217,28.4221
51660,"Harrisonburg city, Virginia",51,VA,1,1,2007.0,0,51784,1.9311
51670,"Hopewell city, Virginia",51,VA,0,0,0.0,0,23046,0.0
51678,"Lexington city, Virginia",51,VA,0,0,0.0,0,7346,0.0
51680,"Lynchburg city, Virginia",51,VA,25,5,2010.48,3,79166,31.5792
51683,"Manassas city, Virginia",51,VA,36,7,2008.25,0,42620,84.4674
51685,"Manassas Park city, Virginia",51,VA,0,0,0.0,0,17123,0.0
51690,"Martinsville city, Virginia",51,VA,0,0,0.0,0,13539,0.0
51700,"Newport News city, Virginia",51,VA,96,9,2010.2291666666667,3,185118,51.8588
51710,"Norfolk city, Virginia",51,VA,110,10,2010.1818181818182,6,236973,46.4188
51720,"Norton city, Virginia",51,VA,0,0,0.0,0,3668,0.0
51730,"Petersburg city, Virginia",51,VA,0,0,0.0,0,33261,0.0
51735,"Poquoson city, Virginia",51,VA,0,0,0.0,0,12479,0.0
51740,"Portsmouth city, Virginia",51,VA,45,8,2010.4222222222222,1,97384,46.2088
51750,"Radford city, Virginia",51,VA,0,0,0.0,0,16379,0.0
51760,"Richmond city, Virginia",51,VA,133,9,2011.233082706767,12,227171,58.5462
51770,"Roanoke city, Virginia",51,VA,64,8,2010.5625,7,99213,64.5077
51775,"Salem city, Virginia",51,VA,0,0,0.0,0,25372,0.0
51790,"Staunton city, Virginia",51,VA,0,0,0.0,0,25581,0.0
51800,"Suffolk city, Virginia",51,VA,31,6,2011.225806451613,4,94856,32.6811
51810,"Virginia Beach city, Virginia",51,VA,100,6,2011.06,6,457900,21.8388
51820,"Waynesboro city, Virginia",51,VA,0,0,0.0,0,22341,0.0
51830,"Williamsburg city, Virginia",51,VA,0,0,0.0,0,15486,0.0
51840,"Winchester city, Virginia",51,VA,54,9,2010.3148148148148,5,28103,192.1503
53001,"Adams County, Washington",53,WA,3,1,2011.3333333333333,0,20557,14.5936
53003,"Asotin County, Washington",53,WA,6,4,2012.8333333333333,1,22370,26.8216
53005,"Benton County, Washington",53,WA,84,8,2011.9761904761904,9,207560,40.4702
53007,"Chelan County, Washington",53,WA,35,5,2010.8857142857144,0,79076,44.2612
53009,"Clallam County, Washington",53,WA,26,5,2011.2307692307693,1,77333,33.6208
53011,"Clark County, Washington",53,WA,172,10,2010.4476744186047,7,504091,34.1208
53013,"Columbia County, Washington",53,WA,0,0,0.0,0,3980,0.0
53015,"Cowlitz County, Washington",53,WA,13,3,2010.3076923076924,0,110621,11.7518
53017,"Douglas County, Washington",53,WA,3,3,2009.0,0,43189,6.9462
53019,"Ferry County, Washington",53,WA,0,0,0.0,0,7260,0.0
53021,"Franklin County, Washington",53,WA,30,6,2009.3,1,96692,31.0264
53023,"Garfield County, Washington",53,WA,0,0,0.0,0,2310,0.0
53025,"Grant County, Washington",53,WA,14,5,2011.2857142857142,1,99145,14.1207
53027,"Grays Harbor County, Washington",53,WA,8,2,2008.5,0,75672,10.5719
53029,"Island County, Washington",53,WA,17,4,2011.8235294117646,1,86510,19.6509
53031,"Jefferson County, Washington",53,WA,14,5,2010.7142857142858,0,33006,42.4165
53033,"King County, Washington",53,WA,985,10,2010.7065989847715,42,2254371,43.6929
53035,"Kitsap County, Washington",53,WA,58,6,2011.1896551724137,2,275411,21.0594
53037,"Kittitas County, Washington",53,WA,3,2,2011.0,0,44424,6.7531
53039,"Klickitat County, Washington",53,WA,5,3,2014.4,1,22798,21.9317
53041,"Lewis County, Washington",53,WA,10,3,2011.5,0,82663,12.0973
53043,"Lincoln County, Washington",53,WA,1,1,2025.0,1,11036,9.0613
53045,"Mason County, Washington",53,WA,9,3,2009.2222222222222,0,66053,13.6254
53047,"Okanogan County, Washington",53,WA,12,4,2012.1666666666667,2,42336,28.3447
53049,"Pacific County, Washington",53,WA,1,1,2007.0,0,23396,4.2742
53051,"Pend Oreille County, Washington",53,WA,1,1,2005.0,0,13570,7.3692
53053,"Pierce County, Washington",53,WA,243,9,2011.1399176954733,16,918993,26.442
53055,"San Juan County, Washington",53,WA,3,3,2013.6666666666667,0,18001,16.6657
53057,"Skagit County, Washington",53,WA,44,5,2014.590909090909,6,129480,33.9821
53059,"Skamania County, Washington",53,WA,1,1,2019.0,0,12118,8.2522
53061,"Snohomish County, Washington",53,WA,153,9,2010.7450980392157,5,828337,18.4707
53063,"Spokane County, Washington",53,WA,165,10,2011.0060606060606,10,538711,30.6287
53065,"Stevens County, Washington",53,WA,7,4,2012.0,2,46774,14.9656
53067,"Thurston County, Washington",53,WA,86,8,2011.1511627906978,5,294272,29.2247
53069,"Wahkiakum County, Washington",53,WA,0,0,0.0,0,4476,0.0
53071,"Walla Walla County, Washington",53,WA,14,5,2008.9285714285713,0,62150,22.5261
53073,"Whatcom County, Washington",53,WA,80,7,2010.5625,4,226523,35.3165
53075,"Whitman County, Washington",53,WA,13,6,2010.3076923076924,0,47141,27.5768
53077,"Yakima County, Washington",53,WA,54,7,2011.3333333333333,4,256143,21.082
54001,"Barbour County, West Virginia",54,WV,1,1,2005.0,0,15527,6.4404
54003,"Berkeley County, West Virginia",54,WV,40,6,2011.675,5,123283,32.4457
54005,"Boone County, West Virginia",54,WV,1,1,2006.0,0,21705,4.6072
54007,"Braxton County, West Virginia",54,WV,0,0,0.0,0,12505,0.0
54009,"Brooke County, West Virginia",54,WV,0,0,0.0,0,22349,0.0
54011,"Cabell County, West Virginia",54,WV,52,8,2008.9615384615386,0,93965,55.3398
54013,"Calhoun County, West Virginia",54,WV,0,0,0.0,0,6279,0.0
54015,"Clay County, West Virginia",54,WV,0,0,0.0,0,8049,0.0
54017,"Doddridge County, West Virginia",54,WV,0,0,0.0,0,7847,0.0
54019,"Fayette County, West Virginia",54,WV,2,1,2007.0,0,40545,4.9328
54021,"Gilmer County, West Virginia",54,WV,2,2,2014.0,0,7444,26.8673
54023,"Grant County, West Virginia",54,WV,3,1,2013.0,0,11034,27.1887
54025,"Greenbrier County, West Virginia",54,WV,7,3,2013.142857142857,0,32995,21.2153
54027,"Hampshire County, West Virginia",54,WV,2,2,2014.5,1,23275,8.5929
54029,"Hancock County, West Virginia",54,WV,11,3,2011.7272727272727,1,28907,38.0531
54031,"Hardy County, West Virginia",54,WV,2,2,2010.0,0,14249,14.0361
54033,"Harrison County, West Virginia",54,WV,12,1,2008.5833333333333,0,65862,18.2199
54035,"Jackson County, West Virginia",54,WV,2,2,2023.0,1,27868,7.1767
54037,"Jefferson County, West Virginia",54,WV,7,3,2014.857142857143,1,58043,12.06
54039,"Kanawha County, West Virginia",54,WV,68,10,2009.5588235294117,1,179895,37.7998
54041,"Lewis County, West Virginia",54,WV,5,2,2006.4,0,16920,29.5508
54043,"Lincoln County, West Virginia",54,WV,2,2,2005.5,0,20410,9.7991
54045,"Logan County, West Virginia",54,WV,4,2,2009.0,0,32350,12.3648
54047,"McDowell County, West Virginia",54,WV,0,0,0.0,0,18911,0.0
54049,"Marion County, West Virginia",54,WV,5,2,2008.6,0,56194,8.8977
54051,"Marshall County, West Virginia",54,WV,2,1,2006.0,0,30509,6.5554
54053,"Mason County, West Virginia",54,WV,7,3,2012.857142857143,0,25488,27.4639
54055,"Mercer County, West Virginia",54,WV,15,2,2009.0,0,59530,25.1974
54057,"Mineral County, West Virginia",54,WV,3,2,2010.3333333333333,0,26957,11.1288
54059,"Mingo County, West Virginia",54,WV,0,0,0.0,0,23466,0.0
54061,"Monongalia County, West Virginia",54,WV,75,7,2011.0666666666666,9,105988,70.7627
54063,"Monroe County, West Virginia",54,WV,0,0,0.0,0,12438,0.0
54065,"Morgan County, West Virginia",54,WV,0,0,0.0,0,17237,0.0
54067,"Nicholas County, West Virginia",54,WV,4,1,2006.0,0,24624,16.2443
54069,"Ohio County, West Virginia",54,WV,20,4,2008.25,1,42224,47.3664
54071,"Pendleton County, West Virginia",54,WV,2,1,2012.0,0,6156,32.4886
54073,"Pleasants County, West Virginia",54,WV,0,0,0.0,0,7622,0.0
54075,"Pocahontas County, West Virginia",54,WV,0,0,0.0,0,7940,0.0
54077,"Preston County, West Virginia",54,WV,9,5,2011.4444444444443,1,34206,26.3112
54079,"Putnam County, West Virginia",54,WV,12,4,2011.1666666666667,1,57347,20.9252
54081,"Raleigh County, West Virginia",54,WV,20,5,2010.0,1,74303,26.9168
54083,"Randolph County, West Virginia",54,WV,9,4,2010.0,0,28005,32.1371
54085,"Ritchie County, West Virginia",54,WV,0,0,0.0,0,8507,0.0
54087,"Roane County, West Virginia",54,WV,1,1,2016.0,0,14027,7.1291
54089,"Summers County, West Virginia",54,WV,0,0,0.0,0,11985,0.0
54091,"Taylor County, West Virginia",54,WV,1,1,2006.0,0,16602,6.0234
54093,"Tucker County, West Virginia",54,WV,0,0,0.0,0,6747,0.0
54095,"Tyler County, West Virginia",54,WV,0,0,0.0,0,8336,0.0
54097,"Upshur County, West Virginia",54,WV,12,3,2013.4166666666667,1,23875,50.2618
54099,"Wayne County, West Virginia",54,WV,2,1,2008.5,0,38933,5.137
54101,"Webster County, West Virginia",54,WV,0,0,0.0,0,8362,0.0
54103,"Wetzel County, West Virginia",54,WV,0,0,0.0,0,14431,0.0
54105,"Wirt County, West Virginia",54,WV,0,0,0.0,0,5202,0.0
54107,"Wood County, West Virginia",54,WV,13,4,2009.1538461538462,2,84272,15.4262
54109,"Wyoming County, West Virginia",54,WV,1,1,2018.0,0,21237,4.7088
55001,"Adams County, Wisconsin",55,WI,0,0,0.0,0,20730,0.0
55003,"Ashland County, Wisconsin",55,WI,5,3,2009.6,1,16041,31.1701
55005,"Barron County, Wisconsin",55,WI,6,2,2008.3333333333333,0,46683,12.8526
55007,"Bayfield County, Wisconsin",55,WI,4,2,2012.0,0,16214,24.67
55009,"Brown County, Wisconsin",55,WI,90,10,2010.5,1,268393,33.5329
55011,"Buffalo County, Wisconsin",55,WI,0,0,0.0,0,13329,0.0
55013,"Burnett County, Wisconsin",55,WI,3,3,2006.6666666666667,0,16561,18.1148
55015,"Calumet County, Wisconsin",55,WI,23,4,2010.6521739130435,2,52361,43.9258
55017,"Chippewa County, Wisconsin",55,WI,3,1,2009.3333333333333,0,66254,4.528
55019,"Clark County, Wisconsin",55,WI,0,0,0.0,0,34703,0.0
55021,"Columbia County, Wisconsin",55,WI,4,3,2012.5,1,58272,6.8644
55023,"Crawford County, Wisconsin",55,WI,2,2,2010.0,0,16123,12.4046
55025,"Dane County, Wisconsin",55,WI,236,10,2012.3898305084747,26,559891,42.1511
55027,"Dodge County, Wisconsin",55,WI,9,4,2008.5555555555557,0,89032,10.1087
55029,"Door County, Wisconsin",55,WI,7,2,2006.7142857142858,0,30038,23.3038
55031,"Douglas County, Wisconsin",55,WI,1,1,2009.0,0,44092,2.268
55033,"Dunn County, Wisconsin",55,WI,11,3,2010.4545454545455,1,45221,24.325
55035,"Eau Claire County, Wisconsin",55,WI,62,4,2011.467741935484,5,105697,58.6582
55037,"Florence County, Wisconsin",55,WI,0,0,0.0,0,4574,0.0
55039,"Fond du Lac County, Wisconsin",55,WI,17,5,2007.6470588235295,0,104027,16.3419
55041,"Forest County, Wisconsin",55,WI,0,0,0.0,0,9239,0.0
55043,"Grant County, Wisconsin",55,WI,12,5,2013.5833333333333,3,51842,23.1473
55045,"Green County, Wisconsin",55,WI,8,3,2008.125,0,37066,21.5831
55047,"Green Lake County, Wisconsin",55,WI,1,1,2008.0,0,19093,5.2375
55049,"Iowa County, Wisconsin",55,WI,12,2,2013.25,0,23766,50.4923
55051,"Iron County, Wisconsin",55,WI,0,0,0.0,0,6136,0.0
55053,"Jackson County, Wisconsin",55,WI,1,1,2005.0,0,20958,4.7714
55055,"Jefferson County, Wisconsin",55,WI,8,2,2008.875,0,85932,9.3097
55057,"Juneau County, Wisconsin",55,WI,5,3,2015.4,2,26695,18.7301
55059,"Kenosha County, Wisconsin",55,WI,36,6,2009.861111111111,1,168693,21.3405
55061,"Kewaunee County, Wisconsin",55,WI,0,0,0.0,0,20570,0.0
55063,"La Crosse County, Wisconsin",55,WI,69,6,2009.623188405797,2,120216,57.3967
55065,"Lafayette County, Wisconsin",55,WI,1,1,2020.0,0,16716,5.9823
55067,"Langlade County, Wisconsin",55,WI,2,1,2007.0,0,19512,10.2501
55069,"Lincoln County, Wisconsin",55,WI,2,1,2021.0,1,28402,7.0418
55071,"Manitowoc County, Wisconsin",55,WI,15,2,2008.5333333333333,0,81242,18.4634
55073,"Marathon County, Wisconsin",55,WI,19,6,2008.6315789473683,2,137820,13.7861
55075,"Marinette County, Wisconsin",55,WI,10,2,2010.2,1,41827,23.908
55077,"Marquette County, Wisconsin",55,WI,2,1,2013.5,0,15619,12.8049
55078,"Menominee County, Wisconsin",55,WI,0,0,0.0,0,4279,0.0
55079,"Milwaukee County, Wisconsin",55,WI,373,10,2010.6756032171581,21,933063,39.9759
55081,"Monroe County, Wisconsin",55,WI,7,4,2014.0,1,46208,15.1489
55083,"Oconto County, Wisconsin",55,WI,4,1,2008.0,0,39048,10.2438
55085,"Oneida County, Wisconsin",55,WI,18,4,2008.3333333333333,1,37799,47.6203
55087,"Outagamie County, Wisconsin",55,WI,31,7,2011.8709677419354,2,190611,16.2635
55089,"Ozaukee County, Wisconsin",55,WI,9,4,2010.888888888889,0,91745,9.8098
55091,"Pepin County, Wisconsin",55,WI,0,0,0.0,0,7363,0.0
55093,"Pierce County, Wisconsin",55,WI,4,4,2010.5,1,42187,9.4816
55095,"Polk County, Wisconsin",55,WI,4,3,2005.75,0,45128,8.8637
55097,"Portage County, Wisconsin",55,WI,7,2,2009.7142857142858,1,70281,9.96
55099,"Price County, Wisconsin",55,WI,1,1,2023.0,1,14066,7.1093
55101,"Racine County, Wisconsin",55,WI,29,6,2009.0689655172414,2,197068,14.7157
55103,"Richland County, Wisconsin",55,WI,7,4,2015.2857142857142,2,17256,40.5656
55105,"Rock County, Wisconsin",55,WI,29,5,2008.6206896551723,2,163817,17.7027
55107,"Rusk County, Wisconsin",55,WI,1,1,2006.0,0,14179,7.0527
55109,"St. Croix County, Wisconsin",55,WI,23,4,2009.8695652173913,1,93752,24.5328
55111,"Sauk County, Wisconsin",55,WI,10,3,2016.4,2,65664,15.229
55113,"Sawyer County, Wisconsin",55,WI,0,0,0.0,0,18057,0.0
55115,"Shawano County, Wisconsin",55,WI,3,2,2005.6666666666667,0,40848,7.3443
55117,"Sheboygan County, Wisconsin",55,WI,15,5,2010.6666666666667,2,117741,12.7398
55119,"Taylor County, Wisconsin",55,WI,4,3,2016.75,2,19979,20.021
55121,"Trempealeau County, Wisconsin",55,WI,2,1,2018.0,1,30679,6.5191
55123,"Vernon County, Wisconsin",55,WI,7,2,2012.142857142857,1,30811,22.7192
55125,"Vilas County, Wisconsin",55,WI,1,1,2006.0,0,23146,4.3204
55127,"Walworth County, Wisconsin",55,WI,11,4,2013.3636363636363,3,105127,10.4635
55129,"Washburn County, Wisconsin",55,WI,3,2,2007.6666666666667,0,16685,17.9802
55131,"Washington County, Wisconsin",55,WI,27,5,2010.5185185185185,1,136842,19.7308
55133,"Waukesha County, Wisconsin",55,WI,99,8,2009.4747474747476,4,407290,24.307
55135,"Waupaca County, Wisconsin",55,WI,8,3,2016.125,1,51822,15.4375
55137,"Waushara County, Wisconsin",55,WI,2,2,2007.0,0,24672,8.1064
55139,"Winnebago County, Wisconsin",55,WI,33,4,2010.6060606060605,3,171197,19.276
55141,"Wood County, Wisconsin",55,WI,28,7,2011.8214285714287,1,74138,37.7674
56001,"Albany County, Wyoming",56,WY,14,5,2010.7142857142858,1,37525,37.3085
56003,"Big Horn County, Wyoming",56,WY,0,0,0.0,0,11690,0.0
56005,"Campbell County, Wyoming",56,WY,17,5,2009.4705882352941,1,46857,36.2806
56007,"Carbon County, Wyoming",56,WY,2,2,2007.5,0,14609,13.6902
56009,"Converse County, Wyoming",56,WY,4,2,2009.25,0,13729,29.1354
56011,"Crook County, Wyoming",56,WY,0,0,0.0,0,7258,0.0
56013,"Fremont County, Wyoming",56,WY,16,5,2009.25,0,39402,40.6071
56015,"Goshen County, Wyoming",56,WY,0,0,0.0,0,12592,0.0
56017,"Hot Springs County, Wyoming",56,WY,1,1,2016.0,0,4616,21.6638
56019,"Johnson County, Wyoming",56,WY,1,1,2006.0,0,8536,11.7151
56021,"Laramie County, Wyoming",56,WY,21,5,2010.1904761904761,2,100316,20.9338
56023,"Lincoln County, Wyoming",56,WY,1,1,2006.0,0,19794,5.052
56025,"Natrona County, Wyoming",56,WY,23,6,2010.6521739130435,1,79506,28.9286
56027,"Niobrara County, Wyoming",56,WY,0,0,0.0,0,2460,0.0
56029,"Park County, Wyoming",56,WY,12,5,2010.1666666666667,1,29878,40.1633
56031,"Platte County, Wyoming",56,WY,2,2,2012.0,0,8618,23.2072
56033,"Sheridan County, Wyoming",56,WY,11,5,2009.8181818181818,0,31176,35.2836
56035,"Sublette County, Wyoming",56,WY,1,1,2021.0,0,8801,11.3623
56037,"Sweetwater County, Wyoming",56,WY,8,2,2007.875,0,42079,19.0119
56039,"Teton County, Wyoming",56,WY,15,4,2008.4666666666667,0,23346,64.2508
56041,"Uinta County, Wyoming",56,WY,0,0,0.0,0,20546,0.0
56043,"Washakie County, Wyoming",56,WY,1,1,2009.0,0,7725,12.945
56045,"Weston County, Wyoming",56,WY,0,0,0.0,0,6870,0.0
