practice_state,zip5,provider_count,unique_taxonomies,avg_provider_enum_year,recent_provider_growth
AA,34009,1,1,2007.0,0.0
AA,92310,1,1,2020.0,0.0
AE,9042,3,1,2005.0,0.0
AE,9094,2,2,2008.0,0.0
AE,9126,1,1,2005.0,0.0
AE,9180,18,4,2011.888888888889,1.0
AE,9461,10,5,2016.2,0.0
AE,9464,1,1,2013.0,0.0
AE,9470,1,1,2005.0,0.0
AE,9532,1,1,2006.0,0.0
AE,9589,1,1,2008.0,0.0
AE,9604,1,1,2006.0,0.0
AE,9618,1,1,2017.0,0.0
AE,9630,2,2,2005.5,0.0
AE,9645,3,2,2010.6666666666667,0.0
AE,9974,1,1,2006.0,0.0
AK,99501,7,4,2011.7142857142858,1.0
AK,99504,1,1,2012.0,0.0
AK,99505,1,1,2024.0,1.0
AK,99506,14,3,2013.4285714285713,1.0
AK,99507,5,2,2012.6,1.0
AK,99508,149,8,2010.7046979865772,7.0
AK,99515,1,1,2025.0,1.0
AK,99516,1,1,2025.0,1.0
AK,99518,1,1,2007.0,0.0
AK,99559,4,2,2007.0,0.0
AK,99567,1,1,2006.0,0.0
AK,99577,2,2,2008.0,0.0
AK,99603,9,3,2012.888888888889,0.0
AK,99611,3,1,2015.3333333333333,0.0
AK,99615,3,2,2017.6666666666667,0.0
AK,99623,3,2,2014.6666666666667,0.0
AK,99645,13,4,2011.6153846153845,0.0
AK,99654,42,6,2013.7857142857142,5.0
AK,99669,15,3,2009.9333333333334,1.0
AK,99687,1,1,2007.0,0.0
AK,99701,40,5,2010.625,2.0
AK,99703,8,3,2010.375,0.0
AK,99709,8,4,2015.0,1.0
AK,99737,1,1,2010.0,0.0
AK,99752,5,2,2007.2,0.0
AK,99762,1,1,2019.0,0.0
AK,99801,20,5,2009.6,0.0
AK,99835,3,3,2012.0,0.0
AK,99901,10,4,2007.2,0.0
AL,35007,14,4,2010.5,1.0
AL,35010,7,2,2007.5714285714287,0.0
AL,35022,6,2,2013.5,1.0
AL,35042,1,1,2006.0,0.0
AL,35043,2,1,2024.5,2.0
AL,35045,3,3,2011.3333333333333,0.0
AL,35055,1,1,2022.0,0.0
AL,35057,2,1,2020.0,0.0
AL,35058,7,1,2007.7142857142858,0.0
AL,35071,2,2,2021.5,0.0
AL,35096,2,2,2015.0,1.0
AL,35115,1,1,2023.0,0.0
AL,35117,2,1,2016.0,0.0
AL,35124,1,1,2016.0,0.0
AL,35150,3,1,2007.6666666666667,0.0
AL,35160,6,2,2006.3333333333333,0.0
AL,35203,2,1,2019.0,0.0
AL,35205,55,5,2007.1272727272728,0.0
AL,35206,2,1,2021.0,0.0
AL,35207,1,1,2022.0,0.0
AL,35209,70,9,2010.0,1.0
AL,35211,13,5,2010.2307692307693,0.0
AL,35213,3,2,2006.0,0.0
AL,35214,1,1,2022.0,0.0
AL,35215,1,1,2025.0,1.0
AL,35216,4,2,2010.0,0.0
AL,35218,3,1,2008.3333333333333,0.0
AL,35223,3,1,2006.3333333333333,0.0
AL,35226,3,3,2017.3333333333333,1.0
AL,35228,2,1,2013.0,0.0
AL,35233,83,9,2012.120481927711,2.0
AL,35235,13,3,2008.923076923077,0.0
AL,35242,9,4,2012.6666666666667,0.0
AL,35243,28,3,2012.142857142857,1.0
AL,35244,3,1,2006.3333333333333,0.0
AL,35249,24,6,2012.2916666666667,0.0
AL,35294,2,2,2018.5,0.0
AL,35401,18,4,2012.0,1.0
AL,35404,3,1,2011.6666666666667,0.0
AL,35406,2,1,2006.0,0.0
AL,35476,1,1,2023.0,0.0
AL,35501,5,2,2011.2,0.0
AL,35504,4,2,2012.25,1.0
AL,35570,1,1,2008.0,0.0
AL,35594,3,1,2006.0,0.0
AL,35601,25,5,2010.12,0.0
AL,35602,1,1,2010.0,0.0
AL,35611,13,5,2009.6153846153845,0.0
AL,35613,2,1,2015.5,0.0
AL,35630,18,4,2008.888888888889,0.0
AL,35650,1,1,2007.0,0.0
AL,35653,4,2,2006.0,0.0
AL,35660,13,3,2010.7692307692307,2.0
AL,35661,2,2,2012.5,0.0
AL,35674,1,1,2007.0,0.0
AL,35749,2,2,2020.5,0.0
AL,35758,22,5,2013.1363636363637,3.0
AL,35759,1,1,2021.0,0.0
AL,35768,4,1,2006.25,0.0
AL,35801,91,11,2011.2087912087911,9.0
AL,35802,9,3,2013.888888888889,1.0
AL,35803,1,1,2009.0,0.0
AL,35805,1,1,2006.0,0.0
AL,35806,1,1,2006.0,0.0
AL,35810,1,1,2017.0,0.0
AL,35811,1,1,2020.0,0.0
AL,35901,5,2,2008.2,0.0
AL,35903,9,3,2008.4444444444443,0.0
AL,35950,1,1,2006.0,0.0
AL,35951,1,1,2010.0,0.0
AL,35957,7,2,2009.5714285714287,0.0
AL,35967,2,2,2006.0,0.0
AL,35968,4,1,2007.25,0.0
AL,35976,6,3,2012.3333333333333,0.0
AL,35986,1,1,2009.0,0.0
AL,36027,1,1,2010.0,0.0
AL,36037,3,2,2009.6666666666667,0.0
AL,36049,2,1,2010.5,0.0
AL,36054,1,1,2025.0,1.0
AL,36066,3,2,2022.3333333333333,2.0
AL,36078,1,1,2017.0,0.0
AL,36081,5,2,2010.6,0.0
AL,36083,1,1,2017.0,0.0
AL,36092,2,2,2011.5,0.0
AL,36104,3,2,2011.0,0.0
AL,36106,9,3,2008.888888888889,0.0
AL,36108,2,2,2008.0,0.0
AL,36112,5,2,2012.4,0.0
AL,36116,9,3,2011.2222222222222,1.0
AL,36117,36,6,2009.4444444444443,4.0
AL,36205,2,1,2009.0,0.0
AL,36207,11,3,2010.8181818181818,1.0
AL,36250,1,1,2025.0,1.0
AL,36251,1,1,2021.0,0.0
AL,36278,1,1,2021.0,0.0
AL,36301,25,6,2007.76,1.0
AL,36303,15,3,2009.8666666666666,1.0
AL,36305,10,3,2007.3,0.0
AL,36330,6,3,2008.1666666666667,0.0
AL,36360,2,2,2008.5,0.0
AL,36362,3,1,2005.6666666666667,0.0
AL,36420,6,1,2007.5,0.0
AL,36421,1,1,2008.0,0.0
AL,36426,3,1,2006.0,0.0
AL,36460,1,1,2017.0,0.0
AL,36467,1,1,2012.0,0.0
AL,36507,7,3,2008.0,0.0
AL,36526,1,1,2008.0,0.0
AL,36527,1,1,2010.0,0.0
AL,36532,28,5,2009.25,1.0
AL,36535,16,5,2011.75,2.0
AL,36542,7,4,2020.0,4.0
AL,36567,1,1,2010.0,0.0
AL,36602,1,1,2009.0,0.0
AL,36604,49,8,2012.3877551020407,5.0
AL,36606,3,2,2020.3333333333333,2.0
AL,36607,22,6,2008.9545454545455,2.0
AL,36608,33,5,2009.3939393939395,1.0
AL,36609,3,2,2012.3333333333333,1.0
AL,36610,1,1,2006.0,0.0
AL,36612,1,1,2008.0,0.0
AL,36617,8,2,2021.375,5.0
AL,36688,2,1,2010.0,0.0
AL,36693,1,1,2012.0,0.0
AL,36695,3,1,2007.3333333333333,0.0
AL,36701,8,1,2010.625,0.0
AL,36801,14,5,2009.0,0.0
AL,36804,1,1,2026.0,1.0
AL,36830,14,4,2012.4285714285713,1.0
AL,36854,3,3,2008.6666666666667,0.0
AL,36867,4,2,2008.5,0.0
AL,91731,1,1,2007.0,0.0
AP,96205,3,2,2006.0,0.0
AP,96271,1,1,2021.0,0.0
AP,96278,1,1,2010.0,0.0
AP,96297,1,1,2009.0,0.0
AP,96319,4,2,2013.5,0.0
AP,96328,4,2,2013.25,0.0
AP,96350,5,2,2013.0,0.0
AP,96362,9,4,2012.0,0.0
AP,96367,2,2,2006.0,0.0
AP,96368,1,1,2012.0,0.0
AP,96370,1,1,2020.0,0.0
AP,96521,1,1,2010.0,0.0
AP,96538,1,1,2006.0,0.0
AP,96540,1,1,2020.0,0.0
AP,96543,1,1,2015.0,0.0
APO AE,9180,1,1,2006.0,0.0
AR,71602,1,1,2020.0,0.0
AR,71603,15,4,2009.2666666666667,0.0
AR,71635,5,1,2005.4,0.0
AR,71653,1,1,2006.0,0.0
AR,71655,3,2,2006.3333333333333,0.0
AR,71671,1,1,2010.0,0.0
AR,71701,2,1,2006.0,0.0
AR,71730,5,2,2009.2,0.0
AR,71753,3,3,2010.6666666666667,0.0
AR,71801,2,2,2006.5,0.0
AR,71822,1,1,2006.0,0.0
AR,71832,2,2,2006.5,0.0
AR,71842,1,1,2023.0,0.0
AR,71845,1,1,2011.0,0.0
AR,71854,2,1,2009.0,0.0
AR,71901,3,2,2007.3333333333333,0.0
AR,71903,1,1,2006.0,0.0
AR,71913,15,4,2009.4,2.0
AR,71923,7,2,2007.4285714285713,0.0
AR,71953,3,2,2012.3333333333333,1.0
AR,71957,1,1,2012.0,0.0
AR,71958,1,1,2006.0,0.0
AR,72015,8,4,2008.375,0.0
AR,72022,4,2,2010.5,0.0
AR,72023,2,2,2007.5,0.0
AR,72031,1,1,2013.0,0.0
AR,72032,11,4,2013.3636363636363,0.0
AR,72034,19,4,2010.7894736842106,1.0
AR,72058,1,1,2019.0,0.0
AR,72063,1,1,2013.0,0.0
AR,72076,3,2,2009.6666666666667,0.0
AR,72086,1,1,2006.0,0.0
AR,72099,2,1,2011.0,0.0
AR,72104,2,1,2009.5,0.0
AR,72112,5,1,2009.2,0.0
AR,72114,3,3,2008.6666666666667,0.0
AR,72116,2,1,2014.0,0.0
AR,72117,13,2,2011.076923076923,0.0
AR,72120,3,2,2010.6666666666667,0.0
AR,72143,9,3,2009.5555555555557,0.0
AR,72150,1,1,2020.0,0.0
AR,72160,3,1,2013.3333333333333,0.0
AR,72202,3,2,2011.6666666666667,0.0
AR,72204,8,3,2008.375,0.0
AR,72205,140,11,2010.0857142857142,7.0
AR,72206,1,1,2012.0,0.0
AR,72207,3,3,2011.6666666666667,0.0
AR,72211,2,2,2006.5,0.0
AR,72212,1,1,2015.0,0.0
AR,72223,6,3,2007.3333333333333,0.0
AR,72301,5,1,2008.0,0.0
AR,72315,3,3,2008.6666666666667,0.0
AR,72326,1,1,2016.0,0.0
AR,72335,2,1,2007.5,0.0
AR,72336,1,1,2007.0,0.0
AR,72342,2,2,2007.0,0.0
AR,72360,1,1,2008.0,0.0
AR,72390,1,1,2006.0,0.0
AR,72396,1,1,2006.0,0.0
AR,72401,24,5,2009.1666666666667,1.0
AR,72404,1,1,2013.0,0.0
AR,72432,1,1,2006.0,0.0
AR,72450,7,2,2006.5714285714287,0.0
AR,72501,11,3,2009.7272727272727,0.0
AR,72521,1,1,2017.0,0.0
AR,72543,1,1,2025.0,1.0
AR,72601,10,6,2009.2,0.0
AR,72616,3,2,2006.6666666666667,0.0
AR,72632,1,1,2008.0,0.0
AR,72653,10,4,2012.0,0.0
AR,72701,11,3,2012.5454545454545,1.0
AR,72703,33,7,2007.969696969697,0.0
AR,72704,5,3,2019.8,1.0
AR,72712,15,4,2012.6,3.0
AR,72718,1,1,2007.0,0.0
AR,72736,1,1,2017.0,0.0
AR,72740,1,1,2007.0,0.0
AR,72741,5,3,2010.6,0.0
AR,72756,9,3,2014.7777777777778,0.0
AR,72758,33,6,2011.1515151515152,1.0
AR,72761,6,4,2009.6666666666667,0.0
AR,72762,15,4,2008.2,0.0
AR,72764,5,3,2011.8,0.0
AR,72801,12,3,2007.8333333333333,0.0
AR,72802,2,2,2006.5,0.0
AR,72830,3,1,2011.0,0.0
AR,72901,10,4,2015.2,4.0
AR,72903,28,6,2009.6785714285713,1.0
AR,72904,1,1,2020.0,0.0
AR,72923,1,1,2009.0,0.0
AR,72946,1,1,2007.0,0.0
AS,94565,1,1,2023.0,1.0
AS,96799,15,2,2019.0,6.0
AS- AMERICAN SAMOA,96799,1,1,2019.0,0.0
AZ,85003,5,3,2014.0,0.0
AZ,85004,13,5,2009.6923076923076,1.0
AZ,85006,52,7,2014.173076923077,5.0
AZ,85007,1,1,2005.0,0.0
AZ,85008,41,8,2009.8536585365853,0.0
AZ,85009,1,1,2007.0,0.0
AZ,85012,19,4,2011.2105263157894,1.0
AZ,85013,76,7,2009.7236842105262,1.0
AZ,85014,18,5,2009.7777777777778,0.0
AZ,85015,8,4,2014.25,2.0
AZ,85016,70,9,2010.2,2.0
AZ,85017,2,2,2008.0,0.0
AZ,85018,8,4,2011.875,0.0
AZ,85019,8,2,2011.0,1.0
AZ,85020,5,4,2009.4,0.0
AZ,85021,5,4,2007.4,0.0
AZ,85022,2,2,2014.0,0.0
AZ,85024,1,1,2016.0,0.0
AZ,85027,10,4,2010.2,0.0
AZ,85028,16,4,2012.625,2.0
AZ,85029,4,2,2016.25,1.0
AZ,85031,6,3,2007.5,0.0
AZ,85032,18,5,2007.888888888889,1.0
AZ,85033,11,3,2015.7272727272727,5.0
AZ,85034,1,1,2015.0,0.0
AZ,85035,2,2,2013.0,0.0
AZ,85037,59,7,2011.542372881356,4.0
AZ,85041,4,3,2014.25,1.0
AZ,85042,19,5,2012.3684210526317,3.0
AZ,85044,4,2,2008.75,0.0
AZ,85048,18,4,2010.1666666666667,1.0
AZ,85050,2,1,2012.0,0.0
AZ,85051,3,3,2013.6666666666667,0.0
AZ,85053,3,2,2011.3333333333333,0.0
AZ,85054,12,5,2007.3333333333333,0.0
AZ,85083,1,1,2019.0,0.0
AZ,85085,5,3,2017.2,1.0
AZ,85086,2,2,2020.5,1.0
AZ,85122,19,5,2013.2631578947369,2.0
AZ,85128,1,1,2018.0,0.0
AZ,85138,1,1,2014.0,0.0
AZ,85139,3,1,2012.0,0.0
AZ,85140,13,3,2017.8461538461538,5.0
AZ,85142,8,4,2016.875,3.0
AZ,85143,6,2,2012.1666666666667,1.0
AZ,85144,1,1,2015.0,0.0
AZ,85147,8,2,2010.375,0.0
AZ,85201,9,3,2012.4444444444443,1.0
AZ,85202,21,7,2008.6666666666667,1.0
AZ,85203,8,4,2015.0,0.0
AZ,85204,13,5,2012.6153846153845,1.0
AZ,85205,2,2,2009.0,0.0
AZ,85206,41,9,2010.439024390244,4.0
AZ,85209,10,2,2015.0,1.0
AZ,85210,16,5,2014.6875,1.0
AZ,85212,2,1,2021.5,0.0
AZ,85213,1,1,2008.0,0.0
AZ,85215,10,6,2011.7,0.0
AZ,85219,1,1,2008.0,0.0
AZ,85222,4,1,2005.0,0.0
AZ,85224,71,7,2012.0,3.0
AZ,85225,13,4,2010.6153846153845,1.0
AZ,85226,1,1,2019.0,0.0
AZ,85233,3,2,2006.3333333333333,0.0
AZ,85234,33,5,2011.7878787878788,2.0
AZ,85242,3,3,2007.6666666666667,0.0
AZ,85247,1,1,2005.0,0.0
AZ,85250,5,1,2008.6,0.0
AZ,85251,16,5,2008.75,1.0
AZ,85253,2,2,2009.5,0.0
AZ,85254,14,6,2013.142857142857,2.0
AZ,85255,9,4,2007.888888888889,0.0
AZ,85257,2,2,2025.0,2.0
AZ,85258,71,10,2010.5352112676057,3.0
AZ,85259,15,3,2012.8,0.0
AZ,85260,34,5,2009.5,0.0
AZ,85266,1,1,2005.0,0.0
AZ,85281,11,3,2011.1818181818182,1.0
AZ,85282,13,4,2008.3076923076924,0.0
AZ,85283,23,4,2009.695652173913,1.0
AZ,85284,4,4,2010.0,0.0
AZ,85286,3,3,2016.3333333333333,1.0
AZ,85295,21,5,2010.7142857142858,1.0
AZ,85296,9,4,2017.7777777777778,3.0
AZ,85297,43,6,2011.7209302325582,3.0
AZ,85298,2,2,2015.0,1.0
AZ,85301,2,1,2020.5,1.0
AZ,85302,4,4,2014.5,0.0
AZ,85303,1,1,2024.0,1.0
AZ,85304,16,5,2008.4375,1.0
AZ,85306,42,5,2008.2857142857142,0.0
AZ,85307,1,1,2009.0,0.0
AZ,85308,43,6,2010.6511627906978,4.0
AZ,85309,1,1,2010.0,0.0
AZ,85324,1,1,2008.0,0.0
AZ,85336,2,2,2006.5,0.0
AZ,85338,11,3,2015.2727272727273,1.0
AZ,85340,8,5,2008.875,0.0
AZ,85344,1,1,2010.0,0.0
AZ,85349,3,1,2008.0,0.0
AZ,85350,2,2,2006.5,0.0
AZ,85351,2,2,2015.5,1.0
AZ,85353,4,1,2019.5,2.0
AZ,85364,38,5,2009.6052631578948,1.0
AZ,85365,3,3,2021.0,2.0
AZ,85373,1,1,2009.0,0.0
AZ,85374,22,4,2011.9545454545455,2.0
AZ,85375,7,4,2012.142857142857,0.0
AZ,85377,2,1,2010.5,0.0
AZ,85378,2,1,2014.0,0.0
AZ,85381,12,5,2011.6666666666667,1.0
AZ,85382,5,3,2017.0,2.0
AZ,85383,2,2,2015.5,1.0
AZ,85387,1,1,2024.0,1.0
AZ,85392,6,1,2008.1666666666667,0.0
AZ,85395,7,3,2014.0,0.0
AZ,85396,3,1,2022.0,2.0
AZ,85501,5,2,2007.8,0.0
AZ,85541,5,2,2012.2,1.0
AZ,85546,6,3,2011.6666666666667,0.0
AZ,85602,1,1,2008.0,0.0
AZ,85603,1,1,2013.0,0.0
AZ,85607,2,2,2006.5,0.0
AZ,85611,1,1,2006.0,0.0
AZ,85613,1,1,2021.0,0.0
AZ,85614,2,2,2014.0,0.0
AZ,85621,7,3,2012.4285714285713,1.0
AZ,85622,1,1,2008.0,0.0
AZ,85629,1,1,2007.0,0.0
AZ,85635,22,4,2012.1818181818182,2.0
AZ,85641,1,1,2011.0,0.0
AZ,85643,1,1,2017.0,0.0
AZ,85650,1,1,2012.0,0.0
AZ,85658,1,1,2010.0,0.0
AZ,85701,5,3,2006.6,0.0
AZ,85704,28,7,2010.6785714285713,2.0
AZ,85705,2,1,2014.5,0.0
AZ,85707,5,2,2005.6,0.0
AZ,85710,16,5,2008.1875,0.0
AZ,85711,9,4,2010.2222222222222,0.0
AZ,85712,90,7,2008.4555555555555,2.0
AZ,85713,4,3,2009.75,0.0
AZ,85714,8,3,2011.125,0.0
AZ,85715,2,2,2006.0,0.0
AZ,85716,7,2,2016.7142857142858,1.0
AZ,85718,7,4,2010.4285714285713,0.0
AZ,85719,14,6,2016.857142857143,3.0
AZ,85721,2,2,2006.5,0.0
AZ,85723,1,1,2006.0,0.0
AZ,85724,38,6,2013.4736842105262,7.0
AZ,85730,5,2,2013.6,0.0
AZ,85739,1,1,2011.0,0.0
AZ,85741,25,4,2008.88,1.0
AZ,85743,1,1,2015.0,0.0
AZ,85745,24,3,2011.75,1.0
AZ,85746,1,1,2005.0,0.0
AZ,85747,8,3,2016.625,2.0
AZ,85748,1,1,2014.0,0.0
AZ,85749,1,1,2018.0,0.0
AZ,85750,3,2,2010.6666666666667,0.0
AZ,85755,3,3,2008.3333333333333,0.0
AZ,85756,1,1,2006.0,0.0
AZ,85901,10,5,2010.7,0.0
AZ,85929,5,3,2006.4,0.0
AZ,85935,2,1,2006.5,0.0
AZ,85937,3,2,2013.3333333333333,1.0
AZ,85941,1,1,2024.0,1.0
AZ,86001,34,5,2009.8529411764705,1.0
AZ,86004,18,4,2011.2777777777778,2.0
AZ,86005,2,1,2024.5,2.0
AZ,86033,1,1,2005.0,0.0
AZ,86040,1,1,2006.0,0.0
AZ,86042,1,1,2005.0,0.0
AZ,86045,17,3,2010.5294117647059,0.0
AZ,86047,2,1,2007.0,0.0
AZ,86301,13,4,2008.6923076923076,0.0
AZ,86305,9,5,2008.2222222222222,1.0
AZ,86314,5,3,2014.0,0.0
AZ,86315,1,1,2020.0,0.0
AZ,86323,1,1,2011.0,0.0
AZ,86325,1,1,2009.0,0.0
AZ,86326,9,6,2014.3333333333333,1.0
AZ,86327,1,1,2020.0,0.0
AZ,86336,2,2,2018.5,0.0
AZ,86351,1,1,2006.0,0.0
AZ,86401,4,2,2006.0,0.0
AZ,86403,9,5,2009.4444444444443,0.0
AZ,86409,3,3,2013.0,0.0
AZ,86426,2,1,2010.5,0.0
AZ,86442,6,4,2007.0,0.0
AZ,86503,15,3,2010.7333333333333,2.0
AZ,86504,29,2,2010.0,1.0
AZ,86510,1,1,2006.0,0.0
BAJA CALIFORNIA,22127,1,1,2023.0,0.0
BAJA CALIFORNIA,22240,1,1,2007.0,0.0
BAVARIA,9244,1,1,2006.0,0.0
BEIRUT,11072,1,1,2019.0,0.0
CA,90001,1,1,2006.0,0.0
CA,90002,4,2,2013.5,1.0
CA,90003,2,2,2014.0,0.0
CA,90004,8,5,2010.75,0.0
CA,90005,6,2,2008.1666666666667,0.0
CA,90006,18,4,2006.5,0.0
CA,90007,32,4,2013.21875,1.0
CA,90009,1,1,2016.0,0.0
CA,90010,2,2,2006.0,0.0
CA,90011,3,2,2012.6666666666667,0.0
CA,90012,7,1,2010.4285714285713,1.0
CA,90013,1,1,2006.0,0.0
CA,90014,1,1,2019.0,0.0
CA,90015,48,9,2010.2916666666667,1.0
CA,90016,1,1,2024.0,1.0
CA,90017,28,5,2009.25,0.0
CA,90018,2,2,2013.5,0.0
CA,90019,3,3,2008.6666666666667,0.0
CA,90020,1,1,2009.0,0.0
CA,90021,1,1,2023.0,0.0
CA,90022,26,2,2012.0,0.0
CA,90023,1,1,2007.0,0.0
CA,90024,15,4,2011.0666666666666,2.0
CA,90025,31,7,2010.225806451613,0.0
CA,90026,6,4,2010.1666666666667,0.0
CA,90027,72,10,2009.513888888889,0.0
CA,90028,3,2,2019.0,1.0
CA,90029,11,5,2012.6363636363637,0.0
CA,90033,105,9,2011.9238095238095,2.0
CA,90034,27,4,2007.2962962962963,0.0
CA,90035,10,4,2011.6,1.0
CA,90036,10,3,2010.8,1.0
CA,90037,6,3,2010.1666666666667,0.0
CA,90039,2,2,2013.5,0.0
CA,90040,2,2,2009.5,0.0
CA,90041,1,1,2007.0,0.0
CA,90042,4,2,2017.25,1.0
CA,90043,2,1,2014.5,0.0
CA,90044,6,2,2007.5,0.0
CA,90045,8,3,2010.375,0.0
CA,90046,6,3,2014.3333333333333,0.0
CA,90048,103,8,2012.3398058252428,4.0
CA,90049,3,2,2010.3333333333333,0.0
CA,90051,1,1,2005.0,0.0
CA,90057,20,5,2010.45,1.0
CA,90059,8,3,2010.75,0.0
CA,90062,1,1,2008.0,0.0
CA,90063,2,1,2006.0,0.0
CA,90064,6,3,2009.1666666666667,0.0
CA,90065,3,1,2010.0,0.0
CA,90066,10,5,2008.8,0.0
CA,90067,11,4,2009.6363636363637,0.0
CA,90068,1,1,2014.0,0.0
CA,90069,10,3,2011.0,1.0
CA,90071,6,3,2012.6666666666667,0.0
CA,90073,1,1,2015.0,0.0
CA,90074,1,1,2016.0,0.0
CA,90077,1,1,2014.0,0.0
CA,90089,21,5,2014.047619047619,0.0
CA,90094,4,2,2018.0,1.0
CA,90095,95,10,2010.4526315789474,3.0
CA,90201,5,1,2010.4,0.0
CA,90210,45,5,2012.8666666666666,4.0
CA,90211,35,8,2010.2857142857142,1.0
CA,90212,19,4,2013.0,2.0
CA,90220,1,1,2006.0,0.0
CA,90221,3,2,2017.3333333333333,1.0
CA,90230,2,2,2013.5,0.0
CA,90232,6,3,2012.8333333333333,0.0
CA,90240,12,2,2008.8333333333333,0.0
CA,90241,13,2,2009.5384615384614,0.0
CA,90242,14,3,2011.7857142857142,1.0
CA,90245,4,3,2009.0,0.0
CA,90247,6,4,2010.1666666666667,0.0
CA,90248,2,2,2005.5,0.0
CA,90249,1,1,2017.0,0.0
CA,90250,9,3,2011.3333333333333,1.0
CA,90254,2,2,2011.5,0.0
CA,90255,21,4,2009.2857142857142,0.0
CA,90260,2,2,2024.0,2.0
CA,90262,25,6,2007.96,1.0
CA,90265,1,1,2025.0,1.0
CA,90266,9,5,2011.0,1.0
CA,90270,6,3,2009.0,1.0
CA,90272,3,2,2010.6666666666667,0.0
CA,90274,9,3,2012.0,1.0
CA,90275,3,2,2012.0,0.0
CA,90277,18,5,2008.611111111111,0.0
CA,90278,5,4,2021.0,1.0
CA,90280,9,2,2010.5555555555557,1.0
CA,90290,1,1,2010.0,0.0
CA,90291,3,2,2009.0,0.0
CA,90292,12,3,2013.5833333333333,2.0
CA,90301,17,6,2009.0588235294117,0.0
CA,90305,5,2,2009.4,0.0
CA,90401,18,4,2009.0,0.0
CA,90403,7,3,2009.2857142857142,0.0
CA,90404,81,11,2010.148148148148,2.0
CA,90405,2,2,2014.5,0.0
CA,90501,2,2,2021.5,0.0
CA,90502,37,8,2008.5135135135135,0.0
CA,90503,59,8,2011.0338983050847,4.0
CA,90505,55,7,2008.8181818181818,0.0
CA,90506,1,1,2007.0,0.0
CA,90509,2,2,2007.0,0.0
CA,90601,4,3,2007.5,0.0
CA,90602,17,6,2009.3529411764705,0.0
CA,90603,3,2,2016.6666666666667,1.0
CA,90604,1,1,2023.0,1.0
CA,90605,12,4,2007.5,0.0
CA,90621,1,1,2017.0,0.0
CA,90623,3,3,2006.3333333333333,0.0
CA,90630,2,1,2009.0,0.0
CA,90631,3,2,2013.0,0.0
CA,90638,2,2,2017.0,0.0
CA,90640,12,2,2009.4166666666667,0.0
CA,90650,10,4,2011.4,1.0
CA,90660,3,3,2011.3333333333333,0.0
CA,90701,1,1,2006.0,0.0
CA,90703,4,3,2009.75,0.0
CA,90706,57,6,2007.122807017544,1.0
CA,90710,40,5,2007.95,0.0
CA,90712,2,1,2006.0,0.0
CA,90713,1,1,2025.0,1.0
CA,90717,1,1,2025.0,1.0
CA,90720,35,5,2008.7428571428572,0.0
CA,90723,12,4,2007.25,0.0
CA,90731,5,4,2007.4,0.0
CA,90732,7,3,2008.0,0.0
CA,90740,1,1,2006.0,0.0
CA,90744,1,1,2006.0,0.0
CA,90745,1,1,2006.0,0.0
CA,90746,1,1,2007.0,0.0
CA,90802,2,2,2010.0,0.0
CA,90803,2,1,2006.0,0.0
CA,90804,9,4,2013.3333333333333,1.0
CA,90805,2,2,2018.5,1.0
CA,90806,57,6,2008.877192982456,3.0
CA,90807,23,5,2012.9565217391305,0.0
CA,90808,19,1,2011.842105263158,0.0
CA,90813,8,5,2012.375,0.0
CA,90814,1,1,2016.0,0.0
CA,90815,4,2,2006.25,0.0
CA,91001,1,1,2016.0,0.0
CA,91006,8,3,2006.625,0.0
CA,91007,14,5,2009.5,1.0
CA,91010,9,3,2009.3333333333333,0.0
CA,91011,1,1,2022.0,0.0
CA,91016,4,2,2016.25,0.0
CA,91020,2,1,2017.5,0.0
CA,91024,4,3,2010.0,0.0
CA,91030,10,5,2012.1,0.0
CA,91101,4,3,2009.25,0.0
CA,91103,1,1,2006.0,0.0
CA,91104,4,4,2011.75,1.0
CA,91105,74,8,2009.8513513513512,0.0
CA,91106,12,4,2008.9166666666667,0.0
CA,91107,2,2,2012.0,0.0
CA,91108,3,1,2013.6666666666667,0.0
CA,91188,2,1,2008.5,0.0
CA,91201,3,3,2006.6666666666667,0.0
CA,91202,2,2,2017.0,1.0
CA,91203,3,3,2006.3333333333333,0.0
CA,91204,11,2,2006.909090909091,0.0
CA,91205,7,4,2012.0,1.0
CA,91206,24,5,2009.1666666666667,0.0
CA,91207,1,1,2011.0,0.0
CA,91208,16,4,2009.9375,0.0
CA,91214,1,1,2020.0,0.0
CA,91301,2,2,2007.5,0.0
CA,91302,3,2,2014.0,1.0
CA,91303,3,2,2009.3333333333333,0.0
CA,91304,1,1,2007.0,0.0
CA,91306,2,1,2016.5,1.0
CA,91307,29,4,2009.4827586206898,0.0
CA,91316,4,3,2008.25,0.0
CA,91320,8,6,2008.625,1.0
CA,91321,8,4,2015.0,1.0
CA,91324,2,2,2006.0,0.0
CA,91325,11,5,2007.7272727272727,0.0
CA,91326,1,1,2014.0,0.0
CA,91330,1,1,2007.0,0.0
CA,91331,4,2,2013.0,1.0
CA,91335,1,1,2020.0,0.0
CA,91340,9,4,2008.2222222222222,0.0
CA,91342,19,5,2009.578947368421,1.0
CA,91343,1,1,2006.0,0.0
CA,91344,3,3,2012.3333333333333,0.0
CA,91345,21,3,2009.047619047619,0.0
CA,91350,1,1,2012.0,0.0
CA,91352,4,2,2008.75,0.0
CA,91354,1,1,2022.0,0.0
CA,91355,30,8,2009.5333333333333,0.0
CA,91356,52,4,2009.0961538461538,0.0
CA,91360,17,4,2007.5294117647059,0.0
CA,91361,30,5,2008.9,0.0
CA,91362,4,3,2011.25,0.0
CA,91364,1,1,2019.0,0.0
CA,91367,32,4,2008.25,0.0
CA,91381,1,1,2007.0,0.0
CA,91401,3,2,2009.6666666666667,0.0
CA,91402,41,6,2007.3658536585365,1.0
CA,91403,7,3,2012.4285714285713,1.0
CA,91405,23,5,2009.8695652173913,1.0
CA,91406,2,2,2008.0,0.0
CA,91411,1,1,2006.0,0.0
CA,91423,4,2,2007.0,0.0
CA,91436,19,3,2009.7894736842106,0.0
CA,91501,2,1,2007.5,0.0
CA,91505,30,6,2010.1,0.0
CA,91506,7,2,2008.0,0.0
CA,91601,1,1,2008.0,0.0
CA,91602,1,1,2023.0,1.0
CA,91604,1,1,2006.0,0.0
CA,91605,4,2,2013.0,0.0
CA,91606,1,1,2020.0,0.0
CA,91607,2,1,2010.5,0.0
CA,91702,1,1,2021.0,0.0
CA,91706,44,4,2007.4545454545455,0.0
CA,91708,1,1,2017.0,0.0
CA,91709,4,3,2013.75,0.0
CA,91710,13,6,2011.4615384615386,0.0
CA,91711,4,3,2013.0,0.0
CA,91723,4,2,2015.0,1.0
CA,91724,1,1,2019.0,0.0
CA,91730,12,5,2010.6666666666667,0.0
CA,91731,12,2,2007.0833333333333,0.0
CA,91732,1,1,2012.0,0.0
CA,91733,3,2,2007.3333333333333,0.0
CA,91737,1,1,2021.0,0.0
CA,91739,1,1,2022.0,0.0
CA,91740,7,2,2008.2857142857142,0.0
CA,91741,3,1,2010.3333333333333,0.0
CA,91744,1,1,2013.0,0.0
CA,91745,5,1,2006.4,0.0
CA,91746,2,1,2011.0,0.0
CA,91748,1,1,2014.0,0.0
CA,91752,1,1,2015.0,0.0
CA,91754,20,4,2009.5,0.0
CA,91755,1,1,2012.0,0.0
CA,91761,1,1,2018.0,0.0
CA,91763,9,4,2011.0,0.0
CA,91764,2,2,2015.5,1.0
CA,91765,7,2,2015.4285714285713,0.0
CA,91767,25,4,2012.76,3.0
CA,91768,4,3,2010.25,0.0
CA,91770,8,4,2014.375,2.0
CA,91773,4,2,2007.0,0.0
CA,91775,1,1,2006.0,0.0
CA,91776,10,3,2009.9,1.0
CA,91780,2,1,2006.0,0.0
CA,91786,24,8,2010.8333333333333,1.0
CA,91787,1,1,2006.0,0.0
CA,91789,1,1,2006.0,0.0
CA,91790,36,8,2007.6944444444443,1.0
CA,91801,12,4,2008.4166666666667,0.0
CA,91803,1,1,2023.0,1.0
CA,91910,14,3,2009.7142857142858,1.0
CA,91911,14,4,2010.9285714285713,2.0
CA,91913,8,2,2011.125,1.0
CA,91914,5,4,2013.2,0.0
CA,91932,2,1,2015.5,1.0
CA,91935,1,1,2013.0,0.0
CA,91941,3,2,2018.0,0.0
CA,91942,30,7,2008.4666666666667,0.0
CA,91950,15,5,2010.0,1.0
CA,92004,1,1,2007.0,0.0
CA,92008,4,3,2011.5,0.0
CA,92009,5,3,2015.8,0.0
CA,92010,1,1,2010.0,0.0
CA,92011,2,1,2009.0,0.0
CA,92014,1,1,2006.0,0.0
CA,92020,7,4,2010.4285714285713,0.0
CA,92021,4,3,2010.25,0.0
CA,92024,53,7,2010.867924528302,3.0
CA,92025,28,5,2007.857142857143,0.0
CA,92026,6,2,2020.0,3.0
CA,92027,1,1,2018.0,0.0
CA,92028,18,4,2011.2222222222222,0.0
CA,92029,3,1,2010.3333333333333,0.0
CA,92037,109,10,2011.4770642201836,6.0
CA,92039,1,1,2019.0,0.0
CA,92054,16,4,2012.0,2.0
CA,92055,15,2,2011.6,0.0
CA,92056,9,3,2012.5555555555557,1.0
CA,92057,3,2,2011.3333333333333,0.0
CA,92058,1,1,2022.0,0.0
CA,92064,14,4,2012.2142857142858,2.0
CA,92065,1,1,2025.0,1.0
CA,92067,3,2,2010.3333333333333,0.0
CA,92069,16,4,2009.75,1.0
CA,92071,3,3,2016.6666666666667,1.0
CA,92075,6,4,2012.1666666666667,1.0
CA,92078,14,3,2009.142857142857,0.0
CA,92081,5,3,2013.6,0.0
CA,92082,2,1,2009.0,0.0
CA,92083,14,4,2010.5,2.0
CA,92084,19,3,2008.421052631579,0.0
CA,92091,1,1,2006.0,0.0
CA,92093,8,4,2008.75,0.0
CA,92101,4,3,2009.25,0.0
CA,92102,7,6,2014.5714285714287,0.0
CA,92103,108,10,2010.287037037037,3.0
CA,92104,2,2,2011.0,0.0
CA,92105,12,4,2010.4166666666667,0.0
CA,92106,3,3,2014.3333333333333,0.0
CA,92108,39,7,2011.5897435897436,4.0
CA,92109,5,3,2015.0,0.0
CA,92110,7,4,2012.857142857143,1.0
CA,92111,10,5,2009.6,0.0
CA,92113,25,6,2011.04,0.0
CA,92114,3,3,2014.3333333333333,0.0
CA,92115,4,2,2008.0,0.0
CA,92116,1,1,2017.0,0.0
CA,92117,4,2,2009.5,0.0
CA,92118,1,1,2006.0,0.0
CA,92119,1,1,2014.0,0.0
CA,92120,84,8,2007.4166666666667,0.0
CA,92121,38,6,2010.342105263158,1.0
CA,92122,1,1,2008.0,0.0
CA,92123,75,10,2010.32,3.0
CA,92124,2,2,2015.5,1.0
CA,92126,6,4,2011.8333333333333,1.0
CA,92127,4,2,2007.75,0.0
CA,92128,16,2,2008.5625,1.0
CA,92129,2,1,2011.5,0.0
CA,92130,28,5,2010.5,1.0
CA,92131,9,1,2007.5555555555557,0.0
CA,92134,45,8,2009.0222222222221,0.0
CA,92154,5,3,2009.4,0.0
CA,92161,2,2,2009.0,0.0
CA,92171,1,1,2014.0,0.0
CA,92173,4,3,2006.0,0.0
CA,92201,8,2,2009.0,0.0
CA,92210,2,1,2007.0,0.0
CA,92211,2,2,2009.5,0.0
CA,92220,3,3,2014.3333333333333,1.0
CA,92223,3,2,2022.0,2.0
CA,92225,2,1,2012.0,0.0
CA,92227,10,3,2012.8,0.0
CA,92231,9,4,2008.0,0.0
CA,92234,3,3,2007.6666666666667,0.0
CA,92236,7,3,2008.7142857142858,0.0
CA,92240,1,1,2006.0,0.0
CA,92243,10,5,2010.0,0.0
CA,92251,3,2,2011.3333333333333,0.0
CA,92252,1,1,2010.0,0.0
CA,92253,11,3,2012.8181818181818,2.0
CA,92254,2,2,2010.0,0.0
CA,92260,2,2,2008.5,0.0
CA,92262,26,8,2008.1923076923076,0.0
CA,92270,23,6,2009.5217391304348,0.0
CA,92277,1,1,2019.0,0.0
CA,92278,5,2,2016.4,1.0
CA,92284,8,5,2008.75,0.0
CA,92305,1,1,2019.0,0.0
CA,92307,33,6,2011.6969696969697,3.0
CA,92308,2,1,2009.5,0.0
CA,92310,2,2,2006.5,0.0
CA,92311,4,2,2006.75,0.0
CA,92313,1,1,2006.0,0.0
CA,92316,2,2,2006.0,0.0
CA,92324,28,5,2009.8214285714287,0.0
CA,92325,1,1,2020.0,0.0
CA,92335,65,7,2009.4,2.0
CA,92336,9,4,2010.111111111111,0.0
CA,92339,1,1,2007.0,0.0
CA,92345,1,1,2006.0,0.0
CA,92346,2,1,2009.5,0.0
CA,92350,6,2,2015.8333333333333,1.0
CA,92352,4,2,2010.25,0.0
CA,92354,65,8,2010.4,1.0
CA,92359,1,1,2025.0,1.0
CA,92373,17,4,2009.0,0.0
CA,92374,2,2,2006.0,0.0
CA,92376,2,1,2013.0,0.0
CA,92392,2,1,2012.0,0.0
CA,92393,1,1,2010.0,0.0
CA,92395,8,4,2011.25,0.0
CA,92399,5,3,2016.0,0.0
CA,92401,1,1,2006.0,0.0
CA,92404,16,3,2008.8125,0.0
CA,92405,5,4,2010.6,0.0
CA,92408,4,2,2012.5,1.0
CA,92411,8,1,2013.25,0.0
CA,92415,2,2,2007.5,0.0
CA,92501,4,2,2008.5,0.0
CA,92503,23,6,2010.304347826087,2.0
CA,92504,2,2,2010.5,0.0
CA,92505,51,4,2007.7058823529412,0.0
CA,92506,23,5,2010.8695652173913,1.0
CA,92507,6,3,2007.6666666666667,0.0
CA,92508,7,4,2010.857142857143,0.0
CA,92509,2,1,2013.0,0.0
CA,92530,2,2,2006.0,0.0
CA,92543,6,3,2009.3333333333333,0.0
CA,92544,8,4,2009.375,1.0
CA,92545,1,1,2021.0,0.0
CA,92553,8,3,2011.25,0.0
CA,92555,10,4,2012.8,1.0
CA,92557,3,2,2009.6666666666667,0.0
CA,92562,44,6,2011.6818181818182,5.0
CA,92563,3,2,2010.6666666666667,0.0
CA,92571,1,1,2006.0,0.0
CA,92586,3,2,2008.6666666666667,0.0
CA,92590,5,4,2010.8,1.0
CA,92591,3,2,2013.0,0.0
CA,92592,3,3,2014.6666666666667,0.0
CA,92595,2,2,2013.0,0.0
CA,92596,3,2,2018.6666666666667,1.0
CA,92602,1,1,2018.0,0.0
CA,92603,7,4,2012.2857142857142,1.0
CA,92604,18,5,2011.1666666666667,1.0
CA,92606,10,3,2010.3,1.0
CA,92610,1,1,2007.0,0.0
CA,92612,4,4,2011.25,0.0
CA,92617,1,1,2023.0,1.0
CA,92618,48,9,2011.4166666666667,2.0
CA,92620,1,1,2008.0,0.0
CA,92624,1,1,2007.0,0.0
CA,92625,2,2,2012.5,0.0
CA,92626,7,4,2015.0,1.0
CA,92627,11,4,2011.7272727272727,1.0
CA,92629,2,1,2006.5,0.0
CA,92630,2,1,2016.0,0.0
CA,92637,1,1,2014.0,0.0
CA,92646,4,3,2017.5,1.0
CA,92647,6,2,2006.5,0.0
CA,92648,10,3,2009.4,0.0
CA,92649,3,3,2010.6666666666667,0.0
CA,92651,4,2,2006.0,0.0
CA,92653,53,6,2010.245283018868,2.0
CA,92656,7,4,2012.857142857143,1.0
CA,92660,36,6,2010.6666666666667,0.0
CA,92663,70,8,2009.2142857142858,0.0
CA,92672,2,1,2010.0,0.0
CA,92673,7,2,2012.0,1.0
CA,92675,1,1,2010.0,0.0
CA,92677,5,4,2010.8,0.0
CA,92679,1,1,2019.0,0.0
CA,92683,21,6,2008.7142857142858,0.0
CA,92688,3,2,2007.6666666666667,0.0
CA,92691,34,6,2008.9117647058824,0.0
CA,92692,3,3,2014.0,1.0
CA,92694,6,3,2011.1666666666667,0.0
CA,92697,1,1,2013.0,0.0
CA,92701,6,2,2009.8333333333333,0.0
CA,92703,2,2,2007.5,0.0
CA,92704,11,1,2008.0,0.0
CA,92705,17,5,2008.4117647058824,1.0
CA,92706,15,4,2007.6,0.0
CA,92707,4,3,2012.0,1.0
CA,92708,63,8,2009.968253968254,1.0
CA,92709,1,1,2006.0,0.0
CA,92780,5,4,2010.8,0.0
CA,92782,2,2,2020.0,0.0
CA,92801,11,1,2008.2727272727273,0.0
CA,92802,2,1,2010.5,0.0
CA,92804,8,3,2008.75,0.0
CA,92805,12,5,2010.3333333333333,0.0
CA,92806,4,3,2009.75,0.0
CA,92807,62,5,2006.7903225806451,0.0
CA,92808,1,1,2016.0,0.0
CA,92821,1,1,2011.0,0.0
CA,92823,2,2,2015.0,1.0
CA,92831,8,2,2008.875,0.0
CA,92832,2,2,2007.5,0.0
CA,92833,2,1,2007.5,0.0
CA,92835,26,6,2008.8846153846155,0.0
CA,92840,4,3,2009.25,0.0
CA,92843,14,6,2008.0,1.0
CA,92844,3,2,2008.3333333333333,0.0
CA,92860,2,2,2019.0,1.0
CA,92861,2,2,2007.5,0.0
CA,92866,6,3,2008.1666666666667,0.0
CA,92867,5,4,2020.4,4.0
CA,92868,124,12,2012.274193548387,2.0
CA,92869,12,4,2012.6666666666667,0.0
CA,92870,5,3,2009.2,0.0
CA,92878,1,1,2009.0,0.0
CA,92879,6,3,2010.5,0.0
CA,92880,4,2,2012.25,0.0
CA,92881,5,5,2015.2,0.0
CA,92882,9,3,2009.2222222222222,0.0
CA,92883,4,1,2010.0,0.0
CA,92886,3,2,2008.6666666666667,0.0
CA,92887,1,1,2020.0,0.0
CA,93001,6,4,2013.3333333333333,1.0
CA,93003,59,7,2011.1864406779662,5.0
CA,93004,10,3,2009.1,0.0
CA,93010,11,4,2006.4545454545455,0.0
CA,93012,3,2,2006.6666666666667,0.0
CA,93015,1,1,2007.0,0.0
CA,93021,1,1,2017.0,0.0
CA,93022,1,1,2015.0,0.0
CA,93023,2,1,2013.5,0.0
CA,93030,23,4,2008.8695652173913,0.0
CA,93033,5,1,2009.4,0.0
CA,93035,3,2,2009.0,0.0
CA,93036,13,3,2010.1538461538462,0.0
CA,93041,1,1,2006.0,0.0
CA,93060,2,2,2013.0,0.0
CA,93063,7,2,2021.0,3.0
CA,93065,16,4,2008.5,0.0
CA,93101,15,5,2011.0666666666666,1.0
CA,93103,3,3,2007.3333333333333,0.0
CA,93105,44,10,2011.1136363636363,1.0
CA,93106,3,2,2008.6666666666667,0.0
CA,93108,3,3,2008.6666666666667,0.0
CA,93109,1,1,2008.0,0.0
CA,93110,11,3,2006.8181818181818,0.0
CA,93111,6,2,2006.3333333333333,0.0
CA,93117,1,1,2017.0,0.0
CA,93203,1,1,2007.0,0.0
CA,93215,9,4,2009.2222222222222,0.0
CA,93221,3,2,2007.6666666666667,0.0
CA,93227,1,1,2006.0,0.0
CA,93230,14,5,2013.2857142857142,1.0
CA,93241,1,1,2006.0,0.0
CA,93245,1,1,2025.0,1.0
CA,93246,5,2,2008.4,0.0
CA,93247,2,2,2007.0,0.0
CA,93250,1,1,2024.0,1.0
CA,93257,12,4,2011.8333333333333,1.0
CA,93258,1,1,2006.0,0.0
CA,93267,1,1,2022.0,0.0
CA,93268,1,1,2006.0,0.0
CA,93274,17,4,2013.1176470588234,2.0
CA,93277,8,2,2011.0,2.0
CA,93280,1,1,2006.0,0.0
CA,93291,37,5,2010.5405405405406,5.0
CA,93292,1,1,2014.0,0.0
CA,93301,58,7,2009.2758620689656,3.0
CA,93304,3,2,2012.0,0.0
CA,93305,2,1,2007.0,0.0
CA,93306,13,4,2014.3076923076924,0.0
CA,93307,3,2,2006.0,0.0
CA,93308,1,1,2007.0,0.0
CA,93309,10,4,2010.0,0.0
CA,93311,22,4,2008.8636363636363,1.0
CA,93312,12,3,2013.4166666666667,3.0
CA,93314,2,2,2010.5,0.0
CA,93350,1,1,2006.0,0.0
CA,93401,33,7,2010.1818181818182,2.0
CA,93402,1,1,2015.0,0.0
CA,93405,27,7,2010.2592592592594,3.0
CA,93420,6,2,2007.0,0.0
CA,93422,3,2,2017.3333333333333,1.0
CA,93426,1,1,2006.0,0.0
CA,93427,1,1,2017.0,0.0
CA,93436,5,1,2007.6,0.0
CA,93437,1,1,2018.0,0.0
CA,93446,2,2,2006.5,0.0
CA,93449,7,4,2009.4285714285713,0.0
CA,93453,2,1,2018.0,0.0
CA,93454,53,7,2010.754716981132,2.0
CA,93455,6,4,2009.6666666666667,0.0
CA,93460,1,1,2021.0,0.0
CA,93463,2,1,2015.0,0.0
CA,93465,16,5,2011.0,1.0
CA,93514,12,3,2012.0833333333333,2.0
CA,93524,1,1,2020.0,0.0
CA,93534,31,7,2011.1612903225807,2.0
CA,93535,1,1,2012.0,0.0
CA,93536,1,1,2013.0,0.0
CA,93546,3,1,2006.6666666666667,0.0
CA,93550,4,3,2016.25,2.0
CA,93551,2,1,2023.0,2.0
CA,93555,13,4,2011.3076923076924,3.0
CA,93561,6,3,2010.1666666666667,0.0
CA,93602,1,1,2017.0,0.0
CA,93611,33,5,2008.5757575757575,1.0
CA,93612,3,2,2013.0,1.0
CA,93614,1,1,2010.0,0.0
CA,93618,5,2,2006.6,0.0
CA,93635,7,2,2008.7142857142858,0.0
CA,93636,12,2,2007.5,0.0
CA,93637,9,4,2011.4444444444443,0.0
CA,93638,2,2,2006.5,0.0
CA,93644,1,1,2014.0,0.0
CA,93654,7,2,2007.2857142857142,0.0
CA,93657,3,1,2006.3333333333333,0.0
CA,93662,4,1,2008.75,0.0
CA,93701,33,8,2010.4242424242425,1.0
CA,93702,2,1,2006.0,0.0
CA,93703,2,2,2011.5,0.0
CA,93704,2,2,2016.0,1.0
CA,93706,11,4,2011.8181818181818,1.0
CA,93710,30,5,2009.4,1.0
CA,93711,13,6,2012.1538461538462,1.0
CA,93720,54,9,2010.2407407407406,5.0
CA,93721,13,5,2010.6923076923076,0.0
CA,93722,1,1,2006.0,0.0
CA,93726,5,4,2007.8,0.0
CA,93727,3,2,2006.3333333333333,0.0
CA,93728,2,1,2012.0,0.0
CA,93730,1,1,2022.0,0.0
CA,93901,24,4,2008.2083333333333,0.0
CA,93905,4,1,2010.5,0.0
CA,93906,15,5,2010.3333333333333,2.0
CA,93908,1,1,2007.0,0.0
CA,93923,2,2,2012.0,0.0
CA,93924,4,4,2013.0,0.0
CA,93927,1,1,2006.0,0.0
CA,93930,2,1,2014.0,0.0
CA,93933,1,1,2006.0,0.0
CA,93940,35,4,2008.9714285714285,0.0
CA,93944,1,1,2006.0,0.0
CA,93950,2,1,2011.5,0.0
CA,93955,9,3,2016.0,2.0
CA,94002,1,1,2015.0,0.0
CA,94005,1,1,2013.0,0.0
CA,94010,22,4,2009.3636363636363,0.0
CA,94015,27,1,2007.7777777777778,0.0
CA,94022,21,6,2012.5714285714287,1.0
CA,94024,3,3,2008.0,0.0
CA,94025,17,4,2010.235294117647,0.0
CA,94028,5,4,2011.4,1.0
CA,94040,73,8,2009.3561643835617,1.0
CA,94041,6,2,2006.5,0.0
CA,94044,1,1,2018.0,0.0
CA,94061,4,4,2017.0,1.0
CA,94062,11,3,2008.6363636363637,0.0
CA,94063,39,6,2009.128205128205,0.0
CA,94066,1,1,2016.0,0.0
CA,94070,6,2,2011.3333333333333,0.0
CA,94080,4,3,2008.5,0.0
CA,94085,1,1,2012.0,0.0
CA,94086,7,3,2010.2857142857142,1.0
CA,94087,12,4,2009.5833333333333,0.0
CA,94102,6,1,2009.1666666666667,1.0
CA,94103,2,1,2018.5,0.0
CA,94104,2,2,2013.0,0.0
CA,94105,6,4,2012.6666666666667,1.0
CA,94107,6,2,2013.8333333333333,0.0
CA,94108,8,2,2007.5,0.0
CA,94109,50,9,2010.8,1.0
CA,94110,87,5,2010.0,1.0
CA,94111,5,2,2011.6,0.0
CA,94112,2,2,2017.5,0.0
CA,94114,7,3,2016.2857142857142,1.0
CA,94115,109,10,2008.2752293577983,1.0
CA,94116,1,1,2006.0,0.0
CA,94117,4,3,2010.75,0.0
CA,94118,40,6,2006.95,0.0
CA,94121,2,2,2010.5,0.0
CA,94123,1,1,2007.0,0.0
CA,94127,2,1,2008.5,0.0
CA,94129,8,3,2019.125,5.0
CA,94131,5,2,2013.0,0.0
CA,94132,6,2,2008.6666666666667,0.0
CA,94133,19,5,2010.3157894736842,2.0
CA,94134,2,2,2022.5,1.0
CA,94143,61,9,2011.950819672131,3.0
CA,94158,20,7,2013.9,0.0
CA,94301,10,3,2007.3,0.0
CA,94303,5,5,2012.2,0.0
CA,94304,68,7,2010.6029411764705,0.0
CA,94305,72,9,2010.4583333333333,0.0
CA,94306,22,5,2012.909090909091,0.0
CA,94401,20,4,2010.1,0.0
CA,94402,9,2,2008.4444444444443,0.0
CA,94403,21,5,2011.6666666666667,4.0
CA,94404,4,2,2017.5,0.0
CA,94501,12,2,2009.6666666666667,0.0
CA,94502,2,2,2015.5,1.0
CA,94503,1,1,2008.0,0.0
CA,94506,2,2,2006.0,0.0
CA,94507,5,5,2009.0,0.0
CA,94508,1,1,2006.0,0.0
CA,94509,16,3,2008.6875,0.0
CA,94510,4,4,2007.5,0.0
CA,94513,1,1,2006.0,0.0
CA,94517,1,1,2015.0,0.0
CA,94518,3,1,2015.0,1.0
CA,94520,20,5,2011.1,0.0
CA,94523,1,1,2007.0,0.0
CA,94526,4,3,2007.25,0.0
CA,94530,4,2,2009.5,0.0
CA,94531,13,2,2010.076923076923,0.0
CA,94533,16,4,2009.5625,2.0
CA,94534,6,2,2011.6666666666667,1.0
CA,94535,13,3,2011.923076923077,0.0
CA,94536,2,2,2015.0,1.0
CA,94538,80,5,2007.9375,1.0
CA,94539,1,1,2008.0,0.0
CA,94541,13,4,2012.076923076923,2.0
CA,94542,1,1,2006.0,0.0
CA,94545,18,2,2009.388888888889,1.0
CA,94546,18,4,2007.888888888889,0.0
CA,94547,2,1,2006.0,0.0
CA,94549,8,2,2009.0,0.0
CA,94550,4,3,2007.5,0.0
CA,94551,5,1,2012.4,0.0
CA,94553,17,4,2008.2941176470588,0.0
CA,94555,1,1,2008.0,0.0
CA,94558,37,6,2008.3513513513512,0.0
CA,94559,7,3,2010.857142857143,0.0
CA,94563,9,3,2009.3333333333333,0.0
CA,94564,1,1,2012.0,0.0
CA,94565,1,1,2006.0,0.0
CA,94566,10,5,2013.3,0.0
CA,94568,16,5,2008.0625,0.0
CA,94574,5,2,2007.0,0.0
CA,94577,32,4,2009.34375,0.0
CA,94578,4,2,2010.75,0.0
CA,94580,1,1,2007.0,0.0
CA,94582,2,1,2006.0,0.0
CA,94583,19,5,2010.3684210526317,0.0
CA,94585,1,1,2024.0,1.0
CA,94587,15,4,2006.6,0.0
CA,94588,35,5,2006.9142857142858,0.0
CA,94589,34,5,2009.235294117647,2.0
CA,94590,2,2,2007.5,0.0
CA,94591,1,1,2020.0,0.0
CA,94595,5,3,2011.6,0.0
CA,94596,44,7,2007.909090909091,0.0
CA,94597,7,4,2014.857142857143,1.0
CA,94598,74,11,2010.472972972973,3.0
CA,94601,13,4,2012.8461538461538,0.0
CA,94602,35,6,2010.2857142857142,3.0
CA,94603,1,1,2005.0,0.0
CA,94605,5,2,2009.2,0.0
CA,94606,1,1,2006.0,0.0
CA,94607,5,4,2010.8,0.0
CA,94608,6,2,2016.3333333333333,1.0
CA,94609,52,8,2008.923076923077,1.0
CA,94610,1,1,2007.0,0.0
CA,94611,71,11,2008.605633802817,1.0
CA,94612,7,4,2012.5714285714287,0.0
CA,94618,3,2,2015.3333333333333,1.0
CA,94621,5,2,2017.2,0.0
CA,94655,1,1,2012.0,0.0
CA,94702,2,1,2014.5,0.0
CA,94703,6,2,2012.1666666666667,0.0
CA,94704,20,5,2011.6,0.0
CA,94705,55,8,2012.0363636363636,2.0
CA,94706,1,1,2020.0,0.0
CA,94707,3,3,2013.0,1.0
CA,94708,4,2,2012.75,0.0
CA,94709,1,1,2009.0,0.0
CA,94710,4,3,2013.0,1.0
CA,94720,2,1,2006.5,0.0
CA,94801,17,3,2007.8235294117646,0.0
CA,94803,1,1,2013.0,0.0
CA,94804,1,1,2019.0,0.0
CA,94805,3,2,2014.6666666666667,0.0
CA,94806,8,5,2011.0,0.0
CA,94901,8,3,2011.5,1.0
CA,94903,20,5,2010.0,1.0
CA,94904,51,6,2011.3921568627452,2.0
CA,94922,1,1,2018.0,0.0
CA,94924,1,1,2012.0,0.0
CA,94925,2,2,2006.0,0.0
CA,94928,5,3,2006.6,0.0
CA,94930,2,1,2011.5,0.0
CA,94938,1,1,2007.0,0.0
CA,94939,5,4,2008.8,0.0
CA,94941,5,3,2006.0,0.0
CA,94945,7,4,2008.5714285714287,0.0
CA,94947,1,1,2006.0,0.0
CA,94952,5,1,2022.0,2.0
CA,94954,17,4,2007.8235294117646,0.0
CA,94956,1,1,2008.0,0.0
CA,94965,3,3,2006.6666666666667,0.0
CA,95003,9,3,2013.888888888889,2.0
CA,95004,1,1,2020.0,0.0
CA,95008,23,5,2007.7826086956522,0.0
CA,95014,2,2,2013.0,0.0
CA,95018,1,1,2011.0,0.0
CA,95019,3,1,2005.6666666666667,0.0
CA,95020,13,4,2009.923076923077,1.0
CA,95023,6,2,2007.0,0.0
CA,95030,3,3,2008.6666666666667,0.0
CA,95032,61,9,2009.6065573770493,2.0
CA,95033,1,1,2007.0,0.0
CA,95035,12,5,2010.0,1.0
CA,95037,3,2,2012.3333333333333,0.0
CA,95051,74,8,2008.7297297297298,0.0
CA,95060,15,3,2012.8666666666666,1.0
CA,95062,10,4,2011.8,1.0
CA,95064,1,1,2012.0,0.0
CA,95065,49,4,2010.3469387755101,1.0
CA,95070,2,2,2013.0,0.0
CA,95073,5,3,2012.6,1.0
CA,95076,13,5,2011.3846153846155,1.0
CA,95111,2,1,2006.0,0.0
CA,95112,5,2,2009.4,1.0
CA,95116,14,3,2006.5714285714287,0.0
CA,95119,42,4,2007.5238095238096,0.0
CA,95120,2,2,2007.0,0.0
CA,95121,6,3,2014.5,1.0
CA,95122,1,1,2009.0,0.0
CA,95123,2,1,2017.0,1.0
CA,95124,31,9,2009.4516129032259,0.0
CA,95125,1,1,2021.0,0.0
CA,95126,8,4,2008.25,0.0
CA,95127,4,1,2023.75,3.0
CA,95128,79,9,2008.632911392405,2.0
CA,95129,4,2,2006.0,0.0
CA,95132,2,2,2012.0,0.0
CA,95134,2,2,2013.0,0.0
CA,95148,1,1,2005.0,0.0
CA,95202,1,1,2018.0,0.0
CA,95203,3,1,2006.6666666666667,0.0
CA,95204,19,3,2009.421052631579,0.0
CA,95205,1,1,2025.0,1.0
CA,95207,3,2,2022.0,1.0
CA,95209,7,2,2007.0,0.0
CA,95210,17,4,2007.5294117647059,0.0
CA,95211,1,1,2006.0,0.0
CA,95219,2,2,2017.0,1.0
CA,95231,21,4,2009.8095238095239,0.0
CA,95240,16,3,2009.8125,2.0
CA,95242,3,3,2011.0,0.0
CA,95252,2,2,2013.0,0.0
CA,95301,1,1,2006.0,0.0
CA,95304,1,1,2019.0,0.0
CA,95334,1,1,2006.0,0.0
CA,95336,15,3,2007.8,1.0
CA,95337,3,1,2006.0,0.0
CA,95338,2,2,2022.5,1.0
CA,95340,9,2,2010.2222222222222,0.0
CA,95341,6,3,2010.0,0.0
CA,95348,10,3,2008.1,0.0
CA,95350,31,6,2006.9032258064517,0.0
CA,95351,3,2,2007.6666666666667,0.0
CA,95354,2,2,2011.0,0.0
CA,95355,38,5,2009.342105263158,0.0
CA,95356,19,5,2011.578947368421,0.0
CA,95361,3,2,2006.6666666666667,0.0
CA,95366,1,1,2024.0,1.0
CA,95367,3,1,2006.0,0.0
CA,95370,17,5,2011.235294117647,1.0
CA,95376,13,4,2008.8461538461538,1.0
CA,95377,2,1,2005.5,0.0
CA,95379,1,1,2018.0,0.0
CA,95380,1,1,2014.0,0.0
CA,95382,11,3,2007.6363636363637,0.0
CA,95383,1,1,2017.0,0.0
CA,95386,1,1,2010.0,0.0
CA,95403,37,4,2009.6756756756756,0.0
CA,95404,10,3,2008.6,0.0
CA,95405,34,7,2008.764705882353,0.0
CA,95409,3,2,2012.3333333333333,0.0
CA,95422,2,1,2014.0,0.0
CA,95436,1,1,2013.0,0.0
CA,95437,5,2,2007.4,0.0
CA,95438,1,1,2006.0,0.0
CA,95448,4,3,2011.75,1.0
CA,95451,2,1,2006.5,0.0
CA,95452,1,1,2013.0,0.0
CA,95453,4,3,2006.5,0.0
CA,95457,1,1,2007.0,0.0
CA,95465,1,1,2023.0,0.0
CA,95467,1,1,2011.0,0.0
CA,95470,1,1,2015.0,0.0
CA,95472,8,2,2011.625,1.0
CA,95476,2,2,2006.5,0.0
CA,95482,25,5,2011.88,2.0
CA,95490,5,4,2006.8,0.0
CA,95492,1,1,2006.0,0.0
CA,95493,1,1,2007.0,0.0
CA,95501,5,3,2010.6,0.0
CA,95503,9,3,2007.888888888889,0.0
CA,95519,2,2,2009.0,0.0
CA,95521,22,5,2011.590909090909,0.0
CA,95524,3,1,2010.6666666666667,0.0
CA,95525,1,1,2010.0,0.0
CA,95531,5,4,2007.8,0.0
CA,95536,1,1,2014.0,0.0
CA,95540,10,3,2009.9,1.0
CA,95542,1,1,2010.0,0.0
CA,95560,1,1,2007.0,0.0
CA,95570,1,1,2016.0,0.0
CA,95573,1,1,2008.0,0.0
CA,95595,1,1,2013.0,0.0
CA,95602,5,1,2006.0,0.0
CA,95603,1,1,2007.0,0.0
CA,95608,30,5,2009.7666666666667,0.0
CA,95610,2,1,2011.5,0.0
CA,95616,48,4,2011.5,5.0
CA,95618,4,2,2009.5,0.0
CA,95624,2,1,2006.5,0.0
CA,95628,5,2,2008.6,0.0
CA,95630,18,5,2007.6666666666667,0.0
CA,95632,1,1,2014.0,0.0
CA,95642,7,4,2007.142857142857,0.0
CA,95648,6,3,2009.3333333333333,1.0
CA,95650,1,1,2023.0,1.0
CA,95652,2,2,2005.5,0.0
CA,95660,2,1,2007.5,0.0
CA,95661,75,7,2009.48,0.0
CA,95662,2,1,2018.5,1.0
CA,95667,14,6,2010.642857142857,2.0
CA,95670,9,2,2010.4444444444443,1.0
CA,95677,4,2,2013.5,0.0
CA,95678,5,3,2018.0,1.0
CA,95682,5,2,2010.4,1.0
CA,95687,1,1,2006.0,0.0
CA,95688,19,4,2008.3157894736842,0.0
CA,95693,1,1,2026.0,1.0
CA,95694,2,1,2018.5,0.0
CA,95695,13,3,2006.5384615384614,0.0
CA,95742,1,1,2005.0,0.0
CA,95746,4,3,2009.5,0.0
CA,95747,3,2,2017.6666666666667,0.0
CA,95757,1,1,2005.0,0.0
CA,95758,19,3,2007.7368421052631,0.0
CA,95762,4,1,2008.25,0.0
CA,95765,1,1,2014.0,0.0
CA,95811,4,2,2013.5,0.0
CA,95814,5,2,2010.8,1.0
CA,95815,20,6,2010.55,0.0
CA,95816,48,7,2009.625,2.0
CA,95817,83,9,2009.6144578313254,1.0
CA,95818,2,2,2012.0,0.0
CA,95819,10,3,2007.8,0.0
CA,95820,5,3,2015.4,0.0
CA,95821,3,2,2008.6666666666667,0.0
CA,95822,2,2,2009.5,0.0
CA,95823,71,5,2008.0140845070423,1.0
CA,95824,2,1,2019.0,0.0
CA,95825,63,7,2009.095238095238,1.0
CA,95827,4,2,2007.0,0.0
CA,95831,2,1,2006.5,0.0
CA,95833,2,1,2007.0,0.0
CA,95834,3,2,2013.0,0.0
CA,95841,6,3,2012.0,0.0
CA,95864,3,3,2014.3333333333333,1.0
CA,95901,7,3,2011.2857142857142,0.0
CA,95903,3,1,2012.3333333333333,1.0
CA,95926,31,7,2012.032258064516,2.0
CA,95928,11,5,2009.6363636363637,0.0
CA,95929,1,1,2007.0,0.0
CA,95945,14,3,2009.7857142857142,0.0
CA,95959,15,4,2014.0,2.0
CA,95961,1,1,2026.0,1.0
CA,95966,9,2,2011.6666666666667,0.0
CA,95969,10,3,2008.0,0.0
CA,95971,1,1,2012.0,0.0
CA,95973,1,1,2009.0,0.0
CA,95991,25,4,2009.04,0.0
CA,95993,4,1,2013.5,0.0
CA,96001,34,5,2012.5,1.0
CA,96002,5,1,2014.4,1.0
CA,96003,1,1,2017.0,0.0
CA,96019,1,1,2025.0,1.0
CA,96021,2,2,2019.5,0.0
CA,96032,1,1,2008.0,0.0
CA,96067,2,2,2008.5,0.0
CA,96073,1,1,2008.0,0.0
CA,96080,11,3,2008.8181818181818,0.0
CA,96093,1,1,2021.0,0.0
CA,96094,1,1,2019.0,0.0
CA,96097,3,1,2007.3333333333333,0.0
CA,96120,1,1,2020.0,0.0
CA,96130,2,2,2006.0,0.0
CA,96137,1,1,2011.0,0.0
CA,96143,1,1,2009.0,0.0
CA,96150,10,2,2010.1,1.0
CA,96161,7,1,2006.857142857143,0.0
CA,98065,1,1,2006.0,0.0
CA,98944,1,1,2008.0,0.0
CA,99055,1,1,2006.0,0.0
CADIZ,9645,1,1,2018.0,0.0
CADIZ,11530,1,1,2006.0,0.0
CATANIA,95121,1,1,2014.0,0.0
CE,81030,1,1,2018.0,0.0
CN,10001,1,1,2006.0,0.0
CO,80002,2,2,2009.5,0.0
CO,80003,5,4,2013.2,0.0
CO,80005,22,5,2012.4545454545455,1.0
CO,80010,6,2,2014.6666666666667,0.0
CO,80011,7,4,2008.7142857142858,0.0
CO,80012,61,6,2010.5081967213114,2.0
CO,80014,10,4,2009.0,0.0
CO,80015,3,3,2015.6666666666667,1.0
CO,80016,5,1,2009.6,0.0
CO,80017,1,1,2022.0,0.0
CO,80018,1,1,2023.0,1.0
CO,80020,7,4,2012.7142857142858,2.0
CO,80021,9,5,2016.0,2.0
CO,80022,3,1,2013.0,0.0
CO,80023,6,2,2008.1666666666667,0.0
CO,80026,43,6,2010.4418604651162,2.0
CO,80027,30,7,2012.6333333333334,3.0
CO,80031,7,1,2006.5714285714287,0.0
CO,80033,26,6,2009.076923076923,0.0
CO,80042,1,1,2005.0,0.0
CO,80045,212,10,2011.7028301886792,7.0
CO,80104,3,3,2018.6666666666667,2.0
CO,80106,1,1,2007.0,0.0
CO,80107,3,1,2011.0,0.0
CO,80108,3,2,2015.0,0.0
CO,80109,29,7,2014.6206896551723,6.0
CO,80110,1,1,2009.0,0.0
CO,80111,18,7,2017.5,7.0
CO,80112,16,5,2013.0625,2.0
CO,80113,62,8,2010.8709677419354,1.0
CO,80120,1,1,2006.0,0.0
CO,80121,2,2,2019.5,0.0
CO,80122,72,8,2011.4583333333333,5.0
CO,80123,10,2,2010.7,0.0
CO,80124,85,8,2012.8117647058823,6.0
CO,80126,1,1,2007.0,0.0
CO,80128,1,1,2015.0,0.0
CO,80129,24,5,2009.7083333333333,0.0
CO,80130,4,3,2011.5,1.0
CO,80132,6,3,2014.0,0.0
CO,80134,10,4,2014.9,2.0
CO,80135,2,2,2009.5,0.0
CO,80138,30,6,2012.6666666666667,2.0
CO,80202,5,4,2020.6,2.0
CO,80203,7,2,2009.2857142857142,0.0
CO,80204,90,8,2012.1777777777777,4.0
CO,80205,59,9,2008.406779661017,1.0
CO,80206,10,4,2011.5,1.0
CO,80207,22,3,2011.3181818181818,0.0
CO,80209,4,2,2009.0,0.0
CO,80210,12,4,2011.0,0.0
CO,80211,2,2,2013.5,0.0
CO,80212,8,3,2012.125,1.0
CO,80215,7,4,2011.5714285714287,0.0
CO,80218,70,8,2012.2,7.0
CO,80220,90,9,2011.0222222222221,7.0
CO,80221,4,2,2008.75,0.0
CO,80222,4,2,2007.25,0.0
CO,80224,7,2,2010.0,0.0
CO,80226,22,3,2010.2727272727273,1.0
CO,80227,1,1,2008.0,0.0
CO,80228,11,4,2009.8181818181818,1.0
CO,80229,32,4,2011.21875,4.0
CO,80230,10,2,2015.0,0.0
CO,80231,3,1,2006.6666666666667,0.0
CO,80232,1,1,2006.0,0.0
CO,80233,1,1,2013.0,0.0
CO,80234,19,3,2009.8947368421052,1.0
CO,80236,2,2,2016.0,0.0
CO,80237,2,1,2012.5,0.0
CO,80238,12,5,2016.25,2.0
CO,80239,1,1,2025.0,1.0
CO,80241,10,3,2020.3,3.0
CO,80246,12,4,2010.25,1.0
CO,80247,23,4,2009.4782608695652,1.0
CO,80249,1,1,2024.0,1.0
CO,80262,7,4,2006.0,0.0
CO,80301,14,6,2010.5714285714287,2.0
CO,80302,8,3,2010.375,0.0
CO,80303,32,5,2009.28125,1.0
CO,80304,16,4,2012.125,1.0
CO,80305,5,2,2011.2,0.0
CO,80309,6,4,2007.6666666666667,0.0
CO,80401,12,4,2015.4166666666667,2.0
CO,80403,1,1,2006.0,0.0
CO,80424,6,1,2010.3333333333333,0.0
CO,80439,5,3,2016.4,2.0
CO,80443,7,2,2012.2857142857142,0.0
CO,80446,2,2,2013.0,0.0
CO,80447,1,1,2012.0,0.0
CO,80451,1,1,2007.0,0.0
CO,80465,1,1,2017.0,0.0
CO,80487,13,4,2012.0,1.0
CO,80498,1,1,2006.0,0.0
CO,80501,26,5,2011.6153846153845,4.0
CO,80503,9,3,2015.3333333333333,0.0
CO,80504,5,1,2012.8,0.0
CO,80513,1,1,2007.0,0.0
CO,80514,1,1,2014.0,0.0
CO,80516,3,1,2010.3333333333333,0.0
CO,80517,1,1,2019.0,0.0
CO,80521,8,4,2013.75,0.0
CO,80524,48,8,2011.375,2.0
CO,80525,19,3,2017.8947368421052,4.0
CO,80526,4,2,2012.25,1.0
CO,80528,6,4,2017.3333333333333,1.0
CO,80538,31,7,2012.6129032258063,2.0
CO,80540,1,1,2007.0,0.0
CO,80541,1,1,2006.0,0.0
CO,80547,1,1,2007.0,0.0
CO,80549,2,2,2014.0,0.0
CO,80550,6,3,2017.0,1.0
CO,80601,13,4,2012.7692307692307,0.0
CO,80611,1,1,2020.0,0.0
CO,80631,12,6,2007.4166666666667,0.0
CO,80634,30,6,2012.0333333333333,0.0
CO,80640,1,1,2014.0,0.0
CO,80701,4,2,2010.25,0.0
CO,80751,4,2,2009.5,0.0
CO,80758,1,1,2005.0,0.0
CO,80807,1,1,2020.0,0.0
CO,80808,1,1,2009.0,0.0
CO,80814,1,1,2016.0,0.0
CO,80821,2,1,2021.5,0.0
CO,80840,6,4,2008.1666666666667,0.0
CO,80903,11,3,2008.2727272727273,0.0
CO,80904,7,2,2010.4285714285713,0.0
CO,80906,11,4,2013.909090909091,3.0
CO,80907,19,6,2016.157894736842,4.0
CO,80908,3,2,2020.6666666666667,2.0
CO,80909,12,5,2011.3333333333333,0.0
CO,80910,40,7,2010.275,2.0
CO,80911,1,1,2007.0,0.0
CO,80913,34,3,2008.5588235294117,0.0
CO,80914,7,3,2007.4285714285713,0.0
CO,80917,5,2,2006.6,0.0
CO,80918,23,5,2015.6521739130435,5.0
CO,80919,5,4,2009.4,1.0
CO,80920,30,7,2015.8,8.0
CO,80922,2,2,2005.5,0.0
CO,80923,42,7,2011.3333333333333,3.0
CO,80951,1,1,2014.0,0.0
CO,81001,7,2,2014.7142857142858,1.0
CO,81003,28,7,2011.2142857142858,3.0
CO,81004,13,4,2009.3846153846155,1.0
CO,81007,3,3,2012.0,0.0
CO,81036,1,1,2006.0,0.0
CO,81038,1,1,2006.0,0.0
CO,81047,1,1,2016.0,0.0
CO,81052,2,1,2006.5,0.0
CO,81082,1,1,2006.0,0.0
CO,81092,1,1,2025.0,1.0
CO,81101,10,3,2009.7,0.0
CO,81131,1,1,2012.0,0.0
CO,81132,6,3,2011.8333333333333,0.0
CO,81137,1,1,2013.0,0.0
CO,81140,1,1,2008.0,0.0
CO,81147,2,2,2018.5,0.0
CO,81201,5,3,2013.0,0.0
CO,81211,4,2,2014.0,1.0
CO,81212,6,1,2011.6666666666667,0.0
CO,81224,3,3,2014.0,0.0
CO,81230,5,3,2015.6,1.0
CO,81301,31,6,2009.6774193548388,0.0
CO,81303,5,2,2009.8,0.0
CO,81321,11,4,2011.1818181818182,0.0
CO,81332,1,1,2006.0,0.0
CO,81401,26,5,2013.8076923076924,5.0
CO,81416,7,2,2010.7142857142858,0.0
CO,81424,1,1,2005.0,0.0
CO,81425,1,1,2006.0,0.0
CO,81432,4,2,2013.0,0.0
CO,81435,1,1,2021.0,0.0
CO,81501,31,5,2010.0967741935483,0.0
CO,81504,2,2,2006.5,0.0
CO,81505,21,5,2013.047619047619,2.0
CO,81506,4,3,2008.5,0.0
CO,81521,1,1,2021.0,0.0
CO,81601,23,6,2010.0434782608695,0.0
CO,81611,6,2,2008.0,0.0
CO,81620,6,3,2010.3333333333333,0.0
CO,81621,8,5,2009.375,0.0
CO,81623,2,1,2007.0,0.0
CO,81625,2,1,2010.5,0.0
CO,81631,2,1,2020.5,0.0
CO,81632,2,2,2013.0,0.0
CO,81635,1,1,2007.0,0.0
CO,81647,1,1,2022.0,0.0
CO,81650,7,3,2008.857142857143,1.0
CO,81652,1,1,2019.0,0.0
CO,81654,1,1,2010.0,0.0
CO,81657,3,1,2016.3333333333333,1.0
CT,6001,9,3,2008.7777777777778,0.0
CT,6002,9,4,2008.5555555555557,0.0
CT,6010,17,4,2008.1176470588234,0.0
CT,6012,1,1,2005.0,0.0
CT,6021,1,1,2006.0,0.0
CT,6029,2,2,2006.0,0.0
CT,6030,42,9,2011.8809523809523,3.0
CT,6032,13,4,2008.6923076923076,0.0
CT,6033,10,5,2013.6,0.0
CT,6040,27,3,2012.3703703703704,2.0
CT,6042,4,3,2010.0,0.0
CT,6051,7,2,2008.7142857142858,0.0
CT,6052,16,5,2009.75,0.0
CT,6053,4,1,2012.75,0.0
CT,6060,1,1,2007.0,0.0
CT,6062,2,1,2005.0,0.0
CT,6066,6,4,2007.1666666666667,0.0
CT,6067,3,3,2006.3333333333333,0.0
CT,6069,9,3,2007.7777777777778,0.0
CT,6070,1,1,2014.0,0.0
CT,6071,1,1,2019.0,0.0
CT,6074,18,4,2010.9444444444443,0.0
CT,6076,4,2,2007.5,0.0
CT,6082,16,3,2007.3125,0.0
CT,6102,35,7,2007.142857142857,0.0
CT,6105,47,6,2007.7446808510638,0.0
CT,6106,68,10,2010.9411764705883,1.0
CT,6107,2,2,2008.0,0.0
CT,6108,12,3,2011.5833333333333,1.0
CT,6110,1,1,2014.0,0.0
CT,6111,5,2,2009.2,0.0
CT,6112,1,1,2006.0,0.0
CT,6117,18,4,2010.0,0.0
CT,6119,1,1,2012.0,0.0
CT,6120,7,4,2007.5714285714287,0.0
CT,6205,1,1,2006.0,0.0
CT,6226,6,4,2009.5,1.0
CT,6237,1,1,2013.0,0.0
CT,6239,2,2,2011.5,0.0
CT,6250,7,2,2012.0,0.0
CT,6260,13,5,2009.3076923076924,0.0
CT,6263,1,1,2025.0,1.0
CT,6268,1,1,2006.0,0.0
CT,6281,1,1,2025.0,1.0
CT,6320,27,5,2009.4814814814815,1.0
CT,6333,2,2,2007.5,0.0
CT,6340,6,1,2009.5,0.0
CT,6349,1,1,2005.0,0.0
CT,6351,1,1,2011.0,0.0
CT,6357,1,1,2008.0,0.0
CT,6360,21,2,2010.904761904762,1.0
CT,6374,2,2,2006.5,0.0
CT,6385,2,1,2013.5,0.0
CT,6388,1,1,2007.0,0.0
CT,6401,3,2,2006.3333333333333,0.0
CT,6405,16,3,2009.5625,1.0
CT,6410,20,5,2008.0,2.0
CT,6413,1,1,2025.0,1.0
CT,6415,1,1,2008.0,0.0
CT,6417,3,2,2018.3333333333333,0.0
CT,6418,5,2,2008.4,0.0
CT,6426,1,1,2010.0,0.0
CT,6437,4,4,2006.5,0.0
CT,6443,11,6,2007.3636363636363,0.0
CT,6450,4,2,2010.5,1.0
CT,6451,1,1,2006.0,0.0
CT,6457,25,6,2010.16,1.0
CT,6460,16,2,2009.9375,1.0
CT,6470,2,2,2010.0,0.0
CT,6471,4,3,2006.5,0.0
CT,6472,1,1,2023.0,1.0
CT,6475,4,3,2006.5,0.0
CT,6477,4,4,2009.0,0.0
CT,6478,1,1,2021.0,0.0
CT,6484,10,4,2007.8,0.0
CT,6489,9,4,2006.888888888889,0.0
CT,6492,13,3,2008.3076923076924,0.0
CT,6504,1,1,2005.0,0.0
CT,6510,66,9,2012.378787878788,1.0
CT,6511,65,7,2009.4,4.0
CT,6513,11,3,2010.1818181818182,1.0
CT,6515,2,2,2010.0,0.0
CT,6516,1,1,2010.0,0.0
CT,6517,2,2,2024.0,2.0
CT,6518,14,3,2008.0714285714287,1.0
CT,6519,62,10,2010.3709677419354,8.0
CT,6520,4,2,2006.0,0.0
CT,6525,3,1,2010.0,0.0
CT,6604,4,4,2006.75,0.0
CT,6605,14,4,2009.642857142857,1.0
CT,6606,27,6,2007.7037037037037,1.0
CT,6608,6,2,2008.1666666666667,0.0
CT,6610,15,3,2009.0666666666666,0.0
CT,6611,33,6,2010.2727272727273,1.0
CT,6614,3,1,2011.0,0.0
CT,6615,2,2,2006.0,0.0
CT,6702,3,1,2005.6666666666667,0.0
CT,6706,10,4,2008.1,0.0
CT,6708,32,4,2007.625,0.0
CT,6762,7,3,2011.7142857142858,1.0
CT,6776,7,3,2010.0,0.0
CT,6786,1,1,2020.0,0.0
CT,6790,9,2,2006.5555555555557,0.0
CT,6791,1,1,2007.0,0.0
CT,6807,2,2,2006.5,0.0
CT,6810,51,8,2010.1568627450981,2.0
CT,6811,2,1,2010.5,0.0
CT,6820,6,1,2010.6666666666667,1.0
CT,6824,10,3,2007.5,0.0
CT,6825,8,2,2010.25,0.0
CT,6830,28,9,2009.5,1.0
CT,6831,7,2,2011.142857142857,1.0
CT,6840,5,1,2009.6,0.0
CT,6850,17,6,2009.5882352941176,0.0
CT,6851,25,7,2008.52,0.0
CT,6854,9,3,2007.2222222222222,0.0
CT,6856,2,2,2006.0,0.0
CT,6870,4,2,2016.25,0.0
CT,6877,1,1,2006.0,0.0
CT,6878,1,1,2006.0,0.0
CT,6880,19,3,2011.0526315789473,0.0
CT,6890,4,2,2006.25,0.0
CT,6896,1,1,2007.0,0.0
CT,6897,7,2,2012.5714285714287,0.0
CT,6901,3,1,2006.0,0.0
CT,6902,47,9,2009.5106382978724,1.0
CT,6903,1,1,2013.0,0.0
CT,6904,1,1,2006.0,0.0
CT,6905,22,9,2010.4545454545455,2.0
DC,20001,2,2,2014.0,0.0
DC,20002,39,6,2010.5641025641025,3.0
DC,20003,6,4,2012.1666666666667,1.0
DC,20004,3,2,2014.0,0.0
DC,20005,1,1,2016.0,0.0
DC,20006,9,3,2008.2222222222222,0.0
DC,20007,29,4,2009.2758620689656,1.0
DC,20009,21,5,2013.4285714285713,2.0
DC,20010,57,8,2011.842105263158,2.0
DC,20011,10,4,2013.1,1.0
DC,20012,1,1,2019.0,0.0
DC,20015,3,2,2012.6666666666667,0.0
DC,20016,39,8,2010.6666666666667,2.0
DC,20017,16,5,2008.3125,0.0
DC,20018,5,1,2013.2,1.0
DC,20019,6,4,2011.6666666666667,0.0
DC,20020,3,3,2012.0,1.0
DC,20032,6,4,2015.5,1.0
DC,20036,44,5,2011.6136363636363,1.0
DC,20037,104,10,2010.5673076923076,0.0
DC,20057,1,1,2021.0,0.0
DC,20059,2,2,2018.5,0.0
DC,20060,33,4,2011.3333333333333,2.0
DC,20226,1,1,2006.0,0.0
DC,20307,7,4,2006.4285714285713,0.0
DC,20310,1,1,2019.0,0.0
DC,20422,1,1,2006.0,0.0
DC,20593,1,1,2006.0,0.0
DE,19701,2,2,2010.0,0.0
DE,19702,15,4,2014.2666666666667,3.0
DE,19703,1,1,2006.0,0.0
DE,19707,2,1,2013.0,0.0
DE,19708,1,1,2008.0,0.0
DE,19709,4,3,2011.0,0.0
DE,19711,7,3,2008.5714285714287,0.0
DE,19713,84,10,2009.9880952380952,3.0
DE,19716,2,1,2012.5,0.0
DE,19717,1,1,2007.0,0.0
DE,19718,33,3,2010.2424242424242,0.0
DE,19801,6,2,2011.1666666666667,1.0
DE,19802,8,3,2009.5,0.0
DE,19803,7,2,2008.142857142857,0.0
DE,19805,29,6,2009.551724137931,2.0
DE,19806,6,4,2009.0,0.0
DE,19807,10,2,2011.1,0.0
DE,19808,13,4,2010.076923076923,0.0
DE,19810,9,2,2008.111111111111,0.0
DE,19901,13,5,2009.6923076923076,2.0
DE,19904,23,6,2009.6521739130435,2.0
DE,19934,1,1,2008.0,0.0
DE,19945,1,1,2006.0,0.0
DE,19947,10,4,2010.3,0.0
DE,19956,1,1,2006.0,0.0
DE,19958,14,4,2008.5714285714287,0.0
DE,19960,2,1,2010.0,0.0
DE,19963,16,4,2010.1875,0.0
DE,19971,8,4,2009.625,0.0
DE,19973,14,4,2009.857142857143,1.0
DE,19975,1,1,2024.0,1.0
DE,19977,2,2,2006.0,0.0
DOHA,26999,1,1,2018.0,0.0
FL,32003,30,5,2013.1333333333334,3.0
FL,32008,2,1,2018.5,1.0
FL,32011,2,2,2005.5,0.0
FL,32025,1,1,2009.0,0.0
FL,32033,1,1,2008.0,0.0
FL,32034,8,3,2013.0,0.0
FL,32038,1,1,2006.0,0.0
FL,32043,1,1,2006.0,0.0
FL,32046,1,1,2006.0,0.0
FL,32055,6,2,2012.1666666666667,0.0
FL,32063,1,1,2016.0,0.0
FL,32064,3,2,2016.6666666666667,0.0
FL,32065,5,3,2017.4,0.0
FL,32068,7,4,2015.2857142857142,0.0
FL,32071,1,1,2021.0,0.0
FL,32073,23,6,2015.9130434782608,0.0
FL,32080,10,4,2012.5,2.0
FL,32081,16,2,2010.125,1.0
FL,32082,1,1,2017.0,0.0
FL,32084,7,3,2019.142857142857,3.0
FL,32086,39,5,2012.7948717948718,4.0
FL,32091,2,2,2009.5,0.0
FL,32092,5,2,2013.6,0.0
FL,32097,5,2,2015.2,0.0
FL,32110,2,2,2016.0,1.0
FL,32114,28,7,2009.4285714285713,2.0
FL,32117,21,4,2010.4761904761904,0.0
FL,32118,1,1,2005.0,0.0
FL,32127,1,1,2021.0,0.0
FL,32129,4,2,2010.0,0.0
FL,32132,1,1,2006.0,0.0
FL,32134,1,1,2005.0,0.0
FL,32137,5,2,2009.8,0.0
FL,32138,1,1,2008.0,0.0
FL,32148,1,1,2008.0,0.0
FL,32159,7,4,2011.4285714285713,0.0
FL,32162,5,3,2007.8,0.0
FL,32163,6,3,2005.8333333333333,0.0
FL,32164,9,5,2008.5555555555557,0.0
FL,32168,2,2,2014.5,1.0
FL,32169,1,1,2005.0,0.0
FL,32174,10,5,2010.8,0.0
FL,32176,1,1,2011.0,0.0
FL,32177,8,3,2014.0,2.0
FL,32202,1,1,2006.0,0.0
FL,32204,45,7,2012.2222222222222,2.0
FL,32206,5,3,2010.6,1.0
FL,32207,56,7,2010.8214285714287,3.0
FL,32208,1,1,2006.0,0.0
FL,32209,45,7,2010.0222222222221,1.0
FL,32210,13,5,2014.923076923077,0.0
FL,32212,2,1,2008.5,0.0
FL,32214,10,3,2011.2,0.0
FL,32216,85,8,2011.235294117647,7.0
FL,32217,3,2,2017.0,1.0
FL,32218,12,4,2014.3333333333333,2.0
FL,32221,2,1,2020.0,1.0
FL,32222,1,1,2008.0,0.0
FL,32223,15,4,2011.6666666666667,0.0
FL,32224,17,5,2011.5294117647059,0.0
FL,32225,4,2,2014.5,1.0
FL,32226,1,1,2011.0,0.0
FL,32228,2,2,2007.5,0.0
FL,32233,1,1,2006.0,0.0
FL,32244,4,2,2023.25,3.0
FL,32250,25,9,2010.72,2.0
FL,32256,8,4,2012.875,1.0
FL,32257,3,2,2017.0,0.0
FL,32258,26,6,2012.6153846153845,2.0
FL,32259,5,4,2018.8,1.0
FL,32266,1,1,2020.0,0.0
FL,32277,1,1,2021.0,0.0
FL,32301,5,4,2012.4,1.0
FL,32303,7,1,2011.2857142857142,0.0
FL,32304,2,2,2011.5,0.0
FL,32305,1,1,2013.0,0.0
FL,32306,2,1,2006.0,0.0
FL,32307,1,1,2005.0,0.0
FL,32308,81,9,2011.0,5.0
FL,32310,1,1,2019.0,0.0
FL,32311,1,1,2024.0,1.0
FL,32312,2,2,2014.0,0.0
FL,32320,1,1,2006.0,0.0
FL,32321,2,2,2006.5,0.0
FL,32324,1,1,2010.0,0.0
FL,32327,2,1,2007.0,0.0
FL,32347,1,1,2006.0,0.0
FL,32351,4,3,2006.25,0.0
FL,32401,8,5,2009.5,1.0
FL,32403,1,1,2005.0,0.0
FL,32404,1,1,2025.0,1.0
FL,32405,37,7,2010.3243243243244,1.0
FL,32407,3,2,2010.6666666666667,0.0
FL,32408,1,1,2025.0,1.0
FL,32413,1,1,2025.0,1.0
FL,32425,1,1,2012.0,0.0
FL,32428,2,1,2021.0,0.0
FL,32439,1,1,2006.0,0.0
FL,32446,2,2,2005.5,0.0
FL,32459,5,2,2007.8,0.0
FL,32461,2,1,2015.5,0.0
FL,32501,1,1,2023.0,1.0
FL,32502,1,1,2023.0,1.0
FL,32503,52,5,2010.1538461538462,1.0
FL,32504,85,8,2013.8235294117646,16.0
FL,32505,2,1,2017.5,1.0
FL,32506,1,1,2026.0,1.0
FL,32507,4,3,2014.5,1.0
FL,32508,2,2,2009.5,0.0
FL,32512,6,3,2006.0,0.0
FL,32514,11,5,2010.1818181818182,1.0
FL,32526,1,1,2019.0,0.0
FL,32531,1,1,2018.0,0.0
FL,32534,3,3,2013.0,0.0
FL,32536,12,4,2013.25,1.0
FL,32539,7,2,2008.5714285714287,0.0
FL,32541,6,3,2011.6666666666667,1.0
FL,32542,22,4,2012.7727272727273,0.0
FL,32544,1,1,2018.0,0.0
FL,32547,23,5,2008.9565217391305,0.0
FL,32548,3,2,2012.3333333333333,0.0
FL,32550,5,4,2017.6,0.0
FL,32561,8,4,2010.875,1.0
FL,32563,4,1,2011.0,0.0
FL,32566,4,2,2009.75,0.0
FL,32569,2,1,2009.0,0.0
FL,32570,13,3,2010.4615384615386,1.0
FL,32571,8,4,2016.25,1.0
FL,32578,10,3,2011.4,0.0
FL,32579,2,2,2006.0,0.0
FL,32583,1,1,2019.0,0.0
FL,32601,13,3,2013.2307692307693,0.0
FL,32605,45,7,2012.3333333333333,5.0
FL,32606,4,2,2015.25,1.0
FL,32607,26,5,2011.0384615384614,1.0
FL,32608,8,5,2011.25,1.0
FL,32609,6,3,2010.6666666666667,0.0
FL,32610,69,10,2010.1159420289855,1.0
FL,32611,2,2,2005.5,0.0
FL,32615,1,1,2006.0,0.0
FL,32626,2,2,2017.0,0.0
FL,32656,1,1,2009.0,0.0
FL,32667,1,1,2016.0,0.0
FL,32693,1,1,2018.0,0.0
FL,32696,1,1,2019.0,0.0
FL,32701,35,6,2012.942857142857,3.0
FL,32703,8,3,2008.25,0.0
FL,32707,3,1,2007.6666666666667,0.0
FL,32708,6,2,2016.5,1.0
FL,32712,2,1,2012.0,0.0
FL,32714,14,4,2014.0714285714287,3.0
FL,32720,10,4,2011.5,0.0
FL,32724,2,1,2019.0,0.0
FL,32725,5,4,2011.2,0.0
FL,32726,6,2,2007.3333333333333,0.0
FL,32738,2,1,2013.5,0.0
FL,32746,43,6,2010.3953488372092,0.0
FL,32750,6,4,2009.5,0.0
FL,32751,12,4,2012.0833333333333,0.0
FL,32752,1,1,2006.0,0.0
FL,32757,7,3,2010.7142857142858,0.0
FL,32763,20,5,2016.2,7.0
FL,32765,23,4,2014.4347826086957,1.0
FL,32771,11,5,2011.4545454545455,0.0
FL,32775,1,1,2008.0,0.0
FL,32778,9,4,2010.4444444444443,1.0
FL,32779,2,2,2019.0,0.0
FL,32780,7,2,2010.0,0.0
FL,32789,45,8,2009.4444444444443,1.0
FL,32792,55,9,2012.709090909091,4.0
FL,32796,5,3,2010.2,1.0
FL,32801,15,5,2015.8666666666666,1.0
FL,32803,85,8,2010.129411764706,1.0
FL,32804,58,9,2011.2241379310344,6.0
FL,32805,7,3,2008.857142857143,0.0
FL,32806,182,10,2012.0824175824175,13.0
FL,32807,4,1,2019.25,2.0
FL,32808,9,4,2010.0,0.0
FL,32809,8,5,2008.25,0.0
FL,32810,2,2,2016.0,0.0
FL,32811,3,2,2008.3333333333333,0.0
FL,32812,2,1,2008.0,0.0
FL,32814,16,4,2012.1875,1.0
FL,32816,2,2,2006.5,0.0
FL,32817,5,3,2011.8,0.0
FL,32818,1,1,2006.0,0.0
FL,32819,23,3,2010.4782608695652,0.0
FL,32821,3,2,2018.6666666666667,2.0
FL,32822,6,4,2009.3333333333333,1.0
FL,32824,1,1,2018.0,0.0
FL,32825,12,5,2011.0833333333333,2.0
FL,32826,1,1,2006.0,0.0
FL,32827,17,4,2014.6470588235295,2.0
FL,32828,13,3,2012.2307692307693,0.0
FL,32829,1,1,2019.0,0.0
FL,32832,11,5,2018.5454545454545,2.0
FL,32835,5,2,2011.4,1.0
FL,32836,2,2,2013.0,0.0
FL,32837,15,2,2012.3333333333333,0.0
FL,32839,2,1,2007.5,0.0
FL,32901,62,8,2010.1451612903227,4.0
FL,32903,2,2,2005.0,0.0
FL,32905,1,1,2005.0,0.0
FL,32907,1,1,2006.0,0.0
FL,32909,3,2,2010.3333333333333,0.0
FL,32925,1,1,2007.0,0.0
FL,32927,4,1,2012.5,0.0
FL,32931,5,2,2008.4,0.0
FL,32934,2,2,2016.0,0.0
FL,32935,13,5,2011.4615384615386,0.0
FL,32937,5,3,2012.6,0.0
FL,32940,20,5,2008.95,0.0
FL,32948,1,1,2005.0,0.0
FL,32949,1,1,2025.0,1.0
FL,32952,8,3,2009.0,0.0
FL,32953,6,2,2008.3333333333333,0.0
FL,32955,4,3,2015.0,1.0
FL,32958,3,2,2007.3333333333333,0.0
FL,32960,31,5,2010.4516129032259,2.0
FL,32967,2,2,2006.5,0.0
FL,32968,3,2,2021.6666666666667,2.0
FL,33004,1,1,2019.0,0.0
FL,33009,22,6,2010.9545454545455,1.0
FL,33012,6,3,2012.5,0.0
FL,33013,11,2,2008.909090909091,0.0
FL,33014,5,2,2007.4,0.0
FL,33015,1,1,2009.0,0.0
FL,33016,37,10,2013.6216216216217,2.0
FL,33019,2,2,2010.5,0.0
FL,33020,10,3,2014.1,0.0
FL,33021,80,8,2010.225,2.0
FL,33023,4,2,2018.0,1.0
FL,33024,21,5,2011.0,0.0
FL,33025,5,3,2014.8,1.0
FL,33026,9,3,2011.3333333333333,0.0
FL,33027,19,5,2011.6842105263158,1.0
FL,33028,33,5,2011.4545454545455,2.0
FL,33029,51,9,2011.921568627451,5.0
FL,33030,4,2,2012.25,0.0
FL,33032,2,1,2019.5,1.0
FL,33033,8,2,2010.125,0.0
FL,33034,1,1,2006.0,0.0
FL,33035,1,1,2008.0,0.0
FL,33040,14,5,2009.5714285714287,1.0
FL,33042,1,1,2006.0,0.0
FL,33054,3,1,2011.0,0.0
FL,33056,1,1,2006.0,0.0
FL,33060,5,3,2017.8,1.0
FL,33062,6,2,2007.6666666666667,0.0
FL,33063,22,7,2010.7272727272727,0.0
FL,33064,6,4,2011.0,1.0
FL,33065,44,7,2011.5227272727273,3.0
FL,33066,2,2,2012.0,0.0
FL,33067,3,2,2017.3333333333333,1.0
FL,33068,2,1,2018.0,1.0
FL,33070,1,1,2025.0,1.0
FL,33071,20,3,2008.25,0.0
FL,33073,11,6,2011.5454545454545,2.0
FL,33076,3,1,2010.0,0.0
FL,33101,14,3,2006.0,0.0
FL,33122,3,2,2018.6666666666667,0.0
FL,33125,4,4,2007.5,0.0
FL,33126,12,4,2010.6666666666667,0.0
FL,33127,2,2,2008.0,0.0
FL,33129,1,1,2015.0,0.0
FL,33130,1,1,2013.0,0.0
FL,33131,1,1,2022.0,0.0
FL,33132,1,1,2020.0,0.0
FL,33133,44,8,2011.2045454545455,3.0
FL,33134,9,5,2012.2222222222222,1.0
FL,33135,4,3,2016.25,1.0
FL,33136,77,10,2012.090909090909,3.0
FL,33137,13,3,2009.8461538461538,1.0
FL,33138,4,2,2009.25,0.0
FL,33139,5,3,2012.2,0.0
FL,33140,31,6,2011.1935483870968,0.0
FL,33141,4,3,2014.5,0.0
FL,33142,3,2,2010.0,0.0
FL,33143,73,10,2010.4109589041095,1.0
FL,33144,3,2,2012.3333333333333,0.0
FL,33145,3,3,2010.0,0.0
FL,33146,19,6,2008.578947368421,1.0
FL,33147,1,1,2012.0,0.0
FL,33149,1,1,2020.0,0.0
FL,33150,9,3,2014.3333333333333,1.0
FL,33154,5,4,2014.4,2.0
FL,33155,6,4,2013.6666666666667,1.0
FL,33156,17,3,2010.7058823529412,0.0
FL,33157,15,3,2012.8,1.0
FL,33160,4,2,2013.75,0.0
FL,33161,10,4,2016.0,2.0
FL,33162,25,4,2012.6,2.0
FL,33165,2,2,2011.5,0.0
FL,33166,7,2,2007.0,0.0
FL,33168,1,1,2018.0,0.0
FL,33169,11,5,2010.4545454545455,0.0
FL,33172,2,2,2015.0,0.0
FL,33173,21,4,2008.3809523809523,0.0
FL,33174,3,1,2009.0,0.0
FL,33175,12,4,2012.9166666666667,0.0
FL,33176,84,6,2009.3690476190477,1.0
FL,33177,1,1,2015.0,0.0
FL,33178,4,2,2008.0,0.0
FL,33179,2,1,2006.5,0.0
FL,33180,29,8,2011.5862068965516,3.0
FL,33181,15,4,2010.2666666666667,0.0
FL,33183,23,5,2012.9565217391305,1.0
FL,33184,1,1,2010.0,0.0
FL,33185,3,1,2018.6666666666667,2.0
FL,33186,8,2,2010.25,0.0
FL,33190,6,3,2010.3333333333333,0.0
FL,33194,1,1,2010.0,0.0
FL,33196,3,3,2022.6666666666667,1.0
FL,33199,5,4,2006.0,0.0
FL,33248,1,1,2008.0,0.0
FL,33301,3,1,2013.6666666666667,0.0
FL,33304,1,1,2009.0,0.0
FL,33306,4,3,2020.0,2.0
FL,33308,36,8,2009.5555555555557,1.0
FL,33309,5,4,2020.8,2.0
FL,33311,18,5,2013.0555555555557,2.0
FL,33312,2,1,2018.0,1.0
FL,33313,12,4,2009.5,0.0
FL,33314,1,1,2010.0,0.0
FL,33315,7,4,2006.857142857143,0.0
FL,33316,58,7,2010.7931034482758,6.0
FL,33317,22,7,2011.0454545454545,0.0
FL,33319,2,1,2011.0,0.0
FL,33321,10,4,2011.3,0.0
FL,33322,7,4,2011.0,0.0
FL,33323,21,3,2008.857142857143,1.0
FL,33324,31,9,2009.4516129032259,2.0
FL,33325,1,1,2025.0,1.0
FL,33326,17,5,2012.6470588235295,2.0
FL,33327,2,1,2012.5,0.0
FL,33328,8,2,2017.125,2.0
FL,33330,1,1,2012.0,0.0
FL,33331,21,3,2011.2380952380952,0.0
FL,33332,1,1,2009.0,0.0
FL,33334,2,1,2008.5,0.0
FL,33335,1,1,2007.0,0.0
FL,33351,1,1,2024.0,1.0
FL,33401,25,7,2011.0,2.0
FL,33404,1,1,2018.0,0.0
FL,33405,1,1,2020.0,0.0
FL,33406,11,4,2012.6363636363637,0.0
FL,33407,65,7,2011.1538461538462,2.0
FL,33409,8,3,2007.5,0.0
FL,33410,26,7,2012.0384615384614,0.0
FL,33411,5,3,2021.6,2.0
FL,33414,51,7,2011.7058823529412,6.0
FL,33418,2,2,2005.5,0.0
FL,33426,16,5,2012.3125,1.0
FL,33428,17,6,2011.4117647058824,0.0
FL,33430,5,3,2012.4,0.0
FL,33431,34,10,2011.4705882352941,2.0
FL,33433,30,6,2009.9333333333334,2.0
FL,33434,8,3,2007.25,0.0
FL,33435,45,6,2012.5555555555557,1.0
FL,33436,6,1,2009.5,0.0
FL,33437,5,2,2009.2,0.0
FL,33440,1,1,2021.0,0.0
FL,33442,5,2,2007.4,0.0
FL,33444,4,2,2012.0,0.0
FL,33445,9,4,2010.888888888889,1.0
FL,33446,4,1,2008.25,0.0
FL,33449,1,1,2019.0,0.0
FL,33458,40,9,2012.575,7.0
FL,33460,2,2,2011.0,0.0
FL,33461,21,5,2012.8095238095239,3.0
FL,33462,10,5,2008.6,0.0
FL,33463,8,4,2012.125,0.0
FL,33467,2,2,2008.5,0.0
FL,33470,17,5,2010.2941176470588,0.0
FL,33471,1,1,2007.0,0.0
FL,33472,3,3,2008.0,0.0
FL,33476,1,1,2020.0,0.0
FL,33477,1,1,2007.0,0.0
FL,33478,2,1,2014.5,0.0
FL,33480,2,1,2008.5,0.0
FL,33483,2,1,2009.0,0.0
FL,33484,8,2,2009.0,0.0
FL,33486,46,10,2012.9347826086957,0.0
FL,33487,9,5,2015.111111111111,1.0
FL,33496,6,1,2009.1666666666667,0.0
FL,33498,5,3,2008.6,0.0
FL,33508,1,1,2005.0,0.0
FL,33510,3,2,2006.3333333333333,0.0
FL,33511,76,7,2010.75,4.0
FL,33521,1,1,2007.0,0.0
FL,33525,4,3,2009.0,0.0
FL,33527,2,2,2019.0,1.0
FL,33534,1,1,2008.0,0.0
FL,33540,3,1,2006.3333333333333,0.0
FL,33541,7,3,2011.4285714285713,0.0
FL,33542,6,3,2013.0,1.0
FL,33543,6,2,2011.3333333333333,0.0
FL,33544,13,6,2011.4615384615386,0.0
FL,33545,4,2,2013.25,0.0
FL,33547,2,1,2008.0,0.0
FL,33548,4,2,2015.25,0.0
FL,33549,9,2,2016.888888888889,3.0
FL,33558,4,3,2015.25,1.0
FL,33559,3,3,2013.3333333333333,1.0
FL,33563,9,5,2011.2222222222222,1.0
FL,33566,8,4,2014.25,2.0
FL,33570,1,1,2020.0,0.0
FL,33572,1,1,2024.0,1.0
FL,33573,11,2,2011.0,0.0
FL,33578,7,3,2018.4285714285713,1.0
FL,33579,3,2,2014.3333333333333,0.0
FL,33594,1,1,2006.0,0.0
FL,33596,1,1,2006.0,0.0
FL,33602,6,3,2010.0,0.0
FL,33603,3,2,2011.6666666666667,0.0
FL,33604,1,1,2023.0,1.0
FL,33605,1,1,2023.0,1.0
FL,33606,102,9,2011.9803921568628,9.0
FL,33607,132,9,2009.560606060606,3.0
FL,33609,44,7,2008.9772727272727,0.0
FL,33610,9,2,2013.0,1.0
FL,33611,2,1,2017.0,0.0
FL,33612,37,7,2009.4864864864865,0.0
FL,33613,45,6,2008.088888888889,0.0
FL,33614,9,4,2009.0,0.0
FL,33615,3,2,2011.0,0.0
FL,33617,9,4,2008.7777777777778,1.0
FL,33618,10,4,2009.9,1.0
FL,33619,1,1,2022.0,0.0
FL,33621,3,2,2006.0,0.0
FL,33625,4,3,2007.75,0.0
FL,33626,6,3,2012.0,1.0
FL,33629,2,2,2008.5,0.0
FL,33634,5,3,2010.4,0.0
FL,33635,1,1,2024.0,1.0
FL,33647,6,4,2013.5,1.0
FL,33701,71,6,2011.2676056338028,2.0
FL,33702,4,4,2010.5,0.0
FL,33703,2,2,2013.0,0.0
FL,33704,19,5,2015.6842105263158,2.0
FL,33705,4,2,2014.0,1.0
FL,33708,1,1,2010.0,0.0
FL,33709,4,2,2007.5,0.0
FL,33710,26,5,2009.3076923076924,0.0
FL,33712,12,4,2013.1666666666667,1.0
FL,33713,10,4,2014.2,0.0
FL,33716,2,2,2011.0,0.0
FL,33755,8,2,2006.0,0.0
FL,33756,40,6,2008.875,0.0
FL,33759,4,2,2013.75,0.0
FL,33760,4,3,2014.5,2.0
FL,33761,20,4,2008.1,0.0
FL,33762,3,2,2011.6666666666667,0.0
FL,33765,1,1,2008.0,0.0
FL,33770,13,4,2010.4615384615386,0.0
FL,33771,9,3,2013.7777777777778,0.0
FL,33772,13,3,2012.6923076923076,1.0
FL,33776,1,1,2007.0,0.0
FL,33777,4,2,2011.75,0.0
FL,33778,3,2,2009.3333333333333,0.0
FL,33781,3,2,2009.0,0.0
FL,33782,1,1,2011.0,0.0
FL,33801,2,2,2020.5,1.0
FL,33803,15,4,2013.0,3.0
FL,33805,57,8,2011.0,2.0
FL,33810,1,1,2010.0,0.0
FL,33812,2,1,2016.5,0.0
FL,33813,8,3,2013.75,0.0
FL,33823,1,1,2006.0,0.0
FL,33825,2,1,2006.0,0.0
FL,33830,5,2,2011.6,0.0
FL,33837,16,5,2016.375,6.0
FL,33838,1,1,2005.0,0.0
FL,33843,1,1,2021.0,0.0
FL,33844,2,2,2015.0,1.0
FL,33853,2,1,2006.0,0.0
FL,33870,12,4,2012.6666666666667,0.0
FL,33872,1,1,2015.0,0.0
FL,33873,3,2,2005.3333333333333,0.0
FL,33880,29,6,2011.9655172413793,3.0
FL,33881,7,3,2010.2857142857142,1.0
FL,33896,1,1,2020.0,0.0
FL,33897,3,1,2006.6666666666667,0.0
FL,33901,4,3,2011.25,1.0
FL,33903,2,2,2021.0,0.0
FL,33904,2,1,2015.0,1.0
FL,33905,5,2,2009.6,1.0
FL,33907,20,5,2009.85,0.0
FL,33908,94,7,2012.159574468085,7.0
FL,33912,6,4,2012.6666666666667,1.0
FL,33916,7,3,2006.4285714285713,0.0
FL,33919,6,3,2009.8333333333333,1.0
FL,33928,4,2,2013.25,0.0
FL,33935,2,2,2007.5,0.0
FL,33936,2,1,2014.5,0.0
FL,33948,2,1,2011.0,0.0
FL,33950,6,4,2008.3333333333333,0.0
FL,33952,24,5,2011.1666666666667,2.0
FL,33965,1,1,2005.0,0.0
FL,33966,9,5,2010.111111111111,1.0
FL,33967,1,1,2006.0,0.0
FL,33972,1,1,2006.0,0.0
FL,33980,4,1,2010.5,1.0
FL,33983,1,1,2012.0,0.0
FL,33990,31,5,2008.7096774193549,0.0
FL,33991,1,1,2007.0,0.0
FL,34102,15,3,2008.8666666666666,0.0
FL,34103,4,3,2007.0,0.0
FL,34104,3,2,2009.6666666666667,0.0
FL,34108,6,4,2008.5,0.0
FL,34109,27,3,2010.5555555555557,0.0
FL,34110,31,7,2008.0,0.0
FL,34112,2,1,2005.5,0.0
FL,34113,1,1,2011.0,0.0
FL,34114,9,4,2008.0,0.0
FL,34116,4,2,2007.0,0.0
FL,34119,5,3,2009.6,0.0
FL,34134,2,1,2016.0,0.0
FL,34135,4,2,2009.25,0.0
FL,34141,1,1,2006.0,0.0
FL,34142,4,2,2007.0,0.0
FL,34145,3,1,2010.3333333333333,0.0
FL,34201,1,1,2006.0,0.0
FL,34202,17,4,2009.0588235294117,1.0
FL,34203,4,2,2009.75,0.0
FL,34205,9,2,2008.6666666666667,1.0
FL,34207,1,1,2023.0,1.0
FL,34208,24,6,2012.2083333333333,4.0
FL,34209,14,3,2009.5,1.0
FL,34210,5,4,2009.8,0.0
FL,34211,3,2,2010.3333333333333,0.0
FL,34212,2,1,2015.5,1.0
FL,34219,5,3,2006.4,0.0
FL,34221,2,2,2015.0,1.0
FL,34223,5,2,2009.0,0.0
FL,34228,2,2,2016.0,0.0
FL,34229,1,1,2006.0,0.0
FL,34231,8,4,2009.5,0.0
FL,34232,4,2,2010.5,0.0
FL,34233,13,6,2008.5384615384614,0.0
FL,34234,6,3,2011.6666666666667,0.0
FL,34236,11,4,2010.5454545454545,1.0
FL,34237,8,3,2008.5,1.0
FL,34238,7,4,2011.2857142857142,1.0
FL,34239,83,9,2011.6144578313254,5.0
FL,34240,2,2,2016.5,0.0
FL,34241,1,1,2006.0,0.0
FL,34243,12,5,2011.0,0.0
FL,34266,3,1,2013.3333333333333,1.0
FL,34275,1,1,2010.0,0.0
FL,34285,7,2,2009.0,0.0
FL,34286,1,1,2016.0,0.0
FL,34287,2,2,2011.5,0.0
FL,34288,1,1,2021.0,0.0
FL,34291,2,1,2012.0,0.0
FL,34292,3,2,2016.0,1.0
FL,34293,3,2,2011.0,0.0
FL,34428,4,2,2008.75,0.0
FL,34429,4,1,2006.25,0.0
FL,34431,1,1,2008.0,0.0
FL,34448,1,1,2005.0,0.0
FL,34450,2,2,2012.5,0.0
FL,34452,8,3,2007.625,0.0
FL,34453,1,1,2025.0,1.0
FL,34461,3,3,2012.3333333333333,1.0
FL,34465,1,1,2006.0,0.0
FL,34470,4,2,2013.0,0.0
FL,34471,59,5,2009.6101694915253,4.0
FL,34473,1,1,2021.0,0.0
FL,34474,4,3,2012.5,0.0
FL,34475,1,1,2009.0,0.0
FL,34476,1,1,2006.0,0.0
FL,34479,1,1,2010.0,0.0
FL,34481,1,1,2020.0,0.0
FL,34491,1,1,2018.0,0.0
FL,34601,1,1,2006.0,0.0
FL,34606,1,1,2006.0,0.0
FL,34607,4,3,2011.75,0.0
FL,34608,1,1,2005.0,0.0
FL,34609,21,5,2011.2380952380952,2.0
FL,34610,1,1,2006.0,0.0
FL,34613,13,4,2012.0,0.0
FL,34638,3,2,2016.6666666666667,0.0
FL,34652,7,4,2008.4285714285713,0.0
FL,34653,2,2,2006.5,0.0
FL,34655,35,6,2013.9142857142858,4.0
FL,34667,2,2,2009.5,0.0
FL,34668,1,1,2017.0,0.0
FL,34677,2,1,2010.0,0.0
FL,34683,3,3,2011.0,0.0
FL,34684,9,1,2009.5555555555557,0.0
FL,34685,2,2,2008.0,0.0
FL,34689,3,2,2008.6666666666667,0.0
FL,34690,1,1,2006.0,0.0
FL,34695,14,3,2012.0,1.0
FL,34698,3,2,2005.6666666666667,0.0
FL,34705,1,1,2019.0,0.0
FL,34711,19,6,2009.7368421052631,0.0
FL,34714,1,1,2025.0,1.0
FL,34715,1,1,2020.0,0.0
FL,34741,33,6,2011.2121212121212,0.0
FL,34744,32,6,2012.90625,3.0
FL,34747,44,8,2013.2727272727273,6.0
FL,34748,13,3,2012.3076923076924,1.0
FL,34758,1,1,2008.0,0.0
FL,34759,2,2,2021.0,0.0
FL,34761,28,4,2011.6785714285713,0.0
FL,34769,11,3,2013.4545454545455,0.0
FL,34771,2,1,2017.5,0.0
FL,34785,2,2,2010.0,0.0
FL,34786,2,1,2012.5,0.0
FL,34787,21,4,2018.047619047619,5.0
FL,34946,1,1,2024.0,1.0
FL,34950,25,6,2012.28,1.0
FL,34952,24,6,2010.5,0.0
FL,34953,1,1,2020.0,0.0
FL,34957,20,5,2014.0,2.0
FL,34972,9,4,2006.6666666666667,0.0
FL,34982,1,1,2012.0,0.0
FL,34984,10,3,2023.0,5.0
FL,34986,6,2,2014.6666666666667,0.0
FL,34987,9,4,2014.5555555555557,1.0
FL,34990,2,1,2007.0,0.0
FL,34994,39,8,2010.6153846153845,2.0
FL,34996,2,2,2010.5,0.0
FL,34997,2,1,2011.0,0.0
FOREIGN,4042,1,1,2019.0,0.0
FRANCE,92200,1,1,2019.0,0.0
GA,30002,1,1,2005.0,0.0
GA,30004,5,3,2008.0,0.0
GA,30005,56,6,2008.8214285714287,0.0
GA,30008,4,1,2006.0,0.0
GA,30009,4,4,2011.25,1.0
GA,30012,18,7,2009.611111111111,1.0
GA,30013,16,4,2013.3125,2.0
GA,30014,21,5,2009.2380952380952,1.0
GA,30016,2,2,2016.0,1.0
GA,30019,4,1,2007.0,0.0
GA,30022,19,4,2017.9473684210527,6.0
GA,30024,19,4,2012.1052631578948,2.0
GA,30030,39,4,2012.3076923076924,3.0
GA,30032,3,2,2014.3333333333333,0.0
GA,30033,44,8,2011.2954545454545,0.0
GA,30034,8,5,2009.75,0.0
GA,30035,6,2,2006.6666666666667,0.0
GA,30038,1,1,2010.0,0.0
GA,30040,4,1,2012.25,0.0
GA,30041,25,5,2009.8,2.0
GA,30043,19,4,2012.0,2.0
GA,30044,9,2,2010.7777777777778,1.0
GA,30045,27,7,2007.9259259259259,2.0
GA,30046,57,7,2012.421052631579,6.0
GA,30047,5,3,2011.4,1.0
GA,30052,7,3,2013.4285714285713,0.0
GA,30058,16,4,2008.4375,1.0
GA,30060,116,7,2009.1120689655172,4.0
GA,30062,6,4,2009.5,0.0
GA,30064,6,4,2011.1666666666667,0.0
GA,30066,1,1,2023.0,1.0
GA,30067,5,3,2012.6,1.0
GA,30068,22,4,2011.5454545454545,2.0
GA,30071,7,4,2010.857142857143,0.0
GA,30075,5,3,2007.0,0.0
GA,30076,40,8,2013.375,3.0
GA,30077,1,1,2007.0,0.0
GA,30078,40,4,2009.575,1.0
GA,30080,9,4,2010.888888888889,1.0
GA,30082,7,4,2012.142857142857,0.0
GA,30083,1,1,2014.0,0.0
GA,30084,19,4,2007.578947368421,1.0
GA,30086,1,1,2006.0,0.0
GA,30087,2,1,2009.5,0.0
GA,30092,15,5,2011.2666666666667,0.0
GA,30093,13,4,2013.6153846153845,0.0
GA,30094,5,4,2008.6,0.0
GA,30096,30,4,2009.9,2.0
GA,30097,39,7,2013.5128205128206,3.0
GA,30101,4,4,2008.5,0.0
GA,30102,1,1,2013.0,0.0
GA,30106,57,8,2008.7719298245613,2.0
GA,30114,18,4,2009.7777777777778,0.0
GA,30115,10,4,2011.6,2.0
GA,30116,1,1,2005.0,0.0
GA,30117,22,4,2008.7272727272727,0.0
GA,30118,2,2,2006.0,0.0
GA,30120,17,3,2011.4117647058824,1.0
GA,30122,10,4,2006.4,0.0
GA,30127,1,1,2012.0,0.0
GA,30134,21,6,2010.5714285714287,0.0
GA,30135,3,2,2008.0,0.0
GA,30141,3,3,2012.0,0.0
GA,30143,10,3,2006.8,0.0
GA,30144,13,5,2007.5384615384614,1.0
GA,30152,8,4,2011.625,0.0
GA,30157,4,2,2015.75,0.0
GA,30161,10,2,2007.4,0.0
GA,30165,16,2,2010.75,0.0
GA,30180,12,3,2008.3333333333333,0.0
GA,30188,10,4,2009.2,1.0
GA,30189,12,4,2011.1666666666667,1.0
GA,30201,1,1,2010.0,0.0
GA,30204,2,1,2007.0,0.0
GA,30205,1,1,2006.0,0.0
GA,30213,1,1,2025.0,1.0
GA,30214,41,6,2009.2439024390244,2.0
GA,30215,2,2,2017.5,1.0
GA,30223,1,1,2005.0,0.0
GA,30224,16,4,2010.375,1.0
GA,30228,2,2,2012.5,0.0
GA,30233,1,1,2015.0,0.0
GA,30236,22,6,2010.6818181818182,2.0
GA,30240,14,5,2009.0714285714287,0.0
GA,30241,1,1,2005.0,0.0
GA,30248,2,1,2007.5,0.0
GA,30252,1,1,2008.0,0.0
GA,30253,10,2,2015.4,2.0
GA,30260,1,1,2006.0,0.0
GA,30263,6,3,2013.8333333333333,1.0
GA,30265,25,6,2009.12,0.0
GA,30268,3,2,2011.6666666666667,1.0
GA,30269,15,4,2011.2666666666667,0.0
GA,30274,31,6,2011.8387096774193,1.0
GA,30277,2,1,2007.0,0.0
GA,30281,45,6,2011.1555555555556,2.0
GA,30286,8,3,2007.75,0.0
GA,30290,18,4,2013.611111111111,1.0
GA,30291,3,1,2008.3333333333333,0.0
GA,30292,1,1,2025.0,1.0
GA,30294,1,1,2013.0,0.0
GA,30295,1,1,2013.0,0.0
GA,30303,69,9,2008.9855072463768,2.0
GA,30305,14,7,2013.2857142857142,2.0
GA,30306,4,4,2017.25,1.0
GA,30308,80,9,2012.125,6.0
GA,30309,78,8,2011.3333333333333,2.0
GA,30310,9,2,2013.2222222222222,0.0
GA,30311,4,2,2009.25,0.0
GA,30312,29,7,2010.6896551724137,0.0
GA,30313,1,1,2019.0,0.0
GA,30314,3,2,2005.0,0.0
GA,30315,19,4,2011.9473684210527,1.0
GA,30316,5,3,2015.0,1.0
GA,30317,3,1,2006.3333333333333,0.0
GA,30318,12,4,2010.0,1.0
GA,30319,1,1,2020.0,0.0
GA,30322,35,8,2014.0857142857142,7.0
GA,30324,7,4,2010.0,1.0
GA,30326,3,1,2018.3333333333333,0.0
GA,30327,12,5,2013.9166666666667,1.0
GA,30328,40,7,2008.65,0.0
GA,30329,14,4,2013.357142857143,1.0
GA,30330,1,1,2006.0,0.0
GA,30331,15,3,2011.7333333333333,1.0
GA,30332,6,5,2007.3333333333333,0.0
GA,30335,1,1,2006.0,0.0
GA,30338,21,4,2009.047619047619,1.0
GA,30339,9,3,2009.6666666666667,1.0
GA,30340,5,2,2016.8,0.0
GA,30341,9,3,2011.6666666666667,0.0
GA,30342,189,10,2009.5608465608466,9.0
GA,30344,17,5,2010.2941176470588,2.0
GA,30349,6,2,2006.3333333333333,0.0
GA,30350,3,2,2012.0,0.0
GA,30360,1,1,2017.0,0.0
GA,30363,3,2,2014.0,1.0
GA,30374,1,1,2018.0,0.0
GA,30401,1,1,2007.0,0.0
GA,30417,4,1,2006.5,0.0
GA,30458,20,3,2009.6,2.0
GA,30460,2,1,2007.0,0.0
GA,30461,1,1,2007.0,0.0
GA,30474,14,5,2010.5,1.0
GA,30501,70,9,2009.7,0.0
GA,30505,1,1,2006.0,0.0
GA,30507,4,2,2017.25,2.0
GA,30512,7,3,2008.4285714285713,0.0
GA,30513,1,1,2006.0,0.0
GA,30517,11,3,2011.0,0.0
GA,30518,3,3,2015.0,1.0
GA,30519,1,1,2006.0,0.0
GA,30525,3,2,2005.6666666666667,0.0
GA,30528,1,1,2006.0,0.0
GA,30529,1,1,2009.0,0.0
GA,30533,5,5,2010.0,1.0
GA,30534,5,3,2012.4,0.0
GA,30535,9,3,2010.5555555555557,1.0
GA,30540,2,2,2012.0,0.0
GA,30542,1,1,2008.0,0.0
GA,30548,1,1,2011.0,0.0
GA,30553,3,1,2007.6666666666667,0.0
GA,30560,1,1,2006.0,0.0
GA,30571,1,1,2013.0,0.0
GA,30577,8,5,2009.375,0.0
GA,30601,3,2,2021.0,2.0
GA,30602,2,1,2008.0,0.0
GA,30605,3,1,2017.6666666666667,2.0
GA,30606,71,7,2010.0704225352113,2.0
GA,30622,1,1,2012.0,0.0
GA,30633,1,1,2016.0,0.0
GA,30635,2,2,2009.5,0.0
GA,30642,7,2,2011.2857142857142,0.0
GA,30655,7,4,2012.142857142857,0.0
GA,30662,2,1,2006.5,0.0
GA,30677,15,5,2011.0666666666666,2.0
GA,30680,3,2,2015.0,0.0
GA,30701,12,5,2011.3333333333333,2.0
GA,30705,2,2,2012.5,0.0
GA,30720,36,5,2009.3055555555557,2.0
GA,30728,1,1,2025.0,1.0
GA,30730,1,1,2006.0,0.0
GA,30736,2,2,2017.0,0.0
GA,30741,1,1,2022.0,0.0
GA,30742,4,2,2008.25,0.0
GA,30746,1,1,2023.0,1.0
GA,30809,4,2,2009.25,0.0
GA,30813,2,1,2012.5,0.0
GA,30830,1,1,2008.0,0.0
GA,30901,38,4,2007.4736842105262,1.0
GA,30904,19,6,2007.421052631579,0.0
GA,30905,3,2,2006.3333333333333,0.0
GA,30906,3,2,2007.0,0.0
GA,30907,2,2,2009.0,0.0
GA,30909,32,7,2009.8125,1.0
GA,30910,1,1,2006.0,0.0
GA,30912,66,9,2015.7575757575758,14.0
GA,31005,1,1,2023.0,1.0
GA,31015,18,3,2014.8333333333333,4.0
GA,31021,15,4,2010.3333333333333,1.0
GA,31023,5,3,2007.2,0.0
GA,31024,4,2,2010.25,0.0
GA,31029,1,1,2020.0,0.0
GA,31030,1,1,2006.0,0.0
GA,31032,1,1,2007.0,0.0
GA,31036,4,3,2009.25,0.0
GA,31061,14,4,2012.4285714285713,4.0
GA,31062,1,1,2006.0,0.0
GA,31068,1,1,2025.0,1.0
GA,31069,1,1,2008.0,0.0
GA,31076,1,1,2010.0,0.0
GA,31082,3,2,2006.0,0.0
GA,31088,17,5,2013.3529411764705,3.0
GA,31093,23,4,2009.2608695652175,1.0
GA,31098,3,2,2010.3333333333333,0.0
GA,31201,60,8,2010.3,2.0
GA,31204,5,2,2007.0,0.0
GA,31207,2,2,2007.0,0.0
GA,31210,8,3,2009.5,1.0
GA,31217,17,5,2008.235294117647,0.0
GA,31305,2,2,2007.5,0.0
GA,31313,6,5,2010.5,0.0
GA,31314,30,4,2008.3333333333333,0.0
GA,31316,1,1,2007.0,0.0
GA,31320,1,1,2019.0,0.0
GA,31322,3,3,2018.0,1.0
GA,31324,9,4,2011.3333333333333,1.0
GA,31326,6,4,2007.3333333333333,0.0
GA,31329,1,1,2013.0,0.0
GA,31401,6,2,2009.8333333333333,0.0
GA,31404,30,7,2009.5666666666666,0.0
GA,31405,77,9,2010.3246753246754,3.0
GA,31406,10,5,2010.3,1.0
GA,31407,3,3,2014.6666666666667,1.0
GA,31410,1,1,2009.0,0.0
GA,31411,1,1,2006.0,0.0
GA,31416,2,1,2006.0,0.0
GA,31419,1,1,2009.0,0.0
GA,31501,7,3,2009.142857142857,0.0
GA,31510,3,2,2010.3333333333333,0.0
GA,31513,4,2,2010.75,0.0
GA,31520,15,4,2008.2666666666667,1.0
GA,31522,4,1,2007.5,0.0
GA,31525,1,1,2023.0,1.0
GA,31533,9,2,2008.7777777777778,0.0
GA,31539,2,1,2017.0,0.0
GA,31545,6,1,2007.5,0.0
GA,31548,1,1,2006.0,0.0
GA,31558,15,3,2009.2,0.0
GA,31569,1,1,2015.0,0.0
GA,31601,1,1,2015.0,0.0
GA,31602,23,5,2007.9130434782608,0.0
GA,31605,5,3,2019.2,2.0
GA,31636,1,1,2012.0,0.0
GA,31639,1,1,2014.0,0.0
GA,31699,2,1,2014.5,0.0
GA,31701,38,7,2010.6842105263158,3.0
GA,31705,1,1,2006.0,0.0
GA,31707,8,5,2009.625,1.0
GA,31709,17,5,2011.0588235294117,1.0
GA,31750,2,1,2006.0,0.0
GA,31757,1,1,2024.0,1.0
GA,31768,19,7,2013.3684210526317,1.0
GA,31780,1,1,2008.0,0.0
GA,31791,1,1,2014.0,0.0
GA,31792,15,5,2009.6666666666667,0.0
GA,31794,20,2,2009.0,0.0
GA,31805,1,1,2007.0,0.0
GA,31901,38,8,2010.9736842105262,3.0
GA,31904,40,7,2010.15,2.0
GA,31905,7,4,2008.4285714285713,0.0
GA,31906,3,2,2016.3333333333333,1.0
GA,31907,1,1,2007.0,0.0
GA,31909,3,3,2016.0,0.0
GA,39813,1,1,2006.0,0.0
GA,39817,1,1,2008.0,0.0
GA,39819,5,1,2007.8,0.0
GA,39828,2,1,2011.0,0.0
GA,39845,3,1,2008.3333333333333,0.0
GA,50307,1,1,2006.0,0.0
GA,60068,1,1,2006.0,0.0
GA,60460,1,1,2007.0,0.0
GA,90905,1,1,2006.0,0.0
GA,96913,1,1,2007.0,0.0
GU,96910,3,2,2015.3333333333333,0.0
GU,96913,18,5,2011.7777777777778,1.0
GU,96929,1,1,2007.0,0.0
GU,96931,1,1,2007.0,0.0
HESSEN,65183,1,1,2009.0,0.0
HESSEN,65193,1,1,2007.0,0.0
HI,96701,13,2,2010.0,0.0
HI,96704,1,1,2023.0,1.0
HI,96705,1,1,2006.0,0.0
HI,96706,5,3,2015.6,1.0
HI,96714,1,1,2021.0,0.0
HI,96717,1,1,2007.0,0.0
HI,96720,20,6,2011.45,3.0
HI,96725,1,1,2017.0,0.0
HI,96727,3,3,2011.3333333333333,0.0
HI,96731,1,1,2006.0,0.0
HI,96732,12,4,2011.75,1.0
HI,96734,21,6,2008.904761904762,1.0
HI,96740,16,5,2013.875,2.0
HI,96743,9,3,2009.111111111111,0.0
HI,96744,9,3,2007.6666666666667,0.0
HI,96745,1,1,2008.0,0.0
HI,96746,8,3,2012.5,1.0
HI,96748,3,1,2006.6666666666667,0.0
HI,96750,3,2,2012.0,1.0
HI,96753,4,3,2011.5,0.0
HI,96756,1,1,2022.0,0.0
HI,96761,1,1,2013.0,0.0
HI,96766,7,2,2007.0,0.0
HI,96768,1,1,2008.0,0.0
HI,96771,1,1,2025.0,1.0
HI,96778,1,1,2008.0,0.0
HI,96789,8,3,2012.375,1.0
HI,96792,1,1,2006.0,0.0
HI,96793,29,2,2009.9655172413793,1.0
HI,96796,4,1,2007.75,0.0
HI,96797,13,2,2007.8461538461538,0.0
HI,96813,53,5,2010.0188679245282,2.0
HI,96814,45,5,2009.3333333333333,0.0
HI,96816,6,1,2009.1666666666667,0.0
HI,96817,17,6,2010.1764705882354,1.0
HI,96818,1,1,2023.0,1.0
HI,96819,21,5,2011.5238095238096,1.0
HI,96820,1,1,2009.0,0.0
HI,96821,1,1,2016.0,0.0
HI,96822,2,2,2018.0,0.0
HI,96825,2,2,2006.0,0.0
HI,96826,107,7,2012.4672897196263,18.0
HI,96853,1,1,2020.0,0.0
HI,96859,42,7,2009.6666666666667,1.0
HI,96860,2,2,2007.0,0.0
IA,50010,23,4,2009.4347826086957,2.0
IA,50011,1,1,2007.0,0.0
IA,50014,7,3,2010.0,0.0
IA,50022,2,2,2009.5,0.0
IA,50023,7,4,2008.7142857142858,0.0
IA,50036,1,1,2006.0,0.0
IA,50049,1,1,2010.0,0.0
IA,50060,3,1,2009.6666666666667,0.0
IA,50111,1,1,2016.0,0.0
IA,50112,2,2,2010.5,0.0
IA,50115,1,1,2025.0,1.0
IA,50126,2,1,2010.0,0.0
IA,50129,1,1,2008.0,0.0
IA,50131,2,2,2021.5,1.0
IA,50138,2,2,2006.5,0.0
IA,50158,10,3,2008.2,0.0
IA,50201,1,1,2005.0,0.0
IA,50208,1,1,2013.0,0.0
IA,50219,2,1,2005.5,0.0
IA,50265,1,1,2023.0,1.0
IA,50266,30,5,2009.7,2.0
IA,50309,14,5,2006.0714285714287,0.0
IA,50311,6,3,2013.1666666666667,1.0
IA,50312,5,1,2017.6,0.0
IA,50313,3,2,2017.0,0.0
IA,50314,42,6,2008.9285714285713,1.0
IA,50315,4,2,2011.0,1.0
IA,50316,2,1,2007.0,0.0
IA,50317,7,2,2011.7142857142858,0.0
IA,50322,5,2,2008.0,0.0
IA,50325,15,3,2009.0,0.0
IA,50401,16,5,2010.625,2.0
IA,50428,1,1,2010.0,0.0
IA,50441,1,1,2022.0,0.0
IA,50501,6,2,2010.5,1.0
IA,50511,1,1,2006.0,0.0
IA,50516,1,1,2005.0,0.0
IA,50525,3,2,2008.0,0.0
IA,50588,1,1,2006.0,0.0
IA,50595,2,2,2016.5,0.0
IA,50613,8,4,2010.25,0.0
IA,50616,2,1,2016.5,0.0
IA,50645,1,1,2022.0,0.0
IA,50677,2,1,2007.0,0.0
IA,50701,2,1,2006.0,0.0
IA,50702,22,6,2012.9545454545455,1.0
IA,50703,13,4,2013.5384615384614,2.0
IA,50801,2,2,2006.5,0.0
IA,51034,1,1,2010.0,0.0
IA,51104,10,3,2010.7,0.0
IA,51105,12,4,2007.8333333333333,0.0
IA,51106,1,1,2010.0,0.0
IA,51250,5,3,2013.0,0.0
IA,51301,4,3,2009.75,0.0
IA,51334,2,1,2005.5,0.0
IA,51360,1,1,2025.0,1.0
IA,51401,2,2,2006.0,0.0
IA,51442,1,1,2007.0,0.0
IA,51501,2,1,2006.5,0.0
IA,51503,20,3,2010.35,0.0
IA,51537,1,1,2016.0,0.0
IA,51566,5,2,2007.4,0.0
IA,51601,4,2,2006.25,0.0
IA,52001,12,4,2007.1666666666667,0.0
IA,52002,8,3,2009.5,1.0
IA,52003,1,1,2006.0,0.0
IA,52039,1,1,2006.0,0.0
IA,52057,1,1,2006.0,0.0
IA,52101,3,3,2006.0,0.0
IA,52136,3,2,2018.6666666666667,1.0
IA,52175,2,2,2012.5,0.0
IA,52213,1,1,2021.0,0.0
IA,52224,1,1,2018.0,0.0
IA,52240,4,3,2013.75,1.0
IA,52241,10,4,2012.1,1.0
IA,52242,127,10,2013.5354330708662,21.0
IA,52245,12,4,2016.25,3.0
IA,52246,3,1,2005.3333333333333,0.0
IA,52247,1,1,2022.0,0.0
IA,52301,1,1,2023.0,0.0
IA,52302,1,1,2016.0,0.0
IA,52341,1,1,2020.0,0.0
IA,52342,1,1,2006.0,0.0
IA,52353,1,1,2006.0,0.0
IA,52401,7,4,2009.2857142857142,0.0
IA,52402,34,5,2009.9117647058824,1.0
IA,52403,11,3,2008.909090909091,0.0
IA,52405,3,2,2015.3333333333333,1.0
IA,52411,1,1,2025.0,1.0
IA,52501,10,3,2008.3,1.0
IA,52544,2,1,2006.0,0.0
IA,52565,1,1,2006.0,0.0
IA,52577,2,2,2021.0,1.0
IA,52590,1,1,2006.0,0.0
IA,52601,3,1,2006.0,0.0
IA,52627,9,3,2006.888888888889,0.0
IA,52632,4,3,2007.0,0.0
IA,52641,6,5,2009.5,0.0
IA,52655,10,4,2009.8,0.0
IA,52722,19,4,2009.157894736842,0.0
IA,52732,8,2,2007.875,0.0
IA,52742,1,1,2006.0,0.0
IA,52761,5,3,2008.2,0.0
IA,52778,1,1,2020.0,0.0
IA,52801,1,1,2005.0,0.0
IA,52802,1,1,2005.0,0.0
IA,52803,15,5,2008.6666666666667,0.0
IA,52807,30,5,2011.3,5.0
IA,53253,1,1,2011.0,0.0
ID,44124,1,1,2006.0,0.0
ID,83201,21,4,2009.2380952380952,0.0
ID,83204,1,1,2022.0,0.0
ID,83221,5,2,2009.2,0.0
ID,83245,1,1,2006.0,0.0
ID,83252,1,1,2024.0,1.0
ID,83254,1,1,2011.0,0.0
ID,83301,15,3,2008.4666666666667,0.0
ID,83316,1,1,2016.0,0.0
ID,83318,7,4,2012.142857142857,0.0
ID,83333,1,1,2007.0,0.0
ID,83338,1,1,2009.0,0.0
ID,83340,2,2,2006.5,0.0
ID,83341,1,1,2018.0,0.0
ID,83401,6,4,2014.0,1.0
ID,83402,4,2,2013.75,0.0
ID,83404,38,6,2011.0263157894738,0.0
ID,83406,3,2,2011.6666666666667,0.0
ID,83440,11,3,2011.090909090909,0.0
ID,83442,9,3,2015.3333333333333,2.0
ID,83445,1,1,2019.0,0.0
ID,83467,1,1,2007.0,0.0
ID,83501,12,5,2012.8333333333333,2.0
ID,83530,2,2,2016.0,1.0
ID,83536,1,1,2023.0,1.0
ID,83539,1,1,2010.0,0.0
ID,83540,1,1,2005.0,0.0
ID,83605,7,2,2006.0,0.0
ID,83607,4,2,2017.75,2.0
ID,83616,6,3,2013.5,0.0
ID,83617,1,1,2006.0,0.0
ID,83634,3,1,2014.6666666666667,1.0
ID,83638,2,2,2015.0,0.0
ID,83642,45,5,2012.911111111111,5.0
ID,83644,1,1,2014.0,0.0
ID,83646,6,3,2013.8333333333333,0.0
ID,83647,3,2,2009.0,0.0
ID,83648,4,2,2011.0,0.0
ID,83651,3,1,2017.0,0.0
ID,83660,1,1,2022.0,0.0
ID,83661,1,1,2005.0,0.0
ID,83676,1,1,2014.0,0.0
ID,83686,10,4,2011.9,2.0
ID,83687,24,6,2012.6666666666667,3.0
ID,83702,45,8,2012.2222222222222,6.0
ID,83704,48,6,2010.5,1.0
ID,83705,8,1,2016.125,0.0
ID,83706,9,4,2009.111111111111,0.0
ID,83709,2,1,2023.0,2.0
ID,83712,43,7,2009.1627906976744,3.0
ID,83713,5,2,2009.8,0.0
ID,83714,3,3,2016.3333333333333,0.0
ID,83716,2,2,2019.5,1.0
ID,83801,2,1,2013.0,0.0
ID,83805,5,1,2015.0,1.0
ID,83814,35,7,2012.6571428571428,8.0
ID,83815,2,2,2021.0,1.0
ID,83832,1,1,2010.0,0.0
ID,83835,5,1,2014.2,0.0
ID,83843,2,2,2019.5,1.0
ID,83851,1,1,2008.0,0.0
ID,83854,6,2,2011.8333333333333,1.0
ID,83858,3,1,2016.3333333333333,0.0
ID,83864,14,4,2009.2142857142858,0.0
ID,83866,1,1,2012.0,0.0
ID,83870,1,1,2019.0,0.0
IL,60002,1,1,2010.0,0.0
IL,60004,24,3,2007.7916666666667,0.0
IL,60005,34,7,2008.1470588235295,0.0
IL,60007,30,4,2008.8,0.0
IL,60010,36,5,2011.1944444444443,2.0
IL,60012,1,1,2011.0,0.0
IL,60014,8,2,2008.125,1.0
IL,60015,10,2,2008.0,0.0
IL,60016,15,2,2010.8,1.0
IL,60022,2,2,2014.5,0.0
IL,60025,5,3,2008.6,0.0
IL,60026,26,4,2007.5,0.0
IL,60030,5,4,2008.8,0.0
IL,60031,12,2,2006.4166666666667,0.0
IL,60035,13,3,2011.923076923077,0.0
IL,60040,1,1,2017.0,0.0
IL,60041,1,1,2023.0,1.0
IL,60042,1,1,2016.0,0.0
IL,60044,4,1,2007.0,0.0
IL,60045,32,7,2008.15625,2.0
IL,60047,1,1,2005.0,0.0
IL,60048,17,2,2007.5882352941176,0.0
IL,60050,6,2,2006.8333333333333,0.0
IL,60053,7,4,2009.142857142857,1.0
IL,60056,6,1,2009.8333333333333,0.0
IL,60061,14,2,2008.857142857143,0.0
IL,60062,5,1,2009.2,0.0
IL,60064,6,3,2008.5,0.0
IL,60067,3,3,2010.0,0.0
IL,60068,85,7,2010.6117647058823,5.0
IL,60069,2,2,2013.0,0.0
IL,60074,1,1,2007.0,0.0
IL,60076,27,7,2010.1851851851852,0.0
IL,60077,24,3,2008.4166666666667,0.0
IL,60085,20,5,2011.1,2.0
IL,60088,4,1,2005.75,0.0
IL,60089,9,1,2007.111111111111,0.0
IL,60090,5,1,2008.8,0.0
IL,60091,19,4,2013.7368421052631,3.0
IL,60093,1,1,2005.0,0.0
IL,60098,8,3,2007.0,0.0
IL,60099,2,2,2011.5,0.0
IL,60101,3,2,2008.3333333333333,0.0
IL,60102,2,1,2007.0,0.0
IL,60107,1,1,2014.0,0.0
IL,60108,25,3,2006.96,0.0
IL,60115,6,2,2006.6666666666667,0.0
IL,60120,5,3,2012.4,0.0
IL,60122,1,1,2007.0,0.0
IL,60123,28,5,2007.607142857143,0.0
IL,60126,43,5,2009.2558139534883,2.0
IL,60130,5,2,2008.8,0.0
IL,60133,2,1,2006.5,0.0
IL,60134,17,5,2008.3529411764705,0.0
IL,60137,8,2,2009.75,0.0
IL,60141,1,1,2006.0,0.0
IL,60142,11,2,2011.090909090909,0.0
IL,60148,9,2,2012.0,1.0
IL,60153,45,7,2014.5777777777778,12.0
IL,60160,17,3,2006.8235294117646,0.0
IL,60169,46,9,2011.0434782608695,8.0
IL,60173,9,5,2010.7777777777778,0.0
IL,60174,9,3,2009.3333333333333,1.0
IL,60175,15,4,2006.9333333333334,0.0
IL,60177,2,1,2008.0,0.0
IL,60178,12,4,2009.0,0.0
IL,60181,11,5,2009.3636363636363,0.0
IL,60187,19,4,2011.8947368421052,0.0
IL,60188,5,3,2008.4,0.0
IL,60190,13,3,2008.4615384615386,0.0
IL,60191,2,2,2009.5,0.0
IL,60193,1,1,2015.0,0.0
IL,60194,6,3,2006.1666666666667,0.0
IL,60195,1,1,2005.0,0.0
IL,60201,61,8,2009.8852459016393,0.0
IL,60202,17,7,2011.1764705882354,1.0
IL,60301,23,5,2013.2608695652175,2.0
IL,60302,9,4,2011.2222222222222,0.0
IL,60304,6,3,2012.1666666666667,1.0
IL,60305,6,3,2008.8333333333333,0.0
IL,60402,19,5,2011.3684210526317,3.0
IL,60406,7,3,2007.2857142857142,0.0
IL,60411,10,6,2007.5,0.0
IL,60419,1,1,2009.0,0.0
IL,60422,2,2,2010.0,0.0
IL,60423,4,3,2006.75,0.0
IL,60426,11,3,2009.0,0.0
IL,60429,8,2,2006.875,0.0
IL,60430,7,3,2007.2857142857142,0.0
IL,60432,3,2,2006.6666666666667,0.0
IL,60433,1,1,2014.0,0.0
IL,60435,21,6,2010.7619047619048,2.0
IL,60440,10,2,2007.9,1.0
IL,60448,6,2,2008.0,0.0
IL,60450,14,2,2006.7857142857142,0.0
IL,60451,31,5,2012.483870967742,6.0
IL,60452,1,1,2007.0,0.0
IL,60453,62,8,2010.6290322580646,1.0
IL,60455,2,2,2006.5,0.0
IL,60457,1,1,2026.0,1.0
IL,60459,3,1,2007.0,0.0
IL,60461,16,2,2008.625,0.0
IL,60462,12,3,2011.25,1.0
IL,60463,11,3,2007.7272727272727,0.0
IL,60464,2,2,2006.0,0.0
IL,60467,23,4,2007.9130434782608,0.0
IL,60471,1,1,2005.0,0.0
IL,60477,3,3,2011.6666666666667,0.0
IL,60478,1,1,2017.0,0.0
IL,60482,2,1,2009.0,0.0
IL,60487,2,2,2016.0,0.0
IL,60501,2,1,2014.0,0.0
IL,60502,3,2,2006.0,0.0
IL,60504,29,7,2009.3103448275863,0.0
IL,60505,3,2,2012.3333333333333,1.0
IL,60506,22,6,2010.0,0.0
IL,60510,1,1,2005.0,0.0
IL,60513,1,1,2006.0,0.0
IL,60514,1,1,2005.0,0.0
IL,60515,39,5,2008.820512820513,0.0
IL,60516,5,1,2016.2,0.0
IL,60517,4,1,2007.0,0.0
IL,60521,36,6,2009.4722222222222,2.0
IL,60523,13,5,2011.6153846153845,1.0
IL,60525,14,3,2007.4285714285713,0.0
IL,60527,23,4,2013.2608695652175,4.0
IL,60532,7,2,2010.142857142857,1.0
IL,60540,57,8,2010.1052631578948,2.0
IL,60543,4,2,2014.75,1.0
IL,60544,3,1,2008.0,0.0
IL,60546,3,1,2006.3333333333333,0.0
IL,60548,6,2,2008.8333333333333,0.0
IL,60553,1,1,2021.0,0.0
IL,60555,7,3,2010.0,1.0
IL,60559,1,1,2006.0,0.0
IL,60560,3,2,2005.6666666666667,0.0
IL,60563,7,3,2014.7142857142858,0.0
IL,60564,5,2,2014.4,1.0
IL,60585,1,1,2007.0,0.0
IL,60586,2,2,2007.0,0.0
IL,60601,3,2,2013.0,1.0
IL,60602,20,3,2010.5,2.0
IL,60603,14,3,2011.142857142857,0.0
IL,60604,19,3,2016.0526315789473,1.0
IL,60605,7,3,2010.4285714285713,0.0
IL,60606,2,2,2021.0,1.0
IL,60607,6,4,2017.6666666666667,1.0
IL,60608,55,6,2012.3454545454545,5.0
IL,60609,7,2,2009.4285714285713,0.0
IL,60610,19,5,2013.6842105263158,2.0
IL,60611,257,11,2011.5719844357977,14.0
IL,60612,175,12,2012.6114285714286,18.0
IL,60613,8,5,2013.625,0.0
IL,60614,9,2,2006.3333333333333,0.0
IL,60615,14,3,2006.9285714285713,0.0
IL,60616,32,6,2009.375,0.0
IL,60617,16,1,2008.5,0.0
IL,60618,10,3,2008.7,0.0
IL,60619,7,3,2009.0,0.0
IL,60620,2,1,2007.0,0.0
IL,60621,14,4,2016.2857142857142,6.0
IL,60622,63,6,2011.079365079365,2.0
IL,60623,37,5,2010.7297297297298,1.0
IL,60624,1,1,2006.0,0.0
IL,60625,35,3,2012.1714285714286,0.0
IL,60626,6,3,2009.8333333333333,1.0
IL,60628,15,2,2009.4,1.0
IL,60629,8,3,2010.625,1.0
IL,60630,7,3,2008.7142857142858,1.0
IL,60631,20,4,2010.35,0.0
IL,60632,7,2,2010.4285714285713,0.0
IL,60634,5,1,2007.4,0.0
IL,60636,2,2,2022.5,1.0
IL,60637,118,9,2013.4915254237287,16.0
IL,60638,6,3,2013.1666666666667,1.0
IL,60639,6,3,2013.1666666666667,0.0
IL,60640,16,4,2009.3125,1.0
IL,60641,1,1,2006.0,0.0
IL,60642,4,1,2008.75,0.0
IL,60643,7,3,2010.4285714285713,0.0
IL,60644,3,2,2020.0,0.0
IL,60645,1,1,2007.0,0.0
IL,60646,8,3,2007.25,0.0
IL,60647,11,3,2008.6363636363637,0.0
IL,60649,4,2,2010.5,0.0
IL,60652,1,1,2007.0,0.0
IL,60653,4,2,2010.25,0.0
IL,60654,7,4,2018.5714285714287,1.0
IL,60657,82,8,2011.1951219512196,5.0
IL,60659,2,1,2013.0,0.0
IL,60660,2,2,2012.0,0.0
IL,60661,9,4,2016.6666666666667,2.0
IL,60673,4,3,2010.75,0.0
IL,60674,1,1,2005.0,0.0
IL,60677,1,1,2008.0,0.0
IL,60707,1,1,2007.0,0.0
IL,60712,4,1,2007.75,0.0
IL,60714,1,1,2005.0,0.0
IL,60804,3,2,2005.6666666666667,0.0
IL,60805,13,3,2009.3846153846155,0.0
IL,60901,12,3,2007.6666666666667,0.0
IL,60914,7,3,2012.4285714285713,0.0
IL,60936,3,2,2018.0,1.0
IL,60957,1,1,2017.0,0.0
IL,60970,1,1,2005.0,0.0
IL,61008,4,2,2006.75,0.0
IL,61016,2,1,2013.5,0.0
IL,61021,5,1,2006.0,0.0
IL,61032,9,5,2009.2222222222222,1.0
IL,61036,1,1,2010.0,0.0
IL,61054,1,1,2025.0,1.0
IL,61068,1,1,2017.0,0.0
IL,61073,5,2,2010.2,0.0
IL,61081,6,3,2010.5,0.0
IL,61101,1,1,2009.0,0.0
IL,61102,27,4,2015.2592592592594,3.0
IL,61103,10,5,2010.6,1.0
IL,61104,17,6,2008.9411764705883,1.0
IL,61107,21,6,2007.6666666666667,0.0
IL,61108,1,1,2006.0,0.0
IL,61109,1,1,2006.0,0.0
IL,61111,2,2,2013.5,0.0
IL,61112,1,1,2007.0,0.0
IL,61114,12,3,2012.0,1.0
IL,61115,1,1,2006.0,0.0
IL,61201,2,2,2017.0,0.0
IL,61244,2,1,2007.0,0.0
IL,61254,1,1,2011.0,0.0
IL,61265,18,5,2007.4444444444443,0.0
IL,61274,1,1,2005.0,0.0
IL,61282,4,2,2006.0,0.0
IL,61301,1,1,2006.0,0.0
IL,61312,1,1,2005.0,0.0
IL,61342,1,1,2006.0,0.0
IL,61350,7,3,2012.0,2.0
IL,61354,11,5,2008.6363636363637,1.0
IL,61356,2,1,2014.0,0.0
IL,61362,3,1,2006.0,0.0
IL,61364,4,3,2009.75,0.0
IL,61401,12,4,2008.0,1.0
IL,61455,12,3,2006.75,0.0
IL,61462,1,1,2006.0,0.0
IL,61468,1,1,2025.0,1.0
IL,61520,4,2,2009.5,0.0
IL,61530,1,1,2019.0,0.0
IL,61548,1,1,2026.0,1.0
IL,61550,1,1,2023.0,1.0
IL,61554,7,3,2010.142857142857,0.0
IL,61602,9,4,2008.6666666666667,0.0
IL,61603,15,5,2008.9333333333334,0.0
IL,61604,4,3,2012.75,1.0
IL,61605,1,1,2007.0,0.0
IL,61606,5,3,2008.4,0.0
IL,61614,51,9,2010.078431372549,3.0
IL,61615,4,4,2011.25,0.0
IL,61634,1,1,2015.0,0.0
IL,61636,2,2,2010.0,0.0
IL,61637,13,4,2010.2307692307693,0.0
IL,61701,28,4,2010.9285714285713,4.0
IL,61704,17,4,2012.4117647058824,1.0
IL,61761,17,4,2009.6470588235295,1.0
IL,61764,3,2,2006.0,0.0
IL,61801,61,6,2013.016393442623,9.0
IL,61802,4,3,2010.75,0.0
IL,61820,18,3,2011.3333333333333,0.0
IL,61821,1,1,2022.0,0.0
IL,61822,5,1,2009.4,1.0
IL,61832,5,3,2011.0,0.0
IL,61920,4,2,2008.25,0.0
IL,61938,4,2,2010.5,0.0
IL,61944,2,2,2006.0,0.0
IL,62002,14,3,2008.7857142857142,0.0
IL,62024,2,1,2006.5,0.0
IL,62025,1,1,2025.0,1.0
IL,62034,4,2,2009.75,0.0
IL,62040,5,2,2014.6,1.0
IL,62049,1,1,2008.0,0.0
IL,62052,6,3,2006.0,0.0
IL,62056,1,1,2010.0,0.0
IL,62062,17,5,2011.2941176470588,1.0
IL,62205,2,1,2005.5,0.0
IL,62207,3,2,2011.0,0.0
IL,62208,2,2,2024.0,2.0
IL,62220,6,2,2005.8333333333333,0.0
IL,62221,1,1,2016.0,0.0
IL,62223,8,2,2007.875,0.0
IL,62225,7,3,2009.2857142857142,0.0
IL,62226,12,5,2008.5,0.0
IL,62230,7,3,2008.7142857142858,0.0
IL,62231,1,1,2007.0,0.0
IL,62233,2,2,2006.5,0.0
IL,62239,1,1,2022.0,0.0
IL,62246,4,2,2007.25,0.0
IL,62249,1,1,2011.0,0.0
IL,62269,23,5,2016.3478260869565,4.0
IL,62286,1,1,2006.0,0.0
IL,62298,4,2,2009.0,0.0
IL,62301,11,2,2007.6363636363637,0.0
IL,62321,2,2,2006.0,0.0
IL,62354,1,1,2005.0,0.0
IL,62401,10,3,2007.9,0.0
IL,62413,2,1,2023.5,2.0
IL,62448,1,1,2013.0,0.0
IL,62450,4,1,2006.0,0.0
IL,62454,5,3,2012.2,0.0
IL,62521,4,2,2008.0,0.0
IL,62526,28,6,2010.25,1.0
IL,62568,2,1,2007.0,0.0
IL,62644,1,1,2024.0,1.0
IL,62650,11,2,2010.1818181818182,0.0
IL,62656,2,1,2006.0,0.0
IL,62677,1,1,2015.0,0.0
IL,62702,92,8,2011.2065217391305,9.0
IL,62703,4,4,2010.75,0.0
IL,62781,2,1,2005.5,0.0
IL,62794,1,1,2024.0,1.0
IL,62801,3,3,2009.3333333333333,0.0
IL,62812,1,1,2015.0,0.0
IL,62822,1,1,2006.0,0.0
IL,62832,2,1,2006.5,0.0
IL,62839,1,1,2010.0,0.0
IL,62864,10,4,2009.7,0.0
IL,62881,2,2,2018.0,1.0
IL,62901,22,5,2014.909090909091,3.0
IL,62914,1,1,2006.0,0.0
IL,62946,2,1,2006.5,0.0
IL,62948,9,3,2008.2222222222222,1.0
IL,62959,14,5,2010.0,1.0
IL,62966,1,1,2005.0,0.0
IL,81801,1,1,2006.0,0.0
IN,46011,14,3,2010.857142857143,0.0
IN,46013,4,2,2014.25,0.0
IN,46016,12,4,2009.4166666666667,1.0
IN,46032,90,10,2010.611111111111,3.0
IN,46037,21,3,2008.0,0.0
IN,46038,4,2,2007.75,0.0
IN,46040,3,2,2018.3333333333333,2.0
IN,46041,2,2,2010.0,0.0
IN,46051,1,1,2006.0,0.0
IN,46052,6,1,2006.0,0.0
IN,46055,2,2,2019.5,1.0
IN,46060,14,5,2010.2142857142858,2.0
IN,46072,1,1,2008.0,0.0
IN,46074,9,2,2012.2222222222222,1.0
IN,46077,5,3,2006.2,0.0
IN,46106,1,1,2006.0,0.0
IN,46107,1,1,2007.0,0.0
IN,46112,1,1,2013.0,0.0
IN,46113,1,1,2007.0,0.0
IN,46122,11,3,2009.5454545454545,1.0
IN,46123,28,6,2009.6785714285713,2.0
IN,46131,4,2,2011.0,1.0
IN,46135,2,2,2012.0,0.0
IN,46140,8,2,2011.0,0.0
IN,46143,11,5,2008.4545454545455,0.0
IN,46151,4,3,2005.5,0.0
IN,46158,18,4,2008.2222222222222,0.0
IN,46173,4,2,2007.25,0.0
IN,46176,6,3,2008.5,0.0
IN,46184,1,1,2006.0,0.0
IN,46201,5,3,2012.0,0.0
IN,46202,96,10,2010.0416666666667,4.0
IN,46203,15,4,2013.5333333333333,0.0
IN,46204,2,2,2013.0,0.0
IN,46205,4,3,2010.0,0.0
IN,46214,2,2,2018.5,0.0
IN,46218,1,1,2022.0,0.0
IN,46219,12,3,2007.0833333333333,0.0
IN,46221,2,2,2015.5,1.0
IN,46224,1,1,2023.0,0.0
IN,46225,3,2,2006.3333333333333,0.0
IN,46226,8,3,2010.375,0.0
IN,46227,16,5,2013.875,2.0
IN,46228,3,2,2007.6666666666667,0.0
IN,46229,3,2,2006.0,0.0
IN,46234,1,1,2010.0,0.0
IN,46235,1,1,2008.0,0.0
IN,46237,34,8,2010.1764705882354,1.0
IN,46240,1,1,2006.0,0.0
IN,46250,8,5,2012.875,2.0
IN,46254,22,5,2010.3181818181818,2.0
IN,46256,73,8,2009.4109589041095,4.0
IN,46260,80,9,2008.8,3.0
IN,46268,6,3,2011.0,0.0
IN,46278,2,1,2012.0,0.0
IN,46280,8,4,2011.875,0.0
IN,46290,1,1,2014.0,0.0
IN,46304,3,2,2006.0,0.0
IN,46307,27,6,2008.5555555555557,1.0
IN,46310,1,1,2005.0,0.0
IN,46311,9,4,2008.888888888889,0.0
IN,46312,7,2,2011.5714285714287,1.0
IN,46320,7,5,2012.0,2.0
IN,46321,45,4,2010.111111111111,7.0
IN,46322,5,2,2008.6,0.0
IN,46323,3,3,2010.3333333333333,0.0
IN,46324,3,2,2006.6666666666667,0.0
IN,46342,8,4,2010.25,0.0
IN,46347,1,1,2008.0,0.0
IN,46350,15,4,2009.9333333333334,1.0
IN,46356,1,1,2006.0,0.0
IN,46360,14,2,2007.5,1.0
IN,46368,11,3,2012.5454545454545,2.0
IN,46373,4,1,2010.75,1.0
IN,46375,6,2,2014.6666666666667,1.0
IN,46383,23,5,2010.7826086956522,3.0
IN,46385,5,3,2011.8,0.0
IN,46391,1,1,2007.0,0.0
IN,46402,2,2,2013.5,0.0
IN,46404,8,5,2009.125,0.0
IN,46405,2,2,2011.5,0.0
IN,46410,24,6,2009.3333333333333,1.0
IN,46506,2,2,2012.0,0.0
IN,46514,28,6,2010.6785714285713,1.0
IN,46516,4,3,2006.0,0.0
IN,46524,1,1,2021.0,0.0
IN,46526,31,6,2010.741935483871,2.0
IN,46528,1,1,2006.0,0.0
IN,46530,5,2,2016.2,0.0
IN,46534,1,1,2007.0,0.0
IN,46542,2,2,2012.5,0.0
IN,46544,6,1,2007.8333333333333,0.0
IN,46545,9,4,2014.111111111111,0.0
IN,46550,1,1,2020.0,0.0
IN,46556,1,1,2006.0,0.0
IN,46561,1,1,2005.0,0.0
IN,46563,2,1,2006.0,0.0
IN,46571,3,2,2017.0,1.0
IN,46573,1,1,2025.0,1.0
IN,46580,9,3,2011.3333333333333,2.0
IN,46582,3,1,2008.6666666666667,0.0
IN,46590,1,1,2026.0,1.0
IN,46601,49,6,2010.1632653061224,2.0
IN,46613,1,1,2006.0,0.0
IN,46615,2,1,2011.0,0.0
IN,46617,5,2,2006.6,0.0
IN,46619,1,1,2009.0,0.0
IN,46635,9,2,2009.7777777777778,0.0
IN,46703,4,2,2009.5,0.0
IN,46706,14,5,2012.2142857142858,0.0
IN,46711,1,1,2019.0,0.0
IN,46714,5,3,2006.0,0.0
IN,46725,3,1,2005.6666666666667,0.0
IN,46733,1,1,2007.0,0.0
IN,46737,1,1,2005.0,0.0
IN,46738,1,1,2008.0,0.0
IN,46748,2,1,2017.0,0.0
IN,46750,10,4,2010.0,0.0
IN,46755,4,1,2006.25,0.0
IN,46761,1,1,2006.0,0.0
IN,46783,1,1,2020.0,0.0
IN,46802,7,4,2006.2857142857142,0.0
IN,46804,19,5,2007.578947368421,0.0
IN,46805,11,6,2013.6363636363637,0.0
IN,46806,1,1,2019.0,0.0
IN,46808,1,1,2005.0,0.0
IN,46815,1,1,2009.0,0.0
IN,46825,40,8,2010.75,3.0
IN,46835,2,2,2015.0,0.0
IN,46845,35,6,2008.2857142857142,0.0
IN,46901,13,3,2012.6923076923076,2.0
IN,46902,9,2,2010.111111111111,0.0
IN,46923,2,2,2006.5,0.0
IN,46947,8,1,2007.75,0.0
IN,46952,2,1,2006.0,0.0
IN,46953,7,3,2006.7142857142858,0.0
IN,46960,1,1,2007.0,0.0
IN,46979,1,1,2006.0,0.0
IN,46992,3,3,2006.6666666666667,0.0
IN,47006,5,1,2011.4,0.0
IN,47012,3,2,2014.0,1.0
IN,47025,6,3,2009.8333333333333,0.0
IN,47112,5,3,2009.6,0.0
IN,47122,3,2,2005.6666666666667,0.0
IN,47129,2,1,2007.5,0.0
IN,47130,24,6,2014.25,4.0
IN,47150,13,3,2011.5384615384614,1.0
IN,47170,2,1,2009.0,0.0
IN,47201,15,5,2010.5333333333333,2.0
IN,47203,11,5,2013.909090909091,3.0
IN,47224,1,1,2017.0,0.0
IN,47240,3,2,2008.0,0.0
IN,47243,1,1,2016.0,0.0
IN,47246,1,1,2006.0,0.0
IN,47250,3,2,2012.3333333333333,0.0
IN,47265,1,1,2007.0,0.0
IN,47274,10,4,2010.1,1.0
IN,47302,2,1,2005.5,0.0
IN,47303,4,3,2008.0,0.0
IN,47304,16,2,2008.1875,0.0
IN,47305,3,1,2012.6666666666667,0.0
IN,47306,2,1,2006.0,0.0
IN,47331,3,2,2006.3333333333333,0.0
IN,47348,1,1,2006.0,0.0
IN,47362,6,3,2010.1666666666667,0.0
IN,47374,15,4,2010.2,0.0
IN,47380,1,1,2006.0,0.0
IN,47394,6,2,2007.3333333333333,0.0
IN,47401,9,5,2009.4444444444443,0.0
IN,47403,32,5,2008.8125,0.0
IN,47404,1,1,2022.0,0.0
IN,47408,15,4,2011.4,2.0
IN,47421,7,4,2009.2857142857142,1.0
IN,47441,3,1,2007.0,0.0
IN,47443,1,1,2011.0,0.0
IN,47448,1,1,2005.0,0.0
IN,47454,3,1,2006.0,0.0
IN,47469,1,1,2006.0,0.0
IN,47501,7,3,2012.857142857143,1.0
IN,47546,12,4,2009.5833333333333,0.0
IN,47586,2,1,2005.5,0.0
IN,47591,4,2,2011.0,0.0
IN,47630,56,7,2007.4464285714287,1.0
IN,47634,1,1,2017.0,0.0
IN,47710,1,1,2006.0,0.0
IN,47711,4,1,2012.0,1.0
IN,47712,1,1,2014.0,0.0
IN,47713,1,1,2005.0,0.0
IN,47714,24,4,2009.0,0.0
IN,47715,1,1,2006.0,0.0
IN,47725,1,1,2014.0,0.0
IN,47750,4,3,2009.0,0.0
IN,47802,7,4,2006.7142857142858,0.0
IN,47804,4,3,2007.25,0.0
IN,47807,13,4,2007.5384615384614,0.0
IN,47834,3,2,2010.6666666666667,0.0
IN,47872,1,1,2009.0,0.0
IN,47882,2,1,2006.0,0.0
IN,47904,5,3,2012.8,0.0
IN,47905,43,5,2011.2790697674418,3.0
IN,47906,1,1,2006.0,0.0
IN,47933,6,3,2007.8333333333333,0.0
IN,47960,1,1,2006.0,0.0
IN,60652,1,1,2006.0,0.0
INAOKACHO,23800,1,1,2017.0,0.0
KANAGAWA,23800,1,1,2020.0,0.0
KS,66006,2,1,2015.5,0.0
KS,66030,1,1,2024.0,1.0
KS,66032,1,1,2005.0,0.0
KS,66044,21,5,2011.2857142857142,1.0
KS,66045,1,1,2006.0,0.0
KS,66046,3,3,2013.3333333333333,1.0
KS,66047,1,1,2009.0,0.0
KS,66048,8,5,2008.625,1.0
KS,66049,4,3,2017.0,1.0
KS,66061,17,5,2009.3529411764705,0.0
KS,66062,9,4,2013.6666666666667,1.0
KS,66067,2,2,2005.5,0.0
KS,66071,1,1,2006.0,0.0
KS,66085,1,1,2008.0,0.0
KS,66101,3,2,2013.0,0.0
KS,66102,5,4,2010.0,0.0
KS,66103,3,2,2011.6666666666667,0.0
KS,66109,1,1,2005.0,0.0
KS,66111,2,1,2006.0,0.0
KS,66112,5,1,2008.0,0.0
KS,66160,60,9,2014.1666666666667,12.0
KS,66202,1,1,2013.0,0.0
KS,66203,19,3,2012.7368421052631,0.0
KS,66204,36,7,2009.2222222222222,2.0
KS,66205,2,2,2015.5,0.0
KS,66207,1,1,2015.0,0.0
KS,66208,3,2,2011.0,0.0
KS,66209,10,4,2011.4,1.0
KS,66210,12,4,2014.0,1.0
KS,66211,16,5,2011.0625,1.0
KS,66212,1,1,2011.0,0.0
KS,66213,9,2,2008.111111111111,0.0
KS,66214,3,2,2013.3333333333333,0.0
KS,66215,43,8,2008.6744186046512,1.0
KS,66216,1,1,2015.0,0.0
KS,66218,2,1,2006.0,0.0
KS,66220,1,1,2021.0,0.0
KS,66223,4,4,2013.75,0.0
KS,66224,4,2,2012.5,1.0
KS,66226,8,3,2007.5,0.0
KS,66227,1,1,2024.0,1.0
KS,66441,4,2,2006.5,0.0
KS,66442,16,4,2008.5,0.0
KS,66502,17,3,2007.9411764705883,0.0
KS,66503,2,2,2017.5,0.0
KS,66603,1,1,2025.0,1.0
KS,66604,1,1,2006.0,0.0
KS,66606,28,7,2009.5714285714287,0.0
KS,66610,1,1,2006.0,0.0
KS,66611,1,1,2013.0,0.0
KS,66612,1,1,2016.0,0.0
KS,66614,3,2,2007.6666666666667,0.0
KS,66701,2,2,2015.5,1.0
KS,66720,4,2,2012.0,0.0
KS,66739,1,1,2007.0,0.0
KS,66762,9,3,2009.888888888889,0.0
KS,66801,7,3,2011.7142857142858,1.0
KS,67002,3,2,2017.6666666666667,1.0
KS,67010,2,2,2011.0,0.0
KS,67037,3,2,2021.0,2.0
KS,67042,5,1,2009.0,0.0
KS,67107,1,1,2007.0,0.0
KS,67114,6,1,2008.0,0.0
KS,67135,1,1,2015.0,0.0
KS,67156,6,3,2010.3333333333333,0.0
KS,67202,3,1,2022.0,1.0
KS,67203,1,1,2023.0,1.0
KS,67204,1,1,2014.0,0.0
KS,67205,2,2,2010.5,0.0
KS,67206,7,3,2008.0,0.0
KS,67207,3,2,2013.3333333333333,1.0
KS,67208,37,6,2010.5675675675675,0.0
KS,67211,2,2,2023.0,1.0
KS,67212,3,2,2016.3333333333333,0.0
KS,67214,46,5,2014.4565217391305,10.0
KS,67218,14,4,2008.5,0.0
KS,67221,4,1,2010.25,0.0
KS,67226,17,6,2010.2941176470588,0.0
KS,67230,1,1,2007.0,0.0
KS,67235,1,1,2010.0,0.0
KS,67260,1,1,2009.0,0.0
KS,67301,2,1,2005.5,0.0
KS,67337,3,2,2007.6666666666667,0.0
KS,67357,7,3,2009.5714285714287,0.0
KS,67401,17,3,2009.764705882353,0.0
KS,67410,1,1,2011.0,0.0
KS,67431,1,1,2010.0,0.0
KS,67501,4,1,2010.25,1.0
KS,67502,13,1,2007.1538461538462,0.0
KS,67530,5,1,2008.2,0.0
KS,67554,1,1,2010.0,0.0
KS,67566,2,1,2010.0,0.0
KS,67601,6,2,2007.5,0.0
KS,67701,4,3,2022.25,2.0
KS,67731,1,1,2016.0,0.0
KS,67735,1,1,2024.0,1.0
KS,67756,1,1,2021.0,0.0
KS,67801,9,4,2011.4444444444443,2.0
KS,67846,14,2,2009.642857142857,2.0
KS,67901,10,3,2011.8,1.0
KY,40004,10,3,2007.1,0.0
KY,40026,1,1,2007.0,0.0
KY,40031,4,2,2007.5,0.0
KY,40033,6,3,2008.6666666666667,0.0
KY,40056,1,1,2008.0,0.0
KY,40059,1,1,2006.0,0.0
KY,40065,7,4,2007.142857142857,0.0
KY,40076,1,1,2023.0,1.0
KY,40118,1,1,2006.0,0.0
KY,40121,7,3,2005.7142857142858,0.0
KY,40165,2,2,2011.0,0.0
KY,40202,90,10,2010.0666666666666,0.0
KY,40203,2,1,2015.0,0.0
KY,40204,2,1,2016.5,1.0
KY,40205,13,5,2010.8461538461538,0.0
KY,40206,1,1,2009.0,0.0
KY,40207,140,10,2008.7285714285715,5.0
KY,40208,1,1,2007.0,0.0
KY,40211,5,1,2011.4,1.0
KY,40212,8,3,2007.75,1.0
KY,40214,2,2,2007.5,0.0
KY,40215,4,3,2014.0,1.0
KY,40216,2,1,2006.5,0.0
KY,40217,1,1,2020.0,0.0
KY,40218,3,2,2015.3333333333333,1.0
KY,40219,1,1,2011.0,0.0
KY,40220,5,3,2012.8,0.0
KY,40222,3,2,2022.0,1.0
KY,40223,3,3,2010.0,0.0
KY,40241,10,4,2010.0,0.0
KY,40243,2,1,2014.0,0.0
KY,40245,1,1,2006.0,0.0
KY,40258,1,1,2015.0,0.0
KY,40272,2,1,2009.0,0.0
KY,40291,3,1,2012.0,0.0
KY,40324,11,3,2008.4545454545455,0.0
KY,40336,1,1,2008.0,0.0
KY,40351,14,4,2009.857142857143,1.0
KY,40353,5,3,2009.6,1.0
KY,40356,2,2,2010.0,0.0
KY,40361,4,3,2014.5,1.0
KY,40383,9,3,2021.4444444444443,7.0
KY,40390,1,1,2008.0,0.0
KY,40391,10,2,2009.4,0.0
KY,40403,1,1,2006.0,0.0
KY,40419,1,1,2021.0,0.0
KY,40422,17,4,2012.3529411764705,4.0
KY,40444,1,1,2007.0,0.0
KY,40475,13,5,2011.5384615384614,3.0
KY,40484,4,3,2008.25,0.0
KY,40489,1,1,2007.0,0.0
KY,40502,4,2,2009.25,0.0
KY,40503,52,7,2009.4038461538462,2.0
KY,40504,3,3,2005.6666666666667,0.0
KY,40506,1,1,2006.0,0.0
KY,40507,1,1,2016.0,0.0
KY,40508,19,5,2011.3157894736842,0.0
KY,40509,37,8,2011.6216216216217,1.0
KY,40511,1,1,2013.0,0.0
KY,40513,2,2,2014.5,0.0
KY,40536,44,7,2010.6818181818182,0.0
KY,40601,8,2,2007.0,0.0
KY,40701,9,4,2007.6666666666667,0.0
KY,40741,13,3,2009.7692307692307,0.0
KY,40744,1,1,2025.0,1.0
KY,40769,1,1,2008.0,0.0
KY,40831,3,2,2010.0,0.0
KY,40962,2,1,2006.0,0.0
KY,40965,3,2,2009.3333333333333,0.0
KY,40977,1,1,2006.0,0.0
KY,41002,1,1,2010.0,0.0
KY,41005,3,1,2014.0,0.0
KY,41011,10,3,2010.7,1.0
KY,41014,1,1,2008.0,0.0
KY,41017,38,6,2009.2894736842106,2.0
KY,41018,1,1,2024.0,1.0
KY,41031,10,3,2010.0,1.0
KY,41042,27,6,2010.0,1.0
KY,41051,2,1,2021.5,0.0
KY,41056,10,2,2007.4,0.0
KY,41071,5,2,2011.4,0.0
KY,41075,1,1,2006.0,0.0
KY,41076,5,1,2006.2,0.0
KY,41094,1,1,2011.0,0.0
KY,41101,22,4,2008.6818181818182,1.0
KY,41102,3,1,2010.0,0.0
KY,41143,1,1,2008.0,0.0
KY,41144,1,1,2008.0,0.0
KY,41179,2,2,2016.5,0.0
KY,41230,2,2,2006.0,0.0
KY,41240,3,1,2006.3333333333333,0.0
KY,41339,2,1,2006.0,0.0
KY,41501,10,2,2006.6,0.0
KY,41503,2,1,2007.5,0.0
KY,41514,1,1,2006.0,0.0
KY,41519,1,1,2017.0,0.0
KY,41602,3,2,2006.3333333333333,0.0
KY,41649,1,1,2006.0,0.0
KY,41653,8,4,2010.75,0.0
KY,41701,3,2,2015.0,0.0
KY,41749,4,2,2010.25,0.0
KY,41858,7,3,2009.142857142857,0.0
KY,42003,38,5,2010.3157894736842,4.0
KY,42025,1,1,2006.0,0.0
KY,42039,1,1,2019.0,0.0
KY,42066,6,3,2008.0,0.0
KY,42071,10,2,2007.5,0.0
KY,42101,31,7,2010.6129032258063,0.0
KY,42103,1,1,2013.0,0.0
KY,42104,5,2,2008.4,0.0
KY,42141,12,4,2007.9166666666667,0.0
KY,42166,2,1,2014.5,0.0
KY,42211,2,2,2009.0,0.0
KY,42223,29,5,2010.3103448275863,0.0
KY,42240,15,4,2008.4666666666667,0.0
KY,42276,4,2,2006.5,0.0
KY,42301,5,2,2005.8,0.0
KY,42303,24,6,2011.4166666666667,4.0
KY,42320,1,1,2006.0,0.0
KY,42345,1,1,2006.0,0.0
KY,42347,1,1,2025.0,1.0
KY,42367,1,1,2015.0,0.0
KY,42411,1,1,2005.0,0.0
KY,42420,8,3,2008.375,0.0
KY,42431,10,3,2011.0,0.0
KY,42450,1,1,2007.0,0.0
KY,42501,1,1,2005.0,0.0
KY,42503,16,3,2009.375,0.0
KY,42539,1,1,2017.0,0.0
KY,42602,1,1,2008.0,0.0
KY,42642,1,1,2024.0,1.0
KY,42701,24,5,2008.6666666666667,0.0
KY,42717,1,1,2006.0,0.0
KY,42718,13,4,2008.5384615384614,0.0
KY,42728,2,2,2010.5,0.0
KY,42743,3,2,2005.6666666666667,0.0
KY,42754,8,2,2007.625,0.0
KY,42765,1,1,2024.0,1.0
KY,70112,1,1,2006.0,0.0
LA,40207,1,1,2006.0,0.0
LA,70001,24,4,2008.25,0.0
LA,70002,9,3,2009.6666666666667,0.0
LA,70005,5,3,2006.0,0.0
LA,70006,35,4,2009.6,1.0
LA,70043,1,1,2009.0,0.0
LA,70053,11,1,2006.5454545454545,0.0
LA,70056,12,1,2009.25,0.0
LA,70058,3,2,2006.0,0.0
LA,70065,12,2,2009.5833333333333,0.0
LA,70068,4,1,2007.0,0.0
LA,70070,2,2,2008.0,0.0
LA,70072,11,3,2009.0,0.0
LA,70112,29,5,2010.4137931034484,1.0
LA,70114,5,2,2009.6,1.0
LA,70115,82,8,2011.8292682926829,9.0
LA,70116,1,1,2007.0,0.0
LA,70117,3,2,2010.0,0.0
LA,70118,8,5,2009.0,0.0
LA,70119,4,2,2011.5,0.0
LA,70121,24,6,2009.125,2.0
LA,70122,1,1,2017.0,0.0
LA,70123,1,1,2006.0,0.0
LA,70124,5,3,2013.2,0.0
LA,70126,1,1,2007.0,0.0
LA,70127,5,4,2019.6,2.0
LA,70128,1,1,2008.0,0.0
LA,70129,2,1,2011.5,0.0
LA,70130,2,2,2013.5,0.0
LA,70131,2,2,2018.5,1.0
LA,70301,8,4,2007.625,0.0
LA,70345,1,1,2005.0,0.0
LA,70360,20,3,2006.7,0.0
LA,70363,6,3,2007.0,0.0
LA,70364,1,1,2014.0,0.0
LA,70380,9,2,2009.7777777777778,0.0
LA,70394,5,2,2009.8,1.0
LA,70403,29,5,2009.4137931034484,0.0
LA,70427,5,2,2012.8,1.0
LA,70433,38,6,2010.4473684210527,2.0
LA,70437,2,2,2015.0,1.0
LA,70438,1,1,2008.0,0.0
LA,70441,1,1,2013.0,0.0
LA,70443,3,2,2008.0,0.0
LA,70447,8,4,2010.75,0.0
LA,70448,7,3,2005.2857142857142,0.0
LA,70454,1,1,2010.0,0.0
LA,70455,1,1,2007.0,0.0
LA,70458,16,4,2010.9375,3.0
LA,70460,1,1,2011.0,0.0
LA,70461,9,2,2008.0,0.0
LA,70471,5,2,2009.6,1.0
LA,70501,2,2,2006.5,0.0
LA,70503,36,7,2014.5555555555557,4.0
LA,70504,1,1,2009.0,0.0
LA,70506,7,4,2012.5714285714287,1.0
LA,70508,53,8,2009.1132075471698,3.0
LA,70510,2,1,2006.0,0.0
LA,70517,2,1,2009.5,0.0
LA,70518,3,3,2020.3333333333333,1.0
LA,70526,6,3,2007.3333333333333,0.0
LA,70529,1,1,2018.0,0.0
LA,70535,9,2,2010.7777777777778,0.0
LA,70538,2,1,2006.5,0.0
LA,70543,1,1,2005.0,0.0
LA,70546,6,3,2009.8333333333333,0.0
LA,70548,1,1,2005.0,0.0
LA,70554,4,2,2009.0,0.0
LA,70560,5,2,2011.0,1.0
LA,70563,8,3,2009.375,0.0
LA,70570,17,4,2011.1764705882354,2.0
LA,70586,2,1,2006.5,0.0
LA,70592,2,2,2013.0,0.0
LA,70601,7,3,2009.142857142857,0.0
LA,70605,37,5,2008.5405405405406,1.0
LA,70607,1,1,2006.0,0.0
LA,70634,10,4,2010.8,1.0
LA,70647,1,1,2024.0,1.0
LA,70648,2,2,2014.5,1.0
LA,70660,1,1,2025.0,1.0
LA,70663,9,5,2007.111111111111,0.0
LA,70726,1,1,2015.0,0.0
LA,70737,3,3,2010.6666666666667,0.0
LA,70754,1,1,2013.0,0.0
LA,70757,1,1,2016.0,0.0
LA,70764,3,1,2008.0,0.0
LA,70767,1,1,2006.0,0.0
LA,70776,1,1,2007.0,0.0
LA,70791,8,1,2008.875,0.0
LA,70802,1,1,2007.0,0.0
LA,70803,1,1,2007.0,0.0
LA,70805,2,1,2006.5,0.0
LA,70806,8,3,2008.0,0.0
LA,70808,6,3,2009.1666666666667,0.0
LA,70809,31,5,2010.1290322580646,2.0
LA,70810,4,3,2010.25,0.0
LA,70815,14,5,2006.7142857142858,0.0
LA,70816,10,4,2015.8,1.0
LA,70817,85,8,2009.105882352941,1.0
LA,70820,1,1,2025.0,1.0
LA,71037,2,2,2015.5,1.0
LA,71055,5,2,2013.0,1.0
LA,71101,12,5,2011.0,1.0
LA,71103,38,8,2010.1315789473683,2.0
LA,71104,3,3,2015.6666666666667,0.0
LA,71105,15,5,2009.1333333333334,0.0
LA,71106,4,1,2014.5,1.0
LA,71107,1,1,2023.0,1.0
LA,71110,2,1,2015.5,0.0
LA,71111,26,2,2009.9615384615386,1.0
LA,71115,44,3,2007.7954545454545,1.0
LA,71118,34,5,2010.0882352941176,3.0
LA,71129,1,1,2021.0,0.0
LA,71201,30,3,2010.9666666666667,2.0
LA,71202,8,4,2011.625,0.0
LA,71203,3,2,2005.6666666666667,0.0
LA,71220,4,3,2006.5,0.0
LA,71235,1,1,2019.0,0.0
LA,71251,1,1,2021.0,0.0
LA,71269,3,3,2012.3333333333333,0.0
LA,71270,10,3,2006.9,0.0
LA,71280,1,1,2005.0,0.0
LA,71291,10,2,2010.6,2.0
LA,71301,37,4,2008.1891891891892,1.0
LA,71303,2,1,2011.5,0.0
LA,71334,2,1,2006.5,0.0
LA,71342,1,1,2006.0,0.0
LA,71351,1,1,2023.0,1.0
LA,71360,2,2,2006.0,0.0
LA,71405,1,1,2015.0,0.0
LA,71446,2,1,2008.0,0.0
LA,71457,9,2,2010.6666666666667,1.0
LA,71459,2,1,2019.0,0.0
LA,71463,1,1,2010.0,0.0
LA,76806,1,1,2007.0,0.0
MA,1001,4,3,2011.25,0.0
MA,1002,4,3,2007.0,0.0
MA,1013,1,1,2009.0,0.0
MA,1020,12,4,2008.9166666666667,0.0
MA,1027,2,2,2007.0,0.0
MA,1028,3,2,2006.0,0.0
MA,1035,2,2,2007.0,0.0
MA,1040,10,4,2006.9,0.0
MA,1060,31,5,2009.0967741935483,1.0
MA,1061,1,1,2007.0,0.0
MA,1062,9,5,2013.888888888889,1.0
MA,1069,3,1,2011.0,0.0
MA,1072,1,1,2007.0,0.0
MA,1075,2,2,2010.5,0.0
MA,1082,1,1,2009.0,0.0
MA,1085,9,3,2008.7777777777778,0.0
MA,1089,2,1,2006.0,0.0
MA,1090,1,1,2006.0,0.0
MA,1096,1,1,2023.0,1.0
MA,1098,1,1,2023.0,1.0
MA,1103,3,2,2017.6666666666667,1.0
MA,1104,5,3,2006.0,0.0
MA,1106,2,2,2007.0,0.0
MA,1107,117,10,2010.6581196581196,7.0
MA,1108,1,1,2006.0,0.0
MA,1109,1,1,2007.0,0.0
MA,1118,7,3,2010.7142857142858,0.0
MA,1199,23,5,2007.304347826087,0.0
MA,1201,21,4,2008.7142857142858,0.0
MA,1220,2,1,2006.0,0.0
MA,1230,8,3,2009.625,0.0
MA,1245,1,1,2009.0,0.0
MA,1247,3,2,2018.6666666666667,1.0
MA,1301,20,4,2010.85,0.0
MA,1331,2,1,2018.0,0.0
MA,1341,1,1,2020.0,0.0
MA,1360,1,1,2014.0,0.0
MA,1364,1,1,2013.0,0.0
MA,1373,2,1,2006.0,0.0
MA,1376,2,1,2007.0,0.0
MA,1379,1,1,2009.0,0.0
MA,1420,3,2,2011.0,0.0
MA,1432,1,1,2006.0,0.0
MA,1440,6,2,2007.1666666666667,0.0
MA,1450,1,1,2006.0,0.0
MA,1453,18,6,2007.5,0.0
MA,1501,2,2,2005.5,0.0
MA,1505,1,1,2020.0,0.0
MA,1507,3,2,2009.0,0.0
MA,1518,2,1,2020.5,1.0
MA,1527,3,2,2010.3333333333333,0.0
MA,1532,1,1,2006.0,0.0
MA,1534,3,2,2011.0,0.0
MA,1540,1,1,2021.0,0.0
MA,1545,14,2,2008.7857142857142,0.0
MA,1550,9,2,2007.0,0.0
MA,1566,1,1,2024.0,1.0
MA,1568,1,1,2021.0,0.0
MA,1569,1,1,2007.0,0.0
MA,1570,2,2,2007.5,0.0
MA,1581,5,3,2008.4,0.0
MA,1588,2,2,2009.0,0.0
MA,1603,1,1,2023.0,0.0
MA,1604,21,3,2009.6666666666667,0.0
MA,1605,84,9,2008.952380952381,0.0
MA,1606,4,1,2006.0,0.0
MA,1608,33,7,2009.4242424242425,0.0
MA,1609,3,2,2013.3333333333333,1.0
MA,1610,2,2,2008.5,0.0
MA,1655,2,2,2019.0,0.0
MA,1701,6,2,2009.6666666666667,0.0
MA,1702,20,4,2009.95,1.0
MA,1720,5,3,2008.6,0.0
MA,1730,1,1,2007.0,0.0
MA,1731,2,1,2012.0,0.0
MA,1742,25,5,2010.2,1.0
MA,1747,1,1,2007.0,0.0
MA,1752,3,3,2006.6666666666667,0.0
MA,1757,19,6,2006.7368421052631,0.0
MA,1760,3,3,2009.6666666666667,0.0
MA,1770,2,2,2006.0,0.0
MA,1772,7,3,2008.857142857143,1.0
MA,1775,1,1,2023.0,1.0
MA,1778,4,3,2010.75,1.0
MA,1801,20,4,2012.4,0.0
MA,1803,28,5,2010.3214285714287,0.0
MA,1805,16,3,2011.125,1.0
MA,1810,9,2,2008.5555555555557,0.0
MA,1824,12,3,2011.5,1.0
MA,1826,2,1,2006.0,0.0
MA,1830,17,6,2007.4117647058824,1.0
MA,1835,2,2,2013.5,0.0
MA,1840,1,1,2007.0,0.0
MA,1841,2,1,2008.0,0.0
MA,1843,2,1,2010.0,0.0
MA,1844,12,2,2013.9166666666667,2.0
MA,1845,14,4,2011.0,2.0
MA,1852,6,3,2013.5,1.0
MA,1854,12,5,2008.3333333333333,0.0
MA,1863,6,3,2011.0,0.0
MA,1864,3,1,2010.6666666666667,0.0
MA,1867,10,5,2007.3,0.0
MA,1876,1,1,2021.0,0.0
MA,1880,2,1,2014.0,1.0
MA,1886,4,3,2022.0,2.0
MA,1887,1,1,2006.0,0.0
MA,1890,8,4,2009.625,1.0
MA,1901,10,2,2010.5,1.0
MA,1904,2,2,2006.5,0.0
MA,1907,8,2,2006.0,0.0
MA,1913,1,1,2007.0,0.0
MA,1915,57,5,2009.719298245614,0.0
MA,1923,8,4,2007.75,0.0
MA,1930,2,1,2018.5,1.0
MA,1940,1,1,2026.0,1.0
MA,1945,1,1,2016.0,0.0
MA,1950,3,2,2019.3333333333333,1.0
MA,1960,8,5,2008.625,1.0
MA,1969,1,1,2018.0,0.0
MA,1970,11,5,2010.0,0.0
MA,2021,1,1,2023.0,1.0
MA,2025,1,1,2014.0,0.0
MA,2026,20,5,2012.6,3.0
MA,2030,1,1,2025.0,1.0
MA,2035,3,2,2009.3333333333333,0.0
MA,2038,2,1,2010.0,0.0
MA,2045,1,1,2007.0,0.0
MA,2048,1,1,2009.0,0.0
MA,2050,2,2,2020.5,0.0
MA,2052,1,1,2006.0,0.0
MA,2053,1,1,2012.0,0.0
MA,2056,1,1,2019.0,0.0
MA,2061,10,5,2010.7,1.0
MA,2062,13,2,2008.3846153846155,0.0
MA,2066,4,2,2006.75,0.0
MA,2072,2,2,2016.0,0.0
MA,2090,1,1,2006.0,0.0
MA,2108,3,2,2016.6666666666667,1.0
MA,2109,13,4,2008.2307692307693,0.0
MA,2111,69,10,2013.1884057971015,10.0
MA,2114,132,9,2010.4924242424242,3.0
MA,2115,133,9,2011.03007518797,6.0
MA,2116,10,3,2009.8,0.0
MA,2118,128,10,2010.859375,5.0
MA,2119,8,3,2015.0,2.0
MA,2120,6,4,2010.5,0.0
MA,2121,1,1,2019.0,0.0
MA,2122,4,2,2011.5,1.0
MA,2124,2,1,2005.5,0.0
MA,2125,1,1,2005.0,0.0
MA,2126,1,1,2025.0,1.0
MA,2127,2,2,2024.0,2.0
MA,2128,14,3,2008.9285714285713,0.0
MA,2130,20,6,2008.4,0.0
MA,2132,2,1,2019.5,1.0
MA,2134,4,4,2010.25,0.0
MA,2135,13,4,2010.3076923076924,1.0
MA,2136,1,1,2024.0,1.0
MA,2138,61,6,2010.5737704918033,3.0
MA,2139,43,4,2009.2558139534883,2.0
MA,2140,1,1,2007.0,0.0
MA,2141,2,1,2013.5,0.0
MA,2142,1,1,2020.0,0.0
MA,2143,1,1,2007.0,0.0
MA,2144,7,3,2011.0,1.0
MA,2145,1,1,2016.0,0.0
MA,2148,4,1,2007.75,0.0
MA,2149,3,3,2006.6666666666667,0.0
MA,2150,2,2,2012.5,0.0
MA,2151,5,3,2007.8,0.0
MA,2155,21,5,2010.3333333333333,1.0
MA,2169,21,5,2009.047619047619,1.0
MA,2171,2,2,2015.0,1.0
MA,2176,11,3,2008.7272727272727,1.0
MA,2180,10,4,2008.0,0.0
MA,2184,4,3,2007.25,0.0
MA,2186,2,2,2015.0,1.0
MA,2188,1,1,2017.0,0.0
MA,2189,24,3,2007.5,0.0
MA,2190,18,6,2013.4444444444443,2.0
MA,2210,1,1,2020.0,0.0
MA,2215,101,9,2010.7029702970297,2.0
MA,2301,41,6,2009.2682926829268,2.0
MA,2302,13,5,2009.6923076923076,1.0
MA,2324,2,1,2019.0,1.0
MA,2332,3,2,2013.0,1.0
MA,2333,1,1,2011.0,0.0
MA,2339,11,4,2006.7272727272727,0.0
MA,2346,5,3,2012.6,0.0
MA,2351,1,1,2006.0,0.0
MA,2356,6,2,2009.5,0.0
MA,2359,1,1,2006.0,0.0
MA,2360,21,5,2013.8095238095239,2.0
MA,2379,2,1,2008.5,0.0
MA,2382,2,1,2005.5,0.0
MA,2420,6,3,2007.3333333333333,0.0
MA,2421,10,4,2007.1,0.0
MA,2445,52,7,2009.2115384615386,1.0
MA,2446,30,4,2008.1666666666667,2.0
MA,2451,13,4,2009.7692307692307,1.0
MA,2452,5,3,2011.2,0.0
MA,2453,3,3,2006.6666666666667,0.0
MA,2458,3,2,2011.6666666666667,1.0
MA,2459,7,4,2009.142857142857,0.0
MA,2461,1,1,2021.0,0.0
MA,2462,29,4,2008.7931034482758,2.0
MA,2465,1,1,2007.0,0.0
MA,2467,41,7,2009.2682926829268,0.0
MA,2472,8,2,2007.375,0.0
MA,2474,1,1,2025.0,1.0
MA,2476,5,3,2009.4,0.0
MA,2478,2,1,2022.0,0.0
MA,2481,53,7,2009.1509433962265,1.0
MA,2492,8,4,2008.25,0.0
MA,2493,10,3,2009.3,1.0
MA,2494,2,2,2012.0,0.0
MA,2539,1,1,2006.0,0.0
MA,2540,13,4,2007.6923076923076,0.0
MA,2553,1,1,2016.0,0.0
MA,2557,4,2,2006.0,0.0
MA,2563,2,1,2006.0,0.0
MA,2568,3,2,2006.0,0.0
MA,2571,8,4,2007.75,0.0
MA,2575,3,2,2012.3333333333333,0.0
MA,2601,27,5,2009.6296296296296,4.0
MA,2631,4,2,2010.75,1.0
MA,2632,1,1,2015.0,0.0
MA,2649,4,1,2008.75,0.0
MA,2655,1,1,2012.0,0.0
MA,2657,1,1,2006.0,0.0
MA,2658,1,1,2006.0,0.0
MA,2667,2,2,2007.5,0.0
MA,2668,1,1,2012.0,0.0
MA,2703,18,5,2007.7777777777778,0.0
MA,2719,1,1,2008.0,0.0
MA,2720,34,5,2008.0,1.0
MA,2721,1,1,2008.0,0.0
MA,2740,25,6,2010.52,0.0
MA,2747,14,4,2007.0714285714287,0.0
MA,2760,4,4,2016.75,0.0
MA,2762,6,2,2008.8333333333333,0.0
MA,2767,1,1,2006.0,0.0
MA,2780,7,2,2006.5714285714287,0.0
MA,10028,1,1,2011.0,0.0
MD,20601,2,2,2009.5,0.0
MD,20602,6,3,2009.6666666666667,1.0
MD,20603,11,4,2012.5454545454545,1.0
MD,20609,1,1,2013.0,0.0
MD,20613,4,2,2014.75,1.0
MD,20619,1,1,2012.0,0.0
MD,20637,1,1,2008.0,0.0
MD,20639,2,2,2015.0,0.0
MD,20646,4,2,2012.25,0.0
MD,20650,20,4,2012.35,1.0
MD,20670,1,1,2006.0,0.0
MD,20678,20,4,2008.7,1.0
MD,20688,1,1,2025.0,1.0
MD,20695,9,3,2011.3333333333333,0.0
MD,20705,1,1,2008.0,0.0
MD,20706,11,4,2016.6363636363637,4.0
MD,20707,14,5,2018.9285714285713,8.0
MD,20708,3,2,2017.0,1.0
MD,20714,1,1,2026.0,1.0
MD,20715,2,1,2008.5,0.0
MD,20716,21,5,2014.904761904762,6.0
MD,20720,3,3,2010.0,0.0
MD,20732,1,1,2020.0,0.0
MD,20735,21,5,2011.095238095238,3.0
MD,20736,1,1,2015.0,0.0
MD,20737,1,1,2021.0,0.0
MD,20740,12,6,2010.25,1.0
MD,20743,1,1,2023.0,1.0
MD,20744,5,3,2009.0,0.0
MD,20745,11,3,2014.0,4.0
MD,20746,15,3,2011.4666666666667,2.0
MD,20747,6,1,2011.6666666666667,1.0
MD,20748,3,1,2008.0,0.0
MD,20755,3,2,2005.6666666666667,0.0
MD,20759,20,5,2011.65,4.0
MD,20762,8,3,2010.25,0.0
MD,20769,2,2,2009.5,0.0
MD,20770,28,5,2013.8214285714287,9.0
MD,20772,1,1,2022.0,0.0
MD,20774,36,6,2015.9722222222222,12.0
MD,20782,5,2,2011.0,1.0
MD,20783,6,3,2017.5,3.0
MD,20784,3,2,2006.0,0.0
MD,20785,22,6,2010.7727272727273,1.0
MD,20794,1,1,2018.0,0.0
MD,20814,30,7,2010.5333333333333,1.0
MD,20815,21,5,2013.2380952380952,3.0
MD,20816,6,3,2015.8333333333333,1.0
MD,20817,27,7,2009.037037037037,2.0
MD,20832,13,4,2011.076923076923,1.0
MD,20850,94,9,2012.1489361702127,18.0
MD,20852,35,7,2012.6857142857143,6.0
MD,20854,5,2,2012.2,0.0
MD,20855,1,1,2011.0,0.0
MD,20860,1,1,2006.0,0.0
MD,20872,37,6,2008.7567567567567,1.0
MD,20874,13,3,2012.8461538461538,3.0
MD,20876,3,2,2024.3333333333333,3.0
MD,20877,10,2,2007.4,0.0
MD,20878,8,2,2011.375,0.0
MD,20879,6,1,2007.1666666666667,0.0
MD,20882,1,1,2023.0,1.0
MD,20886,5,5,2017.0,1.0
MD,20889,62,8,2010.3064516129032,0.0
MD,20892,11,3,2012.2727272727273,0.0
MD,20895,15,3,2009.2666666666667,0.0
MD,20896,2,2,2013.0,0.0
MD,20901,30,7,2011.6333333333334,4.0
MD,20902,31,7,2009.8387096774193,3.0
MD,20903,2,2,2008.5,0.0
MD,20904,21,5,2013.5238095238096,7.0
MD,20905,2,2,2011.0,0.0
MD,20906,2,2,2005.5,0.0
MD,20910,54,7,2012.2037037037037,11.0
MD,20912,16,4,2009.875,0.0
MD,20993,1,1,2019.0,0.0
MD,21009,1,1,2005.0,0.0
MD,21012,8,2,2009.5,0.0
MD,21014,29,6,2013.8620689655172,7.0
MD,21015,7,2,2021.2857142857142,5.0
MD,21017,1,1,2008.0,0.0
MD,21029,3,2,2011.6666666666667,1.0
MD,21030,2,2,2005.5,0.0
MD,21032,2,1,2020.0,1.0
MD,21035,1,1,2016.0,0.0
MD,21036,1,1,2008.0,0.0
MD,21037,1,1,2005.0,0.0
MD,21040,3,1,2010.3333333333333,0.0
MD,21042,7,3,2012.4285714285713,2.0
MD,21043,2,1,2006.0,0.0
MD,21044,47,6,2009.4893617021276,2.0
MD,21045,15,4,2012.7333333333333,2.0
MD,21046,36,5,2011.0,6.0
MD,21047,1,1,2006.0,0.0
MD,21050,1,1,2005.0,0.0
MD,21054,6,4,2013.3333333333333,1.0
MD,21061,36,6,2011.8333333333333,5.0
MD,21074,1,1,2015.0,0.0
MD,21075,3,3,2012.6666666666667,1.0
MD,21076,8,6,2014.625,1.0
MD,21078,5,2,2013.0,1.0
MD,21093,36,6,2009.75,4.0
MD,21111,1,1,2015.0,0.0
MD,21113,6,3,2021.8333333333333,3.0
MD,21114,2,1,2012.5,0.0
MD,21117,20,4,2011.2,4.0
MD,21122,10,3,2010.1,0.0
MD,21128,2,1,2007.0,0.0
MD,21133,4,2,2018.0,2.0
MD,21136,4,4,2016.75,0.0
MD,21144,1,1,2007.0,0.0
MD,21152,2,2,2006.0,0.0
MD,21157,42,8,2013.0,9.0
MD,21201,96,8,2010.6770833333333,6.0
MD,21202,57,9,2011.5087719298247,7.0
MD,21204,134,10,2010.0149253731342,14.0
MD,21205,4,3,2009.0,0.0
MD,21206,1,1,2019.0,0.0
MD,21207,3,3,2007.0,0.0
MD,21208,17,5,2010.0,1.0
MD,21209,9,3,2010.5555555555557,0.0
MD,21210,1,1,2023.0,0.0
MD,21211,8,3,2010.0,0.0
MD,21212,1,1,2006.0,0.0
MD,21213,2,2,2016.0,1.0
MD,21214,1,1,2020.0,0.0
MD,21215,23,6,2010.5652173913043,1.0
MD,21216,1,1,2014.0,0.0
MD,21217,1,1,2009.0,0.0
MD,21218,20,6,2011.65,2.0
MD,21221,5,3,2007.4,0.0
MD,21222,7,2,2009.2857142857142,0.0
MD,21224,57,8,2010.2456140350878,4.0
MD,21225,15,5,2010.2666666666667,1.0
MD,21226,1,1,2006.0,0.0
MD,21227,3,2,2005.6666666666667,0.0
MD,21228,11,3,2011.2727272727273,1.0
MD,21229,29,7,2010.7931034482758,4.0
MD,21230,1,1,2006.0,0.0
MD,21231,1,1,2016.0,0.0
MD,21234,4,2,2014.5,0.0
MD,21236,18,2,2011.6666666666667,4.0
MD,21237,35,7,2009.5714285714287,1.0
MD,21239,5,3,2009.6,0.0
MD,21244,6,2,2011.3333333333333,1.0
MD,21264,7,3,2015.857142857143,0.0
MD,21286,7,2,2014.5714285714287,2.0
MD,21287,88,8,2012.090909090909,3.0
MD,21401,122,12,2011.532786885246,13.0
MD,21403,2,1,2007.5,0.0
MD,21409,1,1,2011.0,0.0
MD,21502,18,4,2010.7777777777778,0.0
MD,21550,6,3,2011.5,1.0
MD,21601,28,7,2013.357142857143,3.0
MD,21613,6,4,2015.0,0.0
MD,21617,5,3,2016.8,2.0
MD,21619,1,1,2017.0,0.0
MD,21620,4,2,2007.75,0.0
MD,21629,2,2,2023.5,2.0
MD,21666,1,1,2025.0,1.0
MD,21701,4,4,2017.0,2.0
MD,21702,43,8,2011.093023255814,7.0
MD,21703,1,1,2007.0,0.0
MD,21704,7,3,2019.5714285714287,4.0
MD,21717,3,2,2011.0,0.0
MD,21734,1,1,2017.0,0.0
MD,21740,29,7,2012.6206896551723,5.0
MD,21742,25,8,2012.52,6.0
MD,21769,3,2,2017.3333333333333,0.0
MD,21771,3,2,2019.6666666666667,2.0
MD,21773,2,1,2015.0,0.0
MD,21784,2,1,2016.0,1.0
MD,21788,1,1,2019.0,0.0
MD,21801,14,4,2010.2142857142858,2.0
MD,21804,37,5,2011.918918918919,5.0
MD,21811,6,3,2015.5,2.0
MD,21817,1,1,2006.0,0.0
MD,21842,1,1,2008.0,0.0
MD,21863,1,1,2006.0,0.0
MD,21901,1,1,2010.0,0.0
MD,21915,1,1,2007.0,0.0
MD,21921,22,3,2009.8636363636363,1.0
ME,3909,6,4,2008.8333333333333,0.0
ME,4005,17,3,2009.764705882353,1.0
ME,4009,3,2,2008.3333333333333,0.0
ME,4010,1,1,2020.0,0.0
ME,4011,15,4,2008.9333333333334,0.0
ME,4032,4,2,2008.0,0.0
ME,4037,1,1,2016.0,0.0
ME,4041,1,1,2007.0,0.0
ME,4043,2,2,2013.0,0.0
ME,4046,1,1,2007.0,0.0
ME,4049,3,1,2012.3333333333333,0.0
ME,4055,2,2,2013.0,0.0
ME,4062,1,1,2011.0,0.0
ME,4073,3,2,2006.0,0.0
ME,4074,30,6,2010.6666666666667,0.0
ME,4079,2,2,2021.0,1.0
ME,4083,3,2,2008.3333333333333,0.0
ME,4085,1,1,2024.0,1.0
ME,4086,1,1,2015.0,0.0
ME,4090,4,2,2008.75,0.0
ME,4092,1,1,2020.0,0.0
ME,4096,5,3,2011.6,0.0
ME,4101,37,5,2011.4864864864865,1.0
ME,4102,56,7,2011.2857142857142,0.0
ME,4103,21,4,2012.8095238095239,0.0
ME,4105,4,3,2009.25,0.0
ME,4106,13,6,2011.6153846153845,2.0
ME,4108,1,1,2017.0,0.0
ME,4109,1,1,2017.0,0.0
ME,4210,2,2,2005.5,0.0
ME,4240,22,4,2011.1818181818182,3.0
ME,4260,2,1,2015.5,0.0
ME,4268,12,3,2009.9166666666667,0.0
ME,4287,1,1,2007.0,0.0
ME,4330,22,4,2009.5454545454545,3.0
ME,4332,3,2,2006.3333333333333,0.0
ME,4353,1,1,2009.0,0.0
ME,4355,2,2,2021.0,1.0
ME,4364,1,1,2006.0,0.0
ME,4401,51,6,2009.921568627451,2.0
ME,4412,3,2,2012.0,0.0
ME,4426,1,1,2006.0,0.0
ME,4443,1,1,2010.0,0.0
ME,4457,1,1,2006.0,0.0
ME,4476,1,1,2006.0,0.0
ME,4530,7,3,2017.2857142857142,2.0
ME,4538,1,1,2006.0,0.0
ME,4543,14,3,2007.2142857142858,0.0
ME,4553,1,1,2005.0,0.0
ME,4562,1,1,2020.0,0.0
ME,4578,2,1,2015.5,0.0
ME,4605,15,4,2008.8666666666666,1.0
ME,4609,4,3,2005.75,0.0
ME,4614,7,3,2006.857142857143,0.0
ME,4619,1,1,2006.0,0.0
ME,4654,4,2,2011.0,1.0
ME,4658,2,2,2007.0,0.0
ME,4662,1,1,2009.0,0.0
ME,4730,3,2,2006.0,0.0
ME,4736,9,5,2008.4444444444443,1.0
ME,4742,1,1,2006.0,0.0
ME,4743,4,2,2005.75,0.0
ME,4769,10,3,2008.6,1.0
ME,4841,3,2,2008.6666666666667,0.0
ME,4849,1,1,2025.0,1.0
ME,4856,13,4,2010.5384615384614,1.0
ME,4901,11,3,2008.1818181818182,0.0
ME,4915,7,4,2010.2857142857142,0.0
ME,4938,12,4,2007.5833333333333,0.0
ME,4941,1,1,2025.0,1.0
ME,4953,1,1,2026.0,1.0
ME,4963,2,2,2007.5,0.0
ME,4971,1,1,2010.0,0.0
ME,4976,4,1,2008.5,0.0
ME,4986,1,1,2014.0,0.0
ME,4989,1,1,2010.0,0.0
MI,48009,18,4,2007.7777777777778,1.0
MI,48017,4,2,2009.0,0.0
MI,48021,2,2,2015.5,1.0
MI,48025,19,4,2007.7894736842106,1.0
MI,48027,1,1,2018.0,0.0
MI,48033,1,1,2007.0,0.0
MI,48034,38,8,2008.9473684210527,1.0
MI,48035,3,3,2006.3333333333333,0.0
MI,48036,3,2,2016.3333333333333,0.0
MI,48038,32,4,2010.28125,1.0
MI,48042,3,2,2016.0,0.0
MI,48043,8,2,2016.5,2.0
MI,48044,10,4,2009.7,0.0
MI,48047,5,2,2007.6,0.0
MI,48048,1,1,2014.0,0.0
MI,48049,1,1,2007.0,0.0
MI,48051,1,1,2006.0,0.0
MI,48054,2,1,2009.5,0.0
MI,48060,18,4,2007.2222222222222,0.0
MI,48066,25,5,2012.84,4.0
MI,48067,15,4,2014.1333333333334,1.0
MI,48070,1,1,2007.0,0.0
MI,48071,4,1,2009.25,0.0
MI,48072,2,1,2006.5,0.0
MI,48073,88,10,2013.784090909091,15.0
MI,48075,29,7,2013.1379310344828,5.0
MI,48076,5,1,2009.2,0.0
MI,48080,17,4,2008.2941176470588,0.0
MI,48081,9,2,2006.888888888889,0.0
MI,48083,11,2,2008.3636363636363,0.0
MI,48084,27,4,2008.0,1.0
MI,48085,12,5,2011.75,1.0
MI,48088,11,3,2006.7272727272727,0.0
MI,48092,3,2,2008.6666666666667,0.0
MI,48093,30,4,2008.8666666666666,1.0
MI,48095,1,1,2007.0,0.0
MI,48098,4,1,2006.75,0.0
MI,48101,9,2,2008.3333333333333,0.0
MI,48103,18,3,2010.611111111111,1.0
MI,48104,23,6,2010.0869565217392,0.0
MI,48105,31,5,2013.8064516129032,2.0
MI,48108,19,3,2008.2105263157894,0.0
MI,48109,189,9,2013.037037037037,20.0
MI,48111,1,1,2006.0,0.0
MI,48114,14,5,2012.642857142857,2.0
MI,48116,14,6,2009.5714285714287,0.0
MI,48118,9,4,2010.0,0.0
MI,48120,1,1,2006.0,0.0
MI,48124,78,9,2012.3333333333333,12.0
MI,48126,27,5,2009.7037037037037,2.0
MI,48127,13,4,2010.8461538461538,0.0
MI,48130,1,1,2006.0,0.0
MI,48135,11,2,2012.2727272727273,2.0
MI,48138,1,1,2007.0,0.0
MI,48141,1,1,2018.0,0.0
MI,48146,3,1,2011.3333333333333,0.0
MI,48150,9,2,2012.0,1.0
MI,48152,37,5,2008.5405405405406,1.0
MI,48154,7,2,2016.5714285714287,3.0
MI,48157,3,2,2006.3333333333333,0.0
MI,48161,1,1,2025.0,1.0
MI,48162,15,5,2010.4,0.0
MI,48167,2,1,2009.5,0.0
MI,48168,6,1,2011.8333333333333,0.0
MI,48169,1,1,2010.0,0.0
MI,48170,6,1,2009.8333333333333,0.0
MI,48176,1,1,2023.0,0.0
MI,48180,3,3,2011.6666666666667,0.0
MI,48182,2,1,2006.0,0.0
MI,48183,36,6,2012.8333333333333,7.0
MI,48184,10,3,2007.3,0.0
MI,48185,9,3,2008.6666666666667,0.0
MI,48186,1,1,2008.0,0.0
MI,48187,36,5,2009.7777777777778,1.0
MI,48188,3,1,2009.3333333333333,0.0
MI,48192,18,2,2013.888888888889,3.0
MI,48193,9,2,2009.3333333333333,0.0
MI,48195,17,4,2007.8823529411766,0.0
MI,48197,73,9,2009.150684931507,2.0
MI,48198,1,1,2007.0,0.0
MI,48201,99,9,2009.5454545454545,2.0
MI,48202,67,8,2012.0597014925372,4.0
MI,48203,1,1,2023.0,1.0
MI,48204,2,2,2017.5,0.0
MI,48205,1,1,2008.0,0.0
MI,48208,1,1,2007.0,0.0
MI,48209,2,2,2017.5,1.0
MI,48210,3,2,2011.3333333333333,1.0
MI,48212,2,2,2022.0,1.0
MI,48214,5,2,2005.8,0.0
MI,48216,1,1,2017.0,0.0
MI,48219,1,1,2007.0,0.0
MI,48220,5,3,2009.2,0.0
MI,48221,3,3,2009.6666666666667,0.0
MI,48223,1,1,2007.0,0.0
MI,48224,1,1,2020.0,0.0
MI,48225,3,2,2018.3333333333333,0.0
MI,48226,2,1,2017.5,1.0
MI,48227,2,1,2007.0,0.0
MI,48230,13,4,2009.3846153846155,0.0
MI,48235,15,6,2009.1333333333334,0.0
MI,48236,23,5,2010.304347826087,1.0
MI,48237,5,2,2012.0,1.0
MI,48238,2,2,2012.5,0.0
MI,48239,2,1,2006.5,0.0
MI,48240,1,1,2010.0,0.0
MI,48243,6,3,2011.6666666666667,0.0
MI,48267,1,1,2012.0,0.0
MI,48301,3,2,2006.6666666666667,0.0
MI,48302,35,5,2008.5428571428572,0.0
MI,48304,12,3,2009.5833333333333,0.0
MI,48306,9,3,2010.7777777777778,0.0
MI,48307,73,8,2010.3561643835617,7.0
MI,48309,12,4,2008.3333333333333,0.0
MI,48310,2,2,2006.5,0.0
MI,48312,4,2,2009.5,0.0
MI,48313,2,2,2012.0,0.0
MI,48314,6,2,2009.8333333333333,1.0
MI,48315,5,2,2009.8,1.0
MI,48316,2,1,2009.0,0.0
MI,48317,7,2,2007.142857142857,0.0
MI,48322,41,7,2009.7560975609756,2.0
MI,48323,10,2,2006.2,0.0
MI,48324,2,2,2007.5,0.0
MI,48326,4,1,2011.75,0.0
MI,48327,3,1,2006.3333333333333,0.0
MI,48328,4,1,2007.25,0.0
MI,48331,2,2,2011.0,0.0
MI,48334,35,4,2008.5714285714287,0.0
MI,48335,7,3,2015.2857142857142,2.0
MI,48336,19,3,2015.2105263157894,5.0
MI,48341,43,4,2013.139534883721,9.0
MI,48346,8,3,2012.75,2.0
MI,48348,1,1,2023.0,0.0
MI,48353,3,1,2007.3333333333333,0.0
MI,48357,1,1,2005.0,0.0
MI,48360,22,5,2014.5,2.0
MI,48362,1,1,2006.0,0.0
MI,48363,1,1,2020.0,0.0
MI,48371,2,1,2006.5,0.0
MI,48374,13,3,2007.923076923077,0.0
MI,48375,8,3,2008.375,0.0
MI,48377,16,2,2008.6875,0.0
MI,48381,4,2,2009.75,0.0
MI,48382,16,3,2008.125,0.0
MI,48383,1,1,2025.0,1.0
MI,48386,1,1,2007.0,0.0
MI,48390,2,1,2013.0,0.0
MI,48413,6,3,2008.3333333333333,0.0
MI,48420,1,1,2006.0,0.0
MI,48423,2,1,2008.0,0.0
MI,48429,1,1,2022.0,0.0
MI,48430,3,2,2013.3333333333333,1.0
MI,48433,4,2,2009.5,0.0
MI,48439,39,4,2015.1538461538462,10.0
MI,48446,11,4,2011.2727272727273,0.0
MI,48453,2,1,2010.5,0.0
MI,48471,1,1,2010.0,0.0
MI,48502,1,1,2007.0,0.0
MI,48503,37,8,2008.8648648648648,0.0
MI,48504,2,2,2016.5,1.0
MI,48505,2,2,2007.0,0.0
MI,48507,6,1,2010.3333333333333,1.0
MI,48509,4,2,2006.75,0.0
MI,48519,1,1,2023.0,1.0
MI,48532,28,5,2010.392857142857,1.0
MI,48601,2,1,2009.0,0.0
MI,48602,69,7,2015.1739130434783,15.0
MI,48603,3,1,2007.0,0.0
MI,48604,10,4,2008.3,0.0
MI,48607,2,2,2006.0,0.0
MI,48623,1,1,2019.0,0.0
MI,48638,1,1,2011.0,0.0
MI,48640,31,5,2009.516129032258,2.0
MI,48642,1,1,2024.0,1.0
MI,48653,1,1,2005.0,0.0
MI,48661,3,2,2005.6666666666667,0.0
MI,48670,1,1,2020.0,0.0
MI,48706,13,2,2008.1538461538462,1.0
MI,48708,3,3,2005.3333333333333,0.0
MI,48723,1,1,2006.0,0.0
MI,48732,2,2,2005.5,0.0
MI,48755,1,1,2023.0,1.0
MI,48763,4,2,2007.75,0.0
MI,48767,1,1,2023.0,0.0
MI,48770,1,1,2019.0,0.0
MI,48801,7,3,2007.2857142857142,0.0
MI,48811,4,1,2007.0,0.0
MI,48813,5,4,2014.6,2.0
MI,48820,3,1,2005.6666666666667,0.0
MI,48823,22,5,2011.409090909091,1.0
MI,48824,2,1,2006.5,0.0
MI,48829,1,1,2006.0,0.0
MI,48838,9,2,2013.6666666666667,1.0
MI,48840,7,2,2008.7142857142858,0.0
MI,48843,6,3,2009.3333333333333,0.0
MI,48846,2,2,2006.0,0.0
MI,48850,2,1,2012.5,0.0
MI,48858,25,5,2011.28,2.0
MI,48864,9,4,2007.5555555555557,0.0
MI,48867,8,5,2009.0,0.0
MI,48872,2,2,2014.5,0.0
MI,48879,2,2,2016.0,1.0
MI,48886,1,1,2007.0,0.0
MI,48888,1,1,2006.0,0.0
MI,48906,1,1,2006.0,0.0
MI,48909,2,1,2017.0,0.0
MI,48910,8,2,2006.875,0.0
MI,48911,1,1,2005.0,0.0
MI,48912,60,7,2013.5166666666667,11.0
MI,48915,1,1,2006.0,0.0
MI,48933,2,2,2012.5,0.0
MI,49002,6,2,2006.8333333333333,0.0
MI,49006,2,2,2013.0,0.0
MI,49007,45,6,2009.8222222222223,0.0
MI,49008,2,1,2006.5,0.0
MI,49009,14,5,2009.642857142857,0.0
MI,49010,2,2,2005.5,0.0
MI,49013,3,2,2009.0,0.0
MI,49014,1,1,2006.0,0.0
MI,49015,16,3,2012.1875,1.0
MI,49017,4,2,2011.75,0.0
MI,49022,10,4,2009.2,1.0
MI,49024,6,3,2009.1666666666667,1.0
MI,49031,1,1,2019.0,0.0
MI,49036,6,2,2006.1666666666667,0.0
MI,49037,10,4,2010.9,1.0
MI,49042,1,1,2020.0,0.0
MI,49046,2,2,2011.0,0.0
MI,49048,15,3,2010.6666666666667,2.0
MI,49052,1,1,2011.0,0.0
MI,49053,1,1,2023.0,1.0
MI,49055,1,1,2009.0,0.0
MI,49058,13,4,2014.3076923076924,0.0
MI,49068,12,3,2011.6666666666667,0.0
MI,49073,1,1,2012.0,0.0
MI,49079,4,3,2010.75,1.0
MI,49080,1,1,2006.0,0.0
MI,49083,4,3,2017.25,2.0
MI,49085,24,5,2010.2916666666667,0.0
MI,49090,3,2,2006.0,0.0
MI,49091,6,4,2007.5,0.0
MI,49093,9,3,2009.5555555555557,1.0
MI,49097,1,1,2005.0,0.0
MI,49098,1,1,2006.0,0.0
MI,49103,1,1,2007.0,0.0
MI,49117,1,1,2014.0,0.0
MI,49120,11,4,2010.5454545454545,0.0
MI,49130,3,1,2024.0,2.0
MI,49201,19,6,2012.1052631578948,3.0
MI,49202,3,2,2006.0,0.0
MI,49203,10,5,2012.9,2.0
MI,49221,8,2,2009.5,1.0
MI,49242,5,4,2010.6,1.0
MI,49246,1,1,2006.0,0.0
MI,49250,1,1,2025.0,1.0
MI,49286,1,1,2017.0,0.0
MI,49301,2,1,2008.0,0.0
MI,49305,1,1,2006.0,0.0
MI,49307,14,3,2010.642857142857,0.0
MI,49315,1,1,2006.0,0.0
MI,49316,3,2,2019.0,0.0
MI,49327,1,1,2007.0,0.0
MI,49336,1,1,2008.0,0.0
MI,49337,3,2,2009.0,0.0
MI,49341,1,1,2011.0,0.0
MI,49345,1,1,2010.0,0.0
MI,49404,1,1,2022.0,0.0
MI,49408,2,2,2008.0,0.0
MI,49412,9,3,2013.4444444444443,1.0
MI,49417,6,4,2008.3333333333333,0.0
MI,49418,3,3,2013.0,0.0
MI,49420,1,1,2019.0,0.0
MI,49421,1,1,2007.0,0.0
MI,49423,22,4,2010.8181818181818,2.0
MI,49424,4,4,2010.25,0.0
MI,49426,2,2,2015.0,1.0
MI,49431,11,4,2011.7272727272727,0.0
MI,49441,3,2,2010.0,0.0
MI,49442,24,5,2008.4166666666667,0.0
MI,49444,18,6,2011.611111111111,1.0
MI,49456,6,3,2009.5,1.0
MI,49460,1,1,2013.0,0.0
MI,49464,17,3,2014.2941176470588,3.0
MI,49503,179,10,2011.5418994413408,20.0
MI,49504,2,2,2015.5,1.0
MI,49505,1,1,2014.0,0.0
MI,49506,8,3,2013.875,0.0
MI,49507,3,2,2020.6666666666667,1.0
MI,49508,4,3,2013.0,0.0
MI,49509,4,1,2009.75,0.0
MI,49519,12,6,2009.75,0.0
MI,49525,28,5,2010.75,0.0
MI,49534,9,1,2012.2222222222222,0.0
MI,49546,23,5,2009.7826086956522,0.0
MI,49548,24,3,2012.875,1.0
MI,49601,11,4,2011.909090909091,1.0
MI,49610,1,1,2007.0,0.0
MI,49616,2,2,2013.5,0.0
MI,49629,1,1,2006.0,0.0
MI,49643,1,1,2015.0,0.0
MI,49646,1,1,2011.0,0.0
MI,49649,1,1,2021.0,0.0
MI,49660,8,3,2008.75,0.0
MI,49663,1,1,2024.0,1.0
MI,49665,1,1,2008.0,0.0
MI,49676,1,1,2008.0,0.0
MI,49677,2,1,2005.5,0.0
MI,49684,36,8,2011.2222222222222,4.0
MI,49686,9,3,2010.7777777777778,0.0
MI,49690,2,1,2007.5,0.0
MI,49707,9,3,2007.3333333333333,0.0
MI,49716,1,1,2008.0,0.0
MI,49720,9,4,2010.4444444444443,0.0
MI,49721,4,2,2006.75,0.0
MI,49735,2,1,2006.0,0.0
MI,49738,5,3,2016.2,2.0
MI,49746,1,1,2012.0,0.0
MI,49753,1,1,2007.0,0.0
MI,49770,17,5,2009.2941176470588,0.0
MI,49779,1,1,2023.0,1.0
MI,49781,1,1,2006.0,0.0
MI,49783,5,2,2009.0,0.0
MI,49801,9,3,2010.4444444444443,1.0
MI,49816,1,1,2007.0,0.0
MI,49829,7,2,2006.857142857143,0.0
MI,49849,4,2,2008.75,0.0
MI,49855,8,2,2006.875,0.0
MI,49866,1,1,2007.0,0.0
MI,49913,3,2,2008.6666666666667,0.0
MI,49930,16,3,2010.9375,2.0
MI,49931,1,1,2014.0,0.0
MI,49935,1,1,2007.0,0.0
MI,49938,3,3,2006.6666666666667,0.0
MI,49968,1,1,2011.0,0.0
MN,55007,1,1,2011.0,0.0
MN,55008,5,2,2009.2,0.0
MN,55021,5,3,2008.6,0.0
MN,55025,2,2,2015.5,1.0
MN,55033,4,1,2009.25,0.0
MN,55042,1,1,2005.0,0.0
MN,55044,3,2,2011.3333333333333,0.0
MN,55051,2,1,2006.5,0.0
MN,55056,1,1,2026.0,1.0
MN,55057,18,4,2011.388888888889,1.0
MN,55060,3,2,2010.3333333333333,0.0
MN,55066,8,3,2010.625,0.0
MN,55068,1,1,2023.0,1.0
MN,55082,16,3,2009.3125,1.0
MN,55088,1,1,2025.0,1.0
MN,55092,11,2,2011.0,0.0
MN,55101,19,3,2009.6315789473683,0.0
MN,55102,38,6,2011.0263157894738,1.0
MN,55104,13,4,2012.2307692307693,1.0
MN,55105,20,4,2018.25,6.0
MN,55106,4,3,2017.25,1.0
MN,55107,45,4,2011.4666666666667,4.0
MN,55108,2,2,2014.0,0.0
MN,55109,37,6,2011.1351351351352,3.0
MN,55110,8,3,2009.875,0.0
MN,55112,3,2,2017.0,0.0
MN,55113,1,1,2024.0,1.0
MN,55114,36,5,2011.9166666666667,2.0
MN,55116,8,3,2008.375,0.0
MN,55117,3,2,2010.0,0.0
MN,55118,6,4,2010.5,0.0
MN,55121,11,2,2009.3636363636363,0.0
MN,55122,5,3,2010.6,0.0
MN,55124,8,2,2012.125,0.0
MN,55125,52,7,2010.1538461538462,5.0
MN,55126,12,2,2007.0833333333333,0.0
MN,55129,2,1,2008.5,0.0
MN,55130,2,2,2012.0,0.0
MN,55303,7,3,2014.2857142857142,0.0
MN,55304,2,2,2009.0,0.0
MN,55305,24,3,2011.1666666666667,1.0
MN,55311,1,1,2006.0,0.0
MN,55313,5,1,2007.6,0.0
MN,55316,1,1,2006.0,0.0
MN,55317,2,2,2012.0,0.0
MN,55318,8,2,2019.375,4.0
MN,55319,1,1,2021.0,0.0
MN,55330,8,3,2009.875,0.0
MN,55336,2,1,2006.5,0.0
MN,55337,29,5,2009.5172413793102,0.0
MN,55343,7,3,2012.2857142857142,0.0
MN,55344,6,4,2015.1666666666667,3.0
MN,55347,1,1,2022.0,0.0
MN,55350,2,2,2006.5,0.0
MN,55352,1,1,2025.0,1.0
MN,55354,1,1,2006.0,0.0
MN,55355,1,1,2006.0,0.0
MN,55362,5,3,2013.4,1.0
MN,55369,51,6,2012.5686274509803,6.0
MN,55371,5,2,2009.2,0.0
MN,55372,1,1,2005.0,0.0
MN,55376,2,1,2006.0,0.0
MN,55379,15,3,2010.7333333333333,1.0
MN,55387,19,3,2008.7368421052631,0.0
MN,55398,1,1,2015.0,0.0
MN,55401,8,2,2017.25,1.0
MN,55402,21,2,2007.2857142857142,0.0
MN,55403,3,3,2018.3333333333333,1.0
MN,55404,36,8,2010.4722222222222,1.0
MN,55405,2,1,2012.5,0.0
MN,55406,14,3,2015.857142857143,3.0
MN,55407,60,8,2011.5166666666667,4.0
MN,55408,26,5,2016.3461538461538,10.0
MN,55410,2,2,2010.5,0.0
MN,55411,4,3,2015.5,1.0
MN,55412,2,2,2018.5,0.0
MN,55413,2,2,2006.0,0.0
MN,55415,51,4,2008.8823529411766,1.0
MN,55416,34,5,2011.0,3.0
MN,55417,1,1,2006.0,0.0
MN,55420,8,3,2008.75,0.0
MN,55421,1,1,2006.0,0.0
MN,55422,13,5,2010.8461538461538,1.0
MN,55423,3,3,2012.3333333333333,1.0
MN,55424,1,1,2018.0,0.0
MN,55425,6,4,2010.1666666666667,0.0
MN,55426,47,8,2010.9148936170213,1.0
MN,55427,3,3,2008.3333333333333,0.0
MN,55428,1,1,2006.0,0.0
MN,55429,14,2,2006.2142857142858,0.0
MN,55430,4,2,2012.5,0.0
MN,55431,1,1,2007.0,0.0
MN,55432,15,6,2008.7333333333333,2.0
MN,55433,39,4,2009.5897435897436,0.0
MN,55435,114,9,2009.280701754386,1.0
MN,55437,6,2,2009.5,0.0
MN,55438,2,2,2017.5,0.0
MN,55439,3,2,2007.6666666666667,0.0
MN,55440,4,2,2008.25,0.0
MN,55441,2,2,2010.5,0.0
MN,55443,3,1,2008.3333333333333,0.0
MN,55446,2,2,2007.0,0.0
MN,55447,1,1,2024.0,1.0
MN,55449,2,2,2005.5,0.0
MN,55454,59,6,2009.1694915254238,0.0
MN,55455,33,6,2010.3030303030303,2.0
MN,55604,1,1,2016.0,0.0
MN,55707,1,1,2020.0,0.0
MN,55720,3,2,2008.0,0.0
MN,55723,1,1,2006.0,0.0
MN,55731,1,1,2015.0,0.0
MN,55744,4,2,2013.25,1.0
MN,55746,3,2,2006.6666666666667,0.0
MN,55784,1,1,2021.0,0.0
MN,55792,9,2,2006.888888888889,0.0
MN,55802,3,2,2013.6666666666667,0.0
MN,55803,1,1,2015.0,0.0
MN,55805,46,5,2012.4130434782608,6.0
MN,55806,1,1,2025.0,1.0
MN,55811,3,2,2014.3333333333333,1.0
MN,55812,1,1,2005.0,0.0
MN,55901,1,1,2006.0,0.0
MN,55902,3,2,2022.6666666666667,1.0
MN,55904,19,5,2009.3157894736842,1.0
MN,55905,160,10,2013.26875,19.0
MN,55906,2,2,2014.0,0.0
MN,55912,7,2,2009.0,1.0
MN,55944,3,2,2020.3333333333333,1.0
MN,55954,1,1,2025.0,1.0
MN,55975,1,1,2018.0,0.0
MN,55987,10,4,2009.2,1.0
MN,56001,26,4,2011.7307692307693,0.0
MN,56002,4,1,2006.5,0.0
MN,56003,1,1,2022.0,0.0
MN,56007,5,2,2007.4,0.0
MN,56031,4,1,2007.75,0.0
MN,56063,1,1,2019.0,0.0
MN,56071,2,2,2014.0,0.0
MN,56073,6,1,2010.0,0.0
MN,56082,5,1,2014.4,0.0
MN,56097,1,1,2024.0,1.0
MN,56101,1,1,2006.0,0.0
MN,56156,1,1,2013.0,0.0
MN,56164,2,1,2010.0,0.0
MN,56187,11,4,2008.2727272727273,0.0
MN,56201,4,1,2006.0,0.0
MN,56208,1,1,2018.0,0.0
MN,56241,2,1,2018.0,0.0
MN,56258,6,2,2009.3333333333333,1.0
MN,56265,3,3,2009.0,0.0
MN,56267,1,1,2006.0,0.0
MN,56277,1,1,2005.0,0.0
MN,56283,1,1,2008.0,0.0
MN,56301,2,1,2006.0,0.0
MN,56303,30,5,2006.8,0.0
MN,56304,4,2,2011.0,1.0
MN,56308,17,4,2011.6470588235295,1.0
MN,56311,1,1,2005.0,0.0
MN,56316,1,1,2022.0,0.0
MN,56345,2,2,2008.5,0.0
MN,56347,5,1,2012.4,0.0
MN,56353,4,1,2016.0,1.0
MN,56377,1,1,2006.0,0.0
MN,56379,1,1,2006.0,0.0
MN,56401,7,4,2012.7142857142858,1.0
MN,56425,8,2,2008.25,0.0
MN,56431,1,1,2013.0,0.0
MN,56438,1,1,2006.0,0.0
MN,56441,3,2,2009.0,0.0
MN,56442,1,1,2010.0,0.0
MN,56470,1,1,2016.0,0.0
MN,56479,8,3,2015.875,2.0
MN,56482,5,2,2008.6,0.0
MN,56501,8,3,2007.625,0.0
MN,56537,4,2,2013.0,0.0
MN,56542,1,1,2005.0,0.0
MN,56560,7,3,2012.4285714285713,0.0
MN,56573,2,2,2013.0,0.0
MN,56601,11,4,2013.4545454545455,1.0
MN,56621,1,1,2021.0,0.0
MN,56633,1,1,2007.0,0.0
MN,56649,1,1,2006.0,0.0
MN,56701,5,2,2008.8,0.0
MN,56716,1,1,2006.0,0.0
MN,56721,2,2,2013.5,0.0
MN,56762,1,1,2024.0,1.0
MO,63005,2,2,2010.0,0.0
MO,63010,3,2,2008.6666666666667,0.0
MO,63011,3,2,2013.0,1.0
MO,63017,57,7,2009.5087719298247,4.0
MO,63019,1,1,2006.0,0.0
MO,63021,1,1,2006.0,0.0
MO,63026,17,3,2011.1764705882354,1.0
MO,63028,7,3,2010.7142857142858,0.0
MO,63031,6,1,2008.3333333333333,0.0
MO,63033,2,2,2009.0,0.0
MO,63034,2,1,2015.5,1.0
MO,63038,1,1,2023.0,0.0
MO,63040,2,2,2017.5,1.0
MO,63042,2,1,2010.5,0.0
MO,63044,24,2,2008.7916666666667,1.0
MO,63073,1,1,2009.0,0.0
MO,63077,1,1,2008.0,0.0
MO,63080,7,4,2008.4285714285713,1.0
MO,63088,1,1,2011.0,0.0
MO,63090,12,4,2009.75,2.0
MO,63104,4,1,2012.75,0.0
MO,63105,7,3,2007.142857142857,0.0
MO,63106,6,3,2013.0,1.0
MO,63108,108,8,2014.0740740740741,6.0
MO,63110,82,7,2015.378048780488,20.0
MO,63111,2,1,2016.5,0.0
MO,63112,8,3,2008.875,0.0
MO,63116,4,1,2012.0,0.0
MO,63117,69,10,2010.3333333333333,2.0
MO,63118,2,1,2009.0,0.0
MO,63119,7,2,2007.857142857143,0.0
MO,63121,2,1,2008.0,0.0
MO,63122,20,3,2008.15,0.0
MO,63124,7,3,2014.0,2.0
MO,63125,2,2,2015.5,0.0
MO,63127,21,4,2008.3809523809523,1.0
MO,63128,46,6,2009.608695652174,2.0
MO,63129,4,2,2009.5,0.0
MO,63130,1,1,2006.0,0.0
MO,63131,70,7,2010.1285714285714,1.0
MO,63132,1,1,2015.0,0.0
MO,63133,1,1,2007.0,0.0
MO,63135,1,1,2021.0,0.0
MO,63136,7,3,2007.5714285714287,0.0
MO,63139,2,2,2013.0,0.0
MO,63141,197,10,2011.9137055837564,14.0
MO,63144,1,1,2023.0,0.0
MO,63146,1,1,2012.0,0.0
MO,63150,1,1,2008.0,0.0
MO,63301,11,2,2006.090909090909,0.0
MO,63303,2,1,2010.0,0.0
MO,63304,2,1,2006.0,0.0
MO,63341,1,1,2013.0,0.0
MO,63366,16,4,2011.9375,1.0
MO,63367,11,3,2007.5454545454545,0.0
MO,63368,12,2,2009.25,0.0
MO,63376,15,2,2009.4,0.0
MO,63379,3,3,2006.3333333333333,0.0
MO,63383,1,1,2013.0,0.0
MO,63385,10,3,2015.0,2.0
MO,63401,8,2,2008.25,0.0
MO,63465,1,1,2024.0,1.0
MO,63501,8,2,2007.75,0.0
MO,63531,1,1,2024.0,1.0
MO,63555,3,2,2009.0,0.0
MO,63563,2,1,2012.5,0.0
MO,63565,2,1,2022.5,0.0
MO,63601,4,1,2006.75,0.0
MO,63640,11,3,2009.3636363636363,1.0
MO,63645,1,1,2007.0,0.0
MO,63664,1,1,2013.0,0.0
MO,63670,5,3,2009.4,0.0
MO,63701,13,4,2009.1538461538462,0.0
MO,63703,22,7,2008.0,1.0
MO,63755,1,1,2005.0,0.0
MO,63775,3,2,2005.3333333333333,0.0
MO,63801,9,3,2007.7777777777778,0.0
MO,63822,1,1,2017.0,0.0
MO,63851,4,2,2009.25,0.0
MO,63857,5,1,2008.4,0.0
MO,63901,18,5,2007.7222222222222,0.0
MO,64012,1,1,2021.0,0.0
MO,64014,1,1,2006.0,0.0
MO,64015,6,3,2006.5,0.0
MO,64021,1,1,2021.0,0.0
MO,64029,2,2,2010.5,0.0
MO,64030,7,2,2017.0,2.0
MO,64037,1,1,2022.0,0.0
MO,64055,3,3,2010.0,0.0
MO,64057,15,4,2010.4666666666667,1.0
MO,64063,4,2,2011.75,0.0
MO,64064,21,5,2011.0,1.0
MO,64068,13,3,2009.3846153846155,0.0
MO,64070,1,1,2025.0,1.0
MO,64086,17,4,2009.8235294117646,0.0
MO,64093,13,4,2010.076923076923,2.0
MO,64108,47,6,2012.0425531914893,2.0
MO,64110,3,1,2009.3333333333333,0.0
MO,64111,44,4,2009.0,0.0
MO,64114,15,5,2007.2,0.0
MO,64116,33,6,2011.6363636363637,5.0
MO,64118,5,3,2007.6,0.0
MO,64119,3,1,2022.0,2.0
MO,64123,1,1,2018.0,0.0
MO,64124,9,5,2012.3333333333333,2.0
MO,64127,1,1,2015.0,0.0
MO,64130,8,2,2013.625,2.0
MO,64131,3,2,2010.3333333333333,0.0
MO,64132,19,4,2007.6315789473683,0.0
MO,64133,2,1,2006.5,0.0
MO,64134,1,1,2020.0,0.0
MO,64137,1,1,2013.0,0.0
MO,64139,3,2,2006.3333333333333,0.0
MO,64151,1,1,2025.0,1.0
MO,64152,1,1,2016.0,0.0
MO,64154,11,3,2010.2727272727273,1.0
MO,64158,11,4,2010.6363636363637,1.0
MO,64429,2,1,2006.0,0.0
MO,64468,4,2,2005.5,0.0
MO,64501,2,2,2006.5,0.0
MO,64506,22,3,2009.7272727272727,0.0
MO,64507,1,1,2009.0,0.0
MO,64508,1,1,2025.0,1.0
MO,64601,4,2,2010.25,0.0
MO,64683,4,3,2006.75,0.0
MO,64720,1,1,2026.0,1.0
MO,64724,1,1,2007.0,0.0
MO,64735,3,1,2010.6666666666667,0.0
MO,64767,1,1,2022.0,0.0
MO,64770,1,1,2007.0,0.0
MO,64772,2,2,2013.5,0.0
MO,64779,1,1,2013.0,0.0
MO,64784,2,1,2016.5,0.0
MO,64801,3,2,2013.3333333333333,0.0
MO,64804,38,7,2011.3157894736842,2.0
MO,64836,5,1,2008.4,0.0
MO,64850,1,1,2006.0,0.0
MO,65049,1,1,2007.0,0.0
MO,65065,15,3,2008.7333333333333,1.0
MO,65074,1,1,2012.0,0.0
MO,65082,1,1,2012.0,0.0
MO,65101,8,1,2006.875,0.0
MO,65109,12,3,2011.0,1.0
MO,65201,62,9,2010.8064516129032,3.0
MO,65202,7,1,2010.857142857143,0.0
MO,65203,6,4,2012.5,1.0
MO,65212,29,5,2014.655172413793,6.0
MO,65255,1,1,2021.0,0.0
MO,65265,3,2,2012.6666666666667,0.0
MO,65270,1,1,2005.0,0.0
MO,65276,2,1,2013.5,0.0
MO,65301,10,5,2010.7,2.0
MO,65305,2,1,2015.5,0.0
MO,65336,1,1,2005.0,0.0
MO,65340,6,3,2007.8333333333333,0.0
MO,65351,1,1,2006.0,0.0
MO,65401,20,5,2012.7,2.0
MO,65453,1,1,2015.0,0.0
MO,65473,5,3,2013.0,0.0
MO,65483,1,1,2006.0,0.0
MO,65536,6,2,2006.3333333333333,0.0
MO,65550,1,1,2016.0,0.0
MO,65556,2,1,2023.0,1.0
MO,65583,1,1,2025.0,1.0
MO,65605,1,1,2008.0,0.0
MO,65610,1,1,2007.0,0.0
MO,65613,7,2,2008.5714285714287,0.0
MO,65616,10,4,2009.3,0.0
MO,65631,1,1,2018.0,0.0
MO,65658,1,1,2021.0,0.0
MO,65672,1,1,2008.0,0.0
MO,65674,2,1,2016.5,1.0
MO,65682,1,1,2009.0,0.0
MO,65708,3,2,2007.3333333333333,0.0
MO,65711,1,1,2022.0,0.0
MO,65712,2,2,2009.0,0.0
MO,65714,1,1,2020.0,0.0
MO,65721,5,3,2009.4,0.0
MO,65723,1,1,2005.0,0.0
MO,65738,1,1,2025.0,1.0
MO,65742,1,1,2006.0,0.0
MO,65761,1,1,2024.0,1.0
MO,65775,8,3,2011.5,0.0
MO,65785,1,1,2010.0,0.0
MO,65788,1,1,2014.0,0.0
MO,65802,4,1,2013.75,0.0
MO,65803,2,2,2005.5,0.0
MO,65804,28,8,2012.1785714285713,2.0
MO,65806,4,4,2009.5,0.0
MO,65807,60,7,2009.6,2.0
MO,65810,4,3,2006.75,0.0
MP,96950,12,4,2011.25,0.0
MP,96952,1,1,2007.0,0.0
MS,38606,6,3,2012.1666666666667,0.0
MS,38614,3,1,2011.6666666666667,1.0
MS,38617,1,1,2019.0,0.0
MS,38618,1,1,2018.0,0.0
MS,38632,2,1,2017.5,0.0
MS,38652,6,2,2009.3333333333333,1.0
MS,38654,11,2,2014.090909090909,2.0
MS,38655,14,4,2009.5714285714287,1.0
MS,38663,1,1,2023.0,1.0
MS,38668,2,2,2006.0,0.0
MS,38671,17,3,2009.235294117647,0.0
MS,38672,5,1,2013.6,0.0
MS,38677,1,1,2011.0,0.0
MS,38701,6,1,2007.8333333333333,0.0
MS,38703,3,1,2006.6666666666667,0.0
MS,38732,4,2,2010.75,1.0
MS,38751,2,2,2025.0,2.0
MS,38801,28,6,2010.0357142857142,0.0
MS,38804,4,2,2014.0,1.0
MS,38821,14,4,2009.7142857142858,0.0
MS,38834,7,2,2011.4285714285713,1.0
MS,38843,1,1,2022.0,0.0
MS,38855,1,1,2019.0,0.0
MS,38901,5,1,2007.4,0.0
MS,38930,9,4,2006.111111111111,0.0
MS,39046,8,3,2008.875,0.0
MS,39047,1,1,2008.0,0.0
MS,39051,3,3,2006.3333333333333,0.0
MS,39090,1,1,2006.0,0.0
MS,39092,1,1,2011.0,0.0
MS,39110,5,3,2008.2,0.0
MS,39111,1,1,2010.0,0.0
MS,39114,1,1,2014.0,0.0
MS,39117,1,1,2012.0,0.0
MS,39120,7,3,2008.5714285714287,0.0
MS,39157,6,3,2013.8333333333333,2.0
MS,39180,3,2,2011.6666666666667,1.0
MS,39183,4,2,2006.75,0.0
MS,39201,1,1,2006.0,0.0
MS,39202,30,7,2009.0,1.0
MS,39204,15,3,2008.5333333333333,1.0
MS,39206,3,3,2020.6666666666667,0.0
MS,39208,2,2,2015.0,1.0
MS,39211,1,1,2006.0,0.0
MS,39213,13,3,2011.5384615384614,2.0
MS,39216,61,10,2010.9344262295083,9.0
MS,39218,2,1,2011.0,0.0
MS,39232,63,8,2008.5555555555557,2.0
MS,39301,40,5,2009.475,1.0
MS,39307,1,1,2006.0,0.0
MS,39341,1,1,2007.0,0.0
MS,39345,1,1,2020.0,0.0
MS,39350,2,2,2014.5,0.0
MS,39360,1,1,2021.0,0.0
MS,39367,2,2,2005.5,0.0
MS,39401,29,5,2009.0344827586207,0.0
MS,39402,17,4,2008.8823529411766,0.0
MS,39429,2,2,2006.0,0.0
MS,39437,7,2,2010.5714285714287,0.0
MS,39440,17,3,2008.4117647058824,0.0
MS,39452,4,2,2007.75,0.0
MS,39466,11,2,2012.8181818181818,1.0
MS,39470,1,1,2006.0,0.0
MS,39501,19,4,2008.7894736842106,0.0
MS,39503,5,4,2006.0,0.0
MS,39507,6,3,2013.1666666666667,2.0
MS,39520,5,3,2009.8,0.0
MS,39530,5,2,2007.8,0.0
MS,39531,3,2,2015.3333333333333,0.0
MS,39532,8,3,2009.125,0.0
MS,39534,7,3,2012.857142857143,0.0
MS,39560,1,1,2012.0,0.0
MS,39564,14,4,2010.642857142857,1.0
MS,39571,1,1,2014.0,0.0
MS,39574,1,1,2022.0,0.0
MS,39581,10,4,2009.7,0.0
MS,39601,3,2,2015.3333333333333,1.0
MS,39630,1,1,2007.0,0.0
MS,39648,14,4,2013.0,1.0
MS,39705,4,1,2006.25,0.0
MS,39759,9,3,2009.3333333333333,1.0
MS,39773,9,1,2008.0,0.0
MT,59019,1,1,2013.0,0.0
MT,59022,2,1,2006.5,0.0
MT,59047,4,3,2010.25,0.0
MT,59101,39,6,2010.7179487179487,0.0
MT,59102,19,4,2008.842105263158,2.0
MT,59105,2,2,2012.0,0.0
MT,59106,2,2,2018.0,1.0
MT,59201,1,1,2014.0,0.0
MT,59230,4,1,2010.25,0.0
MT,59270,5,2,2006.6,0.0
MT,59301,5,3,2007.4,0.0
MT,59330,2,1,2011.5,0.0
MT,59401,2,1,2007.0,0.0
MT,59402,4,2,2007.75,0.0
MT,59404,2,1,2020.5,1.0
MT,59405,26,5,2009.0384615384614,0.0
MT,59427,1,1,2006.0,0.0
MT,59457,3,3,2015.6666666666667,0.0
MT,59472,1,1,2006.0,0.0
MT,59474,1,1,2015.0,0.0
MT,59501,1,1,2006.0,0.0
MT,59601,24,7,2012.0416666666667,3.0
MT,59602,1,1,2014.0,0.0
MT,59701,13,5,2010.923076923077,0.0
MT,59711,3,2,2006.6666666666667,0.0
MT,59714,1,1,2014.0,0.0
MT,59715,47,7,2011.7446808510638,5.0
MT,59718,9,3,2014.2222222222222,1.0
MT,59721,1,1,2011.0,0.0
MT,59722,1,1,2007.0,0.0
MT,59725,5,3,2006.6,0.0
MT,59801,8,4,2007.125,0.0
MT,59802,10,4,2009.5,0.0
MT,59803,4,2,2014.25,0.0
MT,59804,36,7,2010.5833333333333,3.0
MT,59840,8,3,2009.875,0.0
MT,59841,1,1,2013.0,0.0
MT,59853,1,1,2013.0,0.0
MT,59859,3,1,2010.0,0.0
MT,59860,3,2,2006.0,0.0
MT,59870,1,1,2015.0,0.0
MT,59875,2,1,2016.0,1.0
MT,59901,54,7,2011.9074074074074,2.0
MT,59911,1,1,2013.0,0.0
MT,59912,1,1,2018.0,0.0
MT,59922,1,1,2006.0,0.0
MT,59923,4,2,2009.75,0.0
MT,59937,7,2,2008.5714285714287,0.0
NAKAGAMI DISTRICT,90401,1,1,2022.0,0.0
NC,27012,8,4,2013.25,0.0
NC,27021,1,1,2006.0,0.0
NC,27023,1,1,2009.0,0.0
NC,27025,1,1,2005.0,0.0
NC,27030,9,2,2007.3333333333333,0.0
NC,27101,5,5,2012.0,1.0
NC,27103,120,11,2011.6083333333333,12.0
NC,27104,3,2,2012.6666666666667,0.0
NC,27105,3,2,2013.0,1.0
NC,27107,1,1,2019.0,0.0
NC,27127,1,1,2009.0,0.0
NC,27157,58,7,2012.7068965517242,0.0
NC,27203,11,2,2009.3636363636363,0.0
NC,27205,1,1,2011.0,0.0
NC,27207,1,1,2007.0,0.0
NC,27215,32,5,2010.84375,1.0
NC,27217,3,2,2018.6666666666667,2.0
NC,27253,1,1,2019.0,0.0
NC,27260,2,2,2012.5,0.0
NC,27262,25,6,2008.16,0.0
NC,27265,9,2,2013.5555555555557,2.0
NC,27278,3,2,2016.0,0.0
NC,27284,10,2,2014.0,2.0
NC,27288,5,1,2008.4,0.0
NC,27292,11,3,2009.8181818181818,1.0
NC,27298,1,1,2014.0,0.0
NC,27302,1,1,2019.0,0.0
NC,27312,2,2,2006.0,0.0
NC,27320,7,3,2009.0,0.0
NC,27330,19,4,2011.6842105263158,0.0
NC,27332,1,1,2025.0,1.0
NC,27349,1,1,2015.0,0.0
NC,27360,13,2,2010.3076923076924,0.0
NC,27371,1,1,2012.0,0.0
NC,27401,18,7,2014.388888888889,3.0
NC,27403,14,3,2011.0714285714287,0.0
NC,27405,26,6,2011.6153846153845,1.0
NC,27406,1,1,2009.0,0.0
NC,27407,2,2,2013.0,0.0
NC,27408,78,6,2010.1410256410256,3.0
NC,27409,1,1,2009.0,0.0
NC,27410,3,2,2013.3333333333333,1.0
NC,27455,2,2,2009.5,0.0
NC,27502,4,2,2010.0,0.0
NC,27503,1,1,2006.0,0.0
NC,27510,3,1,2009.6666666666667,0.0
NC,27511,14,3,2008.0,1.0
NC,27513,1,1,2020.0,0.0
NC,27514,110,8,2012.6727272727273,3.0
NC,27517,2,1,2008.5,0.0
NC,27518,46,7,2012.9130434782608,5.0
NC,27519,10,6,2014.8,1.0
NC,27520,8,3,2009.875,0.0
NC,27526,2,2,2013.0,0.0
NC,27527,2,1,2025.0,2.0
NC,27529,2,2,2016.0,0.0
NC,27530,3,1,2007.0,0.0
NC,27531,2,1,2005.5,0.0
NC,27534,26,4,2009.8846153846155,2.0
NC,27536,5,2,2009.6,0.0
NC,27537,1,1,2010.0,0.0
NC,27540,19,4,2016.421052631579,3.0
NC,27545,1,1,2025.0,1.0
NC,27546,2,2,2015.5,1.0
NC,27549,1,1,2006.0,0.0
NC,27557,1,1,2006.0,0.0
NC,27560,8,5,2015.125,2.0
NC,27565,17,4,2011.1176470588234,0.0
NC,27569,2,1,2017.0,0.0
NC,27573,6,2,2010.6666666666667,0.0
NC,27577,11,3,2012.3636363636363,1.0
NC,27587,5,3,2016.2,1.0
NC,27596,1,1,2025.0,1.0
NC,27599,47,8,2008.531914893617,2.0
NC,27601,3,2,2019.0,2.0
NC,27603,4,3,2012.75,0.0
NC,27605,3,1,2015.6666666666667,0.0
NC,27606,3,2,2013.0,0.0
NC,27607,111,9,2009.7297297297298,1.0
NC,27608,2,2,2006.0,0.0
NC,27609,47,5,2011.1063829787233,7.0
NC,27610,52,6,2011.3846153846155,3.0
NC,27612,10,3,2008.9,1.0
NC,27613,2,2,2011.5,0.0
NC,27614,29,7,2009.4827586206898,0.0
NC,27615,9,3,2009.6666666666667,0.0
NC,27617,9,3,2012.3333333333333,1.0
NC,27699,1,1,2007.0,0.0
NC,27701,4,3,2014.75,0.0
NC,27703,1,1,2007.0,0.0
NC,27704,44,5,2010.409090909091,1.0
NC,27705,28,8,2013.8214285714287,4.0
NC,27707,22,5,2012.3181818181818,3.0
NC,27709,1,1,2006.0,0.0
NC,27710,45,5,2007.6444444444444,0.0
NC,27712,1,1,2007.0,0.0
NC,27713,18,4,2009.2222222222222,0.0
NC,27801,1,1,2007.0,0.0
NC,27804,18,4,2011.2777777777778,2.0
NC,27834,81,10,2010.5432098765432,7.0
NC,27856,1,1,2020.0,0.0
NC,27858,2,2,2006.0,0.0
NC,27870,8,3,2011.0,0.0
NC,27886,3,1,2005.0,0.0
NC,27889,10,4,2009.2,1.0
NC,27892,2,1,2005.5,0.0
NC,27893,14,3,2011.9285714285713,3.0
NC,27907,1,1,2006.0,0.0
NC,27909,21,4,2009.4761904761904,1.0
NC,27910,6,3,2007.0,0.0
NC,27932,5,2,2006.2,0.0
NC,27948,1,1,2024.0,1.0
NC,27954,1,1,2005.0,0.0
NC,27959,5,4,2012.0,0.0
NC,27962,3,2,2012.3333333333333,0.0
NC,27976,1,1,2020.0,0.0
NC,28001,14,4,2006.357142857143,0.0
NC,28012,2,2,2012.0,0.0
NC,28023,1,1,2011.0,0.0
NC,28025,36,6,2009.8055555555557,0.0
NC,28027,9,4,2011.2222222222222,0.0
NC,28031,6,3,2015.5,2.0
NC,28036,8,3,2014.75,1.0
NC,28037,7,3,2014.142857142857,0.0
NC,28043,1,1,2006.0,0.0
NC,28052,15,5,2009.0,2.0
NC,28054,44,6,2013.340909090909,4.0
NC,28056,1,1,2006.0,0.0
NC,28075,8,1,2010.375,0.0
NC,28078,39,4,2011.948717948718,4.0
NC,28079,6,2,2011.3333333333333,1.0
NC,28081,3,2,2006.6666666666667,0.0
NC,28086,3,2,2010.0,0.0
NC,28092,18,4,2010.2222222222222,0.0
NC,28104,5,2,2015.0,0.0
NC,28105,26,5,2014.076923076923,4.0
NC,28110,7,2,2012.5714285714287,0.0
NC,28112,14,2,2007.857142857143,0.0
NC,28117,32,5,2011.75,3.0
NC,28134,1,1,2008.0,0.0
NC,28139,7,4,2012.7142857142858,1.0
NC,28144,16,5,2008.4375,0.0
NC,28147,1,1,2023.0,1.0
NC,28150,23,3,2011.4347826086957,0.0
NC,28152,5,2,2008.0,0.0
NC,28170,1,1,2012.0,0.0
NC,28173,3,1,2009.6666666666667,0.0
NC,28202,1,1,2016.0,0.0
NC,28203,20,5,2012.5,2.0
NC,28204,126,8,2010.8253968253969,4.0
NC,28205,4,3,2015.0,0.0
NC,28207,113,8,2010.0530973451328,3.0
NC,28209,1,1,2007.0,0.0
NC,28210,29,5,2014.0344827586207,4.0
NC,28211,34,5,2010.3235294117646,1.0
NC,28213,6,2,2010.0,0.0
NC,28215,7,3,2016.0,1.0
NC,28216,4,3,2013.0,1.0
NC,28217,1,1,2005.0,0.0
NC,28226,30,7,2012.5666666666666,0.0
NC,28227,2,1,2014.5,0.0
NC,28262,33,4,2011.7878787878788,2.0
NC,28269,13,4,2014.923076923077,1.0
NC,28270,4,2,2014.75,0.0
NC,28273,4,2,2016.0,1.0
NC,28277,38,6,2011.5,3.0
NC,28278,22,3,2013.9545454545455,1.0
NC,28281,1,1,2024.0,1.0
NC,28301,4,3,2010.5,0.0
NC,28302,1,1,2024.0,1.0
NC,28303,5,5,2011.0,0.0
NC,28304,71,8,2011.4366197183099,7.0
NC,28305,5,2,2011.2,0.0
NC,28308,1,1,2005.0,0.0
NC,28310,43,8,2010.860465116279,0.0
NC,28311,2,2,2017.5,1.0
NC,28315,1,1,2022.0,0.0
NC,28327,1,1,2007.0,0.0
NC,28328,10,3,2008.5,0.0
NC,28334,5,1,2010.8,1.0
NC,28337,5,2,2009.6,0.0
NC,28341,1,1,2008.0,0.0
NC,28345,1,1,2011.0,0.0
NC,28348,1,1,2025.0,1.0
NC,28349,6,2,2009.6666666666667,0.0
NC,28352,11,3,2009.5454545454545,0.0
NC,28358,17,5,2008.4705882352941,0.0
NC,28360,15,4,2009.6,1.0
NC,28371,1,1,2023.0,1.0
NC,28372,4,3,2010.25,0.0
NC,28374,24,7,2014.1666666666667,6.0
NC,28376,4,1,2010.25,0.0
NC,28377,1,1,2009.0,0.0
NC,28379,9,2,2007.888888888889,0.0
NC,28382,2,1,2014.5,1.0
NC,28387,9,2,2008.3333333333333,1.0
NC,28388,3,2,2007.6666666666667,0.0
NC,28390,3,1,2023.3333333333333,2.0
NC,28398,1,1,2007.0,0.0
NC,28401,55,9,2010.0727272727272,1.0
NC,28403,54,5,2011.2222222222222,3.0
NC,28405,6,1,2014.1666666666667,1.0
NC,28411,1,1,2025.0,1.0
NC,28412,8,4,2019.25,1.0
NC,28422,18,4,2013.9444444444443,3.0
NC,28425,2,2,2014.5,0.0
NC,28443,1,1,2006.0,0.0
NC,28451,2,2,2017.0,0.0
NC,28461,5,1,2010.8,0.0
NC,28462,7,1,2005.2857142857142,0.0
NC,28463,1,1,2006.0,0.0
NC,28467,2,2,2023.0,1.0
NC,28472,8,3,2008.375,0.0
NC,28501,20,4,2009.65,1.0
NC,28504,2,1,2006.5,0.0
NC,28532,2,1,2016.0,1.0
NC,28533,2,2,2006.0,0.0
NC,28540,5,2,2013.4,0.0
NC,28546,27,5,2010.7777777777778,2.0
NC,28547,31,4,2010.4193548387098,0.0
NC,28557,23,5,2009.4347826086957,1.0
NC,28560,2,2,2014.5,0.0
NC,28562,23,4,2009.695652173913,3.0
NC,28580,1,1,2006.0,0.0
NC,28585,1,1,2006.0,0.0
NC,28601,14,3,2008.2857142857142,0.0
NC,28602,50,7,2011.18,5.0
NC,28604,1,1,2023.0,0.0
NC,28607,16,6,2009.0,0.0
NC,28612,5,2,2010.4,0.0
NC,28621,12,3,2012.25,1.0
NC,28625,21,4,2013.142857142857,1.0
NC,28640,4,2,2012.75,0.0
NC,28643,1,1,2005.0,0.0
NC,28645,9,3,2008.0,0.0
NC,28646,2,2,2009.0,0.0
NC,28655,15,4,2009.8666666666666,0.0
NC,28657,1,1,2005.0,0.0
NC,28659,6,1,2007.0,0.0
NC,28671,2,1,2009.5,0.0
NC,28677,6,1,2009.6666666666667,0.0
NC,28681,2,2,2009.5,0.0
NC,28694,1,1,2013.0,0.0
NC,28704,5,4,2012.8,1.0
NC,28705,1,1,2007.0,0.0
NC,28711,1,1,2007.0,0.0
NC,28712,4,3,2008.5,0.0
NC,28713,1,1,2014.0,0.0
NC,28714,2,1,2006.0,0.0
NC,28715,1,1,2009.0,0.0
NC,28721,10,2,2007.5,0.0
NC,28722,1,1,2007.0,0.0
NC,28725,1,1,2012.0,0.0
NC,28731,1,1,2006.0,0.0
NC,28732,1,1,2010.0,0.0
NC,28734,7,3,2006.7142857142858,0.0
NC,28739,9,4,2010.0,0.0
NC,28741,1,1,2006.0,0.0
NC,28752,9,4,2008.5555555555557,0.0
NC,28753,2,2,2009.0,0.0
NC,28763,1,1,2011.0,0.0
NC,28771,1,1,2019.0,0.0
NC,28777,4,2,2011.0,0.0
NC,28779,21,5,2009.5714285714287,2.0
NC,28787,2,2,2011.5,0.0
NC,28791,7,2,2007.4285714285713,0.0
NC,28792,16,5,2008.0,1.0
NC,28801,51,6,2011.3529411764705,4.0
NC,28803,68,7,2009.6323529411766,1.0
NC,28804,6,2,2012.1666666666667,0.0
NC,28805,3,3,2011.0,1.0
NC,28806,15,5,2009.2666666666667,1.0
NC,28906,5,2,2011.8,1.0
ND,58075,2,2,2006.5,0.0
ND,58078,6,2,2012.6666666666667,0.0
ND,58102,15,4,2009.3333333333333,0.0
ND,58103,37,5,2011.2972972972973,2.0
ND,58104,11,4,2012.5454545454545,0.0
ND,58122,1,1,2005.0,0.0
ND,58201,17,4,2010.764705882353,0.0
ND,58206,5,3,2006.0,0.0
ND,58301,1,1,2006.0,0.0
ND,58316,3,2,2013.6666666666667,1.0
ND,58335,1,1,2006.0,0.0
ND,58341,1,1,2006.0,0.0
ND,58401,2,1,2009.5,0.0
ND,58501,25,4,2009.84,0.0
ND,58503,1,1,2006.0,0.0
ND,58538,1,1,2017.0,0.0
ND,58540,1,1,2025.0,1.0
ND,58601,7,1,2009.7142857142858,0.0
ND,58701,14,4,2009.357142857143,1.0
ND,58705,2,1,2020.5,0.0
ND,58801,13,4,2010.7692307692307,0.0
ND,58802,1,1,2006.0,0.0
NE,68005,2,1,2013.5,0.0
NE,68022,42,5,2008.904761904762,0.0
NE,68025,5,1,2006.8,0.0
NE,68028,4,2,2010.75,0.0
NE,68046,9,3,2009.4444444444443,1.0
NE,68061,1,1,2021.0,0.0
NE,68104,1,1,2024.0,1.0
NE,68105,1,1,2017.0,0.0
NE,68106,10,1,2010.0,0.0
NE,68107,12,4,2017.0833333333333,4.0
NE,68113,9,2,2010.7777777777778,0.0
NE,68114,17,6,2008.3529411764705,0.0
NE,68116,1,1,2006.0,0.0
NE,68118,14,3,2012.2857142857142,3.0
NE,68122,8,5,2009.5,0.0
NE,68123,6,2,2010.6666666666667,0.0
NE,68124,66,4,2014.0,13.0
NE,68127,4,2,2021.75,2.0
NE,68130,7,2,2010.7142857142858,0.0
NE,68131,15,4,2011.0,0.0
NE,68132,17,3,2009.1764705882354,1.0
NE,68134,3,1,2019.6666666666667,1.0
NE,68136,3,1,2014.0,0.0
NE,68138,7,2,2008.7142857142858,0.0
NE,68144,10,3,2012.0,0.0
NE,68152,1,1,2007.0,0.0
NE,68154,1,1,2017.0,0.0
NE,68198,44,6,2015.6363636363637,13.0
NE,68310,4,2,2009.0,0.0
NE,68333,1,1,2014.0,0.0
NE,68352,1,1,2015.0,0.0
NE,68355,2,1,2022.0,0.0
NE,68505,3,1,2014.6666666666667,1.0
NE,68506,24,7,2007.3333333333333,0.0
NE,68510,41,6,2009.9756097560976,0.0
NE,68516,13,2,2011.3076923076924,2.0
NE,68526,10,4,2010.2,1.0
NE,68601,10,4,2010.4,1.0
NE,68701,12,4,2009.5,0.0
NE,68801,1,1,2020.0,0.0
NE,68803,11,2,2008.5454545454545,1.0
NE,68845,3,3,2012.0,1.0
NE,68847,10,2,2009.6,0.0
NE,68850,2,2,2014.0,0.0
NE,68901,11,3,2010.1818181818182,1.0
NE,68949,1,1,2007.0,0.0
NE,68982,1,1,2023.0,0.0
NE,69101,10,3,2011.4,1.0
NE,69138,1,1,2006.0,0.0
NE,69361,15,4,2010.8,1.0
NEW PROVIDENCE,0,1,1,2016.0,0.0
NH,3031,1,1,2019.0,0.0
NH,3038,12,5,2008.0,1.0
NH,3045,2,2,2018.0,0.0
NH,3053,3,2,2011.6666666666667,1.0
NH,3054,7,2,2005.857142857143,0.0
NH,3055,8,2,2015.125,1.0
NH,3060,52,8,2008.9807692307693,2.0
NH,3062,1,1,2006.0,0.0
NH,3063,8,3,2009.75,0.0
NH,3079,12,5,2009.9166666666667,1.0
NH,3084,1,1,2007.0,0.0
NH,3101,9,5,2009.3333333333333,0.0
NH,3102,4,2,2014.75,0.0
NH,3103,24,7,2010.2916666666667,2.0
NH,3104,15,3,2013.1333333333334,2.0
NH,3110,55,6,2011.1272727272728,3.0
NH,3235,2,2,2006.5,0.0
NH,3246,7,2,2006.142857142857,0.0
NH,3253,1,1,2007.0,0.0
NH,3257,2,2,2011.5,0.0
NH,3264,3,1,2009.0,0.0
NH,3278,1,1,2006.0,0.0
NH,3301,45,5,2010.2444444444445,1.0
NH,3431,24,4,2010.9166666666667,0.0
NH,3446,2,1,2014.0,0.0
NH,3447,1,1,2010.0,0.0
NH,3458,10,4,2010.3,0.0
NH,3466,1,1,2007.0,0.0
NH,3561,6,4,2006.6666666666667,0.0
NH,3570,6,2,2005.6666666666667,0.0
NH,3576,1,1,2007.0,0.0
NH,3598,2,2,2015.5,1.0
NH,3602,2,1,2016.5,0.0
NH,3607,1,1,2017.0,0.0
NH,3743,1,1,2005.0,0.0
NH,3750,1,1,2006.0,0.0
NH,3755,2,2,2016.0,0.0
NH,3756,81,9,2010.679012345679,2.0
NH,3766,8,2,2008.375,0.0
NH,3801,33,6,2011.909090909091,4.0
NH,3818,1,1,2006.0,0.0
NH,3820,48,5,2010.3333333333333,0.0
NH,3825,1,1,2008.0,0.0
NH,3833,22,6,2012.2272727272727,1.0
NH,3840,2,1,2018.0,0.0
NH,3852,1,1,2007.0,0.0
NH,3855,1,1,2024.0,1.0
NH,3857,1,1,2006.0,0.0
NH,3860,12,2,2010.0833333333333,0.0
NH,3861,1,1,2025.0,1.0
NH,3867,5,1,2005.8,0.0
NH,3870,4,1,2007.75,0.0
NH,3878,2,1,2011.5,0.0
NH,3894,3,1,2005.3333333333333,0.0
NJ,873,1,1,2006.0,0.0
NJ,7001,1,1,2021.0,0.0
NJ,7002,16,4,2010.25,2.0
NJ,7003,8,3,2010.25,1.0
NJ,7004,1,1,2015.0,0.0
NJ,7005,6,4,2011.3333333333333,0.0
NJ,7006,3,2,2007.3333333333333,0.0
NJ,7009,3,1,2008.0,0.0
NJ,7010,4,2,2015.75,0.0
NJ,7011,7,1,2013.5714285714287,1.0
NJ,7012,4,3,2007.5,0.0
NJ,7013,48,7,2012.0416666666667,1.0
NJ,7015,1,1,2007.0,0.0
NJ,7016,8,2,2008.0,0.0
NJ,7017,1,1,2006.0,0.0
NJ,7018,9,5,2007.888888888889,0.0
NJ,7024,4,1,2008.75,0.0
NJ,7026,1,1,2006.0,0.0
NJ,7028,1,1,2006.0,0.0
NJ,7029,2,1,2006.0,0.0
NJ,7030,24,6,2013.7916666666667,3.0
NJ,7031,2,2,2006.5,0.0
NJ,7032,8,3,2007.0,0.0
NJ,7036,8,4,2009.5,0.0
NJ,7039,54,7,2008.611111111111,0.0
NJ,7040,12,5,2012.9166666666667,2.0
NJ,7041,11,4,2008.909090909091,0.0
NJ,7042,16,2,2009.9375,0.0
NJ,7043,3,2,2007.6666666666667,0.0
NJ,7044,4,2,2016.0,1.0
NJ,7045,2,2,2008.0,0.0
NJ,7046,1,1,2012.0,0.0
NJ,7047,13,2,2011.1538461538462,0.0
NJ,7052,47,5,2009.2553191489362,2.0
NJ,7054,12,3,2010.25,0.0
NJ,7055,10,4,2010.4,0.0
NJ,7057,1,1,2012.0,0.0
NJ,7058,1,1,2013.0,0.0
NJ,7059,15,5,2008.5333333333333,0.0
NJ,7060,3,1,2007.0,0.0
NJ,7061,1,1,2007.0,0.0
NJ,7063,7,3,2006.7142857142858,0.0
NJ,7065,1,1,2006.0,0.0
NJ,7066,15,3,2010.6,0.0
NJ,7067,1,1,2018.0,0.0
NJ,7070,3,1,2011.6666666666667,0.0
NJ,7076,3,2,2012.0,0.0
NJ,7078,1,1,2006.0,0.0
NJ,7079,11,6,2008.6363636363637,1.0
NJ,7080,7,3,2009.142857142857,0.0
NJ,7081,12,2,2013.0,1.0
NJ,7083,25,8,2012.96,4.0
NJ,7087,1,1,2006.0,0.0
NJ,7090,14,4,2009.642857142857,1.0
NJ,7092,2,2,2008.5,0.0
NJ,7093,11,4,2014.1818181818182,3.0
NJ,7094,4,1,2009.5,0.0
NJ,7095,3,1,2012.3333333333333,0.0
NJ,7102,15,4,2015.3333333333333,2.0
NJ,7103,41,7,2011.4634146341464,1.0
NJ,7104,12,4,2014.75,3.0
NJ,7105,6,2,2008.5,0.0
NJ,7106,1,1,2010.0,0.0
NJ,7107,11,4,2007.8181818181818,1.0
NJ,7109,14,4,2007.857142857143,0.0
NJ,7110,3,1,2008.3333333333333,0.0
NJ,7111,8,2,2008.75,0.0
NJ,7112,25,5,2011.8,4.0
NJ,7201,4,3,2013.0,0.0
NJ,7202,17,5,2012.3529411764705,1.0
NJ,7208,4,3,2011.0,1.0
NJ,7302,19,6,2013.0526315789473,3.0
NJ,7304,7,3,2010.857142857143,0.0
NJ,7305,2,2,2006.5,0.0
NJ,7306,23,7,2009.8260869565217,0.0
NJ,7307,6,2,2011.5,0.0
NJ,7405,2,1,2007.0,0.0
NJ,7407,2,2,2009.0,0.0
NJ,7410,13,5,2007.923076923077,0.0
NJ,7417,7,3,2013.4285714285713,1.0
NJ,7419,2,1,2006.0,0.0
NJ,7424,7,3,2008.7142857142858,0.0
NJ,7430,1,1,2008.0,0.0
NJ,7436,2,2,2009.0,0.0
NJ,7442,2,1,2006.0,0.0
NJ,7444,6,3,2014.5,1.0
NJ,7446,3,3,2015.6666666666667,0.0
NJ,7450,17,6,2011.235294117647,2.0
NJ,7457,2,1,2007.5,0.0
NJ,7458,4,2,2010.5,0.0
NJ,7461,1,1,2007.0,0.0
NJ,7462,1,1,2007.0,0.0
NJ,7463,2,2,2016.5,1.0
NJ,7470,42,7,2009.452380952381,0.0
NJ,7481,5,2,2009.8,1.0
NJ,7501,6,3,2010.1666666666667,1.0
NJ,7503,38,6,2010.5526315789473,1.0
NJ,7504,1,1,2006.0,0.0
NJ,7506,1,1,2006.0,0.0
NJ,7508,2,2,2014.5,0.0
NJ,7512,8,4,2011.125,2.0
NJ,7514,8,3,2010.25,0.0
NJ,7522,1,1,2006.0,0.0
NJ,7601,76,10,2010.6842105263158,4.0
NJ,7603,1,1,2020.0,0.0
NJ,7604,5,1,2008.4,0.0
NJ,7620,1,1,2009.0,0.0
NJ,7621,5,3,2012.6,1.0
NJ,7624,2,1,2010.5,0.0
NJ,7627,1,1,2018.0,0.0
NJ,7628,2,1,2008.0,0.0
NJ,7630,6,3,2010.5,1.0
NJ,7631,64,7,2007.921875,1.0
NJ,7632,10,3,2006.9,0.0
NJ,7642,2,2,2007.0,0.0
NJ,7644,2,2,2010.5,0.0
NJ,7645,8,3,2009.625,0.0
NJ,7646,1,1,2007.0,0.0
NJ,7649,18,6,2011.5555555555557,2.0
NJ,7652,27,6,2010.888888888889,5.0
NJ,7656,1,1,2007.0,0.0
NJ,7657,1,1,2025.0,1.0
NJ,7661,5,2,2008.4,0.0
NJ,7663,2,2,2011.5,0.0
NJ,7666,33,5,2010.5151515151515,0.0
NJ,7670,4,2,2008.25,0.0
NJ,7675,12,5,2009.6666666666667,0.0
NJ,7677,2,2,2006.0,0.0
NJ,7701,9,3,2007.888888888889,0.0
NJ,7702,8,5,2008.25,0.0
NJ,7712,19,3,2009.3157894736842,0.0
NJ,7717,4,1,2011.0,1.0
NJ,7719,17,4,2008.4705882352941,0.0
NJ,7722,6,5,2006.5,0.0
NJ,7724,10,5,2010.6,0.0
NJ,7726,8,4,2011.875,1.0
NJ,7727,2,1,2013.5,0.0
NJ,7728,47,7,2011.7446808510638,2.0
NJ,7731,5,2,2007.2,0.0
NJ,7733,10,1,2006.9,0.0
NJ,7738,3,1,2007.3333333333333,0.0
NJ,7739,29,5,2011.6896551724137,5.0
NJ,7740,22,6,2010.409090909091,0.0
NJ,7746,3,1,2008.6666666666667,0.0
NJ,7747,3,1,2008.3333333333333,0.0
NJ,7748,1,1,2015.0,0.0
NJ,7753,31,8,2010.3225806451612,2.0
NJ,7754,1,1,2006.0,0.0
NJ,7755,4,1,2006.5,0.0
NJ,7757,1,1,2008.0,0.0
NJ,7760,2,2,2015.5,1.0
NJ,7764,12,6,2011.5,1.0
NJ,7801,7,4,2007.4285714285713,0.0
NJ,7830,1,1,2006.0,0.0
NJ,7832,2,2,2007.5,0.0
NJ,7834,12,4,2007.5,0.0
NJ,7840,22,5,2009.4545454545455,0.0
NJ,7849,2,2,2014.5,0.0
NJ,7850,1,1,2006.0,0.0
NJ,7856,1,1,2009.0,0.0
NJ,7860,11,5,2007.4545454545455,0.0
NJ,7866,3,2,2010.0,0.0
NJ,7869,4,2,2006.5,0.0
NJ,7871,4,3,2011.5,0.0
NJ,7876,1,1,2008.0,0.0
NJ,7885,2,1,2008.5,0.0
NJ,7901,15,5,2008.6,0.0
NJ,7920,33,4,2010.969696969697,1.0
NJ,7921,2,1,2007.0,0.0
NJ,7922,2,2,2006.0,0.0
NJ,7924,2,1,2008.5,0.0
NJ,7927,7,2,2010.142857142857,1.0
NJ,7928,3,2,2006.6666666666667,0.0
NJ,7932,16,5,2012.25,2.0
NJ,7936,1,1,2021.0,0.0
NJ,7940,5,3,2017.2,1.0
NJ,7945,1,1,2006.0,0.0
NJ,7950,1,1,2006.0,0.0
NJ,7960,79,10,2011.3291139240507,7.0
NJ,7962,1,1,2007.0,0.0
NJ,7974,7,2,2013.857142857143,2.0
NJ,8002,1,1,2023.0,1.0
NJ,8003,29,3,2011.9655172413793,1.0
NJ,8005,3,3,2011.3333333333333,0.0
NJ,8012,12,5,2010.5,0.0
NJ,8015,6,2,2007.6666666666667,0.0
NJ,8016,8,1,2009.625,0.0
NJ,8021,5,1,2006.0,0.0
NJ,8022,1,1,2006.0,0.0
NJ,8028,3,1,2015.6666666666667,1.0
NJ,8033,3,2,2007.0,0.0
NJ,8034,16,4,2008.25,1.0
NJ,8036,1,1,2025.0,1.0
NJ,8037,6,4,2009.5,0.0
NJ,8043,139,10,2012.1007194244605,9.0
NJ,8046,22,3,2008.090909090909,0.0
NJ,8048,10,4,2009.3,1.0
NJ,8050,12,4,2008.4166666666667,0.0
NJ,8052,3,1,2008.3333333333333,0.0
NJ,8053,21,5,2011.8095238095239,3.0
NJ,8054,15,5,2008.5333333333333,0.0
NJ,8057,12,2,2013.6666666666667,0.0
NJ,8060,23,6,2009.0,0.0
NJ,8062,10,2,2009.9,0.0
NJ,8066,6,3,2008.0,0.0
NJ,8070,1,1,2025.0,1.0
NJ,8075,6,3,2008.3333333333333,0.0
NJ,8079,2,2,2010.5,0.0
NJ,8080,33,6,2011.2121212121212,2.0
NJ,8081,4,3,2017.0,0.0
NJ,8083,1,1,2010.0,0.0
NJ,8084,7,4,2011.7142857142858,0.0
NJ,8085,7,2,2013.142857142857,0.0
NJ,8088,2,1,2010.5,0.0
NJ,8090,1,1,2024.0,1.0
NJ,8096,3,3,2015.6666666666667,0.0
NJ,8097,3,1,2007.3333333333333,0.0
NJ,8102,1,1,2007.0,0.0
NJ,8103,79,6,2012.367088607595,6.0
NJ,8104,3,2,2013.3333333333333,0.0
NJ,8108,3,3,2006.0,0.0
NJ,8109,8,5,2008.625,0.0
NJ,8201,7,4,2011.857142857143,1.0
NJ,8205,13,4,2007.1538461538462,0.0
NJ,8210,9,4,2006.3333333333333,0.0
NJ,8221,6,2,2010.1666666666667,1.0
NJ,8225,5,2,2012.8,1.0
NJ,8226,3,2,2008.6666666666667,0.0
NJ,8234,26,5,2011.6923076923076,2.0
NJ,8240,3,3,2015.3333333333333,0.0
NJ,8243,1,1,2006.0,0.0
NJ,8244,16,3,2009.0625,0.0
NJ,8247,1,1,2006.0,0.0
NJ,8302,11,5,2008.8181818181818,0.0
NJ,8318,8,3,2012.75,2.0
NJ,8330,3,2,2008.0,0.0
NJ,8332,1,1,2008.0,0.0
NJ,8360,21,6,2010.7142857142858,1.0
NJ,8361,3,3,2007.0,0.0
NJ,8401,3,2,2012.6666666666667,0.0
NJ,8402,1,1,2013.0,0.0
NJ,8406,3,2,2013.6666666666667,0.0
NJ,8502,1,1,2006.0,0.0
NJ,8505,6,3,2015.5,0.0
NJ,8520,4,2,2009.0,0.0
NJ,8527,2,1,2011.0,0.0
NJ,8528,3,1,2006.6666666666667,0.0
NJ,8534,25,6,2010.76,1.0
NJ,8536,22,7,2012.7727272727273,3.0
NJ,8540,33,4,2008.7878787878788,1.0
NJ,8542,4,2,2018.0,0.0
NJ,8544,1,1,2007.0,0.0
NJ,8550,4,2,2009.0,0.0
NJ,8558,4,2,2011.25,1.0
NJ,8559,1,1,2007.0,0.0
NJ,8608,6,3,2009.8333333333333,1.0
NJ,8618,41,6,2010.0487804878048,3.0
NJ,8619,16,4,2008.75,0.0
NJ,8638,5,1,2008.2,0.0
NJ,8648,56,6,2010.482142857143,6.0
NJ,8690,10,2,2006.2,0.0
NJ,8691,4,1,2014.0,0.0
NJ,8701,51,7,2011.9607843137255,7.0
NJ,8723,3,1,2008.3333333333333,0.0
NJ,8724,11,4,2007.1818181818182,0.0
NJ,8735,1,1,2006.0,0.0
NJ,8736,9,3,2010.3333333333333,0.0
NJ,8750,3,3,2009.3333333333333,0.0
NJ,8753,12,5,2008.1666666666667,1.0
NJ,8755,13,4,2008.1538461538462,0.0
NJ,8759,1,1,2025.0,1.0
NJ,8802,2,1,2010.5,0.0
NJ,8807,8,1,2008.875,0.0
NJ,8809,1,1,2007.0,0.0
NJ,8816,28,5,2009.2142857142858,1.0
NJ,8817,5,2,2008.8,0.0
NJ,8818,2,2,2007.5,0.0
NJ,8820,31,6,2008.5483870967741,0.0
NJ,8822,22,5,2009.7272727272727,0.0
NJ,8823,1,1,2006.0,0.0
NJ,8824,13,2,2009.0,0.0
NJ,8830,3,1,2005.6666666666667,0.0
NJ,8831,1,1,2024.0,1.0
NJ,8836,4,2,2013.25,0.0
NJ,8837,4,3,2008.25,0.0
NJ,8840,5,2,2007.8,0.0
NJ,8844,7,3,2012.5714285714287,2.0
NJ,8848,2,1,2006.5,0.0
NJ,8850,1,1,2007.0,0.0
NJ,8852,1,1,2006.0,0.0
NJ,8854,9,2,2008.5555555555557,0.0
NJ,8857,1,1,2006.0,0.0
NJ,8861,16,5,2008.375,0.0
NJ,8863,3,1,2007.6666666666667,0.0
NJ,8865,8,5,2011.5,1.0
NJ,8869,4,2,2006.0,0.0
NJ,8872,1,1,2010.0,0.0
NJ,8873,17,4,2008.1764705882354,1.0
NJ,8876,13,5,2009.1538461538462,0.0
NJ,8882,1,1,2009.0,0.0
NJ,8889,2,2,2009.0,0.0
NJ,8901,83,10,2011.9518072289156,5.0
NJ,8902,10,3,2010.5,0.0
NJ,8903,1,1,2008.0,0.0
NJ,11206,1,1,2010.0,0.0
NM,83106,1,1,2006.0,0.0
NM,87002,1,1,2006.0,0.0
NM,87004,3,2,2006.0,0.0
NM,87015,6,4,2010.0,1.0
NM,87020,4,2,2006.0,0.0
NM,87031,2,2,2022.0,1.0
NM,87047,2,2,2012.5,0.0
NM,87049,1,1,2006.0,0.0
NM,87102,15,6,2012.0666666666666,2.0
NM,87104,3,1,2022.6666666666667,2.0
NM,87105,4,2,2012.75,0.0
NM,87106,132,10,2009.7651515151515,4.0
NM,87107,20,4,2012.95,2.0
NM,87108,20,5,2007.95,0.0
NM,87109,114,9,2010.8947368421052,8.0
NM,87110,5,4,2010.0,0.0
NM,87111,3,3,2009.0,0.0
NM,87112,7,4,2014.5714285714287,2.0
NM,87113,1,1,2006.0,0.0
NM,87114,10,5,2012.5,2.0
NM,87116,1,1,2019.0,0.0
NM,87117,1,1,2007.0,0.0
NM,87120,10,4,2010.3,0.0
NM,87121,5,1,2015.2,1.0
NM,87122,1,1,2007.0,0.0
NM,87123,4,2,2008.0,0.0
NM,87124,14,6,2009.5,0.0
NM,87131,37,6,2009.8918918918919,1.0
NM,87144,2,1,2019.5,1.0
NM,87301,21,4,2011.047619047619,1.0
NM,87323,1,1,2006.0,0.0
NM,87327,1,1,2005.0,0.0
NM,87401,17,4,2010.7058823529412,1.0
NM,87402,2,2,2015.0,1.0
NM,87410,1,1,2008.0,0.0
NM,87420,19,4,2011.3684210526317,1.0
NM,87501,5,3,2011.0,0.0
NM,87505,42,5,2010.6190476190477,3.0
NM,87507,8,4,2013.75,1.0
NM,87508,2,1,2015.0,0.0
NM,87532,11,5,2011.4545454545455,1.0
NM,87544,5,3,2009.8,1.0
NM,87557,2,1,2015.0,0.0
NM,87560,3,1,2016.6666666666667,0.0
NM,87571,16,4,2009.0,0.0
NM,87574,2,1,2008.0,0.0
NM,87701,7,4,2007.7142857142858,0.0
NM,87722,1,1,2010.0,0.0
NM,87740,6,2,2006.6666666666667,0.0
NM,87801,1,1,2006.0,0.0
NM,88001,19,5,2008.157894736842,0.0
NM,88003,1,1,2006.0,0.0
NM,88005,22,5,2011.6363636363637,0.0
NM,88008,5,3,2016.4,1.0
NM,88011,34,6,2009.235294117647,1.0
NM,88021,1,1,2007.0,0.0
NM,88029,1,1,2009.0,0.0
NM,88030,5,4,2006.0,0.0
NM,88044,1,1,2010.0,0.0
NM,88045,1,1,2016.0,0.0
NM,88046,1,1,2020.0,0.0
NM,88061,12,5,2010.0,1.0
NM,88081,2,1,2017.5,0.0
NM,88101,10,4,2011.9,2.0
NM,88103,2,1,2011.0,0.0
NM,88130,2,2,2006.0,0.0
NM,88201,19,3,2010.0526315789473,1.0
NM,88203,1,1,2007.0,0.0
NM,88210,2,2,2005.5,0.0
NM,88220,8,3,2008.75,0.0
NM,88240,11,3,2010.0,1.0
NM,88260,1,1,2006.0,0.0
NM,88310,12,4,2007.3333333333333,0.0
NM,88330,3,1,2009.3333333333333,0.0
NM,88345,2,2,2005.5,0.0
NM,88401,1,1,2008.0,0.0
NONE,15123,1,1,2019.0,0.0
NV,89002,1,1,2023.0,1.0
NV,89011,6,1,2008.0,0.0
NV,89012,4,1,2016.0,0.0
NV,89014,10,4,2012.4,1.0
NV,89015,3,2,2005.6666666666667,0.0
NV,89027,3,1,2006.3333333333333,0.0
NV,89029,1,1,2009.0,0.0
NV,89030,9,3,2010.2222222222222,1.0
NV,89031,1,1,2006.0,0.0
NV,89032,1,1,2007.0,0.0
NV,89049,1,1,2006.0,0.0
NV,89052,48,7,2011.5,2.0
NV,89060,1,1,2020.0,0.0
NV,89074,18,3,2008.2777777777778,0.0
NV,89084,1,1,2009.0,0.0
NV,89086,4,3,2007.5,0.0
NV,89101,1,1,2007.0,0.0
NV,89102,29,5,2009.6896551724137,0.0
NV,89103,2,2,2022.0,1.0
NV,89104,7,2,2007.142857142857,0.0
NV,89106,70,8,2010.3857142857144,5.0
NV,89107,8,7,2014.5,1.0
NV,89109,13,4,2008.1538461538462,1.0
NV,89110,2,2,2007.5,0.0
NV,89113,26,4,2009.076923076923,1.0
NV,89115,1,1,2021.0,0.0
NV,89117,11,5,2011.090909090909,0.0
NV,89118,27,7,2009.7037037037037,0.0
NV,89119,12,4,2010.0833333333333,1.0
NV,89120,3,2,2021.0,1.0
NV,89121,4,2,2010.25,0.0
NV,89123,6,2,2012.0,0.0
NV,89128,39,6,2009.6666666666667,2.0
NV,89129,7,3,2022.2857142857142,3.0
NV,89130,1,1,2018.0,0.0
NV,89131,2,1,2011.5,0.0
NV,89135,2,2,2010.5,0.0
NV,89139,1,1,2023.0,1.0
NV,89144,15,6,2007.7333333333333,0.0
NV,89145,8,4,2011.25,1.0
NV,89146,1,1,2026.0,1.0
NV,89147,1,1,2010.0,0.0
NV,89148,58,7,2009.603448275862,4.0
NV,89149,15,2,2011.0666666666666,0.0
NV,89169,6,3,2011.3333333333333,0.0
NV,89178,1,1,2020.0,0.0
NV,89191,19,5,2014.157894736842,0.0
NV,89403,1,1,2021.0,0.0
NV,89406,5,2,2005.8,0.0
NV,89410,1,1,2017.0,0.0
NV,89431,2,1,2007.0,0.0
NV,89434,2,2,2007.0,0.0
NV,89445,2,2,2014.0,0.0
NV,89460,1,1,2018.0,0.0
NV,89501,1,1,2010.0,0.0
NV,89502,57,8,2011.842105263158,5.0
NV,89503,19,6,2009.7368421052631,0.0
NV,89506,2,1,2009.0,0.0
NV,89509,15,7,2010.1333333333334,0.0
NV,89511,41,7,2011.2926829268292,2.0
NV,89512,1,1,2017.0,0.0
NV,89521,1,1,2007.0,0.0
NV,89523,3,3,2016.6666666666667,0.0
NV,89557,5,1,2008.6,0.0
NV,89703,16,2,2009.125,0.0
NV,89704,1,1,2019.0,0.0
NV,89705,3,2,2006.0,0.0
NV,89706,3,2,2009.3333333333333,0.0
NV,89801,9,3,2009.0,0.0
NY,9180,2,2,2012.5,0.0
NY,10001,17,6,2010.1764705882354,1.0
NY,10002,30,5,2007.8666666666666,0.0
NY,10003,64,7,2008.484375,2.0
NY,10004,1,1,2013.0,0.0
NY,10006,16,4,2012.5625,0.0
NY,10007,13,4,2009.4615384615386,1.0
NY,10009,4,3,2011.5,1.0
NY,10010,10,5,2014.8,2.0
NY,10011,23,6,2011.5217391304348,3.0
NY,10012,62,6,2010.5,3.0
NY,10013,90,8,2011.0,5.0
NY,10014,1,1,2006.0,0.0
NY,10016,196,10,2010.607142857143,12.0
NY,10017,27,6,2012.888888888889,4.0
NY,10018,1,1,2023.0,0.0
NY,10019,120,10,2010.475,3.0
NY,10021,149,9,2008.3020134228188,3.0
NY,10022,87,8,2010.7701149425288,2.0
NY,10023,14,4,2009.7142857142858,1.0
NY,10024,22,4,2008.2727272727273,0.0
NY,10025,30,4,2011.7333333333333,5.0
NY,10026,5,2,2008.2,0.0
NY,10027,12,3,2011.9166666666667,0.0
NY,10028,64,7,2009.15625,1.0
NY,10029,110,9,2009.909090909091,2.0
NY,10030,1,1,2007.0,0.0
NY,10031,4,2,2010.25,0.0
NY,10032,124,9,2010.3306451612902,4.0
NY,10033,11,5,2011.6363636363637,0.0
NY,10034,35,6,2012.2571428571428,1.0
NY,10035,4,2,2010.75,0.0
NY,10036,10,4,2016.0,0.0
NY,10037,24,7,2009.7083333333333,1.0
NY,10038,38,6,2009.6052631578948,1.0
NY,10039,2,2,2008.5,0.0
NY,10040,3,2,2016.0,1.0
NY,10065,113,12,2013.424778761062,13.0
NY,10075,38,6,2012.1842105263158,3.0
NY,10119,1,1,2006.0,0.0
NY,10128,88,8,2008.909090909091,3.0
NY,10301,19,4,2009.578947368421,1.0
NY,10302,5,4,2014.8,1.0
NY,10304,15,3,2008.7333333333333,0.0
NY,10305,21,6,2011.047619047619,2.0
NY,10306,14,4,2010.7857142857142,2.0
NY,10309,6,4,2011.5,1.0
NY,10310,7,3,2012.7142857142858,0.0
NY,10311,4,1,2006.5,0.0
NY,10312,8,4,2011.0,0.0
NY,10314,31,6,2009.258064516129,0.0
NY,10451,30,7,2012.3,5.0
NY,10452,6,4,2008.6666666666667,0.0
NY,10453,23,5,2012.4347826086957,3.0
NY,10454,4,4,2007.75,0.0
NY,10456,2,2,2006.0,0.0
NY,10457,74,8,2012.1081081081081,6.0
NY,10458,8,3,2008.375,0.0
NY,10459,13,5,2013.3846153846155,1.0
NY,10460,2,1,2009.0,0.0
NY,10461,124,9,2009.6612903225807,2.0
NY,10462,10,4,2009.2,1.0
NY,10463,7,5,2011.857142857143,0.0
NY,10466,14,3,2008.9285714285713,1.0
NY,10467,50,9,2012.74,5.0
NY,10468,4,3,2009.25,0.0
NY,10469,5,2,2009.2,0.0
NY,10470,1,1,2006.0,0.0
NY,10471,2,2,2022.0,1.0
NY,10472,1,1,2023.0,1.0
NY,10473,3,2,2014.6666666666667,1.0
NY,10475,3,1,2012.6666666666667,0.0
NY,10504,1,1,2008.0,0.0
NY,10506,1,1,2009.0,0.0
NY,10509,1,1,2020.0,0.0
NY,10512,11,4,2007.5454545454545,0.0
NY,10514,5,3,2009.2,0.0
NY,10516,1,1,2007.0,0.0
NY,10523,1,1,2008.0,0.0
NY,10528,9,6,2008.5555555555557,1.0
NY,10530,15,4,2008.6666666666667,0.0
NY,10532,34,7,2010.8235294117646,0.0
NY,10536,3,1,2007.6666666666667,0.0
NY,10538,12,4,2007.0,0.0
NY,10543,2,1,2015.0,1.0
NY,10549,43,7,2009.5581395348838,2.0
NY,10550,20,4,2010.25,2.0
NY,10552,3,2,2013.6666666666667,1.0
NY,10562,5,2,2006.2,0.0
NY,10566,11,3,2008.6363636363637,1.0
NY,10567,19,4,2010.8947368421052,0.0
NY,10573,6,4,2008.1666666666667,0.0
NY,10577,10,4,2009.8,0.0
NY,10579,5,2,2006.2,0.0
NY,10580,18,4,2008.611111111111,0.0
NY,10583,23,5,2009.1304347826087,1.0
NY,10589,1,1,2019.0,0.0
NY,10590,1,1,2009.0,0.0
NY,10591,16,3,2009.5,0.0
NY,10595,5,3,2016.2,0.0
NY,10598,5,4,2011.8,1.0
NY,10601,19,9,2009.0526315789473,0.0
NY,10603,1,1,2008.0,0.0
NY,10604,14,3,2012.642857142857,1.0
NY,10605,21,7,2009.3333333333333,1.0
NY,10607,8,3,2017.875,2.0
NY,10701,17,3,2008.5882352941176,1.0
NY,10703,3,2,2006.0,0.0
NY,10704,5,1,2006.2,0.0
NY,10705,2,1,2007.0,0.0
NY,10707,2,2,2012.0,0.0
NY,10708,7,3,2010.5714285714287,1.0
NY,10710,13,3,2008.076923076923,0.0
NY,10801,18,4,2008.6666666666667,1.0
NY,10803,2,2,2008.5,0.0
NY,10804,1,1,2014.0,0.0
NY,10901,25,4,2009.96,1.0
NY,10917,1,1,2007.0,0.0
NY,10918,1,1,2007.0,0.0
NY,10924,5,2,2006.4,0.0
NY,10927,1,1,2007.0,0.0
NY,10940,28,4,2009.0714285714287,0.0
NY,10941,21,2,2008.095238095238,0.0
NY,10950,7,4,2007.4285714285713,0.0
NY,10952,9,2,2013.0,0.0
NY,10954,1,1,2010.0,0.0
NY,10956,8,1,2009.0,0.0
NY,10960,21,6,2014.2857142857142,2.0
NY,10962,2,2,2014.0,0.0
NY,10968,2,2,2007.0,0.0
NY,10970,21,7,2010.5238095238096,3.0
NY,10977,12,4,2016.4166666666667,2.0
NY,10990,10,3,2007.5,0.0
NY,10992,1,1,2023.0,1.0
NY,10994,9,4,2008.3333333333333,0.0
NY,10996,2,1,2005.5,0.0
NY,11003,3,2,2022.0,2.0
NY,11004,3,2,2012.6666666666667,0.0
NY,11010,6,2,2008.8333333333333,0.0
NY,11021,54,6,2009.648148148148,1.0
NY,11023,1,1,2006.0,0.0
NY,11024,1,1,2012.0,0.0
NY,11030,52,9,2009.7884615384614,1.0
NY,11040,33,7,2014.0,2.0
NY,11042,61,9,2009.5409836065573,3.0
NY,11050,3,3,2010.3333333333333,0.0
NY,11096,1,1,2006.0,0.0
NY,11101,8,3,2015.75,1.0
NY,11102,13,4,2013.4615384615386,1.0
NY,11103,9,3,2009.2222222222222,0.0
NY,11104,3,2,2011.0,0.0
NY,11105,2,1,2020.0,0.0
NY,11106,9,4,2008.111111111111,1.0
NY,11201,65,9,2010.8153846153846,3.0
NY,11203,79,11,2009.4810126582279,4.0
NY,11204,11,3,2014.090909090909,0.0
NY,11205,9,3,2012.5555555555557,3.0
NY,11206,50,6,2009.82,3.0
NY,11207,7,2,2008.5714285714287,1.0
NY,11208,3,2,2011.0,0.0
NY,11209,43,8,2008.9767441860465,1.0
NY,11210,13,5,2013.7692307692307,1.0
NY,11211,6,3,2013.8333333333333,1.0
NY,11212,29,5,2010.7241379310344,1.0
NY,11213,5,3,2009.6,1.0
NY,11214,4,3,2008.0,0.0
NY,11215,85,9,2011.3529411764705,4.0
NY,11216,18,5,2016.7222222222222,5.0
NY,11217,15,3,2009.9333333333334,0.0
NY,11218,10,4,2010.6,0.0
NY,11219,62,8,2010.5,1.0
NY,11220,80,6,2012.4625,4.0
NY,11221,6,3,2013.3333333333333,2.0
NY,11222,5,3,2017.4,1.0
NY,11223,2,2,2009.5,0.0
NY,11224,3,2,2011.3333333333333,1.0
NY,11225,13,5,2011.0,1.0
NY,11226,18,5,2015.6666666666667,4.0
NY,11228,12,5,2008.6666666666667,0.0
NY,11229,45,7,2009.8222222222223,1.0
NY,11230,13,4,2011.5384615384614,1.0
NY,11231,8,4,2009.0,0.0
NY,11232,2,2,2008.0,0.0
NY,11233,5,3,2018.4,0.0
NY,11234,20,7,2010.4,1.0
NY,11235,53,7,2011.301886792453,5.0
NY,11236,12,5,2016.1666666666667,3.0
NY,11237,25,7,2012.64,2.0
NY,11238,11,5,2014.8181818181818,1.0
NY,11242,1,1,2010.0,0.0
NY,11249,4,2,2008.25,0.0
NY,11354,31,5,2011.516129032258,2.0
NY,11355,54,7,2008.9074074074074,0.0
NY,11357,1,1,2014.0,0.0
NY,11358,4,3,2013.75,1.0
NY,11360,2,2,2009.0,0.0
NY,11361,6,2,2009.0,0.0
NY,11364,2,1,2009.0,0.0
NY,11365,13,3,2008.076923076923,0.0
NY,11366,7,5,2013.4285714285713,1.0
NY,11367,4,3,2012.0,0.0
NY,11368,6,3,2012.1666666666667,0.0
NY,11369,2,2,2014.5,1.0
NY,11372,21,5,2010.7619047619048,2.0
NY,11373,53,7,2010.698113207547,6.0
NY,11374,16,2,2007.75,0.0
NY,11375,66,9,2010.1515151515152,2.0
NY,11377,2,2,2008.0,0.0
NY,11378,1,1,2006.0,0.0
NY,11379,3,2,2010.3333333333333,0.0
NY,11385,13,5,2011.3076923076924,1.0
NY,11411,4,4,2008.25,0.0
NY,11415,3,1,2010.0,0.0
NY,11416,1,1,2013.0,0.0
NY,11417,2,1,2014.0,0.0
NY,11418,47,6,2010.7021276595744,0.0
NY,11419,4,4,2009.25,0.0
NY,11420,2,1,2009.0,0.0
NY,11421,1,1,2006.0,0.0
NY,11422,6,3,2009.5,0.0
NY,11423,8,2,2007.875,0.0
NY,11426,1,1,2012.0,0.0
NY,11427,2,1,2007.5,0.0
NY,11432,15,6,2010.4,0.0
NY,11433,1,1,2006.0,0.0
NY,11434,4,2,2015.0,1.0
NY,11435,5,3,2010.2,0.0
NY,11501,81,8,2009.8395061728395,2.0
NY,11509,1,1,2010.0,0.0
NY,11510,3,2,2013.6666666666667,0.0
NY,11516,3,2,2017.0,1.0
NY,11520,3,2,2014.0,0.0
NY,11530,55,8,2010.5454545454545,2.0
NY,11542,5,2,2008.8,0.0
NY,11548,2,1,2015.5,0.0
NY,11550,10,4,2010.2,0.0
NY,11552,2,1,2023.0,1.0
NY,11553,1,1,2006.0,0.0
NY,11554,16,2,2007.9375,0.0
NY,11557,11,4,2012.5454545454545,2.0
NY,11559,2,2,2018.0,1.0
NY,11561,5,1,2007.0,0.0
NY,11563,5,3,2009.6,1.0
NY,11565,2,2,2011.0,0.0
NY,11566,5,3,2011.4,0.0
NY,11568,2,2,2008.5,0.0
NY,11570,33,4,2007.7878787878788,0.0
NY,11572,12,4,2010.4166666666667,0.0
NY,11575,3,2,2008.0,0.0
NY,11576,3,2,2008.3333333333333,0.0
NY,11577,2,1,2014.5,1.0
NY,11580,13,5,2009.3846153846155,1.0
NY,11581,7,3,2008.5714285714287,0.0
NY,11590,19,6,2014.3157894736842,3.0
NY,11596,2,2,2018.0,0.0
NY,11598,1,1,2022.0,0.0
NY,11691,15,4,2012.3333333333333,2.0
NY,11692,5,2,2007.2,0.0
NY,11694,1,1,2005.0,0.0
NY,11701,3,1,2006.0,0.0
NY,11702,6,3,2012.3333333333333,1.0
NY,11703,4,1,2006.25,0.0
NY,11704,6,2,2011.0,1.0
NY,11706,22,5,2013.0454545454545,1.0
NY,11710,8,2,2006.875,0.0
NY,11714,15,3,2010.0666666666666,0.0
NY,11716,6,2,2013.1666666666667,0.0
NY,11717,8,3,2009.5,0.0
NY,11718,6,2,2009.5,0.0
NY,11720,2,2,2015.5,1.0
NY,11724,1,1,2009.0,0.0
NY,11725,6,3,2010.5,1.0
NY,11727,1,1,2017.0,0.0
NY,11729,2,1,2005.5,0.0
NY,11730,7,3,2008.142857142857,0.0
NY,11731,6,2,2006.3333333333333,0.0
NY,11733,57,10,2008.5438596491229,1.0
NY,11735,1,1,2024.0,1.0
NY,11740,7,4,2010.7142857142858,0.0
NY,11743,20,3,2007.65,0.0
NY,11746,14,6,2007.5,0.0
NY,11747,7,2,2007.4285714285713,0.0
NY,11749,6,3,2014.6666666666667,0.0
NY,11751,10,2,2006.9,0.0
NY,11753,3,2,2017.3333333333333,0.0
NY,11755,2,2,2013.0,0.0
NY,11756,2,1,2005.5,0.0
NY,11757,2,2,2012.0,0.0
NY,11758,16,5,2013.0625,0.0
NY,11763,1,1,2007.0,0.0
NY,11766,1,1,2008.0,0.0
NY,11768,2,1,2007.5,0.0
NY,11769,6,1,2007.1666666666667,0.0
NY,11771,1,1,2011.0,0.0
NY,11772,18,5,2007.888888888889,0.0
NY,11776,13,5,2007.923076923077,0.0
NY,11777,19,3,2006.7894736842106,1.0
NY,11779,3,1,2007.0,0.0
NY,11782,1,1,2025.0,1.0
NY,11783,1,1,2006.0,0.0
NY,11787,33,6,2011.3636363636363,6.0
NY,11788,4,2,2006.25,0.0
NY,11790,9,4,2008.0,0.0
NY,11791,5,4,2009.8,1.0
NY,11794,24,7,2012.75,0.0
NY,11795,35,5,2009.9142857142858,2.0
NY,11797,18,5,2008.3333333333333,0.0
NY,11801,12,3,2009.75,0.0
NY,11803,8,4,2013.0,0.0
NY,11901,7,5,2012.142857142857,0.0
NY,11931,1,1,2017.0,0.0
NY,11934,1,1,2020.0,0.0
NY,11935,1,1,2007.0,0.0
NY,11937,4,3,2010.0,0.0
NY,11944,1,1,2006.0,0.0
NY,11946,2,1,2006.0,0.0
NY,11960,1,1,2013.0,0.0
NY,11961,1,1,2017.0,0.0
NY,11963,1,1,2020.0,0.0
NY,11968,11,5,2008.4545454545455,0.0
NY,11971,1,1,2018.0,0.0
NY,11980,2,2,2014.0,0.0
NY,12010,11,4,2009.5454545454545,0.0
NY,12019,2,1,2017.0,1.0
NY,12020,2,2,2017.0,0.0
NY,12033,1,1,2009.0,0.0
NY,12047,1,1,2015.0,0.0
NY,12054,5,3,2011.4,1.0
NY,12065,10,4,2009.8,0.0
NY,12070,1,1,2006.0,0.0
NY,12075,1,1,2006.0,0.0
NY,12077,1,1,2025.0,1.0
NY,12078,5,3,2006.0,0.0
NY,12110,30,6,2009.1333333333334,1.0
NY,12144,2,1,2013.5,0.0
NY,12157,1,1,2007.0,0.0
NY,12159,9,4,2007.3333333333333,0.0
NY,12170,1,1,2025.0,1.0
NY,12180,36,6,2011.0833333333333,2.0
NY,12183,4,2,2007.5,0.0
NY,12184,1,1,2008.0,0.0
NY,12186,1,1,2006.0,0.0
NY,12203,5,2,2007.0,0.0
NY,12204,1,1,2015.0,0.0
NY,12205,19,7,2009.3684210526317,2.0
NY,12206,16,6,2011.1875,0.0
NY,12207,1,1,2006.0,0.0
NY,12208,59,8,2011.864406779661,5.0
NY,12209,7,3,2006.5714285714287,0.0
NY,12210,1,1,2006.0,0.0
NY,12211,2,2,2009.0,0.0
NY,12302,1,1,2006.0,0.0
NY,12304,9,3,2007.0,0.0
NY,12305,1,1,2006.0,0.0
NY,12307,6,3,2008.3333333333333,0.0
NY,12308,1,1,2006.0,0.0
NY,12309,17,4,2006.9411764705883,0.0
NY,12401,19,6,2008.842105263158,0.0
NY,12404,1,1,2013.0,0.0
NY,12414,3,3,2006.6666666666667,0.0
NY,12443,1,1,2015.0,0.0
NY,12461,1,1,2008.0,0.0
NY,12484,2,2,2006.0,0.0
NY,12508,7,4,2012.0,1.0
NY,12518,1,1,2009.0,0.0
NY,12520,1,1,2015.0,0.0
NY,12524,21,5,2007.2380952380952,0.0
NY,12525,1,1,2007.0,0.0
NY,12528,2,1,2010.0,0.0
NY,12529,2,2,2013.5,0.0
NY,12533,3,2,2010.3333333333333,0.0
NY,12534,12,3,2008.75,0.0
NY,12542,1,1,2022.0,0.0
NY,12545,2,2,2008.5,0.0
NY,12549,1,1,2007.0,0.0
NY,12550,19,4,2009.6315789473683,0.0
NY,12553,3,3,2015.0,1.0
NY,12561,7,3,2013.142857142857,2.0
NY,12563,1,1,2007.0,0.0
NY,12566,2,2,2008.5,0.0
NY,12569,2,2,2014.0,0.0
NY,12572,20,5,2013.8,4.0
NY,12578,1,1,2010.0,0.0
NY,12590,1,1,2023.0,1.0
NY,12601,53,6,2009.377358490566,0.0
NY,12603,6,3,2010.0,0.0
NY,12701,6,4,2007.1666666666667,0.0
NY,12754,1,1,2006.0,0.0
NY,12775,5,2,2010.4,1.0
NY,12801,40,5,2012.5,3.0
NY,12804,4,3,2008.75,0.0
NY,12816,2,2,2009.5,0.0
NY,12831,6,4,2007.5,0.0
NY,12834,1,1,2005.0,0.0
NY,12866,23,5,2008.4782608695652,1.0
NY,12871,1,1,2018.0,0.0
NY,12885,2,1,2005.5,0.0
NY,12901,30,5,2008.5,0.0
NY,12932,1,1,2006.0,0.0
NY,12946,1,1,2022.0,0.0
NY,12953,4,2,2010.25,0.0
NY,12978,1,1,2007.0,0.0
NY,12983,10,5,2009.6,1.0
NY,13021,22,5,2008.4545454545455,0.0
NY,13031,2,2,2012.0,0.0
NY,13045,10,4,2006.5,0.0
NY,13057,20,5,2008.95,1.0
NY,13066,6,2,2007.3333333333333,0.0
NY,13069,2,2,2006.0,0.0
NY,13077,1,1,2015.0,0.0
NY,13078,1,1,2009.0,0.0
NY,13088,6,2,2006.3333333333333,0.0
NY,13104,1,1,2007.0,0.0
NY,13126,5,2,2011.0,0.0
NY,13152,1,1,2006.0,0.0
NY,13164,1,1,2008.0,0.0
NY,13202,41,8,2008.121951219512,1.0
NY,13203,31,6,2009.9032258064517,1.0
NY,13204,1,1,2018.0,0.0
NY,13205,6,3,2011.3333333333333,0.0
NY,13207,1,1,2021.0,0.0
NY,13208,1,1,2006.0,0.0
NY,13210,49,9,2009.795918367347,0.0
NY,13212,5,1,2008.2,0.0
NY,13214,1,1,2007.0,0.0
NY,13215,14,4,2007.9285714285713,0.0
NY,13244,1,1,2009.0,0.0
NY,13323,1,1,2021.0,0.0
NY,13326,33,5,2009.1515151515152,0.0
NY,13346,3,2,2009.0,0.0
NY,13350,1,1,2006.0,0.0
NY,13365,2,1,2005.5,0.0
NY,13367,9,2,2008.888888888889,1.0
NY,13368,1,1,2006.0,0.0
NY,13413,10,3,2007.5,0.0
NY,13421,11,3,2012.090909090909,0.0
NY,13440,8,2,2008.25,0.0
NY,13476,2,1,2006.0,0.0
NY,13501,6,1,2005.6666666666667,0.0
NY,13502,20,4,2008.95,1.0
NY,13601,21,5,2009.142857142857,0.0
NY,13602,4,2,2012.25,0.0
NY,13617,8,3,2007.25,0.0
NY,13619,8,4,2011.125,0.0
NY,13621,1,1,2026.0,1.0
NY,13642,2,1,2006.0,0.0
NY,13648,1,1,2007.0,0.0
NY,13662,11,2,2007.8181818181818,0.0
NY,13669,8,2,2008.25,0.0
NY,13676,9,4,2010.2222222222222,0.0
NY,13691,1,1,2025.0,1.0
NY,13760,1,1,2006.0,0.0
NY,13783,1,1,2018.0,0.0
NY,13790,23,5,2008.2608695652175,0.0
NY,13803,1,1,2011.0,0.0
NY,13815,7,2,2010.0,0.0
NY,13820,11,4,2007.4545454545455,0.0
NY,13827,2,2,2011.5,0.0
NY,13833,1,1,2009.0,0.0
NY,13838,2,1,2006.0,0.0
NY,13850,15,5,2008.6,1.0
NY,13901,2,2,2006.0,0.0
NY,13905,15,4,2008.6666666666667,0.0
NY,14020,14,5,2009.0714285714287,0.0
NY,14031,1,1,2007.0,0.0
NY,14036,1,1,2006.0,0.0
NY,14043,5,2,2009.2,0.0
NY,14047,4,2,2008.25,0.0
NY,14048,6,3,2007.1666666666667,0.0
NY,14051,8,2,2008.125,0.0
NY,14052,5,2,2011.4,0.0
NY,14063,3,2,2013.3333333333333,0.0
NY,14075,1,1,2011.0,0.0
NY,14092,9,2,2009.5555555555557,0.0
NY,14094,14,3,2007.5714285714287,0.0
NY,14103,2,2,2006.5,0.0
NY,14108,2,1,2005.5,0.0
NY,14120,3,2,2009.3333333333333,0.0
NY,14127,7,2,2005.4285714285713,0.0
NY,14141,7,3,2006.2857142857142,0.0
NY,14150,7,2,2007.2857142857142,0.0
NY,14201,3,2,2012.0,0.0
NY,14202,5,4,2008.0,0.0
NY,14203,22,6,2010.6363636363637,0.0
NY,14204,2,1,2006.0,0.0
NY,14206,1,1,2006.0,0.0
NY,14207,8,4,2013.5,1.0
NY,14208,1,1,2005.0,0.0
NY,14209,16,6,2008.5625,0.0
NY,14210,2,2,2009.0,0.0
NY,14213,4,3,2015.5,1.0
NY,14214,30,8,2009.8333333333333,2.0
NY,14215,3,1,2007.0,0.0
NY,14217,7,2,2008.0,0.0
NY,14219,2,1,2005.5,0.0
NY,14220,8,4,2009.125,0.0
NY,14221,65,8,2008.1538461538462,0.0
NY,14222,15,5,2007.8,0.0
NY,14223,3,3,2007.6666666666667,0.0
NY,14224,39,6,2007.5384615384614,0.0
NY,14225,15,5,2008.6666666666667,0.0
NY,14226,26,6,2006.5384615384614,0.0
NY,14228,6,3,2006.0,0.0
NY,14263,10,3,2007.2,0.0
NY,14301,1,1,2012.0,0.0
NY,14304,5,3,2008.2,0.0
NY,14411,1,1,2006.0,0.0
NY,14420,11,3,2007.5454545454545,0.0
NY,14422,1,1,2017.0,0.0
NY,14424,13,4,2009.1538461538462,0.0
NY,14425,1,1,2022.0,0.0
NY,14432,2,1,2006.0,0.0
NY,14437,11,2,2011.3636363636363,0.0
NY,14456,3,1,2006.0,0.0
NY,14467,1,1,2017.0,0.0
NY,14485,1,1,2021.0,0.0
NY,14505,1,1,2009.0,0.0
NY,14513,5,2,2009.6,0.0
NY,14526,13,3,2007.5384615384614,0.0
NY,14527,3,2,2014.3333333333333,1.0
NY,14534,4,1,2008.0,0.0
NY,14551,2,1,2006.0,0.0
NY,14555,1,1,2011.0,0.0
NY,14556,1,1,2007.0,0.0
NY,14559,1,1,2007.0,0.0
NY,14564,2,2,2009.0,0.0
NY,14569,12,3,2008.4166666666667,0.0
NY,14580,7,4,2016.0,2.0
NY,14605,6,3,2008.1666666666667,0.0
NY,14607,4,2,2007.5,0.0
NY,14609,25,5,2007.4,0.0
NY,14610,2,2,2011.5,0.0
NY,14611,6,2,2010.1666666666667,0.0
NY,14612,2,1,2009.0,0.0
NY,14617,5,4,2011.0,0.0
NY,14618,28,5,2007.7142857142858,1.0
NY,14620,55,5,2010.6181818181817,1.0
NY,14621,31,5,2009.8387096774193,0.0
NY,14623,46,6,2008.2608695652175,0.0
NY,14624,1,1,2011.0,0.0
NY,14626,46,8,2008.9782608695652,1.0
NY,14642,46,7,2011.0869565217392,2.0
NY,14701,22,4,2011.090909090909,0.0
NY,14706,1,1,2017.0,0.0
NY,14722,1,1,2006.0,0.0
NY,14727,1,1,2006.0,0.0
NY,14744,1,1,2013.0,0.0
NY,14757,1,1,2012.0,0.0
NY,14760,15,6,2008.8,0.0
NY,14781,2,1,2011.0,0.0
NY,14810,2,2,2015.5,1.0
NY,14818,2,2,2007.5,0.0
NY,14830,4,1,2010.0,0.0
NY,14843,3,1,2006.0,0.0
NY,14845,1,1,2005.0,0.0
NY,14850,33,5,2009.5454545454545,2.0
NY,14865,1,1,2007.0,0.0
NY,14871,1,1,2022.0,0.0
NY,14886,1,1,2007.0,0.0
NY,14891,1,1,2006.0,0.0
NY,14892,1,1,2024.0,1.0
NY,14895,6,3,2012.6666666666667,0.0
NY,14901,5,3,2007.4,0.0
NY,14905,20,5,2010.45,0.0
NY,28056,1,1,2006.0,0.0
NY,28779,1,1,2006.0,0.0
OH,43015,5,2,2010.0,0.0
OH,43016,22,4,2012.3181818181818,0.0
OH,43017,8,3,2011.625,0.0
OH,43022,1,1,2008.0,0.0
OH,43023,1,1,2017.0,0.0
OH,43026,33,3,2009.6666666666667,0.0
OH,43028,1,1,2024.0,1.0
OH,43040,8,5,2010.75,0.0
OH,43044,1,1,2009.0,0.0
OH,43050,5,4,2008.8,0.0
OH,43054,1,1,2021.0,0.0
OH,43055,20,7,2010.1,1.0
OH,43056,2,1,2011.5,0.0
OH,43062,6,2,2008.8333333333333,0.0
OH,43065,2,2,2009.0,0.0
OH,43068,4,2,2014.0,0.0
OH,43078,1,1,2020.0,0.0
OH,43081,50,9,2009.46,1.0
OH,43082,24,6,2011.5833333333333,2.0
OH,43085,16,4,2013.125,1.0
OH,43110,3,3,2016.3333333333333,1.0
OH,43113,6,2,2011.1666666666667,0.0
OH,43123,16,5,2012.5625,2.0
OH,43125,1,1,2015.0,0.0
OH,43130,22,3,2011.090909090909,2.0
OH,43136,1,1,2024.0,1.0
OH,43140,1,1,2005.0,0.0
OH,43147,6,4,2016.6666666666667,2.0
OH,43160,3,2,2007.0,0.0
OH,43201,2,2,2014.5,0.0
OH,43202,4,2,2011.0,0.0
OH,43203,7,2,2016.4285714285713,0.0
OH,43204,4,3,2018.75,1.0
OH,43205,20,7,2013.45,1.0
OH,43207,1,1,2005.0,0.0
OH,43209,1,1,2012.0,0.0
OH,43210,46,6,2017.4130434782608,6.0
OH,43212,13,4,2014.6923076923076,1.0
OH,43213,29,5,2010.1379310344828,3.0
OH,43214,97,10,2010.278350515464,6.0
OH,43215,31,4,2012.258064516129,2.0
OH,43219,18,6,2009.0,0.0
OH,43220,3,2,2016.6666666666667,1.0
OH,43221,54,5,2010.5,1.0
OH,43222,24,4,2007.0416666666667,1.0
OH,43224,3,2,2012.0,0.0
OH,43227,3,3,2012.0,0.0
OH,43228,8,2,2007.875,0.0
OH,43230,21,6,2012.7142857142858,3.0
OH,43231,7,3,2007.0,0.0
OH,43235,4,2,2017.0,1.0
OH,43240,2,2,2017.0,1.0
OH,43301,1,1,2006.0,0.0
OH,43302,11,3,2010.2727272727273,0.0
OH,43311,10,5,2009.7,0.0
OH,43316,1,1,2005.0,0.0
OH,43351,1,1,2015.0,0.0
OH,43402,5,3,2007.8,0.0
OH,43410,3,2,2007.3333333333333,0.0
OH,43420,10,4,2007.8,0.0
OH,43449,1,1,2009.0,0.0
OH,43460,2,2,2007.0,0.0
OH,43506,13,4,2013.1538461538462,1.0
OH,43512,8,3,2009.875,0.0
OH,43526,2,2,2007.5,0.0
OH,43528,10,4,2014.3,2.0
OH,43537,20,5,2008.9,0.0
OH,43545,6,3,2009.5,0.0
OH,43551,12,4,2009.25,0.0
OH,43558,1,1,2007.0,0.0
OH,43560,25,4,2009.16,0.0
OH,43567,1,1,2013.0,0.0
OH,43604,5,2,2015.2,1.0
OH,43605,1,1,2006.0,0.0
OH,43606,42,7,2011.0,4.0
OH,43608,5,2,2011.6,0.0
OH,43614,11,3,2009.0,1.0
OH,43615,3,2,2010.3333333333333,0.0
OH,43616,26,5,2010.5384615384614,1.0
OH,43620,6,3,2008.8333333333333,0.0
OH,43623,25,4,2008.64,0.0
OH,43624,1,1,2006.0,0.0
OH,43701,19,3,2009.6315789473683,2.0
OH,43720,1,1,2021.0,0.0
OH,43725,11,3,2013.3636363636363,1.0
OH,43812,2,2,2007.0,0.0
OH,43824,3,1,2021.6666666666667,1.0
OH,43906,1,1,2006.0,0.0
OH,43907,1,1,2005.0,0.0
OH,43920,5,3,2008.4,0.0
OH,43935,2,1,2012.0,0.0
OH,43950,6,1,2008.6666666666667,0.0
OH,43952,16,5,2007.5625,0.0
OH,43953,2,1,2007.0,0.0
OH,43964,1,1,2011.0,0.0
OH,44001,14,4,2009.4285714285713,1.0
OH,44004,7,2,2010.0,1.0
OH,44011,8,3,2008.375,1.0
OH,44017,2,1,2013.5,0.0
OH,44022,1,1,2012.0,0.0
OH,44023,4,1,2010.0,0.0
OH,44024,7,4,2011.5714285714287,0.0
OH,44026,3,1,2006.0,0.0
OH,44035,17,4,2007.9411764705883,0.0
OH,44041,2,2,2024.0,2.0
OH,44047,1,1,2013.0,0.0
OH,44052,2,2,2014.0,0.0
OH,44053,10,3,2008.4,0.0
OH,44060,17,3,2008.4705882352941,1.0
OH,44062,1,1,2006.0,0.0
OH,44067,1,1,2022.0,0.0
OH,44070,4,2,2006.0,0.0
OH,44072,1,1,2023.0,0.0
OH,44074,1,1,2011.0,0.0
OH,44077,7,3,2006.857142857143,0.0
OH,44081,1,1,2024.0,1.0
OH,44087,3,1,2007.0,0.0
OH,44089,2,1,2012.0,0.0
OH,44094,14,3,2007.0,0.0
OH,44102,9,3,2014.888888888889,2.0
OH,44103,12,5,2009.0,1.0
OH,44104,1,1,2006.0,0.0
OH,44105,3,2,2006.0,0.0
OH,44106,87,10,2011.6206896551723,4.0
OH,44107,13,2,2010.3846153846155,0.0
OH,44108,1,1,2012.0,0.0
OH,44109,50,9,2008.86,1.0
OH,44111,15,6,2009.9333333333334,1.0
OH,44112,1,1,2018.0,0.0
OH,44113,1,1,2006.0,0.0
OH,44114,1,1,2017.0,0.0
OH,44115,2,2,2005.0,0.0
OH,44116,4,3,2006.0,0.0
OH,44118,2,2,2007.0,0.0
OH,44119,1,1,2008.0,0.0
OH,44120,5,2,2007.6,0.0
OH,44121,12,3,2009.0,1.0
OH,44122,30,7,2011.1,1.0
OH,44123,1,1,2022.0,0.0
OH,44124,30,8,2009.0333333333333,2.0
OH,44125,11,4,2008.1818181818182,1.0
OH,44126,3,1,2006.0,0.0
OH,44129,4,2,2009.25,0.0
OH,44130,23,4,2010.1304347826087,1.0
OH,44131,4,2,2009.0,0.0
OH,44132,3,1,2006.3333333333333,0.0
OH,44136,6,3,2007.8333333333333,0.0
OH,44139,5,2,2008.0,0.0
OH,44140,1,1,2009.0,0.0
OH,44141,1,1,2006.0,0.0
OH,44143,5,2,2009.6,0.0
OH,44144,3,1,2006.0,0.0
OH,44145,43,5,2010.0697674418604,1.0
OH,44146,16,3,2010.875,1.0
OH,44147,1,1,2011.0,0.0
OH,44195,179,10,2012.2625698324023,14.0
OH,44203,17,6,2009.7058823529412,0.0
OH,44212,3,1,2007.3333333333333,0.0
OH,44221,2,2,2007.0,0.0
OH,44223,6,3,2007.8333333333333,0.0
OH,44224,5,4,2011.0,1.0
OH,44234,1,1,2023.0,0.0
OH,44236,3,3,2012.0,0.0
OH,44240,5,3,2007.6,0.0
OH,44241,2,1,2005.5,0.0
OH,44242,3,1,2013.6666666666667,1.0
OH,44254,1,1,2015.0,0.0
OH,44256,20,5,2008.8,0.0
OH,44266,4,3,2009.75,0.0
OH,44272,1,1,2014.0,0.0
OH,44278,9,4,2007.7777777777778,0.0
OH,44281,5,3,2010.0,0.0
OH,44302,10,4,2011.9,0.0
OH,44304,31,8,2010.1935483870968,2.0
OH,44305,2,2,2006.0,0.0
OH,44307,13,5,2014.3846153846155,3.0
OH,44308,8,2,2008.75,0.0
OH,44310,1,1,2013.0,0.0
OH,44311,2,2,2011.5,0.0
OH,44312,14,4,2008.7142857142858,0.0
OH,44313,2,2,2014.5,0.0
OH,44320,42,4,2008.452380952381,0.0
OH,44333,22,4,2008.7727272727273,0.0
OH,44406,7,5,2007.4285714285713,0.0
OH,44410,2,2,2009.0,0.0
OH,44420,1,1,2017.0,0.0
OH,44432,2,2,2012.0,0.0
OH,44444,1,1,2005.0,0.0
OH,44446,2,1,2007.0,0.0
OH,44460,5,2,2007.8,0.0
OH,44483,13,4,2009.923076923077,0.0
OH,44484,5,3,2011.6,0.0
OH,44485,2,1,2005.5,0.0
OH,44504,2,2,2007.5,0.0
OH,44505,5,3,2013.2,0.0
OH,44507,3,1,2013.0,0.0
OH,44510,2,2,2008.5,0.0
OH,44512,39,5,2010.3076923076924,3.0
OH,44514,10,6,2008.2,0.0
OH,44515,5,2,2007.4,0.0
OH,44601,11,5,2011.1818181818182,0.0
OH,44606,3,1,2013.6666666666667,1.0
OH,44615,1,1,2005.0,0.0
OH,44622,7,3,2007.7142857142858,0.0
OH,44624,4,1,2022.25,2.0
OH,44632,2,2,2025.0,2.0
OH,44636,2,2,2006.0,0.0
OH,44646,10,4,2008.7,1.0
OH,44647,2,1,2012.5,0.0
OH,44654,7,3,2016.857142857143,0.0
OH,44659,1,1,2015.0,0.0
OH,44663,3,3,2017.6666666666667,2.0
OH,44667,8,5,2012.875,0.0
OH,44676,1,1,2023.0,1.0
OH,44681,1,1,2021.0,0.0
OH,44685,4,3,2012.75,1.0
OH,44691,23,4,2010.8695652173913,0.0
OH,44703,1,1,2018.0,0.0
OH,44708,19,5,2008.0,0.0
OH,44709,3,1,2006.0,0.0
OH,44710,5,3,2010.8,0.0
OH,44718,25,5,2008.16,1.0
OH,44720,9,5,2013.3333333333333,3.0
OH,44805,8,3,2011.125,2.0
OH,44820,3,2,2014.0,1.0
OH,44830,2,2,2005.0,0.0
OH,44833,4,1,2008.0,0.0
OH,44837,1,1,2010.0,0.0
OH,44846,2,1,2006.0,0.0
OH,44857,4,2,2007.75,0.0
OH,44870,10,5,2008.8,1.0
OH,44875,3,1,2007.3333333333333,0.0
OH,44878,1,1,2007.0,0.0
OH,44883,8,3,2009.875,0.0
OH,44890,3,1,2008.6666666666667,0.0
OH,44903,5,3,2016.0,1.0
OH,44904,1,1,2006.0,0.0
OH,44906,18,4,2009.4444444444443,0.0
OH,45005,12,2,2006.4166666666667,0.0
OH,45011,6,1,2007.8333333333333,0.0
OH,45013,14,3,2010.142857142857,2.0
OH,45014,9,4,2011.888888888889,1.0
OH,45030,2,1,2006.0,0.0
OH,45036,1,1,2013.0,0.0
OH,45040,13,5,2012.4615384615386,3.0
OH,45042,1,1,2011.0,0.0
OH,45044,4,4,2009.5,0.0
OH,45056,9,3,2007.0,0.0
OH,45066,6,1,2007.3333333333333,0.0
OH,45069,42,6,2011.1666666666667,3.0
OH,45103,10,4,2010.6,0.0
OH,45118,1,1,2013.0,0.0
OH,45121,4,1,2008.25,0.0
OH,45133,5,1,2005.6,0.0
OH,45150,1,1,2010.0,0.0
OH,45152,1,1,2025.0,1.0
OH,45157,2,1,2006.5,0.0
OH,45177,11,3,2008.2727272727273,1.0
OH,45202,4,2,2010.25,0.0
OH,45205,1,1,2025.0,1.0
OH,45206,5,3,2014.6,1.0
OH,45208,5,3,2015.2,1.0
OH,45209,8,3,2010.375,0.0
OH,45211,6,2,2007.0,0.0
OH,45212,3,2,2008.6666666666667,0.0
OH,45213,6,3,2012.8333333333333,0.0
OH,45214,1,1,2026.0,1.0
OH,45215,4,2,2011.5,0.0
OH,45216,1,1,2006.0,0.0
OH,45219,98,8,2010.265306122449,6.0
OH,45220,72,8,2011.111111111111,7.0
OH,45223,3,2,2008.0,0.0
OH,45224,2,2,2021.5,1.0
OH,45226,1,1,2018.0,0.0
OH,45227,3,2,2008.6666666666667,0.0
OH,45229,18,4,2008.5555555555557,0.0
OH,45230,12,4,2008.8333333333333,0.0
OH,45231,4,1,2011.75,0.0
OH,45236,8,2,2008.0,1.0
OH,45237,1,1,2023.0,0.0
OH,45238,3,1,2006.3333333333333,0.0
OH,45239,4,3,2007.0,0.0
OH,45240,3,3,2010.6666666666667,0.0
OH,45241,14,2,2008.357142857143,0.0
OH,45242,50,7,2008.82,0.0
OH,45245,12,2,2009.3333333333333,0.0
OH,45246,18,2,2008.0,0.0
OH,45247,7,4,2011.5714285714287,1.0
OH,45248,6,1,2006.1666666666667,0.0
OH,45249,22,5,2009.5,1.0
OH,45255,13,2,2010.0,0.0
OH,45267,7,4,2006.857142857143,0.0
OH,45304,1,1,2018.0,0.0
OH,45305,3,2,2012.0,0.0
OH,45322,5,1,2008.8,0.0
OH,45324,2,1,2011.0,0.0
OH,45331,7,3,2010.0,0.0
OH,45342,6,2,2010.8333333333333,1.0
OH,45345,1,1,2009.0,0.0
OH,45356,6,1,2006.5,0.0
OH,45365,16,4,2011.3125,2.0
OH,45371,2,2,2014.5,0.0
OH,45373,9,2,2010.0,0.0
OH,45377,11,2,2010.3636363636363,1.0
OH,45385,7,2,2010.142857142857,1.0
OH,45387,4,2,2010.75,0.0
OH,45402,1,1,2022.0,0.0
OH,45404,2,2,2013.5,0.0
OH,45405,3,2,2012.6666666666667,0.0
OH,45406,4,3,2008.5,0.0
OH,45409,63,8,2009.857142857143,1.0
OH,45415,21,5,2008.142857142857,0.0
OH,45417,1,1,2006.0,0.0
OH,45419,4,2,2007.5,0.0
OH,45420,1,1,2019.0,0.0
OH,45422,1,1,2011.0,0.0
OH,45424,1,1,2022.0,0.0
OH,45429,38,6,2008.078947368421,0.0
OH,45431,18,6,2012.7222222222222,1.0
OH,45432,1,1,2010.0,0.0
OH,45433,15,5,2010.9333333333334,0.0
OH,45434,1,1,2005.0,0.0
OH,45439,1,1,2026.0,1.0
OH,45449,1,1,2006.0,0.0
OH,45458,3,2,2008.0,0.0
OH,45459,55,8,2007.909090909091,0.0
OH,45503,15,3,2007.6,0.0
OH,45504,7,4,2013.857142857143,1.0
OH,45505,13,4,2010.5384615384614,1.0
OH,45601,17,3,2009.8823529411766,0.0
OH,45631,11,3,2009.3636363636363,1.0
OH,45638,4,2,2008.75,0.0
OH,45640,1,1,2007.0,0.0
OH,45644,1,1,2014.0,0.0
OH,45662,17,4,2006.9411764705883,0.0
OH,45681,1,1,2020.0,0.0
OH,45690,1,1,2006.0,0.0
OH,45701,19,4,2009.157894736842,0.0
OH,45714,2,2,2010.0,0.0
OH,45750,10,2,2007.9,0.0
OH,45761,2,2,2014.5,0.0
OH,45764,2,1,2012.0,0.0
OH,45772,1,1,2019.0,0.0
OH,45801,14,3,2008.7857142857142,0.0
OH,45804,16,3,2010.625,0.0
OH,45805,4,2,2006.75,0.0
OH,45807,1,1,2019.0,0.0
OH,45817,6,3,2010.6666666666667,0.0
OH,45822,7,2,2008.0,0.0
OH,45840,31,6,2009.8064516129032,1.0
OH,45885,9,4,2010.111111111111,0.0
OH,45887,1,1,2006.0,0.0
OH,45895,1,1,2008.0,0.0
OK,73003,2,2,2016.0,1.0
OK,73008,1,1,2024.0,1.0
OK,73013,10,3,2011.1,0.0
OK,73018,1,1,2007.0,0.0
OK,73027,1,1,2014.0,0.0
OK,73034,14,5,2009.7857142857142,0.0
OK,73036,1,1,2008.0,0.0
OK,73044,2,2,2006.5,0.0
OK,73064,1,1,2024.0,1.0
OK,73069,11,4,2014.5454545454545,0.0
OK,73070,1,1,2015.0,0.0
OK,73071,13,4,2010.7692307692307,1.0
OK,73072,19,3,2010.5263157894738,1.0
OK,73096,3,2,2012.3333333333333,0.0
OK,73099,9,3,2010.3333333333333,0.0
OK,73102,18,3,2012.4444444444443,2.0
OK,73103,6,3,2010.0,0.0
OK,73104,93,8,2014.5913978494623,9.0
OK,73106,1,1,2017.0,0.0
OK,73107,7,3,2008.857142857143,1.0
OK,73108,1,1,2024.0,1.0
OK,73109,7,5,2011.4285714285713,0.0
OK,73110,2,2,2005.5,0.0
OK,73112,56,6,2009.4464285714287,1.0
OK,73114,8,5,2011.375,2.0
OK,73115,1,1,2018.0,0.0
OK,73116,2,1,2006.0,0.0
OK,73117,5,3,2009.2,0.0
OK,73119,1,1,2025.0,1.0
OK,73120,68,7,2010.514705882353,4.0
OK,73127,1,1,2025.0,1.0
OK,73130,5,2,2006.4,0.0
OK,73132,1,1,2007.0,0.0
OK,73134,11,3,2013.0,1.0
OK,73135,2,2,2013.5,0.0
OK,73139,10,2,2011.0,0.0
OK,73142,4,3,2008.25,0.0
OK,73145,1,1,2007.0,0.0
OK,73159,1,1,2006.0,0.0
OK,73160,6,3,2008.8333333333333,0.0
OK,73162,1,1,2023.0,1.0
OK,73170,7,3,2010.0,0.0
OK,73401,12,3,2010.3333333333333,0.0
OK,73460,1,1,2007.0,0.0
OK,73461,1,1,2010.0,0.0
OK,73505,24,3,2008.25,0.0
OK,73507,2,2,2005.5,0.0
OK,73521,8,3,2010.5,0.0
OK,73533,9,2,2008.2222222222222,0.0
OK,73542,1,1,2007.0,0.0
OK,73601,2,1,2008.5,0.0
OK,73644,4,2,2006.75,0.0
OK,73701,15,3,2007.3333333333333,0.0
OK,73703,1,1,2006.0,0.0
OK,73750,1,1,2012.0,0.0
OK,73801,2,2,2011.0,0.0
OK,73858,1,1,2014.0,0.0
OK,73942,4,3,2010.75,0.0
OK,73944,1,1,2019.0,0.0
OK,73947,1,1,2016.0,0.0
OK,74006,8,2,2010.125,0.0
OK,74010,1,1,2013.0,0.0
OK,74011,2,2,2022.0,1.0
OK,74012,5,4,2010.8,1.0
OK,74014,2,2,2007.0,0.0
OK,74017,17,5,2010.6470588235295,0.0
OK,74023,2,2,2009.0,0.0
OK,74037,5,4,2010.6,0.0
OK,74047,2,2,2014.0,0.0
OK,74055,10,3,2010.8,0.0
OK,74063,1,1,2016.0,0.0
OK,74066,1,1,2007.0,0.0
OK,74074,9,3,2010.7777777777778,0.0
OK,74075,1,1,2024.0,1.0
OK,74078,1,1,2010.0,0.0
OK,74104,43,6,2010.8837209302326,0.0
OK,74105,3,3,2008.3333333333333,0.0
OK,74106,5,2,2006.6,0.0
OK,74107,2,1,2020.5,1.0
OK,74110,1,1,2012.0,0.0
OK,74112,1,1,2015.0,0.0
OK,74114,6,4,2009.5,1.0
OK,74115,1,1,2007.0,0.0
OK,74119,4,2,2009.25,0.0
OK,74120,2,1,2006.0,0.0
OK,74127,10,3,2012.3,0.0
OK,74129,2,2,2013.5,0.0
OK,74131,1,1,2006.0,0.0
OK,74133,31,6,2009.8709677419354,0.0
OK,74135,32,7,2010.15625,0.0
OK,74136,51,9,2009.4117647058824,2.0
OK,74137,9,4,2011.5555555555557,1.0
OK,74145,1,1,2006.0,0.0
OK,74146,9,3,2008.2222222222222,0.0
OK,74301,1,1,2016.0,0.0
OK,74338,1,1,2006.0,0.0
OK,74344,2,2,2009.0,0.0
OK,74346,1,1,2008.0,0.0
OK,74347,1,1,2017.0,0.0
OK,74354,6,2,2006.8333333333333,0.0
OK,74361,6,3,2006.6666666666667,0.0
OK,74401,11,2,2008.1818181818182,0.0
OK,74429,1,1,2023.0,1.0
OK,74432,1,1,2010.0,0.0
OK,74434,1,1,2006.0,0.0
OK,74464,28,5,2010.5357142857142,0.0
OK,74471,1,1,2007.0,0.0
OK,74501,5,1,2009.2,0.0
OK,74525,1,1,2013.0,0.0
OK,74547,1,1,2007.0,0.0
OK,74571,5,3,2007.6,0.0
OK,74578,1,1,2025.0,1.0
OK,74601,10,3,2010.4,1.0
OK,74637,1,1,2006.0,0.0
OK,74701,9,1,2007.111111111111,0.0
OK,74702,1,1,2006.0,0.0
OK,74745,3,1,2006.6666666666667,0.0
OK,74804,7,1,2008.5714285714287,0.0
OK,74820,25,4,2010.48,3.0
OK,74848,1,1,2007.0,0.0
OK,74849,1,1,2006.0,0.0
OK,74851,1,1,2007.0,0.0
OK,74868,1,1,2023.0,0.0
OK,74873,1,1,2016.0,0.0
OK,74941,1,1,2017.0,0.0
OK,74953,1,1,2011.0,0.0
OR,960,1,1,2005.0,0.0
OR,80045,1,1,2010.0,0.0
OR,97002,1,1,2016.0,0.0
OR,97004,1,1,2009.0,0.0
OR,97005,21,4,2008.2857142857142,1.0
OR,97006,4,2,2010.75,0.0
OR,97007,3,2,2010.6666666666667,0.0
OR,97008,2,2,2006.0,0.0
OR,97013,3,1,2018.0,2.0
OR,97015,44,7,2008.5,0.0
OR,97023,1,1,2007.0,0.0
OR,97030,20,3,2013.05,2.0
OR,97031,15,4,2008.8666666666666,0.0
OR,97032,1,1,2012.0,0.0
OR,97035,4,3,2014.0,1.0
OR,97045,32,6,2009.96875,1.0
OR,97051,2,1,2008.0,0.0
OR,97058,8,3,2007.25,0.0
OR,97062,34,5,2009.264705882353,0.0
OR,97064,1,1,2025.0,1.0
OR,97068,3,2,2011.3333333333333,0.0
OR,97070,1,1,2013.0,0.0
OR,97071,2,2,2012.5,0.0
OR,97078,1,1,2023.0,1.0
OR,97080,2,2,2015.5,0.0
OR,97089,1,1,2010.0,0.0
OR,97103,15,2,2013.1333333333334,1.0
OR,97111,1,1,2023.0,1.0
OR,97116,1,1,2017.0,0.0
OR,97123,20,5,2011.55,1.0
OR,97124,24,5,2011.9583333333333,1.0
OR,97128,16,4,2009.3125,2.0
OR,97131,1,1,2010.0,0.0
OR,97132,19,4,2011.7368421052631,0.0
OR,97138,2,2,2016.0,1.0
OR,97141,3,1,2006.0,0.0
OR,97201,4,3,2009.5,0.0
OR,97202,8,4,2009.125,0.0
OR,97203,5,2,2014.0,0.0
OR,97204,4,3,2007.0,0.0
OR,97205,14,5,2010.357142857143,0.0
OR,97206,14,3,2010.357142857143,0.0
OR,97209,7,4,2015.142857142857,1.0
OR,97210,40,5,2008.725,0.0
OR,97211,4,1,2014.5,0.0
OR,97212,18,5,2014.2222222222222,4.0
OR,97213,50,6,2010.08,1.0
OR,97214,35,4,2011.3714285714286,2.0
OR,97215,5,3,2017.4,0.0
OR,97216,44,5,2012.25,1.0
OR,97217,2,1,2019.5,1.0
OR,97218,4,1,2017.0,0.0
OR,97219,3,2,2015.3333333333333,1.0
OR,97220,7,3,2012.142857142857,1.0
OR,97221,1,1,2006.0,0.0
OR,97222,10,3,2008.4,0.0
OR,97223,11,6,2010.2727272727273,0.0
OR,97224,4,2,2018.75,1.0
OR,97225,139,11,2009.726618705036,3.0
OR,97227,62,7,2009.5967741935483,1.0
OR,97229,4,2,2011.0,0.0
OR,97230,1,1,2019.0,0.0
OR,97231,1,1,2011.0,0.0
OR,97232,8,4,2006.625,0.0
OR,97233,6,3,2006.0,0.0
OR,97239,148,10,2010.7094594594594,5.0
OR,97266,3,2,2016.3333333333333,0.0
OR,97267,2,1,2015.0,1.0
OR,97301,47,6,2009.127659574468,0.0
OR,97302,15,5,2010.9333333333334,2.0
OR,97303,5,1,2006.0,0.0
OR,97304,7,2,2018.857142857143,3.0
OR,97305,3,2,2016.0,1.0
OR,97306,10,3,2009.6,0.0
OR,97317,1,1,2022.0,0.0
OR,97321,11,2,2008.4545454545455,0.0
OR,97322,2,1,2011.0,0.0
OR,97325,1,1,2020.0,0.0
OR,97330,45,7,2011.4666666666667,4.0
OR,97331,1,1,2007.0,0.0
OR,97333,1,1,2012.0,0.0
OR,97338,2,1,2011.5,0.0
OR,97355,10,2,2010.0,0.0
OR,97361,1,1,2022.0,0.0
OR,97364,1,1,2006.0,0.0
OR,97365,14,3,2007.5714285714287,0.0
OR,97367,7,4,2009.142857142857,0.0
OR,97381,13,3,2010.5384615384614,1.0
OR,97383,3,2,2007.6666666666667,0.0
OR,97401,58,7,2009.4827586206898,2.0
OR,97402,7,2,2013.7142857142858,2.0
OR,97403,4,3,2006.75,0.0
OR,97404,1,1,2008.0,0.0
OR,97405,6,2,2013.1666666666667,1.0
OR,97408,1,1,2007.0,0.0
OR,97409,1,1,2006.0,0.0
OR,97411,1,1,2013.0,0.0
OR,97415,2,1,2018.0,1.0
OR,97420,13,4,2008.6153846153845,1.0
OR,97437,1,1,2007.0,0.0
OR,97439,3,3,2005.3333333333333,0.0
OR,97444,4,3,2008.25,0.0
OR,97457,1,1,2007.0,0.0
OR,97459,3,2,2012.3333333333333,1.0
OR,97470,4,3,2007.0,0.0
OR,97471,21,5,2011.0,0.0
OR,97477,36,7,2011.138888888889,2.0
OR,97478,1,1,2009.0,0.0
OR,97487,1,1,2008.0,0.0
OR,97498,1,1,2007.0,0.0
OR,97501,9,1,2013.7777777777778,1.0
OR,97502,2,1,2025.0,2.0
OR,97504,61,7,2009.7868852459017,2.0
OR,97520,21,5,2010.7619047619048,1.0
OR,97523,1,1,2005.0,0.0
OR,97524,2,1,2021.5,1.0
OR,97526,6,4,2010.1666666666667,0.0
OR,97527,17,5,2011.4117647058824,1.0
OR,97530,5,3,2012.0,1.0
OR,97538,1,1,2012.0,0.0
OR,97540,3,2,2014.3333333333333,1.0
OR,97544,2,1,2015.5,0.0
OR,97601,18,4,2010.0,0.0
OR,97701,51,6,2009.8431372549019,3.0
OR,97702,9,4,2010.6666666666667,0.0
OR,97703,2,2,2013.5,0.0
OR,97720,2,2,2006.0,0.0
OR,97739,1,1,2018.0,0.0
OR,97741,2,2,2009.5,0.0
OR,97754,3,2,2014.0,0.0
OR,97756,24,4,2011.1666666666667,0.0
OR,97801,9,2,2008.4444444444443,0.0
OR,97838,7,2,2008.857142857143,0.0
OR,97850,6,2,2007.6666666666667,0.0
OR,97867,1,1,2009.0,0.0
OR,97914,10,3,2008.8,0.0
OSAKA,53000,1,1,2019.0,0.0
PA,15001,4,3,2019.0,1.0
PA,15009,8,2,2006.0,0.0
PA,15010,8,2,2006.25,0.0
PA,15012,1,1,2013.0,0.0
PA,15015,1,1,2024.0,1.0
PA,15017,2,2,2008.0,0.0
PA,15019,1,1,2010.0,0.0
PA,15022,1,1,2007.0,0.0
PA,15025,19,3,2014.0,1.0
PA,15044,10,1,2011.8,0.0
PA,15059,1,1,2007.0,0.0
PA,15061,3,2,2010.0,0.0
PA,15062,1,1,2007.0,0.0
PA,15063,6,2,2009.0,1.0
PA,15065,10,2,2010.2,0.0
PA,15068,2,1,2006.0,0.0
PA,15090,12,6,2010.25,1.0
PA,15101,8,2,2006.375,0.0
PA,15102,9,3,2010.5555555555557,0.0
PA,15108,3,2,2006.3333333333333,0.0
PA,15120,1,1,2007.0,0.0
PA,15122,1,1,2013.0,0.0
PA,15126,1,1,2025.0,1.0
PA,15131,2,2,2006.0,0.0
PA,15132,2,2,2021.0,1.0
PA,15136,3,1,2007.3333333333333,0.0
PA,15142,1,1,2022.0,0.0
PA,15143,16,4,2008.25,0.0
PA,15146,28,7,2010.8214285714287,1.0
PA,15148,1,1,2013.0,0.0
PA,15202,1,1,2006.0,0.0
PA,15203,1,1,2009.0,0.0
PA,15205,2,2,2014.5,0.0
PA,15206,7,3,2016.2857142857142,1.0
PA,15212,20,3,2010.85,0.0
PA,15213,134,11,2011.3208955223881,6.0
PA,15214,1,1,2023.0,0.0
PA,15215,2,1,2006.0,0.0
PA,15217,4,2,2007.75,0.0
PA,15219,9,3,2013.888888888889,0.0
PA,15220,4,3,2009.75,0.0
PA,15221,1,1,2015.0,0.0
PA,15222,25,5,2011.16,1.0
PA,15224,66,7,2010.6818181818182,4.0
PA,15227,11,2,2009.3636363636363,0.0
PA,15228,1,1,2007.0,0.0
PA,15232,3,2,2006.0,0.0
PA,15233,1,1,2024.0,1.0
PA,15234,1,1,2009.0,0.0
PA,15235,5,3,2008.8,0.0
PA,15236,13,2,2007.8461538461538,0.0
PA,15237,9,4,2007.3333333333333,0.0
PA,15238,6,2,2010.3333333333333,0.0
PA,15241,6,2,2008.6666666666667,0.0
PA,15243,10,3,2008.9,0.0
PA,15275,3,2,2008.6666666666667,0.0
PA,15282,1,1,2006.0,0.0
PA,15301,9,2,2008.5555555555557,0.0
PA,15317,20,5,2009.5,0.0
PA,15321,1,1,2013.0,0.0
PA,15330,1,1,2010.0,0.0
PA,15333,1,1,2005.0,0.0
PA,15370,3,2,2012.6666666666667,0.0
PA,15401,15,4,2009.1333333333334,2.0
PA,15425,2,2,2014.0,0.0
PA,15445,5,2,2007.6,0.0
PA,15456,1,1,2010.0,0.0
PA,15501,7,6,2008.857142857143,0.0
PA,15537,4,2,2007.75,0.0
PA,15545,1,1,2005.0,0.0
PA,15601,16,4,2011.375,3.0
PA,15615,1,1,2006.0,0.0
PA,15642,11,4,2008.6363636363637,0.0
PA,15644,5,2,2006.2,0.0
PA,15650,11,3,2006.6363636363637,0.0
PA,15658,2,2,2010.5,0.0
PA,15666,3,2,2011.3333333333333,0.0
PA,15668,1,1,2006.0,0.0
PA,15701,8,3,2006.875,0.0
PA,15767,3,1,2009.6666666666667,0.0
PA,15801,15,4,2012.4,1.0
PA,15825,3,3,2005.6666666666667,0.0
PA,15845,1,1,2009.0,0.0
PA,15853,1,1,2020.0,0.0
PA,15857,4,2,2007.0,0.0
PA,15901,2,1,2014.0,0.0
PA,15904,5,1,2006.4,0.0
PA,15905,15,5,2007.8,0.0
PA,15923,1,1,2023.0,1.0
PA,15931,3,2,2016.6666666666667,1.0
PA,15940,1,1,2015.0,0.0
PA,15958,1,1,2019.0,0.0
PA,15963,5,1,2007.0,0.0
PA,16001,21,6,2010.4285714285713,1.0
PA,16046,4,3,2010.0,1.0
PA,16057,1,1,2011.0,0.0
PA,16066,3,2,2011.6666666666667,1.0
PA,16101,2,2,2008.0,0.0
PA,16105,7,1,2008.2857142857142,0.0
PA,16121,16,4,2016.3125,4.0
PA,16125,6,3,2008.8333333333333,0.0
PA,16127,5,2,2005.6,0.0
PA,16137,1,1,2024.0,1.0
PA,16146,3,2,2011.3333333333333,1.0
PA,16148,8,3,2010.25,1.0
PA,16201,7,1,2008.5714285714287,0.0
PA,16214,8,2,2012.5,0.0
PA,16323,4,1,2006.75,0.0
PA,16335,11,2,2007.1818181818182,0.0
PA,16346,2,1,2005.5,0.0
PA,16354,4,1,2006.0,0.0
PA,16365,9,3,2010.111111111111,0.0
PA,16407,2,1,2009.5,0.0
PA,16428,1,1,2005.0,0.0
PA,16435,1,1,2010.0,0.0
PA,16441,1,1,2025.0,1.0
PA,16502,15,4,2012.2,1.0
PA,16504,1,1,2006.0,0.0
PA,16505,6,2,2012.3333333333333,0.0
PA,16506,4,2,2012.75,1.0
PA,16507,34,8,2010.5,1.0
PA,16508,1,1,2009.0,0.0
PA,16509,6,3,2008.8333333333333,0.0
PA,16601,17,3,2009.1764705882354,0.0
PA,16602,10,3,2008.4,0.0
PA,16652,4,1,2008.25,0.0
PA,16662,1,1,2020.0,0.0
PA,16673,4,2,2010.25,1.0
PA,16686,1,1,2006.0,0.0
PA,16701,9,2,2009.6666666666667,0.0
PA,16735,2,2,2013.0,0.0
PA,16801,2,1,2006.0,0.0
PA,16802,4,2,2006.0,0.0
PA,16803,18,4,2009.9444444444443,1.0
PA,16823,2,1,2009.5,0.0
PA,16827,1,1,2005.0,0.0
PA,16830,4,2,2007.0,0.0
PA,16854,2,1,2014.0,0.0
PA,16866,2,2,2014.0,0.0
PA,16870,7,3,2006.7142857142858,0.0
PA,16901,5,2,2011.2,0.0
PA,16915,8,4,2010.5,0.0
PA,16933,1,1,2006.0,0.0
PA,17003,1,1,2018.0,0.0
PA,17007,1,1,2010.0,0.0
PA,17011,23,6,2011.8695652173913,0.0
PA,17013,6,4,2005.6666666666667,0.0
PA,17015,25,6,2013.48,4.0
PA,17022,3,1,2006.3333333333333,0.0
PA,17025,12,4,2015.5,2.0
PA,17033,73,9,2010.4109589041095,0.0
PA,17036,9,2,2009.2222222222222,0.0
PA,17042,16,4,2013.0,3.0
PA,17043,19,4,2008.8947368421052,0.0
PA,17044,14,4,2009.357142857143,0.0
PA,17046,10,2,2006.0,0.0
PA,17050,17,6,2011.235294117647,1.0
PA,17055,1,1,2020.0,0.0
PA,17057,1,1,2006.0,0.0
PA,17058,1,1,2019.0,0.0
PA,17067,3,1,2009.6666666666667,0.0
PA,17070,7,3,2016.5714285714287,2.0
PA,17074,2,1,2010.0,0.0
PA,17078,1,1,2006.0,0.0
PA,17101,13,4,2010.2307692307693,0.0
PA,17102,1,1,2007.0,0.0
PA,17104,4,2,2009.75,0.0
PA,17109,10,4,2012.2,0.0
PA,17110,12,4,2007.75,0.0
PA,17111,15,5,2008.9333333333334,1.0
PA,17112,7,4,2012.7142857142858,1.0
PA,17201,32,6,2013.6875,4.0
PA,17202,2,2,2010.5,0.0
PA,17257,6,2,2012.0,0.0
PA,17262,1,1,2016.0,0.0
PA,17268,5,3,2012.2,1.0
PA,17302,1,1,2025.0,1.0
PA,17313,1,1,2023.0,1.0
PA,17315,3,2,2012.6666666666667,0.0
PA,17324,1,1,2022.0,0.0
PA,17325,14,4,2012.0,2.0
PA,17331,20,5,2011.65,1.0
PA,17349,5,2,2013.8,0.0
PA,17350,1,1,2021.0,0.0
PA,17356,1,1,2025.0,1.0
PA,17362,1,1,2018.0,0.0
PA,17368,1,1,2006.0,0.0
PA,17402,9,5,2014.3333333333333,0.0
PA,17403,113,10,2012.9911504424779,17.0
PA,17406,8,4,2011.0,1.0
PA,17407,3,1,2014.0,0.0
PA,17408,10,4,2011.3,1.0
PA,17503,1,1,2010.0,0.0
PA,17505,1,1,2026.0,1.0
PA,17509,5,2,2014.0,0.0
PA,17512,1,1,2006.0,0.0
PA,17517,1,1,2012.0,0.0
PA,17519,1,1,2023.0,1.0
PA,17522,22,6,2011.6818181818182,1.0
PA,17527,1,1,2017.0,0.0
PA,17536,1,1,2025.0,1.0
PA,17543,24,4,2010.2916666666667,2.0
PA,17545,4,1,2010.0,0.0
PA,17547,1,1,2018.0,0.0
PA,17554,1,1,2019.0,0.0
PA,17557,3,2,2012.6666666666667,0.0
PA,17560,1,1,2010.0,0.0
PA,17565,1,1,2022.0,0.0
PA,17566,1,1,2015.0,0.0
PA,17569,1,1,2007.0,0.0
PA,17579,3,2,2010.0,0.0
PA,17581,2,1,2014.0,0.0
PA,17601,67,7,2010.4925373134329,5.0
PA,17602,6,3,2008.0,0.0
PA,17603,15,6,2010.1333333333334,1.0
PA,17604,2,2,2006.0,0.0
PA,17701,37,5,2009.972972972973,3.0
PA,17745,5,3,2009.6,0.0
PA,17754,1,1,2005.0,0.0
PA,17756,1,1,2024.0,1.0
PA,17782,1,1,2009.0,0.0
PA,17801,2,1,2006.0,0.0
PA,17815,13,3,2012.0,1.0
PA,17822,53,8,2012.188679245283,2.0
PA,17824,1,1,2006.0,0.0
PA,17837,22,4,2009.0454545454545,1.0
PA,17866,1,1,2006.0,0.0
PA,17901,13,4,2006.8461538461538,0.0
PA,17931,1,1,2005.0,0.0
PA,17961,1,1,2019.0,0.0
PA,17974,1,1,2023.0,1.0
PA,17980,1,1,2021.0,0.0
PA,18015,79,6,2014.7088607594937,15.0
PA,18017,20,5,2009.05,1.0
PA,18018,20,3,2010.85,0.0
PA,18020,5,4,2012.0,0.0
PA,18031,1,1,2006.0,0.0
PA,18034,2,1,2006.0,0.0
PA,18042,3,2,2008.0,0.0
PA,18045,24,3,2011.375,0.0
PA,18049,2,1,2011.5,0.0
PA,18051,3,1,2013.3333333333333,0.0
PA,18054,2,2,2015.0,1.0
PA,18058,1,1,2010.0,0.0
PA,18062,3,1,2011.6666666666667,0.0
PA,18064,2,1,2012.0,0.0
PA,18067,1,1,2006.0,0.0
PA,18087,1,1,2006.0,0.0
PA,18088,1,1,2020.0,0.0
PA,18091,1,1,2015.0,0.0
PA,18101,4,3,2014.75,1.0
PA,18102,29,5,2015.4137931034484,10.0
PA,18103,69,9,2012.159420289855,6.0
PA,18104,72,9,2009.5416666666667,0.0
PA,18105,4,1,2008.0,0.0
PA,18106,3,2,2006.3333333333333,0.0
PA,18201,4,2,2006.75,0.0
PA,18202,7,2,2006.5714285714287,0.0
PA,18222,1,1,2007.0,0.0
PA,18235,6,2,2010.3333333333333,0.0
PA,18249,1,1,2006.0,0.0
PA,18301,17,5,2009.9411764705883,0.0
PA,18328,2,2,2018.5,0.0
PA,18337,2,1,2021.0,0.0
PA,18360,7,5,2007.5714285714287,0.0
PA,18407,1,1,2007.0,0.0
PA,18411,7,2,2008.142857142857,0.0
PA,18428,1,1,2008.0,0.0
PA,18431,13,3,2010.6923076923076,1.0
PA,18436,3,2,2016.3333333333333,0.0
PA,18503,17,4,2008.5294117647059,1.0
PA,18505,2,2,2013.0,0.0
PA,18507,1,1,2006.0,0.0
PA,18508,1,1,2023.0,1.0
PA,18509,1,1,2021.0,0.0
PA,18510,22,6,2008.0,1.0
PA,18602,1,1,2018.0,0.0
PA,18603,2,1,2006.5,0.0
PA,18612,1,1,2009.0,0.0
PA,18640,1,1,2024.0,1.0
PA,18657,1,1,2006.0,0.0
PA,18702,41,4,2008.878048780488,0.0
PA,18704,10,2,2006.6,0.0
PA,18708,1,1,2007.0,0.0
PA,18709,1,1,2006.0,0.0
PA,18711,14,4,2011.0,0.0
PA,18764,1,1,2012.0,0.0
PA,18801,1,1,2006.0,0.0
PA,18831,1,1,2013.0,0.0
PA,18840,18,5,2008.9444444444443,1.0
PA,18847,1,1,2006.0,0.0
PA,18848,1,1,2008.0,0.0
PA,18853,1,1,2011.0,0.0
PA,18854,1,1,2006.0,0.0
PA,18901,29,5,2010.2068965517242,2.0
PA,18902,1,1,2025.0,1.0
PA,18914,3,2,2008.6666666666667,0.0
PA,18925,3,2,2011.0,0.0
PA,18938,1,1,2006.0,0.0
PA,18940,3,2,2013.3333333333333,1.0
PA,18951,15,4,2009.3333333333333,0.0
PA,18960,16,4,2008.75,0.0
PA,18969,1,1,2012.0,0.0
PA,18974,5,2,2009.6,0.0
PA,18976,1,1,2006.0,0.0
PA,19001,67,8,2013.2238805970148,8.0
PA,19002,3,2,2006.3333333333333,0.0
PA,19003,6,5,2010.8333333333333,0.0
PA,19004,6,3,2008.5,0.0
PA,19006,6,3,2011.6666666666667,1.0
PA,19007,3,3,2010.6666666666667,0.0
PA,19008,9,2,2008.2222222222222,0.0
PA,19010,68,7,2011.3676470588234,3.0
PA,19013,39,6,2010.2307692307693,0.0
PA,19014,1,1,2025.0,1.0
PA,19015,1,1,2006.0,0.0
PA,19020,8,4,2008.25,0.0
PA,19023,5,2,2007.8,0.0
PA,19025,1,1,2006.0,0.0
PA,19026,12,2,2008.6666666666667,0.0
PA,19027,5,3,2011.6,0.0
PA,19033,2,1,2007.0,0.0
PA,19040,1,1,2013.0,0.0
PA,19041,2,2,2007.5,0.0
PA,19044,19,4,2008.0,1.0
PA,19046,24,7,2008.125,1.0
PA,19047,34,6,2010.0588235294117,2.0
PA,19050,1,1,2007.0,0.0
PA,19053,5,1,2009.4,0.0
PA,19063,43,6,2011.2790697674418,3.0
PA,19064,3,1,2006.3333333333333,0.0
PA,19066,2,2,2015.0,0.0
PA,19067,5,2,2008.6,0.0
PA,19072,1,1,2008.0,0.0
PA,19073,5,3,2012.8,0.0
PA,19078,3,2,2006.3333333333333,0.0
PA,19082,5,1,2007.0,0.0
PA,19083,3,3,2012.0,1.0
PA,19085,1,1,2012.0,0.0
PA,19087,28,5,2008.8214285714287,1.0
PA,19090,44,5,2007.9545454545455,1.0
PA,19095,2,2,2010.0,0.0
PA,19096,71,7,2011.2112676056338,4.0
PA,19102,40,6,2010.325,1.0
PA,19103,4,4,2013.0,0.0
PA,19104,179,9,2011.9385474860335,9.0
PA,19106,23,4,2008.695652173913,0.0
PA,19107,189,9,2011.047619047619,10.0
PA,19111,22,5,2008.0,1.0
PA,19114,15,4,2007.4666666666667,0.0
PA,19115,17,2,2006.5882352941176,0.0
PA,19116,1,1,2007.0,0.0
PA,19118,12,5,2006.6666666666667,0.0
PA,19119,4,3,2011.0,0.0
PA,19120,4,4,2011.25,1.0
PA,19121,1,1,2015.0,0.0
PA,19122,3,2,2006.6666666666667,0.0
PA,19123,3,3,2006.0,0.0
PA,19124,19,5,2011.8947368421052,4.0
PA,19125,3,1,2009.6666666666667,0.0
PA,19126,2,2,2007.5,0.0
PA,19128,3,1,2008.6666666666667,0.0
PA,19129,4,4,2014.75,0.0
PA,19130,2,1,2015.5,0.0
PA,19131,3,3,2011.0,0.0
PA,19132,2,2,2006.0,0.0
PA,19133,1,1,2005.0,0.0
PA,19134,8,4,2008.25,0.0
PA,19136,2,2,2006.5,0.0
PA,19139,7,3,2014.7142857142858,0.0
PA,19140,109,10,2015.366972477064,19.0
PA,19141,55,9,2015.1454545454546,10.0
PA,19143,10,6,2013.5,1.0
PA,19144,10,4,2008.1,0.0
PA,19145,5,3,2007.6,0.0
PA,19146,7,4,2012.0,1.0
PA,19147,2,1,2019.0,0.0
PA,19148,5,2,2008.8,0.0
PA,19149,1,1,2006.0,0.0
PA,19152,13,3,2008.076923076923,0.0
PA,19153,1,1,2006.0,0.0
PA,19154,2,2,2005.5,0.0
PA,19301,7,2,2010.4285714285713,0.0
PA,19312,1,1,2014.0,0.0
PA,19317,4,2,2014.75,1.0
PA,19320,4,2,2010.5,1.0
PA,19335,2,2,2007.0,0.0
PA,19341,16,3,2008.9375,0.0
PA,19342,4,2,2008.25,0.0
PA,19348,1,1,2020.0,0.0
PA,19350,1,1,2009.0,0.0
PA,19355,7,3,2007.7142857142858,0.0
PA,19380,32,7,2009.1875,1.0
PA,19382,4,3,2012.0,0.0
PA,19383,1,1,2007.0,0.0
PA,19390,11,4,2012.2727272727273,0.0
PA,19401,10,3,2011.3,1.0
PA,19403,19,5,2013.5263157894738,2.0
PA,19406,13,5,2009.076923076923,0.0
PA,19422,15,5,2010.8,1.0
PA,19425,3,1,2011.0,0.0
PA,19426,6,5,2013.8333333333333,2.0
PA,19428,2,2,2010.5,0.0
PA,19438,5,4,2013.0,2.0
PA,19446,8,4,2008.25,0.0
PA,19456,5,2,2006.2,0.0
PA,19460,20,5,2010.5,2.0
PA,19462,5,3,2014.0,0.0
PA,19464,16,3,2008.25,0.0
PA,19465,2,1,2018.5,1.0
PA,19468,1,1,2007.0,0.0
PA,19475,1,1,2006.0,0.0
PA,19530,2,2,2005.5,0.0
PA,19543,1,1,2025.0,1.0
PA,19565,1,1,2010.0,0.0
PA,19567,3,3,2012.3333333333333,0.0
PA,19601,9,4,2009.4444444444443,0.0
PA,19604,8,4,2014.875,2.0
PA,19605,6,3,2015.1666666666667,1.0
PA,19606,6,3,2009.0,0.0
PA,19607,7,3,2012.4285714285713,1.0
PA,19609,1,1,2005.0,0.0
PA,19610,22,4,2009.8636363636363,1.0
PA,19611,63,8,2011.2222222222222,2.0
PA,19612,1,1,2013.0,0.0
PICHINCHA,0,1,1,2010.0,0.0
PR,602,5,1,2006.4,0.0
PR,603,5,2,2008.4,0.0
PR,605,1,1,2007.0,0.0
PR,610,1,1,2006.0,0.0
PR,612,9,3,2006.4444444444443,0.0
PR,614,2,1,2006.0,0.0
PR,617,6,2,2012.5,1.0
PR,623,4,1,2007.25,0.0
PR,624,2,2,2007.0,0.0
PR,627,1,1,2020.0,0.0
PR,637,2,2,2012.5,0.0
PR,638,1,1,2006.0,0.0
PR,641,2,1,2011.0,0.0
PR,646,8,3,2012.75,1.0
PR,659,2,2,2014.0,0.0
PR,660,3,3,2012.3333333333333,0.0
PR,662,2,2,2011.0,0.0
PR,667,1,1,2023.0,1.0
PR,669,1,1,2006.0,0.0
PR,670,1,1,2007.0,0.0
PR,674,25,4,2008.4,1.0
PR,676,6,3,2009.5,0.0
PR,678,1,1,2008.0,0.0
PR,680,27,3,2008.148148148148,0.0
PR,681,2,1,2007.5,0.0
PR,682,6,2,2013.5,1.0
PR,683,5,1,2007.2,0.0
PR,685,2,2,2011.5,0.0
PR,687,4,2,2010.5,0.0
PR,692,1,1,2006.0,0.0
PR,693,3,2,2011.3333333333333,0.0
PR,698,3,2,2005.3333333333333,0.0
PR,703,2,2,2006.0,0.0
PR,705,8,4,2010.375,0.0
PR,716,23,3,2011.4347826086957,2.0
PR,717,15,4,2007.8,0.0
PR,718,1,1,2017.0,0.0
PR,725,41,6,2009.1951219512196,0.0
PR,726,5,4,2012.8,1.0
PR,727,1,1,2016.0,0.0
PR,728,1,1,2010.0,0.0
PR,729,1,1,2006.0,0.0
PR,730,1,1,2023.0,1.0
PR,731,3,2,2011.3333333333333,0.0
PR,732,3,2,2006.0,0.0
PR,733,1,1,2016.0,0.0
PR,736,10,1,2008.2,0.0
PR,738,12,2,2009.75,1.0
PR,739,4,1,2008.0,0.0
PR,751,1,1,2018.0,0.0
PR,754,1,1,2005.0,0.0
PR,765,1,1,2005.0,0.0
PR,769,2,1,2006.0,0.0
PR,777,2,1,2008.0,0.0
PR,778,1,1,2020.0,0.0
PR,780,3,2,2009.0,0.0
PR,783,4,1,2014.0,1.0
PR,784,8,3,2010.875,1.0
PR,785,1,1,2006.0,0.0
PR,791,12,2,2011.0,0.0
PR,794,1,1,2007.0,0.0
PR,795,2,2,2008.5,0.0
PR,901,2,1,2006.5,0.0
PR,902,2,1,2012.5,0.0
PR,907,22,5,2013.3636363636363,4.0
PR,909,29,5,2010.0344827586207,1.0
PR,910,3,2,2007.0,0.0
PR,911,1,1,2014.0,0.0
PR,912,5,1,2011.0,0.0
PR,914,2,1,2005.5,0.0
PR,915,1,1,2019.0,0.0
PR,917,30,5,2010.1666666666667,2.0
PR,918,38,6,2009.1052631578948,1.0
PR,919,5,3,2006.4,0.0
PR,920,2,2,2007.5,0.0
PR,921,14,2,2012.357142857143,0.0
PR,922,3,1,2007.6666666666667,0.0
PR,923,3,2,2006.0,0.0
PR,924,1,1,2006.0,0.0
PR,925,10,3,2006.7,0.0
PR,926,21,3,2011.0,1.0
PR,927,4,1,2009.25,0.0
PR,928,2,1,2007.5,0.0
PR,929,1,1,2019.0,0.0
PR,935,5,2,2009.4,0.0
PR,936,6,2,2009.8333333333333,0.0
PR,949,3,3,2012.3333333333333,1.0
PR,950,1,1,2007.0,0.0
PR,956,5,4,2009.8,0.0
PR,957,2,1,2009.5,0.0
PR,959,21,4,2009.6666666666667,1.0
PR,960,6,2,2008.0,0.0
PR,961,15,5,2006.3333333333333,0.0
PR,966,8,2,2010.625,0.0
PR,968,5,3,2007.8,0.0
PR,969,17,3,2014.0,5.0
PR,976,1,1,2021.0,0.0
PR,979,8,3,2014.0,1.0
PR,980,1,1,2005.0,0.0
PR,982,2,1,2012.0,0.0
PR,983,5,2,2006.2,0.0
PR,984,9,2,2012.111111111111,1.0
PR,985,2,2,2008.5,0.0
PR,986,1,1,2006.0,0.0
PR,987,4,3,2014.25,0.0
PUERTO RICO,667,1,1,2006.0,0.0
PUERTO RICO,909,1,1,2016.0,0.0
RHINELAND-PFALZ,66849,1,1,2012.0,0.0
RI,2806,2,2,2025.0,2.0
RI,2813,1,1,2007.0,0.0
RI,2818,3,2,2010.3333333333333,0.0
RI,2828,1,1,2006.0,0.0
RI,2831,3,2,2016.3333333333333,0.0
RI,2838,1,1,2015.0,0.0
RI,2840,18,3,2010.111111111111,1.0
RI,2859,1,1,2021.0,0.0
RI,2860,36,5,2010.3333333333333,1.0
RI,2865,3,2,2007.3333333333333,0.0
RI,2879,17,4,2007.8235294117646,0.0
RI,2881,1,1,2006.0,0.0
RI,2886,31,5,2008.7096774193549,0.0
RI,2891,8,4,2008.75,1.0
RI,2893,3,2,2006.6666666666667,0.0
RI,2895,12,6,2010.3333333333333,1.0
RI,2903,57,9,2011.1754385964912,2.0
RI,2904,56,8,2010.7142857142858,3.0
RI,2905,128,10,2011.515625,7.0
RI,2906,3,3,2013.3333333333333,1.0
RI,2907,2,2,2009.5,0.0
RI,2908,12,3,2008.25,0.0
RI,2909,1,1,2017.0,0.0
RI,2910,5,2,2007.2,0.0
RI,2914,5,1,2006.0,0.0
RI,2915,4,2,2006.0,0.0
RI,2918,1,1,2018.0,0.0
RI,2919,8,3,2011.125,0.0
RI,2920,8,4,2016.375,1.0
RM,193,1,1,2007.0,0.0
SA,500,1,1,2019.0,0.0
SC,28203,1,1,2006.0,0.0
SC,29020,5,2,2007.2,0.0
SC,29030,1,1,2006.0,0.0
SC,29036,6,2,2008.6666666666667,0.0
SC,29045,1,1,2013.0,0.0
SC,29061,2,2,2013.5,0.0
SC,29063,5,3,2016.2,2.0
SC,29070,3,2,2013.0,1.0
SC,29072,13,3,2009.2307692307693,0.0
SC,29073,2,2,2012.0,0.0
SC,29078,4,1,2007.0,0.0
SC,29102,14,3,2010.9285714285713,0.0
SC,29108,4,2,2007.0,0.0
SC,29115,7,4,2012.4285714285713,1.0
SC,29118,12,2,2006.8333333333333,0.0
SC,29135,1,1,2006.0,0.0
SC,29150,24,4,2009.0833333333333,0.0
SC,29152,1,1,2005.0,0.0
SC,29169,71,8,2010.5070422535211,2.0
SC,29201,33,5,2008.6666666666667,0.0
SC,29203,80,6,2012.55,14.0
SC,29204,6,1,2007.8333333333333,0.0
SC,29206,1,1,2006.0,0.0
SC,29207,4,3,2009.5,0.0
SC,29208,2,2,2006.0,0.0
SC,29209,1,1,2007.0,0.0
SC,29210,6,2,2005.8333333333333,0.0
SC,29212,13,4,2011.076923076923,0.0
SC,29223,2,2,2015.5,0.0
SC,29229,12,2,2012.0,0.0
SC,29301,2,2,2007.0,0.0
SC,29302,1,1,2013.0,0.0
SC,29303,29,8,2008.6896551724137,1.0
SC,29306,2,2,2014.5,1.0
SC,29307,38,7,2009.8157894736842,3.0
SC,29316,1,1,2021.0,0.0
SC,29323,1,1,2006.0,0.0
SC,29325,7,3,2008.5714285714287,0.0
SC,29334,1,1,2008.0,0.0
SC,29340,9,4,2011.3333333333333,0.0
SC,29365,1,1,2006.0,0.0
SC,29379,10,2,2011.4,0.0
SC,29401,2,2,2006.0,0.0
SC,29403,5,3,2008.0,0.0
SC,29405,6,4,2007.3333333333333,0.0
SC,29406,24,5,2010.0833333333333,1.0
SC,29407,13,4,2009.7692307692307,0.0
SC,29414,48,7,2011.7291666666667,1.0
SC,29416,1,1,2006.0,0.0
SC,29418,3,2,2006.0,0.0
SC,29425,105,6,2013.3142857142857,17.0
SC,29440,10,2,2012.4,0.0
SC,29445,2,2,2006.0,0.0
SC,29451,1,1,2006.0,0.0
SC,29461,2,2,2020.0,1.0
SC,29464,59,6,2012.1694915254238,8.0
SC,29466,12,6,2014.5833333333333,2.0
SC,29483,3,2,2010.3333333333333,0.0
SC,29485,22,4,2009.9545454545455,1.0
SC,29486,13,6,2016.8461538461538,4.0
SC,29488,7,2,2009.857142857143,0.0
SC,29492,4,1,2019.25,2.0
SC,29501,9,2,2006.888888888889,0.0
SC,29505,13,2,2007.4615384615386,0.0
SC,29506,26,5,2008.4615384615386,1.0
SC,29512,6,2,2008.0,0.0
SC,29520,5,2,2008.6,0.0
SC,29526,34,6,2011.8235294117646,3.0
SC,29536,3,1,2010.3333333333333,0.0
SC,29550,8,1,2009.75,1.0
SC,29556,4,4,2010.75,1.0
SC,29560,1,1,2006.0,0.0
SC,29566,4,2,2010.0,0.0
SC,29569,4,2,2013.5,1.0
SC,29571,3,1,2006.6666666666667,0.0
SC,29572,17,4,2010.5882352941176,1.0
SC,29574,4,1,2006.5,0.0
SC,29575,2,2,2014.5,0.0
SC,29576,12,4,2010.4166666666667,1.0
SC,29579,12,6,2016.4166666666667,5.0
SC,29582,2,1,2015.0,1.0
SC,29585,6,2,2010.3333333333333,0.0
SC,29588,7,3,2011.2857142857142,1.0
SC,29601,2,2,2007.0,0.0
SC,29605,130,9,2013.0230769230768,19.0
SC,29607,60,7,2010.75,1.0
SC,29609,5,2,2017.2,1.0
SC,29611,10,2,2013.8,0.0
SC,29615,45,5,2011.4666666666667,4.0
SC,29617,2,2,2011.0,0.0
SC,29621,25,3,2008.32,0.0
SC,29625,1,1,2010.0,0.0
SC,29627,1,1,2023.0,1.0
SC,29631,4,2,2009.75,0.0
SC,29640,7,4,2008.7142857142858,0.0
SC,29642,5,2,2006.4,0.0
SC,29646,17,3,2009.4117647058824,1.0
SC,29649,5,3,2016.0,1.0
SC,29650,17,7,2011.8823529411766,2.0
SC,29651,2,2,2014.5,0.0
SC,29657,1,1,2010.0,0.0
SC,29662,1,1,2005.0,0.0
SC,29671,1,1,2020.0,0.0
SC,29672,1,1,2006.0,0.0
SC,29678,15,5,2010.6,1.0
SC,29680,4,2,2012.25,1.0
SC,29681,6,4,2010.1666666666667,0.0
SC,29690,1,1,2008.0,0.0
SC,29706,3,2,2007.3333333333333,0.0
SC,29707,1,1,2025.0,1.0
SC,29708,10,2,2016.7,3.0
SC,29715,4,2,2012.0,0.0
SC,29720,10,1,2007.3,0.0
SC,29730,1,1,2008.0,0.0
SC,29732,33,4,2009.7575757575758,3.0
SC,29801,12,3,2007.0833333333333,0.0
SC,29803,4,3,2012.75,1.0
SC,29812,2,1,2010.5,0.0
SC,29824,1,1,2016.0,0.0
SC,29827,3,1,2008.6666666666667,0.0
SC,29902,21,4,2012.6666666666667,4.0
SC,29906,3,2,2007.6666666666667,0.0
SC,29909,6,5,2013.8333333333333,1.0
SC,29910,22,7,2011.0454545454545,2.0
SC,29926,10,3,2010.9,2.0
SC,29935,2,2,2013.5,0.0
SC,29936,1,1,2010.0,0.0
SD,57006,7,2,2010.4285714285713,0.0
SD,57017,1,1,2021.0,0.0
SD,57032,1,1,2012.0,0.0
SD,57078,8,2,2011.125,0.0
SD,57103,1,1,2025.0,1.0
SD,57104,3,1,2010.0,0.0
SD,57105,83,10,2009.9036144578313,4.0
SD,57106,3,2,2013.6666666666667,0.0
SD,57108,10,3,2014.4,1.0
SD,57201,3,1,2007.3333333333333,0.0
SD,57262,2,1,2005.5,0.0
SD,57301,12,1,2010.25,0.0
SD,57325,4,1,2006.5,0.0
SD,57350,1,1,2006.0,0.0
SD,57369,1,1,2019.0,0.0
SD,57382,1,1,2005.0,0.0
SD,57401,13,3,2012.1538461538462,1.0
SD,57434,1,1,2015.0,0.0
SD,57501,5,2,2009.8,1.0
SD,57570,1,1,2008.0,0.0
SD,57701,28,3,2010.857142857143,0.0
SD,57702,7,3,2010.142857142857,0.0
SD,57741,1,1,2008.0,0.0
SD,57744,1,1,2021.0,0.0
SD,57747,1,1,2006.0,0.0
SD,57752,2,2,2006.0,0.0
SD,57770,4,1,2009.5,0.0
SD,57783,4,2,2006.5,0.0
SEOUL,14088,1,1,2011.0,0.0
SHANGHAI,20003,1,1,2019.0,0.0
SINDH,74800,1,1,2026.0,1.0
SPAIN,11520,1,1,2011.0,0.0
THORNDON,6011,1,1,2007.0,0.0
TN,36717,1,1,2025.0,1.0
TN,37015,1,1,2007.0,0.0
TN,37022,2,1,2016.5,0.0
TN,37025,1,1,2025.0,1.0
TN,37027,22,6,2010.4545454545455,0.0
TN,37028,1,1,2014.0,0.0
TN,37029,1,1,2019.0,0.0
TN,37030,2,2,2018.0,0.0
TN,37033,3,1,2013.0,0.0
TN,37037,1,1,2024.0,1.0
TN,37040,10,3,2014.8,2.0
TN,37042,6,3,2015.5,1.0
TN,37043,19,5,2010.842105263158,1.0
TN,37048,1,1,2023.0,1.0
TN,37050,1,1,2018.0,0.0
TN,37055,5,2,2012.6,1.0
TN,37064,6,2,2006.8333333333333,0.0
TN,37066,12,4,2011.4166666666667,2.0
TN,37067,32,6,2009.59375,1.0
TN,37069,4,3,2014.75,1.0
TN,37074,2,1,2008.5,0.0
TN,37075,23,3,2009.695652173913,1.0
TN,37076,28,4,2013.5,2.0
TN,37082,1,1,2024.0,1.0
TN,37083,1,1,2023.0,0.0
TN,37086,1,1,2022.0,0.0
TN,37087,3,2,2008.0,0.0
TN,37090,1,1,2016.0,0.0
TN,37091,1,1,2006.0,0.0
TN,37110,7,4,2010.142857142857,1.0
TN,37115,7,3,2007.2857142857142,0.0
TN,37122,4,4,2018.0,2.0
TN,37128,3,3,2018.3333333333333,1.0
TN,37129,27,4,2011.4444444444443,0.0
TN,37130,11,3,2009.1818181818182,0.0
TN,37132,1,1,2007.0,0.0
TN,37135,1,1,2020.0,0.0
TN,37138,4,2,2014.25,0.0
TN,37143,1,1,2009.0,0.0
TN,37146,2,1,2025.0,2.0
TN,37148,2,1,2017.0,1.0
TN,37160,4,2,2013.75,1.0
TN,37162,1,1,2007.0,0.0
TN,37167,33,7,2015.939393939394,8.0
TN,37172,8,3,2012.0,0.0
TN,37174,1,1,2017.0,0.0
TN,37179,1,1,2022.0,0.0
TN,37190,1,1,2025.0,1.0
TN,37201,1,1,2007.0,0.0
TN,37203,164,10,2010.6951219512196,9.0
TN,37204,36,5,2015.25,6.0
TN,37205,7,3,2009.857142857143,1.0
TN,37206,10,4,2016.6,3.0
TN,37207,1,1,2006.0,0.0
TN,37208,19,3,2008.2631578947369,0.0
TN,37209,8,3,2013.875,1.0
TN,37210,1,1,2007.0,0.0
TN,37211,12,5,2014.1666666666667,1.0
TN,37212,1,1,2006.0,0.0
TN,37214,7,5,2008.5714285714287,0.0
TN,37215,3,2,2018.0,1.0
TN,37216,1,1,2020.0,0.0
TN,37217,4,3,2008.25,0.0
TN,37221,4,4,2008.0,0.0
TN,37228,1,1,2023.0,1.0
TN,37232,227,10,2012.5198237885463,20.0
TN,37236,2,2,2021.0,1.0
TN,37240,2,2,2016.0,1.0
TN,37243,1,1,2006.0,0.0
TN,37301,1,1,2006.0,0.0
TN,37303,7,3,2015.0,1.0
TN,37311,14,4,2009.642857142857,2.0
TN,37321,1,1,2008.0,0.0
TN,37323,1,1,2006.0,0.0
TN,37334,3,3,2012.0,0.0
TN,37343,9,3,2008.888888888889,0.0
TN,37353,1,1,2018.0,0.0
TN,37354,4,3,2008.25,0.0
TN,37355,6,3,2009.5,1.0
TN,37357,1,1,2021.0,0.0
TN,37363,11,5,2011.090909090909,1.0
TN,37377,2,2,2009.5,0.0
TN,37380,2,1,2007.0,0.0
TN,37388,8,4,2011.25,1.0
TN,37398,11,1,2012.5454545454545,0.0
TN,37403,32,8,2009.75,1.0
TN,37404,11,6,2010.2727272727273,2.0
TN,37410,2,1,2013.5,0.0
TN,37411,2,2,2006.0,0.0
TN,37412,19,5,2011.6315789473683,1.0
TN,37415,4,3,2016.5,1.0
TN,37419,1,1,2017.0,0.0
TN,37421,83,7,2009.5903614457832,2.0
TN,37601,2,2,2006.0,0.0
TN,37604,54,9,2009.6851851851852,2.0
TN,37614,1,1,2006.0,0.0
TN,37615,1,1,2016.0,0.0
TN,37617,1,1,2011.0,0.0
TN,37620,16,4,2011.5,2.0
TN,37643,11,5,2008.0,0.0
TN,37659,1,1,2020.0,0.0
TN,37660,34,4,2007.0294117647059,0.0
TN,37683,1,1,2006.0,0.0
TN,37684,1,1,2005.0,0.0
TN,37692,1,1,2023.0,1.0
TN,37742,1,1,2014.0,0.0
TN,37743,3,2,2008.0,0.0
TN,37754,1,1,2017.0,0.0
TN,37757,1,1,2005.0,0.0
TN,37760,3,2,2007.0,0.0
TN,37762,2,1,2005.5,0.0
TN,37771,1,1,2007.0,0.0
TN,37777,1,1,2013.0,0.0
TN,37804,22,3,2008.3636363636363,0.0
TN,37807,1,1,2011.0,0.0
TN,37813,6,3,2009.6666666666667,1.0
TN,37814,11,3,2010.909090909091,2.0
TN,37820,1,1,2025.0,1.0
TN,37821,2,1,2012.5,0.0
TN,37830,13,3,2009.6153846153845,0.0
TN,37840,1,1,2014.0,0.0
TN,37841,2,2,2010.5,0.0
TN,37849,12,5,2016.5833333333333,4.0
TN,37854,1,1,2006.0,0.0
TN,37857,3,3,2006.0,0.0
TN,37862,9,2,2008.3333333333333,0.0
TN,37865,1,1,2013.0,0.0
TN,37874,5,1,2007.8,0.0
TN,37877,1,1,2007.0,0.0
TN,37879,4,2,2013.75,1.0
TN,37885,1,1,2009.0,0.0
TN,37909,1,1,2016.0,0.0
TN,37912,1,1,2019.0,0.0
TN,37916,47,7,2009.0851063829787,3.0
TN,37917,19,5,2008.2105263157894,0.0
TN,37918,1,1,2006.0,0.0
TN,37919,11,6,2014.0,3.0
TN,37920,65,9,2011.446153846154,6.0
TN,37921,5,2,2006.0,0.0
TN,37922,2,2,2013.0,0.0
TN,37923,25,4,2009.32,0.0
TN,37931,1,1,2012.0,0.0
TN,37932,10,5,2014.3,3.0
TN,37934,16,7,2011.375,1.0
TN,38002,1,1,2006.0,0.0
TN,38004,1,1,2014.0,0.0
TN,38008,1,1,2006.0,0.0
TN,38011,1,1,2025.0,1.0
TN,38012,1,1,2006.0,0.0
TN,38016,6,3,2010.3333333333333,0.0
TN,38017,6,3,2012.6666666666667,1.0
TN,38018,4,1,2012.25,0.0
TN,38019,5,1,2010.4,0.0
TN,38024,5,2,2005.4,0.0
TN,38049,1,1,2007.0,0.0
TN,38103,24,6,2013.4583333333333,1.0
TN,38104,18,5,2013.6666666666667,3.0
TN,38105,2,2,2013.5,0.0
TN,38106,2,1,2013.5,0.0
TN,38108,3,2,2009.0,0.0
TN,38112,6,4,2008.5,0.0
TN,38115,2,1,2011.5,0.0
TN,38116,6,3,2008.1666666666667,0.0
TN,38117,5,1,2006.8,0.0
TN,38118,1,1,2020.0,0.0
TN,38119,26,5,2009.8461538461538,1.0
TN,38120,79,7,2009.2151898734178,4.0
TN,38122,4,3,2020.5,0.0
TN,38125,3,2,2013.3333333333333,0.0
TN,38126,3,3,2011.3333333333333,0.0
TN,38128,5,3,2011.0,0.0
TN,38132,3,1,2006.0,0.0
TN,38133,5,2,2009.0,0.0
TN,38134,3,3,2010.6666666666667,0.0
TN,38135,1,1,2022.0,0.0
TN,38138,52,8,2009.75,3.0
TN,38139,1,1,2019.0,0.0
TN,38163,2,1,2019.5,1.0
TN,38201,1,1,2006.0,0.0
TN,38237,6,3,2012.1666666666667,1.0
TN,38242,5,3,2005.8,0.0
TN,38261,6,2,2008.1666666666667,0.0
TN,38301,23,6,2008.695652173913,0.0
TN,38305,23,3,2008.9130434782608,1.0
TN,38340,1,1,2016.0,0.0
TN,38342,1,1,2021.0,0.0
TN,38344,1,1,2022.0,0.0
TN,38372,2,1,2005.5,0.0
TN,38375,2,2,2006.0,0.0
TN,38401,12,5,2010.4166666666667,0.0
TN,38449,1,1,2007.0,0.0
TN,38456,1,1,2021.0,0.0
TN,38462,3,3,2021.0,1.0
TN,38463,1,1,2007.0,0.0
TN,38464,9,3,2013.0,2.0
TN,38468,1,1,2008.0,0.0
TN,38478,8,2,2015.125,2.0
TN,38482,1,1,2020.0,0.0
TN,38483,10,1,2008.5,1.0
TN,38485,1,1,2007.0,0.0
TN,38488,1,1,2018.0,0.0
TN,38501,31,6,2010.774193548387,3.0
TN,38506,1,1,2008.0,0.0
TN,38541,1,1,2007.0,0.0
TN,38555,14,3,2007.857142857143,0.0
TN,38563,1,1,2005.0,0.0
TN,38570,5,3,2008.2,0.0
TN,38583,1,1,2009.0,0.0
TN,38585,2,1,2019.0,1.0
TN,38589,1,1,2022.0,0.0
TN,63150,1,1,2006.0,0.0
TX,9012,1,1,2007.0,0.0
TX,70063,1,1,2008.0,0.0
TX,75001,5,2,2013.0,0.0
TX,75002,1,1,2019.0,0.0
TX,75007,3,3,2011.0,0.0
TX,75009,5,2,2015.8,1.0
TX,75010,13,5,2007.2307692307693,0.0
TX,75013,31,4,2013.1290322580646,6.0
TX,75019,3,3,2014.0,1.0
TX,75020,9,3,2009.888888888889,0.0
TX,75022,12,2,2009.6666666666667,1.0
TX,75023,1,1,2021.0,0.0
TX,75024,10,4,2011.3,1.0
TX,75025,4,2,2014.75,1.0
TX,75028,25,2,2010.4,0.0
TX,75032,18,4,2011.7222222222222,1.0
TX,75033,9,3,2016.6666666666667,1.0
TX,75034,56,8,2011.4285714285713,4.0
TX,75035,34,7,2010.2941176470588,3.0
TX,75038,5,2,2014.2,1.0
TX,75039,22,7,2009.2727272727273,1.0
TX,75040,13,2,2007.7692307692307,0.0
TX,75041,3,2,2014.3333333333333,0.0
TX,75042,4,2,2006.25,0.0
TX,75043,4,2,2012.5,1.0
TX,75044,3,3,2011.0,0.0
TX,75048,1,1,2006.0,0.0
TX,75050,12,2,2009.8333333333333,0.0
TX,75051,7,4,2012.2857142857142,1.0
TX,75052,2,1,2025.0,2.0
TX,75056,1,1,2019.0,0.0
TX,75057,19,3,2009.4736842105262,1.0
TX,75060,2,2,2021.0,1.0
TX,75061,8,4,2010.5,1.0
TX,75062,35,5,2011.5428571428572,1.0
TX,75063,14,5,2012.357142857143,1.0
TX,75068,1,1,2023.0,1.0
TX,75069,12,5,2008.9166666666667,0.0
TX,75070,18,5,2012.611111111111,1.0
TX,75071,34,9,2013.5294117647059,3.0
TX,75074,12,4,2014.6666666666667,3.0
TX,75075,49,4,2011.530612244898,2.0
TX,75080,18,5,2010.388888888889,0.0
TX,75082,17,5,2009.7058823529412,0.0
TX,75087,15,5,2010.1333333333334,0.0
TX,75088,7,3,2013.0,1.0
TX,75089,4,1,2018.0,0.0
TX,75090,10,5,2011.9,0.0
TX,75092,3,2,2006.0,0.0
TX,75093,91,9,2008.8131868131868,0.0
TX,75098,5,2,2011.2,0.0
TX,75103,3,2,2011.6666666666667,0.0
TX,75104,6,2,2010.3333333333333,0.0
TX,75110,4,2,2006.0,0.0
TX,75115,10,5,2013.0,1.0
TX,75116,3,1,2007.3333333333333,0.0
TX,75119,5,2,2011.6,0.0
TX,75124,1,1,2024.0,1.0
TX,75126,3,3,2017.3333333333333,0.0
TX,75137,5,2,2007.6,0.0
TX,75142,2,2,2008.5,0.0
TX,75149,8,2,2011.25,0.0
TX,75150,2,2,2012.5,0.0
TX,75154,2,2,2008.5,0.0
TX,75156,3,1,2019.0,0.0
TX,75159,1,1,2012.0,0.0
TX,75160,7,5,2013.5714285714287,1.0
TX,75165,18,6,2011.0,1.0
TX,75167,4,2,2011.0,0.0
TX,75169,1,1,2018.0,0.0
TX,75181,1,1,2014.0,0.0
TX,75182,5,1,2006.6,0.0
TX,75189,2,1,2013.5,0.0
TX,75201,10,3,2015.2,1.0
TX,75202,1,1,2022.0,0.0
TX,75203,15,2,2010.3333333333333,0.0
TX,75204,42,6,2010.9285714285713,1.0
TX,75205,2,1,2014.0,0.0
TX,75206,3,2,2007.3333333333333,0.0
TX,75207,3,2,2008.3333333333333,0.0
TX,75208,27,6,2011.1851851851852,0.0
TX,75209,1,1,2008.0,0.0
TX,75210,2,1,2016.5,0.0
TX,75211,8,2,2008.75,0.0
TX,75212,7,2,2015.142857142857,1.0
TX,75214,1,1,2005.0,0.0
TX,75215,3,3,2017.3333333333333,1.0
TX,75216,2,2,2006.0,0.0
TX,75217,16,2,2010.625,1.0
TX,75218,4,2,2013.0,0.0
TX,75219,6,2,2013.3333333333333,1.0
TX,75220,2,1,2010.5,0.0
TX,75224,7,2,2006.0,0.0
TX,75225,5,3,2014.8,1.0
TX,75227,2,2,2022.5,1.0
TX,75228,5,3,2009.6,1.0
TX,75229,1,1,2008.0,0.0
TX,75230,72,6,2009.236111111111,1.0
TX,75231,164,9,2009.3292682926829,2.0
TX,75232,2,1,2006.0,0.0
TX,75233,1,1,2018.0,0.0
TX,75234,6,2,2013.6666666666667,1.0
TX,75235,167,4,2010.3413173652696,12.0
TX,75237,18,4,2008.611111111111,1.0
TX,75238,1,1,2015.0,0.0
TX,75240,3,3,2011.6666666666667,0.0
TX,75243,2,2,2012.0,0.0
TX,75244,3,1,2010.6666666666667,0.0
TX,75246,75,9,2011.9066666666668,4.0
TX,75247,2,1,2009.5,0.0
TX,75248,4,3,2014.5,0.0
TX,75251,25,5,2009.68,1.0
TX,75254,2,2,2014.5,0.0
TX,75287,2,2,2007.0,0.0
TX,75390,125,9,2009.304,0.0
TX,75401,12,4,2011.0833333333333,1.0
TX,75402,6,3,2009.8333333333333,0.0
TX,75403,1,1,2010.0,0.0
TX,75407,2,1,2017.5,1.0
TX,75416,1,1,2023.0,1.0
TX,75417,3,2,2008.3333333333333,0.0
TX,75418,1,1,2006.0,0.0
TX,75428,1,1,2018.0,0.0
TX,75451,1,1,2009.0,0.0
TX,75452,1,1,2007.0,0.0
TX,75454,2,1,2024.0,1.0
TX,75455,15,5,2011.2666666666667,2.0
TX,75460,15,3,2010.4,1.0
TX,75462,1,1,2005.0,0.0
TX,75474,1,1,2022.0,0.0
TX,75482,11,5,2010.8181818181818,0.0
TX,75488,1,1,2022.0,0.0
TX,75501,5,2,2009.0,0.0
TX,75503,22,4,2007.1363636363637,1.0
TX,75561,1,1,2009.0,0.0
TX,75601,24,4,2010.25,0.0
TX,75604,3,3,2014.0,0.0
TX,75605,21,4,2010.1904761904761,1.0
TX,75644,1,1,2008.0,0.0
TX,75652,3,1,2006.6666666666667,0.0
TX,75654,1,1,2023.0,1.0
TX,75657,1,1,2023.0,1.0
TX,75670,5,2,2009.6,0.0
TX,75686,2,2,2008.0,0.0
TX,75701,41,7,2009.7317073170732,1.0
TX,75702,27,6,2008.7777777777778,0.0
TX,75703,13,3,2010.1538461538462,0.0
TX,75751,11,3,2007.909090909091,0.0
TX,75752,1,1,2005.0,0.0
TX,75757,1,1,2022.0,0.0
TX,75766,8,2,2009.625,0.0
TX,75771,2,2,2009.5,0.0
TX,75801,16,4,2010.625,0.0
TX,75835,1,1,2008.0,0.0
TX,75840,1,1,2007.0,0.0
TX,75903,1,1,2009.0,0.0
TX,75904,17,2,2008.4117647058824,0.0
TX,75935,1,1,2010.0,0.0
TX,75951,4,3,2006.5,0.0
TX,75961,8,4,2007.875,0.0
TX,75964,8,2,2010.375,0.0
TX,75965,15,2,2010.9333333333334,1.0
TX,75975,2,1,2012.0,0.0
TX,76001,1,1,2019.0,0.0
TX,76002,2,2,2023.0,1.0
TX,76009,1,1,2008.0,0.0
TX,76010,3,2,2006.3333333333333,0.0
TX,76011,4,2,2010.5,0.0
TX,76012,18,6,2011.1666666666667,1.0
TX,76013,2,1,2006.0,0.0
TX,76014,15,3,2011.5333333333333,0.0
TX,76015,25,4,2011.88,2.0
TX,76016,1,1,2007.0,0.0
TX,76017,10,3,2009.0,0.0
TX,76020,1,1,2006.0,0.0
TX,76021,6,2,2012.0,1.0
TX,76022,25,5,2010.0,1.0
TX,76028,16,4,2009.25,0.0
TX,76033,15,5,2009.6,0.0
TX,76034,7,4,2010.0,0.0
TX,76040,11,5,2008.7272727272727,1.0
TX,76041,1,1,2015.0,0.0
TX,76048,8,1,2007.0,0.0
TX,76049,10,2,2014.1,0.0
TX,76051,52,6,2010.923076923077,2.0
TX,76053,1,1,2006.0,0.0
TX,76054,18,3,2014.0555555555557,0.0
TX,76063,41,5,2012.0731707317073,3.0
TX,76065,2,2,2022.5,1.0
TX,76067,5,1,2006.6,0.0
TX,76084,1,1,2025.0,1.0
TX,76086,8,1,2008.375,0.0
TX,76087,2,2,2020.0,1.0
TX,76088,2,1,2014.5,0.0
TX,76092,2,2,2014.5,1.0
TX,76102,2,2,2015.0,1.0
TX,76104,168,10,2010.797619047619,12.0
TX,76107,38,5,2007.2105263157894,1.0
TX,76108,1,1,2017.0,0.0
TX,76109,1,1,2010.0,0.0
TX,76110,4,3,2010.0,0.0
TX,76111,3,2,2010.0,0.0
TX,76112,3,3,2015.0,1.0
TX,76114,1,1,2006.0,0.0
TX,76115,3,2,2008.3333333333333,0.0
TX,76119,2,1,2020.5,1.0
TX,76123,2,1,2010.5,0.0
TX,76126,1,1,2018.0,0.0
TX,76131,2,2,2010.0,0.0
TX,76132,43,3,2010.2325581395348,2.0
TX,76133,4,2,2013.5,0.0
TX,76137,2,2,2009.0,0.0
TX,76140,1,1,2020.0,0.0
TX,76164,4,2,2011.0,0.0
TX,76177,13,4,2012.2307692307693,2.0
TX,76180,21,6,2007.2857142857142,0.0
TX,76201,24,5,2008.7083333333333,0.0
TX,76205,1,1,2005.0,0.0
TX,76207,1,1,2008.0,0.0
TX,76208,10,5,2012.0,1.0
TX,76209,3,3,2014.0,0.0
TX,76210,19,5,2010.842105263158,2.0
TX,76226,7,3,2013.5714285714287,0.0
TX,76227,6,3,2017.0,2.0
TX,76229,1,1,2006.0,0.0
TX,76234,10,3,2009.3,1.0
TX,76240,8,4,2010.625,0.0
TX,76244,30,4,2012.2666666666667,1.0
TX,76247,1,1,2021.0,0.0
TX,76248,13,3,2010.7692307692307,0.0
TX,76252,1,1,2024.0,1.0
TX,76255,1,1,2024.0,1.0
TX,76262,3,1,2014.3333333333333,0.0
TX,76266,2,2,2007.0,0.0
TX,76270,1,1,2012.0,0.0
TX,76272,1,1,2024.0,1.0
TX,76301,11,3,2010.0,0.0
TX,76302,4,2,2011.0,0.0
TX,76306,2,2,2005.5,0.0
TX,76308,4,3,2007.5,0.0
TX,76310,13,3,2011.7692307692307,1.0
TX,76311,1,1,2006.0,0.0
TX,76380,1,1,2023.0,1.0
TX,76401,6,4,2011.0,0.0
TX,76426,2,1,2007.5,0.0
TX,76442,1,1,2006.0,0.0
TX,76444,1,1,2006.0,0.0
TX,76450,1,1,2007.0,0.0
TX,76485,3,1,2009.3333333333333,0.0
TX,76501,4,2,2022.5,2.0
TX,76502,9,3,2008.5555555555557,1.0
TX,76504,4,3,2011.25,0.0
TX,76508,40,8,2009.2,1.0
TX,76513,4,1,2019.5,0.0
TX,76542,1,1,2007.0,0.0
TX,76543,6,2,2014.1666666666667,2.0
TX,76544,29,4,2009.9310344827586,0.0
TX,76548,7,3,2013.5714285714287,0.0
TX,76549,9,1,2006.5555555555557,0.0
TX,76550,1,1,2017.0,0.0
TX,76554,1,1,2006.0,0.0
TX,76557,1,1,2012.0,0.0
TX,76574,3,1,2019.3333333333333,1.0
TX,76621,1,1,2025.0,1.0
TX,76645,1,1,2018.0,0.0
TX,76667,1,1,2007.0,0.0
TX,76701,2,1,2022.0,1.0
TX,76705,1,1,2022.0,0.0
TX,76706,2,1,2009.0,0.0
TX,76707,2,2,2021.5,0.0
TX,76708,3,2,2006.3333333333333,0.0
TX,76710,15,3,2010.7333333333333,0.0
TX,76712,46,5,2009.3695652173913,3.0
TX,76801,6,2,2007.6666666666667,0.0
TX,76802,1,1,2015.0,0.0
TX,76827,1,1,2006.0,0.0
TX,76903,24,5,2009.2916666666667,1.0
TX,76904,5,3,2009.8,0.0
TX,77002,20,4,2010.25,0.0
TX,77003,2,1,2006.0,0.0
TX,77004,31,8,2009.3225806451612,0.0
TX,77005,8,3,2007.375,0.0
TX,77006,13,5,2012.3076923076924,1.0
TX,77007,4,2,2011.25,0.0
TX,77008,24,5,2010.25,0.0
TX,77010,3,1,2006.0,0.0
TX,77011,6,2,2009.1666666666667,1.0
TX,77013,4,1,2006.5,0.0
TX,77014,5,1,2007.6,0.0
TX,77015,14,3,2008.0,0.0
TX,77017,3,2,2018.6666666666667,1.0
TX,77018,10,4,2012.3,1.0
TX,77019,4,3,2010.25,0.0
TX,77020,2,1,2008.0,0.0
TX,77021,3,2,2006.3333333333333,0.0
TX,77023,17,4,2011.8235294117646,1.0
TX,77024,70,7,2010.142857142857,2.0
TX,77025,4,2,2009.5,0.0
TX,77026,19,5,2008.5263157894738,0.0
TX,77027,5,3,2012.4,1.0
TX,77029,1,1,2024.0,1.0
TX,77030,434,11,2011.5645161290322,11.0
TX,77031,1,1,2018.0,0.0
TX,77034,2,2,2006.5,0.0
TX,77035,1,1,2006.0,0.0
TX,77036,12,4,2011.5833333333333,1.0
TX,77039,2,2,2009.5,0.0
TX,77040,1,1,2017.0,0.0
TX,77041,2,2,2015.5,1.0
TX,77042,2,2,2006.5,0.0
TX,77043,4,3,2012.5,1.0
TX,77046,2,2,2010.5,0.0
TX,77047,1,1,2006.0,0.0
TX,77051,1,1,2023.0,1.0
TX,77054,157,10,2009.2292993630574,6.0
TX,77055,3,3,2010.3333333333333,0.0
TX,77056,8,3,2016.0,3.0
TX,77057,10,3,2010.8,0.0
TX,77058,14,2,2010.857142857143,0.0
TX,77060,1,1,2019.0,0.0
TX,77062,2,2,2008.0,0.0
TX,77063,8,4,2010.125,1.0
TX,77064,1,1,2025.0,1.0
TX,77065,12,2,2009.25,0.0
TX,77066,3,2,2019.6666666666667,2.0
TX,77067,3,2,2010.3333333333333,0.0
TX,77069,1,1,2007.0,0.0
TX,77070,50,8,2010.58,2.0
TX,77073,1,1,2007.0,0.0
TX,77074,57,7,2008.421052631579,0.0
TX,77076,16,5,2011.0625,0.0
TX,77077,3,1,2011.6666666666667,0.0
TX,77079,3,2,2016.0,1.0
TX,77080,2,2,2013.5,0.0
TX,77081,5,2,2013.0,1.0
TX,77082,29,6,2010.103448275862,0.0
TX,77083,5,3,2011.0,0.0
TX,77084,4,2,2015.0,1.0
TX,77087,1,1,2010.0,0.0
TX,77088,1,1,2019.0,0.0
TX,77089,16,5,2010.125,0.0
TX,77090,20,3,2008.55,0.0
TX,77091,1,1,2009.0,0.0
TX,77092,1,1,2006.0,0.0
TX,77094,14,3,2016.142857142857,5.0
TX,77095,4,3,2008.5,0.0
TX,77096,3,1,2012.0,0.0
TX,77098,3,1,2007.0,0.0
TX,77099,1,1,2007.0,0.0
TX,77204,2,1,2013.5,0.0
TX,77301,8,4,2011.375,1.0
TX,77302,1,1,2024.0,1.0
TX,77304,14,4,2008.642857142857,0.0
TX,77316,1,1,2024.0,1.0
TX,77327,4,2,2008.0,0.0
TX,77328,1,1,2021.0,0.0
TX,77338,17,6,2010.7058823529412,2.0
TX,77339,38,6,2009.2631578947369,0.0
TX,77340,9,3,2008.7777777777778,0.0
TX,77346,8,2,2009.875,0.0
TX,77351,4,2,2010.0,0.0
TX,77356,4,2,2015.0,1.0
TX,77357,2,2,2006.0,0.0
TX,77365,3,3,2013.0,1.0
TX,77373,7,4,2013.2857142857142,0.0
TX,77375,8,2,2007.875,0.0
TX,77377,3,3,2011.3333333333333,0.0
TX,77379,11,6,2012.4545454545455,2.0
TX,77380,48,7,2011.0208333333333,3.0
TX,77381,5,3,2011.8,1.0
TX,77384,39,6,2011.6666666666667,2.0
TX,77385,16,2,2010.25,0.0
TX,77388,2,2,2008.0,0.0
TX,77389,5,2,2012.2,0.0
TX,77396,1,1,2013.0,0.0
TX,77399,1,1,2007.0,0.0
TX,77401,11,5,2007.0,0.0
TX,77406,1,1,2009.0,0.0
TX,77407,3,2,2016.6666666666667,1.0
TX,77413,1,1,2006.0,0.0
TX,77414,6,3,2008.5,0.0
TX,77422,1,1,2010.0,0.0
TX,77429,8,4,2008.75,0.0
TX,77433,12,2,2013.8333333333333,1.0
TX,77437,1,1,2006.0,0.0
TX,77446,1,1,2017.0,0.0
TX,77449,6,4,2012.0,1.0
TX,77450,27,4,2008.7777777777778,1.0
TX,77459,5,2,2014.6,1.0
TX,77469,16,5,2012.25,2.0
TX,77477,7,5,2011.2857142857142,1.0
TX,77478,27,3,2010.5555555555557,0.0
TX,77479,47,8,2009.3617021276596,1.0
TX,77488,4,1,2008.0,0.0
TX,77489,1,1,2015.0,0.0
TX,77493,10,4,2013.6,0.0
TX,77494,29,4,2010.8620689655172,1.0
TX,77498,4,2,2017.0,2.0
TX,77502,3,2,2007.0,0.0
TX,77503,5,2,2012.8,1.0
TX,77504,23,3,2008.6521739130435,0.0
TX,77505,6,1,2008.1666666666667,0.0
TX,77510,1,1,2010.0,0.0
TX,77515,8,3,2008.625,0.0
TX,77521,20,4,2011.0,2.0
TX,77536,2,1,2012.5,0.0
TX,77539,4,3,2014.5,1.0
TX,77545,1,1,2006.0,0.0
TX,77546,12,3,2010.25,0.0
TX,77550,1,1,2019.0,0.0
TX,77555,100,6,2013.78,24.0
TX,77566,5,2,2010.2,0.0
TX,77573,6,2,2009.8333333333333,0.0
TX,77581,4,4,2016.75,1.0
TX,77584,22,6,2012.6818181818182,2.0
TX,77590,1,1,2006.0,0.0
TX,77591,7,3,2007.857142857143,0.0
TX,77597,1,1,2019.0,0.0
TX,77598,82,8,2010.439024390244,2.0
TX,77612,1,1,2024.0,1.0
TX,77627,5,1,2009.0,0.0
TX,77630,2,1,2006.5,0.0
TX,77640,4,2,2010.25,0.0
TX,77642,6,3,2013.6666666666667,0.0
TX,77651,2,2,2008.5,0.0
TX,77701,15,4,2009.5333333333333,0.0
TX,77702,18,4,2009.6666666666667,2.0
TX,77705,4,3,2007.75,0.0
TX,77706,6,2,2009.8333333333333,1.0
TX,77713,1,1,2019.0,0.0
TX,77801,1,1,2006.0,0.0
TX,77802,26,4,2009.7692307692307,1.0
TX,77803,3,1,2021.3333333333333,1.0
TX,77808,3,1,2021.6666666666667,1.0
TX,77833,8,3,2012.875,1.0
TX,77840,2,2,2006.0,0.0
TX,77843,1,1,2006.0,0.0
TX,77845,38,5,2010.2105263157894,4.0
TX,77871,1,1,2006.0,0.0
TX,77901,5,3,2011.0,0.0
TX,77904,11,5,2008.8181818181818,0.0
TX,77954,1,1,2006.0,0.0
TX,77979,5,1,2007.0,0.0
TX,78003,1,1,2016.0,0.0
TX,78006,12,5,2013.0,2.0
TX,78015,2,1,2016.5,1.0
TX,78023,1,1,2021.0,0.0
TX,78025,1,1,2012.0,0.0
TX,78026,2,1,2006.5,0.0
TX,78028,23,5,2011.3478260869565,4.0
TX,78040,2,1,2006.0,0.0
TX,78041,28,4,2009.107142857143,2.0
TX,78043,3,2,2008.0,0.0
TX,78045,5,2,2007.2,0.0
TX,78046,2,1,2006.0,0.0
TX,78061,1,1,2010.0,0.0
TX,78063,1,1,2011.0,0.0
TX,78069,1,1,2014.0,0.0
TX,78102,3,2,2014.6666666666667,0.0
TX,78108,1,1,2023.0,1.0
TX,78109,2,1,2009.5,0.0
TX,78112,1,1,2016.0,0.0
TX,78114,4,2,2013.25,0.0
TX,78121,1,1,2007.0,0.0
TX,78124,1,1,2008.0,0.0
TX,78130,31,4,2010.4516129032259,2.0
TX,78132,3,2,2018.6666666666667,1.0
TX,78144,1,1,2005.0,0.0
TX,78145,1,1,2006.0,0.0
TX,78150,4,1,2012.5,0.0
TX,78154,7,4,2008.857142857143,1.0
TX,78155,16,4,2011.375,2.0
TX,78201,2,1,2006.5,0.0
TX,78205,13,2,2008.4615384615386,0.0
TX,78207,39,5,2011.2307692307693,6.0
TX,78208,2,2,2013.0,0.0
TX,78209,9,2,2009.7777777777778,0.0
TX,78210,2,2,2015.0,0.0
TX,78211,6,1,2010.1666666666667,0.0
TX,78212,29,4,2007.551724137931,1.0
TX,78214,2,1,2013.0,0.0
TX,78215,6,2,2008.1666666666667,0.0
TX,78216,5,4,2012.6,0.0
TX,78217,19,6,2009.157894736842,1.0
TX,78218,2,1,2010.5,0.0
TX,78220,8,2,2009.875,0.0
TX,78221,5,2,2007.8,0.0
TX,78222,2,1,2009.0,0.0
TX,78223,3,2,2012.0,1.0
TX,78224,10,2,2007.8,0.0
TX,78226,1,1,2019.0,0.0
TX,78228,1,1,2021.0,0.0
TX,78229,220,10,2010.4409090909091,8.0
TX,78230,3,2,2007.3333333333333,0.0
TX,78232,4,2,2009.0,0.0
TX,78233,10,5,2009.3,0.0
TX,78234,49,8,2010.0,1.0
TX,78235,1,1,2013.0,0.0
TX,78236,16,3,2007.4375,0.0
TX,78237,2,1,2011.5,0.0
TX,78240,8,4,2008.125,0.0
TX,78244,1,1,2011.0,0.0
TX,78245,1,1,2024.0,1.0
TX,78247,4,3,2010.25,0.0
TX,78249,5,2,2013.0,0.0
TX,78251,26,5,2013.9615384615386,4.0
TX,78253,4,3,2014.0,1.0
TX,78254,5,2,2018.2,1.0
TX,78255,3,2,2011.3333333333333,0.0
TX,78256,2,2,2006.0,0.0
TX,78257,1,1,2012.0,0.0
TX,78258,71,9,2009.8169014084508,1.0
TX,78259,1,1,2007.0,0.0
TX,78260,2,2,2021.5,0.0
TX,78261,4,4,2020.75,2.0
TX,78266,3,1,2018.3333333333333,1.0
TX,78332,8,2,2007.0,0.0
TX,78336,2,1,2008.5,0.0
TX,78363,8,2,2008.125,0.0
TX,78387,1,1,2025.0,1.0
TX,78390,1,1,2025.0,1.0
TX,78404,7,3,2011.4285714285713,0.0
TX,78405,2,2,2006.5,0.0
TX,78410,4,2,2010.25,1.0
TX,78411,4,2,2010.5,1.0
TX,78412,31,5,2008.8064516129032,0.0
TX,78413,1,1,2022.0,0.0
TX,78414,23,4,2008.1739130434783,1.0
TX,78416,1,1,2018.0,0.0
TX,78418,2,2,2009.0,0.0
TX,78419,1,1,2006.0,0.0
TX,78501,19,5,2009.157894736842,0.0
TX,78503,25,6,2009.04,0.0
TX,78504,30,6,2011.0333333333333,0.0
TX,78516,2,1,2009.5,0.0
TX,78520,16,4,2007.4375,0.0
TX,78521,14,4,2007.4285714285713,0.0
TX,78523,2,2,2005.0,0.0
TX,78526,15,3,2009.6666666666667,1.0
TX,78539,52,6,2010.7115384615386,1.0
TX,78542,3,2,2014.0,0.0
TX,78550,28,5,2007.607142857143,0.0
TX,78572,8,4,2007.625,0.0
TX,78573,1,1,2012.0,0.0
TX,78577,2,1,2005.5,0.0
TX,78582,1,1,2006.0,0.0
TX,78589,9,2,2009.6666666666667,1.0
TX,78593,1,1,2006.0,0.0
TX,78596,18,4,2009.111111111111,1.0
TX,78599,9,2,2019.3333333333333,2.0
TX,78602,8,6,2011.75,1.0
TX,78610,2,2,2016.0,1.0
TX,78611,5,3,2016.8,2.0
TX,78613,26,6,2011.6538461538462,2.0
TX,78617,1,1,2018.0,0.0
TX,78618,1,1,2010.0,0.0
TX,78620,5,3,2009.0,0.0
TX,78621,1,1,2013.0,0.0
TX,78624,5,3,2008.2,0.0
TX,78626,18,2,2011.5,2.0
TX,78628,3,3,2010.0,0.0
TX,78629,1,1,2006.0,0.0
TX,78640,22,4,2012.5454545454545,1.0
TX,78641,2,2,2006.0,0.0
TX,78642,1,1,2009.0,0.0
TX,78644,1,1,2009.0,0.0
TX,78645,1,1,2005.0,0.0
TX,78648,1,1,2007.0,0.0
TX,78652,1,1,2010.0,0.0
TX,78653,1,1,2013.0,0.0
TX,78654,11,4,2009.090909090909,0.0
TX,78657,1,1,2007.0,0.0
TX,78659,1,1,2018.0,0.0
TX,78660,3,2,2016.3333333333333,0.0
TX,78664,6,2,2009.6666666666667,1.0
TX,78665,27,4,2011.851851851852,1.0
TX,78666,22,5,2009.3181818181818,2.0
TX,78676,2,1,2023.0,2.0
TX,78681,35,4,2008.0857142857142,0.0
TX,78701,34,6,2009.5882352941176,1.0
TX,78702,7,4,2010.5714285714287,0.0
TX,78703,8,3,2010.375,0.0
TX,78704,25,6,2010.84,2.0
TX,78705,117,10,2010.7863247863247,5.0
TX,78712,22,7,2017.9545454545455,11.0
TX,78713,2,1,2006.0,0.0
TX,78717,9,3,2009.7777777777778,0.0
TX,78722,6,3,2014.3333333333333,2.0
TX,78723,3,2,2007.6666666666667,0.0
TX,78725,1,1,2011.0,0.0
TX,78727,6,3,2019.5,2.0
TX,78728,3,2,2014.0,0.0
TX,78730,5,3,2012.0,0.0
TX,78731,27,6,2010.5925925925926,3.0
TX,78732,2,2,2025.0,2.0
TX,78733,1,1,2010.0,0.0
TX,78734,1,1,2011.0,0.0
TX,78735,4,3,2013.75,1.0
TX,78737,3,1,2011.6666666666667,0.0
TX,78738,5,1,2009.4,0.0
TX,78741,4,3,2008.5,0.0
TX,78745,36,6,2011.5555555555557,3.0
TX,78746,9,5,2011.2222222222222,1.0
TX,78747,2,1,2015.0,0.0
TX,78748,12,2,2010.0833333333333,0.0
TX,78749,5,2,2014.8,0.0
TX,78750,5,3,2019.2,3.0
TX,78751,9,3,2008.888888888889,0.0
TX,78753,10,3,2012.2,1.0
TX,78756,7,1,2009.142857142857,1.0
TX,78757,2,2,2006.5,0.0
TX,78758,104,10,2009.6153846153845,3.0
TX,78759,34,7,2011.4705882352941,2.0
TX,78801,1,1,2007.0,0.0
TX,78832,1,1,2007.0,0.0
TX,78834,6,3,2009.3333333333333,0.0
TX,78839,2,2,2007.0,0.0
TX,78840,5,2,2011.4,0.0
TX,78852,11,3,2011.909090909091,3.0
TX,78934,2,1,2007.5,0.0
TX,78945,2,1,2006.0,0.0
TX,79007,5,2,2010.4,0.0
TX,79015,1,1,2006.0,0.0
TX,79022,1,1,2024.0,1.0
TX,79029,4,2,2006.0,0.0
TX,79045,3,1,2016.3333333333333,0.0
TX,79065,7,3,2008.7142857142858,0.0
TX,79068,1,1,2025.0,1.0
TX,79072,4,1,2007.75,0.0
TX,79101,2,1,2006.0,0.0
TX,79106,45,8,2009.088888888889,1.0
TX,79107,2,2,2011.0,0.0
TX,79109,3,1,2013.0,0.0
TX,79118,1,1,2006.0,0.0
TX,79119,1,1,2018.0,0.0
TX,79120,1,1,2007.0,0.0
TX,79121,1,1,2005.0,0.0
TX,79124,9,2,2009.6666666666667,0.0
TX,79316,3,2,2014.0,0.0
TX,79323,2,2,2021.5,1.0
TX,79331,1,1,2012.0,0.0
TX,79336,1,1,2006.0,0.0
TX,79360,7,3,2011.857142857143,1.0
TX,79363,1,1,2025.0,1.0
TX,79373,1,1,2010.0,0.0
TX,79401,5,3,2010.8,1.0
TX,79404,3,3,2008.6666666666667,0.0
TX,79407,3,2,2006.0,0.0
TX,79408,1,1,2005.0,0.0
TX,79410,39,7,2011.7179487179487,5.0
TX,79413,3,3,2014.6666666666667,0.0
TX,79415,6,5,2008.3333333333333,0.0
TX,79416,4,2,2014.25,0.0
TX,79423,2,1,2021.5,1.0
TX,79424,6,3,2017.0,2.0
TX,79430,15,4,2009.6,2.0
TX,79504,1,1,2018.0,0.0
TX,79549,5,1,2007.2,0.0
TX,79556,8,3,2010.5,1.0
TX,79601,18,6,2011.0555555555557,1.0
TX,79602,1,1,2015.0,0.0
TX,79605,1,1,2005.0,0.0
TX,79606,13,5,2011.5384615384614,1.0
TX,79607,1,1,2006.0,0.0
TX,79701,28,7,2010.4285714285713,0.0
TX,79703,4,2,2013.25,0.0
TX,79705,2,2,2015.5,1.0
TX,79706,1,1,2015.0,0.0
TX,79707,5,4,2015.6,2.0
TX,79714,5,2,2011.2,0.0
TX,79720,6,2,2010.3333333333333,0.0
TX,79735,1,1,2006.0,0.0
TX,79761,42,7,2011.0238095238096,4.0
TX,79762,4,3,2010.75,0.0
TX,79763,17,4,2008.4705882352941,0.0
TX,79765,1,1,2005.0,0.0
TX,79772,3,2,2006.6666666666667,0.0
TX,79821,1,1,2017.0,0.0
TX,79830,1,1,2019.0,0.0
TX,79838,1,1,2017.0,0.0
TX,79901,2,1,2022.5,1.0
TX,79902,67,6,2009.4179104477612,2.0
TX,79903,4,1,2021.25,2.0
TX,79904,1,1,2006.0,0.0
TX,79905,39,10,2010.3589743589744,2.0
TX,79906,11,4,2011.4545454545455,0.0
TX,79907,2,2,2024.5,2.0
TX,79911,3,2,2010.6666666666667,0.0
TX,79912,15,8,2009.2666666666667,1.0
TX,79915,1,1,2006.0,0.0
TX,79918,1,1,2013.0,0.0
TX,79920,8,5,2007.375,0.0
TX,79922,2,1,2015.5,0.0
TX,79924,4,3,2013.25,1.0
TX,79925,21,3,2010.047619047619,0.0
TX,79928,2,1,2015.5,1.0
TX,79930,2,2,2005.0,0.0
TX,79932,2,2,2010.0,0.0
TX,79935,16,3,2010.0,1.0
TX,79936,14,2,2013.0714285714287,2.0
TX,79938,15,3,2009.1333333333334,0.0
USVI,802,1,1,2006.0,0.0
UT,84003,31,5,2010.9354838709678,1.0
UT,84005,3,3,2016.3333333333333,0.0
UT,84009,4,2,2020.75,0.0
UT,84010,13,3,2008.7692307692307,1.0
UT,84014,1,1,2008.0,0.0
UT,84015,2,1,2015.0,0.0
UT,84020,9,2,2013.5555555555557,1.0
UT,84025,2,1,2019.0,0.0
UT,84029,1,1,2024.0,1.0
UT,84032,8,3,2011.125,0.0
UT,84036,1,1,2007.0,0.0
UT,84037,2,1,2017.5,0.0
UT,84040,4,2,2020.25,2.0
UT,84041,47,5,2011.8297872340424,4.0
UT,84042,1,1,2010.0,0.0
UT,84043,13,4,2017.076923076923,4.0
UT,84044,2,2,2011.0,0.0
UT,84045,6,4,2017.1666666666667,1.0
UT,84047,4,3,2009.25,0.0
UT,84049,3,2,2006.6666666666667,0.0
UT,84055,2,1,2007.5,0.0
UT,84056,2,1,2018.5,0.0
UT,84057,16,5,2013.1875,3.0
UT,84058,5,1,2013.8,0.0
UT,84059,2,1,2007.0,0.0
UT,84060,11,6,2014.909090909091,1.0
UT,84062,17,6,2010.1764705882354,0.0
UT,84065,19,5,2014.5263157894738,4.0
UT,84066,2,1,2006.5,0.0
UT,84067,1,1,2016.0,0.0
UT,84070,3,2,2012.0,0.0
UT,84071,1,1,2024.0,1.0
UT,84074,11,3,2013.090909090909,2.0
UT,84075,1,1,2005.0,0.0
UT,84078,10,5,2012.4,2.0
UT,84084,1,1,2019.0,0.0
UT,84087,1,1,2022.0,0.0
UT,84088,15,3,2009.8,1.0
UT,84092,6,5,2011.6666666666667,0.0
UT,84093,1,1,2025.0,1.0
UT,84094,22,7,2011.0,2.0
UT,84095,3,2,2012.6666666666667,1.0
UT,84096,10,5,2010.6,1.0
UT,84097,1,1,2006.0,0.0
UT,84098,4,3,2007.75,0.0
UT,84102,29,6,2011.0,3.0
UT,84103,33,4,2009.7878787878788,0.0
UT,84105,3,3,2014.3333333333333,0.0
UT,84106,1,1,2013.0,0.0
UT,84107,70,9,2010.7428571428572,2.0
UT,84108,2,2,2013.5,0.0
UT,84109,2,2,2010.5,0.0
UT,84111,6,1,2006.1666666666667,0.0
UT,84112,38,6,2017.9473684210527,6.0
UT,84113,2,1,2014.0,0.0
UT,84115,1,1,2015.0,0.0
UT,84116,1,1,2018.0,0.0
UT,84117,11,4,2012.909090909091,0.0
UT,84118,2,1,2006.5,0.0
UT,84119,6,3,2011.1666666666667,0.0
UT,84120,13,3,2010.076923076923,1.0
UT,84121,3,3,2005.6666666666667,0.0
UT,84123,3,2,2015.3333333333333,1.0
UT,84124,45,8,2010.5111111111112,2.0
UT,84128,2,2,2021.5,1.0
UT,84129,1,1,2006.0,0.0
UT,84132,104,9,2011.75,5.0
UT,84143,3,3,2011.3333333333333,0.0
UT,84148,1,1,2006.0,0.0
UT,84152,1,1,2011.0,0.0
UT,84157,2,1,2007.0,0.0
UT,84171,1,1,2025.0,1.0
UT,84302,11,3,2010.0,0.0
UT,84310,2,1,2014.0,0.0
UT,84318,2,2,2011.5,0.0
UT,84321,4,2,2008.75,0.0
UT,84332,1,1,2007.0,0.0
UT,84337,1,1,2022.0,0.0
UT,84339,1,1,2025.0,1.0
UT,84341,30,4,2011.1666666666667,3.0
UT,84401,2,2,2017.5,0.0
UT,84403,27,5,2008.8148148148148,1.0
UT,84404,2,2,2013.5,0.0
UT,84405,31,5,2010.516129032258,2.0
UT,84414,4,3,2013.25,1.0
UT,84501,9,2,2009.2222222222222,0.0
UT,84511,1,1,2019.0,0.0
UT,84518,2,2,2024.5,2.0
UT,84532,3,2,2009.3333333333333,0.0
UT,84535,1,1,2015.0,0.0
UT,84601,16,3,2012.625,2.0
UT,84604,30,7,2010.7666666666667,3.0
UT,84606,3,2,2009.6666666666667,0.0
UT,84631,1,1,2007.0,0.0
UT,84634,2,1,2013.5,0.0
UT,84642,1,1,2007.0,0.0
UT,84647,2,2,2010.0,0.0
UT,84648,1,1,2007.0,0.0
UT,84651,12,4,2011.3333333333333,2.0
UT,84653,1,1,2024.0,1.0
UT,84654,1,1,2007.0,0.0
UT,84660,9,3,2014.2222222222222,1.0
UT,84663,6,3,2016.1666666666667,1.0
UT,84664,2,2,2012.5,0.0
UT,84701,6,3,2013.0,1.0
UT,84720,6,2,2006.5,0.0
UT,84721,5,3,2016.8,2.0
UT,84737,1,1,2007.0,0.0
UT,84741,2,2,2023.5,2.0
UT,84745,1,1,2024.0,1.0
UT,84754,1,1,2025.0,1.0
UT,84758,1,1,2006.0,0.0
UT,84765,1,1,2021.0,0.0
UT,84770,16,6,2007.25,0.0
UT,84780,1,1,2021.0,0.0
UT,84784,3,1,2010.3333333333333,0.0
UT,84790,35,8,2012.142857142857,2.0
VA,20105,2,2,2016.0,1.0
VA,20109,7,3,2013.142857142857,1.0
VA,20110,36,7,2008.25,0.0
VA,20115,1,1,2010.0,0.0
VA,20120,3,2,2006.6666666666667,0.0
VA,20121,15,3,2013.1333333333334,2.0
VA,20132,6,4,2012.0,0.0
VA,20135,2,1,2013.5,0.0
VA,20136,3,2,2017.0,1.0
VA,20147,7,2,2006.7142857142858,0.0
VA,20148,3,1,2012.6666666666667,0.0
VA,20151,7,3,2020.142857142857,3.0
VA,20152,6,1,2014.3333333333333,0.0
VA,20155,8,3,2007.125,0.0
VA,20165,4,1,2007.0,0.0
VA,20166,20,6,2013.7,4.0
VA,20169,5,3,2016.2,1.0
VA,20170,2,1,2006.0,0.0
VA,20171,2,1,2007.5,0.0
VA,20175,6,4,2012.3333333333333,0.0
VA,20176,68,7,2012.3823529411766,11.0
VA,20186,15,5,2011.5333333333333,0.0
VA,20190,46,8,2011.4565217391305,7.0
VA,20191,2,1,2023.5,1.0
VA,22003,36,8,2011.4166666666667,4.0
VA,22015,6,2,2006.0,0.0
VA,22025,2,1,2010.0,0.0
VA,22026,2,2,2009.0,0.0
VA,22030,29,5,2009.7931034482758,2.0
VA,22031,71,8,2011.338028169014,8.0
VA,22033,45,8,2010.4666666666667,3.0
VA,22041,2,2,2015.5,0.0
VA,22042,77,7,2013.064935064935,14.0
VA,22043,1,1,2026.0,1.0
VA,22044,5,2,2007.6,0.0
VA,22046,17,4,2009.8235294117646,0.0
VA,22060,29,4,2010.9310344827586,1.0
VA,22066,6,2,2013.6666666666667,0.0
VA,22079,2,1,2014.5,0.0
VA,22101,14,5,2012.0714285714287,1.0
VA,22102,10,4,2013.0,2.0
VA,22124,1,1,2021.0,0.0
VA,22150,10,2,2011.6,1.0
VA,22151,3,2,2021.6666666666667,1.0
VA,22152,1,1,2006.0,0.0
VA,22180,2,1,2006.5,0.0
VA,22182,19,5,2013.578947368421,2.0
VA,22186,1,1,2006.0,0.0
VA,22191,22,4,2012.5,3.0
VA,22192,20,6,2010.65,3.0
VA,22201,5,2,2014.4,1.0
VA,22202,2,2,2007.0,0.0
VA,22203,9,4,2012.6666666666667,0.0
VA,22204,6,3,2009.6666666666667,0.0
VA,22205,48,9,2009.9583333333333,2.0
VA,22206,11,4,2014.2727272727273,0.0
VA,22207,9,4,2012.111111111111,1.0
VA,22209,10,3,2016.5,1.0
VA,22211,1,1,2005.0,0.0
VA,22301,2,2,2014.0,0.0
VA,22302,7,4,2017.857142857143,3.0
VA,22304,44,7,2011.0681818181818,4.0
VA,22305,8,4,2007.75,0.0
VA,22306,2,2,2012.0,0.0
VA,22307,1,1,2025.0,1.0
VA,22308,1,1,2012.0,0.0
VA,22310,22,3,2008.8181818181818,1.0
VA,22311,4,3,2006.5,0.0
VA,22314,26,5,2010.5384615384614,0.0
VA,22315,3,2,2008.3333333333333,0.0
VA,22401,70,7,2010.3428571428572,4.0
VA,22405,4,2,2017.0,2.0
VA,22407,1,1,2010.0,0.0
VA,22408,11,5,2012.7272727272727,1.0
VA,22432,1,1,2013.0,0.0
VA,22482,6,3,2007.5,0.0
VA,22485,1,1,2023.0,1.0
VA,22508,1,1,2006.0,0.0
VA,22551,3,2,2011.6666666666667,0.0
VA,22554,16,5,2013.6875,2.0
VA,22560,3,2,2006.0,0.0
VA,22601,54,9,2010.3148148148148,5.0
VA,22603,2,2,2006.0,0.0
VA,22611,1,1,2014.0,0.0
VA,22630,6,2,2010.0,1.0
VA,22639,1,1,2009.0,0.0
VA,22645,2,1,2021.5,1.0
VA,22652,1,1,2008.0,0.0
VA,22657,3,1,2019.0,2.0
VA,22664,5,2,2009.0,0.0
VA,22701,8,1,2009.125,0.0
VA,22712,1,1,2025.0,1.0
VA,22727,2,1,2015.5,0.0
VA,22736,1,1,2020.0,0.0
VA,22738,1,1,2024.0,1.0
VA,22801,38,6,2011.578947368421,3.0
VA,22802,1,1,2016.0,0.0
VA,22807,1,1,2007.0,0.0
VA,22821,1,1,2009.0,0.0
VA,22840,1,1,2020.0,0.0
VA,22850,1,1,2013.0,0.0
VA,22901,7,3,2011.4285714285713,0.0
VA,22902,12,4,2010.5,0.0
VA,22903,52,7,2012.6923076923076,5.0
VA,22908,45,7,2011.9777777777779,2.0
VA,22911,24,5,2008.25,2.0
VA,22939,30,5,2009.3,1.0
VA,22960,1,1,2025.0,1.0
VA,22974,1,1,2018.0,0.0
VA,22980,3,2,2007.3333333333333,0.0
VA,23035,1,1,2011.0,0.0
VA,23059,2,1,2015.5,0.0
VA,23060,1,1,2020.0,0.0
VA,23061,6,3,2010.6666666666667,0.0
VA,23071,1,1,2006.0,0.0
VA,23072,1,1,2008.0,0.0
VA,23093,1,1,2015.0,0.0
VA,23112,4,3,2010.5,1.0
VA,23113,7,4,2008.7142857142858,0.0
VA,23114,34,4,2012.2058823529412,2.0
VA,23116,32,6,2010.71875,3.0
VA,23117,1,1,2020.0,0.0
VA,23139,1,1,2016.0,0.0
VA,23175,1,1,2019.0,0.0
VA,23185,17,5,2008.764705882353,1.0
VA,23188,10,5,2013.8,2.0
VA,23219,15,5,2011.2666666666667,1.0
VA,23220,7,2,2007.5714285714287,0.0
VA,23221,7,5,2011.4285714285713,0.0
VA,23222,2,2,2020.0,0.0
VA,23223,9,5,2014.4444444444443,0.0
VA,23224,4,2,2009.75,0.0
VA,23225,9,3,2010.3333333333333,2.0
VA,23226,29,7,2010.0344827586207,1.0
VA,23227,1,1,2006.0,0.0
VA,23228,6,2,2019.3333333333333,1.0
VA,23229,50,9,2008.46,0.0
VA,23230,5,3,2016.2,0.0
VA,23233,17,7,2008.3529411764705,0.0
VA,23235,66,9,2010.2727272727273,1.0
VA,23273,1,1,2006.0,0.0
VA,23284,1,1,2013.0,0.0
VA,23291,2,1,2006.5,0.0
VA,23294,3,2,2009.6666666666667,0.0
VA,23298,61,7,2012.3934426229507,8.0
VA,23301,2,2,2014.5,0.0
VA,23320,60,8,2010.2166666666667,7.0
VA,23321,14,5,2011.2857142857142,3.0
VA,23322,1,1,2006.0,0.0
VA,23324,1,1,2016.0,0.0
VA,23413,5,3,2005.8,0.0
VA,23417,4,1,2014.5,1.0
VA,23421,2,1,2009.5,0.0
VA,23430,3,2,2018.3333333333333,1.0
VA,23434,24,5,2011.5416666666667,4.0
VA,23435,7,5,2010.142857142857,0.0
VA,23451,7,4,2013.5714285714287,1.0
VA,23452,9,3,2011.5555555555557,0.0
VA,23453,7,2,2009.2857142857142,0.0
VA,23454,40,3,2009.125,1.0
VA,23455,7,3,2009.142857142857,0.0
VA,23456,5,3,2012.8,0.0
VA,23462,19,4,2013.9473684210527,3.0
VA,23464,6,4,2014.0,1.0
VA,23502,38,5,2010.4473684210527,4.0
VA,23504,1,1,2006.0,0.0
VA,23505,19,4,2009.6315789473683,0.0
VA,23507,42,8,2011.1190476190477,2.0
VA,23508,1,1,2006.0,0.0
VA,23510,1,1,2006.0,0.0
VA,23511,2,2,2005.0,0.0
VA,23513,3,1,2006.0,0.0
VA,23517,2,2,2010.5,0.0
VA,23601,36,8,2009.5,1.0
VA,23602,23,6,2009.8695652173913,0.0
VA,23604,3,2,2006.0,0.0
VA,23606,27,6,2012.7407407407406,2.0
VA,23607,4,1,2008.25,0.0
VA,23608,3,2,2006.0,0.0
VA,23664,1,1,2013.0,0.0
VA,23665,10,3,2010.1,0.0
VA,23666,25,5,2011.2,2.0
VA,23667,1,1,2006.0,0.0
VA,23668,1,1,2014.0,0.0
VA,23669,1,1,2007.0,0.0
VA,23692,3,2,2011.3333333333333,0.0
VA,23703,1,1,2006.0,0.0
VA,23704,2,1,2006.0,0.0
VA,23708,42,8,2010.7380952380952,1.0
VA,23801,1,1,2005.0,0.0
VA,23803,6,3,2008.8333333333333,0.0
VA,23805,5,3,2007.6,0.0
VA,23831,2,1,2009.5,0.0
VA,23832,2,1,2017.0,1.0
VA,23834,8,2,2006.625,0.0
VA,23847,4,3,2013.25,1.0
VA,23851,2,1,2006.5,0.0
VA,23868,1,1,2007.0,0.0
VA,23875,2,2,2011.5,0.0
VA,23897,1,1,2021.0,0.0
VA,23901,13,7,2009.8461538461538,0.0
VA,23917,1,1,2006.0,0.0
VA,23927,1,1,2006.0,0.0
VA,23958,1,1,2010.0,0.0
VA,23970,8,3,2006.5,0.0
VA,24013,37,7,2011.4324324324325,7.0
VA,24014,8,3,2010.625,0.0
VA,24015,1,1,2010.0,0.0
VA,24016,25,5,2009.44,0.0
VA,24017,1,1,2007.0,0.0
VA,24018,16,6,2012.4375,3.0
VA,24060,12,3,2010.75,1.0
VA,24073,17,5,2010.8823529411766,1.0
VA,24083,1,1,2007.0,0.0
VA,24091,1,1,2011.0,0.0
VA,24112,6,1,2007.6666666666667,0.0
VA,24141,1,1,2009.0,0.0
VA,24148,2,1,2006.5,0.0
VA,24151,8,2,2009.375,0.0
VA,24153,16,5,2010.875,1.0
VA,24171,1,1,2025.0,1.0
VA,24175,2,1,2013.0,0.0
VA,24210,7,1,2006.857142857143,0.0
VA,24211,8,3,2010.375,0.0
VA,24219,2,1,2006.5,0.0
VA,24263,1,1,2025.0,1.0
VA,24266,2,1,2007.0,0.0
VA,24273,7,2,2007.0,0.0
VA,24293,1,1,2024.0,1.0
VA,24301,1,1,2008.0,0.0
VA,24333,4,2,2009.0,0.0
VA,24343,1,1,2023.0,1.0
VA,24350,1,1,2005.0,0.0
VA,24354,13,3,2008.8461538461538,0.0
VA,24368,1,1,2011.0,0.0
VA,24382,5,2,2009.2,0.0
VA,24401,6,3,2012.6666666666667,1.0
VA,24416,2,1,2007.0,0.0
VA,24431,1,1,2015.0,0.0
VA,24450,4,3,2012.75,0.0
VA,24457,1,1,2007.0,0.0
VA,24476,1,1,2008.0,0.0
VA,24477,1,1,2010.0,0.0
VA,24479,1,1,2024.0,1.0
VA,24501,12,5,2011.75,3.0
VA,24502,25,5,2010.48,3.0
VA,24503,5,3,2009.6,0.0
VA,24504,2,2,2006.0,0.0
VA,24517,1,1,2022.0,0.0
VA,24523,4,4,2011.5,1.0
VA,24530,1,1,2023.0,1.0
VA,24531,2,1,2025.5,2.0
VA,24541,11,4,2011.6363636363637,2.0
VA,24551,18,4,2017.2222222222222,6.0
VA,24553,1,1,2025.0,1.0
VA,24572,1,1,2025.0,1.0
VA,24588,1,1,2018.0,0.0
VA,24590,1,1,2022.0,0.0
VA,24592,6,2,2012.0,1.0
VA,24609,3,2,2012.6666666666667,1.0
VA,24641,5,2,2005.4,0.0
VA,71301,1,1,2007.0,0.0
VALENCIA,46980,1,1,2018.0,0.0
VI,802,13,4,2008.923076923077,0.0
VI,804,1,1,2006.0,0.0
VI,820,11,4,2012.909090909091,1.0
VI,823,1,1,2006.0,0.0
VI,830,1,1,2006.0,0.0
VI,840,5,3,2009.2,0.0
VI,850,3,3,2016.6666666666667,1.0
VI,851,1,1,2005.0,0.0
VI,22304,1,1,2007.0,0.0
VI,23509,1,1,2006.0,0.0
VT,5001,5,2,2020.4,3.0
VT,5033,3,2,2006.0,0.0
VT,5055,1,1,2006.0,0.0
VT,5060,9,3,2013.0,1.0
VT,5068,2,2,2006.5,0.0
VT,5070,1,1,2005.0,0.0
VT,5072,1,1,2008.0,0.0
VT,5091,1,1,2006.0,0.0
VT,5101,2,1,2016.0,0.0
VT,5151,1,1,2010.0,0.0
VT,5155,1,1,2007.0,0.0
VT,5156,5,3,2006.2,0.0
VT,5158,1,1,2013.0,0.0
VT,5201,12,4,2006.75,0.0
VT,5255,4,4,2014.25,0.0
VT,5262,1,1,2017.0,0.0
VT,5301,14,4,2010.357142857143,0.0
VT,5346,2,1,2015.5,0.0
VT,5354,1,1,2023.0,1.0
VT,5359,1,1,2014.0,0.0
VT,5401,70,9,2011.8428571428572,5.0
VT,5403,29,7,2010.0344827586207,0.0
VT,5443,2,2,2007.0,0.0
VT,5445,1,1,2015.0,0.0
VT,5446,6,3,2007.8333333333333,0.0
VT,5452,7,1,2005.2857142857142,0.0
VT,5473,1,1,2007.0,0.0
VT,5478,10,4,2010.0,0.0
VT,5482,1,1,2013.0,0.0
VT,5488,1,1,2026.0,1.0
VT,5491,4,2,2007.5,0.0
VT,5495,9,4,2006.111111111111,0.0
VT,5602,17,5,2009.5294117647059,0.0
VT,5641,12,5,2010.9166666666667,0.0
VT,5647,2,1,2021.5,0.0
VT,5655,1,1,2006.0,0.0
VT,5656,1,1,2025.0,1.0
VT,5658,1,1,2014.0,0.0
VT,5661,10,3,2007.5,0.0
VT,5676,2,2,2015.5,1.0
VT,5682,1,1,2007.0,0.0
VT,5701,18,4,2010.2777777777778,1.0
VT,5732,1,1,2006.0,0.0
VT,5753,13,4,2011.7692307692307,0.0
VT,5819,14,4,2009.7142857142858,0.0
VT,5826,3,1,2019.6666666666667,0.0
VT,5851,1,1,2007.0,0.0
VT,5855,5,3,2006.6,0.0
WA,90034,1,1,2006.0,0.0
WA,98001,3,2,2007.6666666666667,0.0
WA,98002,18,4,2014.3333333333333,2.0
WA,98003,36,7,2011.861111111111,1.0
WA,98004,76,8,2010.6973684210527,2.0
WA,98005,3,1,2020.0,2.0
WA,98006,4,3,2012.75,0.0
WA,98007,6,4,2016.3333333333333,2.0
WA,98008,1,1,2007.0,0.0
WA,98011,1,1,2006.0,0.0
WA,98012,6,3,2007.6666666666667,0.0
WA,98019,2,1,2017.0,0.0
WA,98020,1,1,2005.0,0.0
WA,98021,2,2,2009.5,0.0
WA,98022,17,4,2011.9411764705883,2.0
WA,98023,3,3,2006.3333333333333,0.0
WA,98026,25,3,2009.76,0.0
WA,98027,10,4,2009.8,0.0
WA,98028,6,1,2015.5,2.0
WA,98029,16,3,2010.875,0.0
WA,98030,2,1,2008.5,0.0
WA,98031,1,1,2016.0,0.0
WA,98034,105,8,2010.0380952380951,4.0
WA,98040,2,2,2013.0,0.0
WA,98042,7,2,2009.7142857142858,0.0
WA,98043,5,3,2012.6,0.0
WA,98052,5,2,2007.0,0.0
WA,98053,1,1,2006.0,0.0
WA,98055,54,8,2009.0925925925926,1.0
WA,98056,3,3,2006.6666666666667,0.0
WA,98057,17,6,2011.5882352941176,0.0
WA,98058,2,2,2006.0,0.0
WA,98070,3,1,2012.3333333333333,0.0
WA,98072,2,2,2016.0,1.0
WA,98074,2,2,2012.5,0.0
WA,98087,1,1,2010.0,0.0
WA,98101,33,6,2011.8484848484848,2.0
WA,98102,13,1,2013.3846153846155,1.0
WA,98103,10,3,2011.4,0.0
WA,98104,126,9,2009.3492063492063,2.0
WA,98105,32,6,2009.0,0.0
WA,98107,28,5,2012.2857142857142,2.0
WA,98108,1,1,2015.0,0.0
WA,98109,13,7,2009.3846153846155,1.0
WA,98110,6,4,2009.0,0.0
WA,98112,31,4,2008.967741935484,0.0
WA,98115,5,2,2012.0,0.0
WA,98116,3,2,2010.3333333333333,0.0
WA,98117,2,2,2007.5,0.0
WA,98118,25,5,2012.32,1.0
WA,98119,4,3,2009.75,0.0
WA,98122,42,6,2011.357142857143,4.0
WA,98125,4,2,2011.25,0.0
WA,98126,1,1,2012.0,0.0
WA,98133,56,8,2009.5714285714287,1.0
WA,98134,1,1,2010.0,0.0
WA,98136,1,1,2022.0,0.0
WA,98144,3,2,2011.6666666666667,0.0
WA,98146,2,2,2006.0,0.0
WA,98148,13,3,2010.7692307692307,0.0
WA,98155,3,2,2010.0,0.0
WA,98166,12,2,2007.5,0.0
WA,98168,1,1,2006.0,0.0
WA,98177,3,2,2013.0,1.0
WA,98195,104,9,2012.4326923076924,8.0
WA,98198,3,2,2010.0,0.0
WA,98199,1,1,2006.0,0.0
WA,98201,82,7,2010.0975609756097,2.0
WA,98203,2,2,2011.0,0.0
WA,98204,2,2,2016.0,0.0
WA,98205,1,1,2006.0,0.0
WA,98208,1,1,2024.0,1.0
WA,98221,2,1,2006.5,0.0
WA,98223,13,4,2011.3846153846155,0.0
WA,98225,49,7,2009.530612244898,1.0
WA,98226,20,5,2010.4,1.0
WA,98229,3,2,2021.3333333333333,1.0
WA,98233,1,1,2007.0,0.0
WA,98236,2,1,2015.5,0.0
WA,98239,8,4,2012.875,1.0
WA,98245,1,1,2007.0,0.0
WA,98247,2,2,2009.5,0.0
WA,98248,4,2,2014.75,1.0
WA,98250,2,2,2017.0,0.0
WA,98253,4,2,2011.75,0.0
WA,98264,2,1,2014.0,0.0
WA,98270,2,2,2020.5,1.0
WA,98271,1,1,2022.0,0.0
WA,98272,4,2,2011.5,0.0
WA,98273,14,4,2015.7857142857142,2.0
WA,98274,25,5,2014.68,4.0
WA,98277,1,1,2006.0,0.0
WA,98278,2,1,2007.0,0.0
WA,98284,2,1,2017.0,0.0
WA,98290,6,1,2015.6666666666667,1.0
WA,98312,12,4,2008.8333333333333,0.0
WA,98321,1,1,2014.0,0.0
WA,98328,4,2,2013.0,1.0
WA,98331,2,2,2005.5,0.0
WA,98332,11,5,2012.090909090909,2.0
WA,98335,11,4,2010.4545454545455,1.0
WA,98339,1,1,2022.0,0.0
WA,98342,1,1,2017.0,0.0
WA,98346,2,1,2013.5,0.0
WA,98356,1,1,2012.0,0.0
WA,98359,2,1,2015.0,1.0
WA,98360,1,1,2016.0,0.0
WA,98362,19,5,2010.2631578947369,0.0
WA,98366,3,2,2016.6666666666667,1.0
WA,98367,1,1,2011.0,0.0
WA,98368,11,5,2010.6363636363637,0.0
WA,98370,12,3,2015.8333333333333,0.0
WA,98371,3,1,2006.6666666666667,0.0
WA,98372,19,5,2011.842105263158,1.0
WA,98373,3,2,2019.0,1.0
WA,98374,3,3,2006.3333333333333,0.0
WA,98382,7,2,2013.857142857143,1.0
WA,98383,19,4,2008.6315789473683,0.0
WA,98387,1,1,2022.0,0.0
WA,98391,4,4,2011.25,1.0
WA,98402,2,1,2007.0,0.0
WA,98403,9,3,2008.7777777777778,0.0
WA,98404,1,1,2005.0,0.0
WA,98405,113,9,2009.7079646017698,3.0
WA,98406,24,5,2013.9583333333333,3.0
WA,98408,1,1,2017.0,0.0
WA,98409,8,5,2016.0,1.0
WA,98418,2,1,2012.5,0.0
WA,98422,1,1,2006.0,0.0
WA,98431,48,7,2010.3125,0.0
WA,98438,1,1,2005.0,0.0
WA,98446,4,1,2021.25,1.0
WA,98466,4,3,2015.0,0.0
WA,98467,1,1,2019.0,0.0
WA,98498,1,1,2006.0,0.0
WA,98499,9,5,2009.4444444444443,0.0
WA,98501,4,2,2010.5,1.0
WA,98502,18,6,2010.2222222222222,1.0
WA,98503,5,3,2012.2,0.0
WA,98504,1,1,2017.0,0.0
WA,98505,1,1,2010.0,0.0
WA,98506,53,5,2011.0,2.0
WA,98520,5,1,2006.6,0.0
WA,98528,1,1,2012.0,0.0
WA,98531,7,2,2009.142857142857,0.0
WA,98532,1,1,2020.0,0.0
WA,98550,3,2,2011.6666666666667,0.0
WA,98570,1,1,2019.0,0.0
WA,98580,1,1,2023.0,1.0
WA,98584,8,2,2008.875,0.0
WA,98597,5,4,2015.8,1.0
WA,98604,2,2,2024.0,2.0
WA,98607,3,2,2019.0,2.0
WA,98620,5,3,2014.4,1.0
WA,98624,1,1,2007.0,0.0
WA,98632,13,3,2010.3076923076924,0.0
WA,98642,2,2,2016.0,1.0
WA,98660,4,2,2016.25,1.0
WA,98661,9,3,2008.888888888889,0.0
WA,98662,4,3,2009.75,0.0
WA,98663,2,1,2019.0,0.0
WA,98664,44,5,2008.5227272727273,0.0
WA,98665,6,3,2015.8333333333333,0.0
WA,98668,1,1,2006.0,0.0
WA,98671,1,1,2019.0,0.0
WA,98682,2,2,2012.5,0.0
WA,98683,9,7,2010.3333333333333,1.0
WA,98684,15,4,2010.1333333333334,0.0
WA,98685,9,3,2014.2222222222222,0.0
WA,98686,61,7,2009.344262295082,0.0
WA,98801,35,5,2010.8857142857144,0.0
WA,98802,1,1,2017.0,0.0
WA,98837,14,5,2011.2857142857142,1.0
WA,98841,5,3,2009.8,1.0
WA,98855,2,1,2012.0,0.0
WA,98856,5,2,2014.6,1.0
WA,98901,2,2,2014.5,0.0
WA,98902,33,6,2011.4242424242425,2.0
WA,98903,1,1,2018.0,0.0
WA,98908,7,3,2014.0,1.0
WA,98926,3,2,2011.0,0.0
WA,98930,1,1,2006.0,0.0
WA,98942,1,1,2006.0,0.0
WA,98944,8,3,2010.875,1.0
WA,98948,7,1,2006.142857142857,0.0
WA,98953,2,1,2017.5,1.0
WA,99004,2,1,2024.5,2.0
WA,99005,1,1,2025.0,1.0
WA,99011,2,1,2005.5,0.0
WA,99019,1,1,2006.0,0.0
WA,99027,1,1,2012.0,0.0
WA,99040,1,1,2007.0,0.0
WA,99101,1,1,2006.0,0.0
WA,99109,2,2,2025.5,2.0
WA,99114,3,2,2006.6666666666667,0.0
WA,99122,1,1,2025.0,1.0
WA,99133,2,2,2005.0,0.0
WA,99156,1,1,2005.0,0.0
WA,99163,13,6,2010.3076923076924,0.0
WA,99164,2,1,2007.0,0.0
WA,99201,12,5,2010.4166666666667,0.0
WA,99202,4,3,2011.75,0.0
WA,99203,3,3,2014.0,0.0
WA,99204,79,8,2009.8354430379748,2.0
WA,99205,9,4,2013.6666666666667,0.0
WA,99206,6,2,2015.5,2.0
WA,99207,21,5,2009.4761904761904,0.0
WA,99208,3,2,2011.3333333333333,0.0
WA,99212,1,1,2006.0,0.0
WA,99216,18,4,2013.2222222222222,2.0
WA,99218,1,1,2005.0,0.0
WA,99223,1,1,2024.0,1.0
WA,99301,30,6,2009.3,1.0
WA,99324,1,1,2006.0,0.0
WA,99336,19,6,2008.842105263158,0.0
WA,99338,6,3,2014.5,1.0
WA,99344,3,1,2011.3333333333333,0.0
WA,99350,6,3,2013.3333333333333,1.0
WA,99352,42,7,2012.9285714285713,5.0
WA,99353,2,1,2016.5,1.0
WA,99362,13,5,2009.1538461538462,0.0
WA,99403,6,4,2012.8333333333333,1.0
WI,53005,6,2,2009.0,0.0
WI,53011,1,1,2007.0,0.0
WI,53012,2,2,2007.0,0.0
WI,53022,5,2,2014.0,0.0
WI,53024,3,2,2013.3333333333333,0.0
WI,53027,5,3,2006.4,0.0
WI,53033,1,1,2021.0,0.0
WI,53045,15,2,2006.4666666666667,0.0
WI,53051,16,4,2010.875,1.0
WI,53066,15,3,2009.8666666666666,1.0
WI,53072,2,1,2013.5,0.0
WI,53081,13,3,2009.923076923077,1.0
WI,53083,1,1,2024.0,1.0
WI,53086,1,1,2014.0,0.0
WI,53089,1,1,2006.0,0.0
WI,53092,4,3,2011.0,0.0
WI,53094,3,2,2010.0,0.0
WI,53095,15,2,2009.8,1.0
WI,53098,3,1,2010.0,0.0
WI,53105,7,2,2009.2857142857142,0.0
WI,53115,2,1,2024.5,2.0
WI,53121,3,2,2015.0,1.0
WI,53122,1,1,2006.0,0.0
WI,53127,1,1,2015.0,0.0
WI,53132,11,3,2010.7272727272727,0.0
WI,53140,1,1,2006.0,0.0
WI,53142,22,5,2010.090909090909,1.0
WI,53143,6,2,2006.8333333333333,0.0
WI,53147,6,2,2008.8333333333333,0.0
WI,53151,2,2,2020.5,1.0
WI,53154,1,1,2006.0,0.0
WI,53158,5,2,2010.4,0.0
WI,53168,2,1,2017.0,0.0
WI,53177,1,1,2006.0,0.0
WI,53182,1,1,2026.0,1.0
WI,53186,16,4,2008.5,1.0
WI,53188,24,6,2009.75,0.0
WI,53202,9,3,2010.4444444444443,1.0
WI,53204,6,3,2013.5,0.0
WI,53205,2,2,2006.5,0.0
WI,53207,1,1,2017.0,0.0
WI,53208,6,3,2015.5,1.0
WI,53209,10,1,2009.5,0.0
WI,53210,7,4,2012.142857142857,1.0
WI,53211,33,6,2008.3030303030303,1.0
WI,53212,13,4,2009.4615384615386,1.0
WI,53213,4,2,2018.25,1.0
WI,53214,4,2,2010.75,1.0
WI,53215,19,5,2010.6315789473683,0.0
WI,53216,6,4,2009.8333333333333,0.0
WI,53217,3,1,2009.3333333333333,0.0
WI,53220,1,1,2006.0,0.0
WI,53221,2,1,2006.0,0.0
WI,53222,11,2,2008.909090909091,0.0
WI,53223,2,1,2006.0,0.0
WI,53224,4,3,2014.5,1.0
WI,53225,1,1,2025.0,1.0
WI,53226,97,10,2012.0927835051546,9.0
WI,53227,55,7,2008.9454545454546,0.0
WI,53228,5,3,2013.2,0.0
WI,53233,59,5,2010.677966101695,3.0
WI,53235,1,1,2006.0,0.0
WI,53403,2,1,2013.0,0.0
WI,53405,14,4,2007.142857142857,0.0
WI,53406,4,3,2010.0,1.0
WI,53506,2,1,2007.0,0.0
WI,53507,1,1,2018.0,0.0
WI,53511,12,3,2010.0833333333333,2.0
WI,53521,1,1,2006.0,0.0
WI,53523,1,1,2014.0,0.0
WI,53530,1,1,2020.0,0.0
WI,53533,4,1,2011.5,0.0
WI,53538,5,1,2008.2,0.0
WI,53543,1,1,2012.0,0.0
WI,53545,2,2,2010.0,0.0
WI,53546,7,3,2007.142857142857,0.0
WI,53548,7,1,2006.4285714285713,0.0
WI,53554,1,1,2006.0,0.0
WI,53559,1,1,2025.0,1.0
WI,53560,1,1,2023.0,1.0
WI,53562,13,4,2011.2307692307693,1.0
WI,53563,1,1,2014.0,0.0
WI,53565,4,2,2017.25,0.0
WI,53566,7,3,2008.4285714285713,0.0
WI,53569,1,1,2012.0,0.0
WI,53572,2,1,2012.5,0.0
WI,53581,4,4,2013.5,1.0
WI,53583,3,2,2011.3333333333333,0.0
WI,53588,1,1,2014.0,0.0
WI,53590,2,1,2006.0,0.0
WI,53593,3,2,2011.0,0.0
WI,53597,1,1,2006.0,0.0
WI,53703,7,4,2006.5714285714287,0.0
WI,53704,24,5,2014.875,4.0
WI,53705,14,4,2013.5714285714287,2.0
WI,53706,1,1,2019.0,0.0
WI,53711,15,6,2011.4666666666667,1.0
WI,53713,3,2,2015.3333333333333,0.0
WI,53714,1,1,2007.0,0.0
WI,53715,55,7,2011.3272727272727,2.0
WI,53716,8,2,2010.75,1.0
WI,53717,21,5,2009.0,0.0
WI,53718,3,2,2014.6666666666667,0.0
WI,53719,15,2,2008.3333333333333,0.0
WI,53726,1,1,2012.0,0.0
WI,53792,44,6,2016.4545454545455,13.0
WI,53805,1,1,2024.0,1.0
WI,53809,1,1,2026.0,1.0
WI,53813,1,1,2006.0,0.0
WI,53818,7,3,2012.7142857142858,1.0
WI,53821,1,1,2006.0,0.0
WI,53826,1,1,2014.0,0.0
WI,53901,1,1,2006.0,0.0
WI,53913,3,1,2022.3333333333333,1.0
WI,53916,6,4,2007.8333333333333,0.0
WI,53924,3,1,2017.6666666666667,1.0
WI,53925,2,2,2016.0,1.0
WI,53926,1,1,2008.0,0.0
WI,53948,4,2,2013.25,1.0
WI,53949,1,1,2011.0,0.0
WI,53954,1,1,2012.0,0.0
WI,53959,3,2,2016.3333333333333,1.0
WI,53963,2,1,2006.5,0.0
WI,53968,1,1,2024.0,1.0
WI,54001,2,2,2005.0,0.0
WI,54002,7,2,2011.2857142857142,0.0
WI,54016,12,4,2010.4166666666667,0.0
WI,54017,4,2,2005.75,0.0
WI,54021,1,1,2025.0,1.0
WI,54022,3,3,2005.6666666666667,0.0
WI,54024,1,1,2006.0,0.0
WI,54114,1,1,2007.0,0.0
WI,54115,7,2,2006.857142857143,0.0
WI,54143,9,2,2010.5555555555557,1.0
WI,54154,4,1,2008.0,0.0
WI,54166,2,1,2006.0,0.0
WI,54220,7,2,2007.0,0.0
WI,54235,7,2,2006.7142857142858,0.0
WI,54241,8,1,2009.875,0.0
WI,54301,39,8,2011.0,1.0
WI,54302,1,1,2012.0,0.0
WI,54303,15,5,2010.5333333333333,0.0
WI,54304,8,4,2008.375,0.0
WI,54308,12,2,2006.0,0.0
WI,54311,19,7,2011.842105263158,0.0
WI,54313,1,1,2006.0,0.0
WI,54401,10,3,2007.7,1.0
WI,54409,2,1,2007.0,0.0
WI,54421,1,1,2024.0,1.0
WI,54449,23,7,2012.391304347826,1.0
WI,54451,3,2,2014.3333333333333,1.0
WI,54452,2,1,2021.0,1.0
WI,54470,1,1,2024.0,1.0
WI,54476,7,3,2007.2857142857142,0.0
WI,54481,5,2,2010.4,1.0
WI,54482,2,1,2008.0,0.0
WI,54484,1,1,2012.0,0.0
WI,54494,5,2,2009.2,0.0
WI,54499,1,1,2005.0,0.0
WI,54501,10,4,2008.0,1.0
WI,54537,1,1,2023.0,1.0
WI,54538,1,1,2006.0,0.0
WI,54548,8,1,2008.75,0.0
WI,54601,48,5,2008.75,1.0
WI,54603,2,2,2007.0,0.0
WI,54612,1,1,2012.0,0.0
WI,54615,1,1,2005.0,0.0
WI,54630,1,1,2024.0,1.0
WI,54636,1,1,2021.0,0.0
WI,54638,1,1,2017.0,0.0
WI,54650,18,4,2011.611111111111,1.0
WI,54660,6,4,2013.5,1.0
WI,54665,6,2,2011.5,1.0
WI,54667,1,1,2016.0,0.0
WI,54701,34,4,2011.7941176470588,3.0
WI,54703,26,4,2011.1153846153845,2.0
WI,54720,2,1,2010.5,0.0
WI,54729,3,1,2009.3333333333333,0.0
WI,54734,1,1,2012.0,0.0
WI,54749,1,1,2009.0,0.0
WI,54751,9,3,2010.4444444444443,1.0
WI,54801,1,1,2006.0,0.0
WI,54806,5,3,2009.6,1.0
WI,54810,1,1,2007.0,0.0
WI,54812,1,1,2006.0,0.0
WI,54814,1,1,2010.0,0.0
WI,54822,1,1,2020.0,0.0
WI,54840,1,1,2006.0,0.0
WI,54845,1,1,2007.0,0.0
WI,54848,1,1,2006.0,0.0
WI,54856,3,1,2012.6666666666667,0.0
WI,54868,4,1,2006.0,0.0
WI,54871,2,1,2008.5,0.0
WI,54880,1,1,2009.0,0.0
WI,54893,1,1,2007.0,0.0
WI,54901,2,2,2014.0,0.0
WI,54904,12,2,2008.5833333333333,0.0
WI,54911,21,7,2011.5238095238096,2.0
WI,54913,3,2,2007.3333333333333,0.0
WI,54914,6,2,2013.8333333333333,0.0
WI,54915,19,4,2008.6842105263158,1.0
WI,54923,1,1,2006.0,0.0
WI,54929,1,1,2020.0,0.0
WI,54935,10,2,2007.5,0.0
WI,54937,3,3,2010.0,0.0
WI,54942,1,1,2021.0,0.0
WI,54945,4,1,2016.25,0.0
WI,54952,4,1,2020.0,1.0
WI,54956,18,4,2011.1666666666667,3.0
WI,54960,1,1,2016.0,0.0
WI,54971,2,2,2006.0,0.0
WI,54981,3,2,2014.6666666666667,1.0
WI,54982,1,1,2008.0,0.0
WI,54985,1,1,2018.0,0.0
WV,24701,4,1,2006.75,0.0
WV,24740,11,2,2009.8181818181818,0.0
WV,24801,1,1,2018.0,0.0
WV,24970,7,3,2013.142857142857,0.0
WV,25070,1,1,2006.0,0.0
WV,25130,1,1,2006.0,0.0
WV,25177,1,1,2006.0,0.0
WV,25213,1,1,2018.0,0.0
WV,25271,2,2,2023.0,1.0
WV,25276,1,1,2016.0,0.0
WV,25301,4,2,2010.25,0.0
WV,25302,36,8,2010.4444444444443,0.0
WV,25303,1,1,2005.0,0.0
WV,25304,11,3,2010.090909090909,1.0
WV,25309,10,5,2007.3,0.0
WV,25314,5,2,2007.6,0.0
WV,25401,33,6,2011.3939393939395,3.0
WV,25403,1,1,2012.0,0.0
WV,25404,4,2,2010.5,1.0
WV,25405,1,1,2013.0,0.0
WV,25414,3,2,2014.0,0.0
WV,25420,1,1,2024.0,1.0
WV,25425,1,1,2018.0,0.0
WV,25438,3,2,2014.6666666666667,1.0
WV,25504,11,5,2008.909090909091,0.0
WV,25508,1,1,2006.0,0.0
WV,25514,1,1,2011.0,0.0
WV,25523,1,1,2006.0,0.0
WV,25524,1,1,2005.0,0.0
WV,25526,3,2,2015.6666666666667,1.0
WV,25550,7,3,2012.857142857143,0.0
WV,25560,7,3,2009.0,0.0
WV,25601,3,2,2010.0,0.0
WV,25701,36,6,2008.8333333333333,0.0
WV,25702,3,3,2007.6666666666667,0.0
WV,25704,1,1,2006.0,0.0
WV,25705,2,1,2013.5,0.0
WV,25801,19,5,2009.4736842105262,1.0
WV,25880,1,1,2020.0,0.0
WV,25901,1,1,2008.0,0.0
WV,25962,1,1,2006.0,0.0
WV,26003,20,4,2008.25,1.0
WV,26038,1,1,2006.0,0.0
WV,26041,1,1,2006.0,0.0
WV,26062,11,3,2011.7272727272727,1.0
WV,26101,11,4,2009.3636363636363,2.0
WV,26104,1,1,2006.0,0.0
WV,26105,1,1,2010.0,0.0
WV,26201,12,3,2013.4166666666667,1.0
WV,26241,8,3,2008.875,0.0
WV,26250,1,1,2005.0,0.0
WV,26253,1,1,2019.0,0.0
WV,26301,2,1,2005.5,0.0
WV,26330,10,1,2009.2,0.0
WV,26351,1,1,2014.0,0.0
WV,26354,1,1,2006.0,0.0
WV,26384,1,1,2014.0,0.0
WV,26452,5,2,2006.4,0.0
WV,26501,1,1,2016.0,0.0
WV,26505,36,7,2010.4444444444443,4.0
WV,26506,30,5,2010.5,3.0
WV,26508,8,3,2015.375,2.0
WV,26525,1,1,2013.0,0.0
WV,26537,4,4,2009.5,0.0
WV,26547,3,2,2013.3333333333333,1.0
WV,26554,5,2,2008.6,0.0
WV,26651,4,1,2006.0,0.0
WV,26711,1,1,2024.0,1.0
WV,26726,1,1,2006.0,0.0
WV,26753,2,1,2012.5,0.0
WV,26757,1,1,2005.0,0.0
WV,26764,1,1,2012.0,0.0
WV,26801,2,2,2010.0,0.0
WV,26802,1,1,2016.0,0.0
WV,26804,1,1,2008.0,0.0
WV,26847,3,1,2013.0,0.0
WY,82001,17,3,2009.8235294117646,1.0
WY,82007,2,2,2006.0,0.0
WY,82009,2,2,2017.5,1.0
WY,82070,3,2,2017.0,1.0
WY,82072,11,4,2009.0,0.0
WY,82201,2,2,2012.0,0.0
WY,82301,1,1,2006.0,0.0
WY,82335,1,1,2009.0,0.0
WY,82401,1,1,2009.0,0.0
WY,82414,4,3,2011.0,1.0
WY,82435,8,4,2009.75,0.0
WY,82443,1,1,2016.0,0.0
WY,82501,3,1,2006.0,0.0
WY,82520,13,5,2010.0,0.0
WY,82601,18,5,2009.8333333333333,1.0
WY,82604,1,1,2013.0,0.0
WY,82609,4,4,2013.75,0.0
WY,82633,4,2,2009.25,0.0
WY,82716,17,5,2009.4705882352941,1.0
WY,82801,10,5,2009.9,0.0
WY,82833,1,1,2009.0,0.0
WY,82834,1,1,2006.0,0.0
WY,82901,8,2,2007.875,0.0
WY,82930,3,2,2014.0,1.0
WY,82941,1,1,2021.0,0.0
WY,83001,13,3,2008.6923076923076,0.0
WY,83002,1,1,2007.0,0.0
WY,83014,2,2,2007.0,0.0
WY,83118,1,1,2006.0,0.0
YAMAGUCHI,74000,1,1,2020.0,0.0
